DROP TABLE Realm IF EXISTS;
CREATE TABLE Realm (id INTEGER GENERATED ALWAYS AS IDENTITY PRIMARY KEY, text VARCHAR(20), description VARCHAR(2000));
DROP TABLE Theme IF EXISTS;
CREATE TABLE Theme (id INTEGER GENERATED ALWAYS AS IDENTITY PRIMARY KEY, realmId int, text VARCHAR(2000), number DOUBLE);
DROP TABLE Question IF EXISTS;
CREATE TABLE Question (id INTEGER GENERATED ALWAYS AS IDENTITY PRIMARY KEY, realmId int, type int, text VARCHAR(2000));
	DROP TABLE Answer IF EXISTS;
	CREATE TABLE Answer (id INTEGER GENERATED ALWAYS AS IDENTITY PRIMARY KEY, questionId int, correct boolean, text VARCHAR(2000), comment VARCHAR(2000));
DROP TABLE ThemeQuestion IF EXISTS;
CREATE TABLE ThemeQuestion (themeId int, questionId int, PRIMARY KEY(themeId, questionId));
DROP TABLE Image IF EXISTS;
CREATE TABLE Image (id INTEGER GENERATED ALWAYS AS IDENTITY PRIMARY KEY, filename VARCHAR(2000), extension VARCHAR(10));
DROP TABLE UserAnswer IF EXISTS;
CREATE TABLE UserAnswer (id INTEGER GENERATED ALWAYS AS IDENTITY PRIMARY KEY, questionId int, correct boolean);
DROP TABLE ThemeExam IF EXISTS;
CREATE TABLE ThemeExam (id INTEGER GENERATED ALWAYS AS IDENTITY PRIMARY KEY, themeId int, percentage DOUBLE, date TIMESTAMP);
INSERT INTO Realm (id,text,description) OVERRIDING SYSTEM VALUE VALUES (0,'java','Java');
INSERT INTO Realm (id,text,description) OVERRIDING SYSTEM VALUE VALUES (1,'kotlin','Kotlin');
INSERT INTO Realm (id,text,description) OVERRIDING SYSTEM VALUE VALUES (2,'sql','SQL');
INSERT INTO Realm (id,text,description) OVERRIDING SYSTEM VALUE VALUES (3,'minecraft','MINECRAFT');
INSERT INTO Realm (id,text,description) OVERRIDING SYSTEM VALUE VALUES (4,'oca_1','Сертификат OCA');
INSERT INTO Realm (id,text,description) OVERRIDING SYSTEM VALUE VALUES (5,'test','ТЕСТ');
INSERT INTO Realm (id,text,description) OVERRIDING SYSTEM VALUE VALUES (6,'common','Общие вопросы');
INSERT INTO Realm (id,text,description) OVERRIDING SYSTEM VALUE VALUES (7,'history','История');
INSERT INTO Theme (id,realmId,text,number) OVERRIDING SYSTEM VALUE VALUES (0,4,'Основы',1.0);
INSERT INTO Theme (id,realmId,text,number) OVERRIDING SYSTEM VALUE VALUES (1,4,'Особенности экзамена',0.0);
INSERT INTO Theme (id,realmId,text,number) OVERRIDING SYSTEM VALUE VALUES (2,4,'Задания к теме',1.1);
INSERT INTO Theme (id,realmId,text,number) OVERRIDING SYSTEM VALUE VALUES (3,0,'вавап',4.0);
INSERT INTO Theme (id,realmId,text,number) OVERRIDING SYSTEM VALUE VALUES (4,0,'К собеседованию',100.0);
INSERT INTO Theme (id,realmId,text,number) OVERRIDING SYSTEM VALUE VALUES (5,4,'Пополняемые тесты',0.0);
INSERT INTO Theme (id,realmId,text,number) OVERRIDING SYSTEM VALUE VALUES (6,4,'Операторы и управляющие конструкции',2.0);
INSERT INTO Theme (id,realmId,text,number) OVERRIDING SYSTEM VALUE VALUES (7,4,'Задания к теме',2.1);
INSERT INTO Theme (id,realmId,text,number) OVERRIDING SYSTEM VALUE VALUES (8,4,'Основной API Java',3.0);
INSERT INTO Theme (id,realmId,text,number) OVERRIDING SYSTEM VALUE VALUES (9,0,'Это должен знать каждый',1.0);
INSERT INTO Theme (id,realmId,text,number) OVERRIDING SYSTEM VALUE VALUES (10,4,'Задания к теме',3.1);
INSERT INTO Theme (id,realmId,text,number) OVERRIDING SYSTEM VALUE VALUES (11,4,'Методы и инкапсуляция',4.0);
INSERT INTO Theme (id,realmId,text,number) OVERRIDING SYSTEM VALUE VALUES (12,4,'Задания к теме',4.1);
INSERT INTO Theme (id,realmId,text,number) OVERRIDING SYSTEM VALUE VALUES (13,4,'Дизайн классов',5.0);
INSERT INTO Theme (id,realmId,text,number) OVERRIDING SYSTEM VALUE VALUES (14,4,'Задания к теме',5.1);
INSERT INTO Question (id,realmId,type,text) OVERRIDING SYSTEM VALUE VALUES (0,4,0,'Тесты экзамена предполагают обычно 5 или 6 ответов, со множественным выбором.');
INSERT INTO Question (id,realmId,type,text) OVERRIDING SYSTEM VALUE VALUES (1,4,0,'Нельзя реализовать в классе два интерфейса с общим дефолтным методом, если не переопределить этот метод в классе.');
INSERT INTO Question (id,realmId,type,text) OVERRIDING SYSTEM VALUE VALUES (2,4,2,'<p>Перечислите 3 вида комментариев в Java</p>');
	INSERT INTO Answer (id,questionId,text,correct,comment) OVERRIDING SYSTEM VALUE VALUES (79,2,'<p>1. Комменарий до конца строки:<br />// comment until end of line<br />2. Многострочный комментарий (звездочки на промежуточных строках необязательны):<br />/*&nbsp; Multiple<br />[*] line<br />comment */<br />3. Комментарий Javadoc<br />/**<br />[*] Javadoc multiple-line comment<br />[*] @author Jeanne and Scott<br />*/</p>',true,'');
INSERT INTO Question (id,realmId,type,text) OVERRIDING SYSTEM VALUE VALUES (3,4,0,'Особенности комментариев. <br />- Любые символы между /* и */ - часть многострочного комментария <br />- Любые символы после // - часть однострочного комментария <br />- Вкладывать многострочные комментарии друг в друга нельзя - компилятор реагирует на первый закрывающий, и последующие закрывающие остаются неинтерпретируемыми:<br />/* * /* ferret */ */ (для компилятора то же самое, что просто */)');
INSERT INTO Question (id,realmId,type,text) OVERRIDING SYSTEM VALUE VALUES (4,4,0,'В одном файле может быть определено несколько классов. Только один из них может быть объявлен как <strong>public</strong>, и в этом случае имя файла должно совпадать с именем класса.');
INSERT INTO Question (id,realmId,type,text) OVERRIDING SYSTEM VALUE VALUES (5,7,1,'В каком веке родился <strong>Александр</strong> Македонский?');
	INSERT INTO Answer (id,questionId,text,correct,comment) OVERRIDING SYSTEM VALUE VALUES (75,5,'III до н.э.',true,'');
	INSERT INTO Answer (id,questionId,text,correct,comment) OVERRIDING SYSTEM VALUE VALUES (76,5,'II н.э.',false,'');
	INSERT INTO Answer (id,questionId,text,correct,comment) OVERRIDING SYSTEM VALUE VALUES (77,5,'II до н.э.',false,'');
	INSERT INTO Answer (id,questionId,text,correct,comment) OVERRIDING SYSTEM VALUE VALUES (78,5,'XX век',false,'');
INSERT INTO Question (id,realmId,type,text) OVERRIDING SYSTEM VALUE VALUES (6,4,2,'Как скомпилировать и запустить java-файл из командной строки?');
	INSERT INTO Answer (id,questionId,text,correct,comment) OVERRIDING SYSTEM VALUE VALUES (80,6,'$ javac Zoo.java <br />$ java Zoo',true,'');
INSERT INTO Question (id,realmId,type,text) OVERRIDING SYSTEM VALUE VALUES (7,4,0,'Очень полезно следовать следующим правилам именования: <br />1. Один файл - один класс <br />2. Имя класса = имя файла');
INSERT INTO Question (id,realmId,type,text) OVERRIDING SYSTEM VALUE VALUES (8,4,0,'Если в классе <strong>Test.java</strong> нет <strong>static</strong>-метода <em>main</em>(), то при попытке запуска <strong>Test.class</strong> будет ошибка (например, <em>Main method not found in class...</em>).');
INSERT INTO Question (id,realmId,type,text) OVERRIDING SYSTEM VALUE VALUES (9,2,0,'Какой оператор1?');
	INSERT INTO Answer (id,questionId,text,correct,comment) OVERRIDING SYSTEM VALUE VALUES (65,9,'SELECT FROM',true,'');
	INSERT INTO Answer (id,questionId,text,correct,comment) OVERRIDING SYSTEM VALUE VALUES (66,9,'GOPRKD',false,'');
	INSERT INTO Answer (id,questionId,text,correct,comment) OVERRIDING SYSTEM VALUE VALUES (67,9,'UPDATE SET',true,'');
INSERT INTO Question (id,realmId,type,text) OVERRIDING SYSTEM VALUE VALUES (10,4,2,'Как можно корректно задать строковый параметр метода <em>main()?</em>');
	INSERT INTO Answer (id,questionId,text,correct,comment) OVERRIDING SYSTEM VALUE VALUES (81,10,'String[] args<br />String args[]<br />String... args',true,'');
INSERT INTO Question (id,realmId,type,text) OVERRIDING SYSTEM VALUE VALUES (11,4,1,'Сколько wildcard-звездочек может быть в строке импорта?');
	INSERT INTO Answer (id,questionId,text,correct,comment) OVERRIDING SYSTEM VALUE VALUES (83,11,'Сколько угодно:<br /><strong>import java.nio.*.*;</strong>',false,'');
	INSERT INTO Answer (id,questionId,text,correct,comment) OVERRIDING SYSTEM VALUE VALUES (84,11,'Только одна, в любом месте импорта:<br /><strong>import java.nio.*.Files;</strong>',false,'');
	INSERT INTO Answer (id,questionId,text,correct,comment) OVERRIDING SYSTEM VALUE VALUES (85,11,'Только одна,&nbsp;в конце импорта:<br /><strong>import java.nio.file.*;</strong>',true,'');
INSERT INTO Question (id,realmId,type,text) OVERRIDING SYSTEM VALUE VALUES (12,4,2,'Как задать строковые параметры при старте программы из командной строки?');
	INSERT INTO Answer (id,questionId,text,correct,comment) OVERRIDING SYSTEM VALUE VALUES (82,12,'$ javac Zoo.java<br />$ java Zoo Bronx Сat<br />$ java Zoo "San Diego" Gon',true,'');
INSERT INTO Question (id,realmId,type,text) OVERRIDING SYSTEM VALUE VALUES (13,4,2,'Может ли обычный импорт импортировать методы и поля класса?<br /><strong>import java.nio.files.Paths.*;</strong>');
	INSERT INTO Answer (id,questionId,text,correct,comment) OVERRIDING SYSTEM VALUE VALUES (86,13,'Нет.',true,'');
INSERT INTO Question (id,realmId,type,text) OVERRIDING SYSTEM VALUE VALUES (14,4,0,'<p>Прямой импорт нескольких классов с одинаковыми именами не скомпилируется:<br />import java.util.<strong>Date;</strong><br />import java.sql.<strong>Date; </strong>// <em>DOES NOT COMPILE</em><br /><br />Импорт с wildcald скомпилируется:<br />import java.util.*;<br />import java.sql.*;<br />...<br /><em>но если в коде будет ссылка на тип, который есть в обоих пакетах, также будет ошибка:</em><br />...<br />public class Test {<br />&nbsp;&nbsp;&nbsp; Date date; // <em>DOES NOT COMPILE</em><br />}</p>');
INSERT INTO Question (id,realmId,type,text) OVERRIDING SYSTEM VALUE VALUES (15,3,1,'Minecraft - это очень классная игра?');
	INSERT INTO Answer (id,questionId,text,correct,comment) OVERRIDING SYSTEM VALUE VALUES (7,15,'Да',true,'');
	INSERT INTO Answer (id,questionId,text,correct,comment) OVERRIDING SYSTEM VALUE VALUES (8,15,'Нет',false,'');
	INSERT INTO Answer (id,questionId,text,correct,comment) OVERRIDING SYSTEM VALUE VALUES (9,15,'Конечно',true,'');
INSERT INTO Question (id,realmId,type,text) OVERRIDING SYSTEM VALUE VALUES (16,4,2,'<p>Почему<br /><em><br />import java.util.Date;</em><br /><em>import java.sql.Date;</em><br /><br />не скомпилируется, а <br /><em><br />import java.util.*;<br /></em><em>import java.sql.Date;<br /><br /></em>скомпилируется?<br /><br /></p>');
	INSERT INTO Answer (id,questionId,text,correct,comment) OVERRIDING SYSTEM VALUE VALUES (12,16,'<p>Потому что эксплицитное указание имени класса имеет преимущество над любым wildcard-выражением.</p>',true,'');
INSERT INTO Question (id,realmId,type,text) OVERRIDING SYSTEM VALUE VALUES (17,4,2,'<p>Как быть, если в коде одновременно нужно использовать классы с одинаковым именем из разных пакетов?</p>');
	INSERT INTO Answer (id,questionId,text,correct,comment) OVERRIDING SYSTEM VALUE VALUES (14,17,'<p>Использовать полное (fully qualified) имя класса.</p>',true,'');
INSERT INTO Question (id,realmId,type,text) OVERRIDING SYSTEM VALUE VALUES (18,4,0,'Classpath можно задать в командной строке:<br /><br />1. Windows<br /><br />java -cp ".;C:\temp\someOtherLocation;c:\temp\myJar.jar" myPackage.MyClass<br /><br />2. Linux<br /><br />java -cp ".:/tmp/someOtherLocation:/tmp/myJar.jar" myPackage.MyClass<br /><br />. (точка) означает, что текущая папка включается в Classpath. <br /><br />Можно использовать wildcard, чтобы включить все jar-файлы в конкретной папке:<br /><br />java -cp "C:\temp\directoryWithJars\*" myPackage.MyClass');
INSERT INTO Question (id,realmId,type,text) OVERRIDING SYSTEM VALUE VALUES (19,4,1,'Отметьте фрагменты кода, которые скомпилируются.');
	INSERT INTO Answer (id,questionId,text,correct,comment) OVERRIDING SYSTEM VALUE VALUES (19,19,'6: public void method(ArrayList list) {<br />7:&nbsp;&nbsp;&nbsp;&nbsp;&nbsp; if (list.isEmpty()) { System.out.println("e");<br />8:&nbsp;&nbsp;&nbsp;&nbsp;&nbsp; } else { System.out.println("n");<br />9:&nbsp;&nbsp;&nbsp;&nbsp;&nbsp; } }',true,'');
	INSERT INTO Answer (id,questionId,text,correct,comment) OVERRIDING SYSTEM VALUE VALUES (22,19,'1: public class LineNumbers {<br />2:&nbsp;&nbsp;&nbsp;&nbsp;&nbsp; public void method(ArrayList list) {<br />3:&nbsp;&nbsp;&nbsp;&nbsp;&nbsp;&nbsp;&nbsp;&nbsp;&nbsp; if (list.isEmpty()) { System.out.println("e");<br />4:&nbsp;&nbsp;&nbsp;&nbsp;&nbsp;&nbsp;&nbsp;&nbsp;&nbsp; } else { System.out.println("n");<br />5:&nbsp;&nbsp;&nbsp;&nbsp; } } }',false,'');
INSERT INTO Question (id,realmId,type,text) OVERRIDING SYSTEM VALUE VALUES (20,4,2,'<p>Может ли имя метода совпадать с именем конструктора (класса).</p>');
	INSERT INTO Answer (id,questionId,text,correct,comment) OVERRIDING SYSTEM VALUE VALUES (57,20,'<p>Да</p>',true,'');
INSERT INTO Question (id,realmId,type,text) OVERRIDING SYSTEM VALUE VALUES (21,4,0,'<strong>Указания по запуску классов в пакетах из командной строки.</strong><br /><br />Пусть есть два класса:<br /><br />C:\temp\packagea\<strong>ClassA</strong>.java<br /><em>package packagea;</em><br /><em>public class ClassA {</em><br /><em>}</em><br /><br />C:\temp\packageb\<strong>ClassB</strong>.java<br /><br />package packageb;<br />import packagea.ClassA;<br />public class ClassB {<br />&nbsp;public static void main(String[] args) {<br />&nbsp;&nbsp;ClassA a;<br />&nbsp;&nbsp;System.out.println("Got it");<br />&nbsp;}<br />}<br /><br />Для компиляции:<br /><br /><em>cd c:\temp</em><br /><em>javac packagea/ClassA.java packageb/ClassB.java</em><br /><br />Для запуска:<br /><br /><em>java packageb.ClassB<br /><br /></em>ClassPath будет отсчитываться от папки вызова java-утилит');
INSERT INTO Question (id,realmId,type,text) OVERRIDING SYSTEM VALUE VALUES (22,4,0,'<p>Порядок определения членов класса важен!<br /><br />public class Name {<br />&nbsp;&nbsp;&nbsp; String first = "Theodore";<br />&nbsp;&nbsp;&nbsp; String last = "Moose";<br />&nbsp;&nbsp;&nbsp; String full = first + last;<br />}<br /><br /></p>');
INSERT INTO Question (id,realmId,type,text) OVERRIDING SYSTEM VALUE VALUES (23,4,0,'Если пакет не указан, то говорят о пакете по умолчанию (<em>default package</em>). Создавать классы в пакете по умолчанию следует только для тестовых и отладочных целей.');
INSERT INTO Question (id,realmId,type,text) OVERRIDING SYSTEM VALUE VALUES (24,4,0,'Основная цель конструктора - инициализация полей класса.');
INSERT INTO Question (id,realmId,type,text) OVERRIDING SYSTEM VALUE VALUES (25,6,1,'Что такое Apple?');
	INSERT INTO Answer (id,questionId,text,correct,comment) OVERRIDING SYSTEM VALUE VALUES (32,25,'Это бренд техники.',true,'');
	INSERT INTO Answer (id,questionId,text,correct,comment) OVERRIDING SYSTEM VALUE VALUES (33,25,'Это операционная система.',false,'');
	INSERT INTO Answer (id,questionId,text,correct,comment) OVERRIDING SYSTEM VALUE VALUES (30,25,'Это телефоны.',false,'');
	INSERT INTO Answer (id,questionId,text,correct,comment) OVERRIDING SYSTEM VALUE VALUES (31,25,'Это яблоко.',true,'');
INSERT INTO Question (id,realmId,type,text) OVERRIDING SYSTEM VALUE VALUES (26,6,1,'Как правильно пишется слово ш..колад?');
	INSERT INTO Answer (id,questionId,text,correct,comment) OVERRIDING SYSTEM VALUE VALUES (34,26,'Шакалад',false,'');
	INSERT INTO Answer (id,questionId,text,correct,comment) OVERRIDING SYSTEM VALUE VALUES (35,26,'Шоколад',true,'');
	INSERT INTO Answer (id,questionId,text,correct,comment) OVERRIDING SYSTEM VALUE VALUES (36,26,'Шиколад',false,'');
	INSERT INTO Answer (id,questionId,text,correct,comment) OVERRIDING SYSTEM VALUE VALUES (59,26,'Шуколад',false,'');
INSERT INTO Question (id,realmId,type,text) OVERRIDING SYSTEM VALUE VALUES (27,4,0,'Блок кода (<em>code block</em>) - код в фигурных скобках.');
INSERT INTO Question (id,realmId,type,text) OVERRIDING SYSTEM VALUE VALUES (28,4,0,'Если в вопросе экзамена не идет речь об импорте, строки импорта могут быть опущены, но подразумевается, что они есть (нумерация строк не начинается с единицы).<br /><br />Аналогичным образом отсутствие метода <em>main()</em> не является признаком ошибочности - он так же опускается.');
INSERT INTO Question (id,realmId,type,text) OVERRIDING SYSTEM VALUE VALUES (29,4,0,'Инициализатор экземпляра (<em>instance initializer</em>) может быть только один в классе.');
INSERT INTO Question (id,realmId,type,text) OVERRIDING SYSTEM VALUE VALUES (30,4,2,'Каков порядок выполнения кода в классе?');
	INSERT INTO Answer (id,questionId,text,correct,comment) OVERRIDING SYSTEM VALUE VALUES (40,30,'* Поля и инициализатор экземпляра выполняются в том порядке, в каком они идут в файле.<br />* Конструктор выполняется после всех полей&nbsp;экземпляра и инициализатора экземпляра.',true,'');
INSERT INTO Question (id,realmId,type,text) OVERRIDING SYSTEM VALUE VALUES (31,4,2,'<p>Скомпилируется ли следующий код?<br /><br />class Clazz {<br />&nbsp;{ System.out.println(name); }<br />&nbsp;private String name = "Fluffy";<br />}</p>');
	INSERT INTO Answer (id,questionId,text,correct,comment) OVERRIDING SYSTEM VALUE VALUES (43,31,'<p>Нет. Нельзя ссылаться на переменную, которая еще не инициализирована.</p>',true,'');
INSERT INTO Question (id,realmId,type,text) OVERRIDING SYSTEM VALUE VALUES (32,4,0,'<p>Все в Java сводитсяк 8 примитивным типам данных, т.к. объектные типы сводятся к набору примитивных.</p>');
INSERT INTO Question (id,realmId,type,text) OVERRIDING SYSTEM VALUE VALUES (33,4,2,'Перечислите примитивные типы данных в Java.');
	INSERT INTO Answer (id,questionId,text,correct,comment) OVERRIDING SYSTEM VALUE VALUES (50,33,'boolean, byte, short, int, long, float, double, char',true,'');
INSERT INTO Question (id,realmId,type,text) OVERRIDING SYSTEM VALUE VALUES (34,4,0,'Названия пакетов подчиняются тем же правилам именования, что и переменные.');
INSERT INTO Question (id,realmId,type,text) OVERRIDING SYSTEM VALUE VALUES (35,4,2,'Назовите разрядность и диапазон типа <strong>int</strong>');
	INSERT INTO Answer (id,questionId,text,correct,comment) OVERRIDING SYSTEM VALUE VALUES (52,35,'<p>32 бит, [-2 147 483 648, 2 147 483 647]</p>',true,'');
INSERT INTO Question (id,realmId,type,text) OVERRIDING SYSTEM VALUE VALUES (36,4,1,'Что будет напечатано после выполнения следующего кода?<br /><br />public class Egg {<br />&nbsp;&nbsp;&nbsp;&nbsp;&nbsp;&nbsp;&nbsp; public Egg() {<br />&nbsp;&nbsp;&nbsp;&nbsp;&nbsp;&nbsp;&nbsp;&nbsp;&nbsp;&nbsp;&nbsp;&nbsp;&nbsp;&nbsp;&nbsp; number = 5;<br />&nbsp;&nbsp;&nbsp;&nbsp;&nbsp;&nbsp;&nbsp; }<br />&nbsp;&nbsp;&nbsp;&nbsp;&nbsp;&nbsp;&nbsp; public static void main(String[] args) {<br />&nbsp;&nbsp;&nbsp;&nbsp;&nbsp;&nbsp;&nbsp;&nbsp;&nbsp;&nbsp;&nbsp;&nbsp;&nbsp;&nbsp;&nbsp; Egg egg = new Egg();<br />&nbsp;&nbsp;&nbsp;&nbsp;&nbsp;&nbsp;&nbsp;&nbsp;&nbsp;&nbsp;&nbsp;&nbsp;&nbsp;&nbsp;&nbsp; System.out.println(egg.number);<br />&nbsp;&nbsp;&nbsp;&nbsp;&nbsp;&nbsp;&nbsp; }<br />&nbsp;&nbsp;&nbsp;&nbsp;&nbsp;&nbsp;&nbsp; private int number = 3;<br />&nbsp;&nbsp;&nbsp;&nbsp;&nbsp;&nbsp;&nbsp; { number = 4; } <br />}');
	INSERT INTO Answer (id,questionId,text,correct,comment) OVERRIDING SYSTEM VALUE VALUES (53,36,'<p>3</p>',false,'');
	INSERT INTO Answer (id,questionId,text,correct,comment) OVERRIDING SYSTEM VALUE VALUES (54,36,'<p>4</p>',false,'');
	INSERT INTO Answer (id,questionId,text,correct,comment) OVERRIDING SYSTEM VALUE VALUES (55,36,'<p>5</p>',true,'');
INSERT INTO Question (id,realmId,type,text) OVERRIDING SYSTEM VALUE VALUES (37,4,2,'Назовите разрядность и диапазон типа <strong>byte</strong>');
	INSERT INTO Answer (id,questionId,text,correct,comment) OVERRIDING SYSTEM VALUE VALUES (87,37,'8 бит, [-128,&nbsp;127]',true,'');
INSERT INTO Question (id,realmId,type,text) OVERRIDING SYSTEM VALUE VALUES (38,4,2,'Назовите разрядность и диапазон типа <strong>long</strong>');
	INSERT INTO Answer (id,questionId,text,correct,comment) OVERRIDING SYSTEM VALUE VALUES (64,38,'<p>64 бит, [-9 223 372 036 854 775 808, 9 223 372 036 854 775 807]</p>',true,'');
INSERT INTO Question (id,realmId,type,text) OVERRIDING SYSTEM VALUE VALUES (39,4,2,'Назовите разрядность и диапазон типа <strong>short</strong>');
	INSERT INTO Answer (id,questionId,text,correct,comment) OVERRIDING SYSTEM VALUE VALUES (88,39,'16 бит, [-32 768, 32 767]',true,'');
INSERT INTO Question (id,realmId,type,text) OVERRIDING SYSTEM VALUE VALUES (40,4,2,'Чем конструктор отличается от метода?');
	INSERT INTO Answer (id,questionId,text,correct,comment) OVERRIDING SYSTEM VALUE VALUES (68,40,'у конструктора нет типа возвращаемого значения',true,'');
INSERT INTO Question (id,realmId,type,text) OVERRIDING SYSTEM VALUE VALUES (41,3,1,'Какой дроп у Крипера?');
	INSERT INTO Answer (id,questionId,text,correct,comment) OVERRIDING SYSTEM VALUE VALUES (71,41,'порох',true,'');
	INSERT INTO Answer (id,questionId,text,correct,comment) OVERRIDING SYSTEM VALUE VALUES (72,41,'Фейерверки',false,'');
	INSERT INTO Answer (id,questionId,text,correct,comment) OVERRIDING SYSTEM VALUE VALUES (73,41,'Динамит(ТНТ)',false,'');
	INSERT INTO Answer (id,questionId,text,correct,comment) OVERRIDING SYSTEM VALUE VALUES (74,41,'Пластинки',true,'');
INSERT INTO Question (id,realmId,type,text) OVERRIDING SYSTEM VALUE VALUES (42,6,0,'''''''');
INSERT INTO Question (id,realmId,type,text) OVERRIDING SYSTEM VALUE VALUES (43,4,0,'Wildcard при импорте распространяется только на классы, вложенные пакеты не просматриваются:<br />
<p><strong>import java.nio.*;</strong></p>
не импортирует класс java.nio.file.Files');
INSERT INTO Question (id,realmId,type,text) OVERRIDING SYSTEM VALUE VALUES (44,4,0,'Чтобы узнать минимальные и максимальные значения примитивных типов данных, можно обратиться к соответствующим константам классов-оберток. Например, <strong>Integer.MAX_VALUE</strong>');
INSERT INTO Question (id,realmId,type,text) OVERRIDING SYSTEM VALUE VALUES (45,4,2,'Приведите примеры&nbsp;числовых десятичных литералов Java.');
	INSERT INTO Answer (id,questionId,text,correct,comment) OVERRIDING SYSTEM VALUE VALUES (89,45,'<strong>int</strong>: 13244<br /><strong>long</strong>: 565L, 576l<br /><strong>float</strong>: -23.4F, -23.4f, 6F<br /><strong>double</strong>: 9.8, 10D, -11.1d',true,'');
INSERT INTO Question (id,realmId,type,text) OVERRIDING SYSTEM VALUE VALUES (46,4,0,'При присваивании переменным того же типа, но меньшей размерности происходит имплицитный кастинг, если число позволяет, но при передаче в метод, ожидающий меньшей размерности, кастинг потребуется явный:<br />...<br />&nbsp;&nbsp;&nbsp; static void aaa(byte b) {}<br />&nbsp;&nbsp;&nbsp; static void bbb(float f) {}<br />&nbsp;&nbsp;&nbsp;&nbsp;<br />&nbsp;&nbsp;&nbsp; public static void main(String args[]) {<br />&nbsp;&nbsp;&nbsp;&nbsp;&nbsp;&nbsp;&nbsp; aaa(1); //DOESNT COMPILE!<br />&nbsp;&nbsp;&nbsp;&nbsp;&nbsp;&nbsp;&nbsp; bbb(5.5); //DOESNT COMPILE!<br />&nbsp;&nbsp;&nbsp; }<br />...');
INSERT INTO Question (id,realmId,type,text) OVERRIDING SYSTEM VALUE VALUES (47,4,0,'Если с целочисленным параметром вызывается метод, для которого есть перезагрузки с float и double - запустится метод с float:<br />...<br />&nbsp;&nbsp;&nbsp; static void ccc(double d) { System.out.println("ccc double");}<br />&nbsp;&nbsp;&nbsp; static void ccc(float f) { System.out.println("ccc float");}<br />&nbsp;&nbsp;&nbsp; <br />&nbsp;&nbsp;&nbsp; public static void main(String args[]) {<br />&nbsp;&nbsp;&nbsp;&nbsp;&nbsp;&nbsp;&nbsp; ccc(6);<br />&nbsp;&nbsp;&nbsp; }<br />...<br />&gt;&gt;&gt; ccc float');
INSERT INTO Question (id,realmId,type,text) OVERRIDING SYSTEM VALUE VALUES (48,4,0,'Если byte передается в метод, у которого есть перезагрузки с int и short, запустится short:<br />...<br />&nbsp;&nbsp;&nbsp; static void ccc(int d) { System.out.println("ccc int");}<br />&nbsp;&nbsp;&nbsp; static void ccc(short d) { System.out.println("ccc short");}<br />&nbsp;&nbsp;&nbsp;&nbsp;<br />&nbsp;&nbsp;&nbsp; public static void main(String args[]) {<br />&nbsp;&nbsp;&nbsp;&nbsp;&nbsp;&nbsp;&nbsp; byte b = 6;<br />&nbsp;&nbsp;&nbsp;&nbsp;&nbsp;&nbsp;&nbsp; ccc(b);<br />&nbsp;&nbsp;&nbsp; }<br />...<br />&gt;&gt;&gt; ccc short');
INSERT INTO Question (id,realmId,type,text) OVERRIDING SYSTEM VALUE VALUES (49,4,0,'Возможно присваивать&nbsp;числовой литерал переменным меньшей размерности (short, byte) - при условии, что&nbsp;допустим имплицитный кастинг:<br />byte b = 13;<br />byte c = 133; //DOESN''T COMPILE<br /><br />Однако при передаче целочисленного литерала в метод, который принимает параметр меньшей размерности, требуется явный кастинг:<br /><br />&nbsp;&nbsp;&nbsp; static void ccc(short d) { }<br /><br />&nbsp;&nbsp;&nbsp; public static void main(String args[]) {<br />&nbsp;&nbsp;&nbsp;&nbsp;&nbsp;&nbsp;&nbsp; ccc(3);&nbsp;//DOESN''T COMPILE<br />&nbsp;&nbsp;&nbsp; }');
INSERT INTO Question (id,realmId,type,text) OVERRIDING SYSTEM VALUE VALUES (50,4,0,'Литерал double нельзя присвоить переменной float.<br /><br />float b = 13.8; //DOESN''T COMPILE<br /><br />Также&nbsp;для передачи double-литерала в метод, который принимает параметр float, потребуется явный кастинг:<br /><br />&nbsp;&nbsp;&nbsp; static void ccc(float f) { }<br /><br />&nbsp;&nbsp;&nbsp; public static void main(String args[]) {<br />&nbsp;&nbsp;&nbsp;&nbsp;&nbsp;&nbsp;&nbsp; ccc(3.5);&nbsp;//DOESN''T COMPILE<br />&nbsp;&nbsp;&nbsp; }');
INSERT INTO Question (id,realmId,type,text) OVERRIDING SYSTEM VALUE VALUES (51,4,1,'Какие строки из перечисленных скомпилируются?');
	INSERT INTO Answer (id,questionId,text,correct,comment) OVERRIDING SYSTEM VALUE VALUES (90,51,'long max = 3123456789;',false,'');
	INSERT INTO Answer (id,questionId,text,correct,comment) OVERRIDING SYSTEM VALUE VALUES (91,51,'long max = 3123456789.5;',false,'');
	INSERT INTO Answer (id,questionId,text,correct,comment) OVERRIDING SYSTEM VALUE VALUES (92,51,'long max = 3123456789L;',true,'');
	INSERT INTO Answer (id,questionId,text,correct,comment) OVERRIDING SYSTEM VALUE VALUES (93,51,'long max = 3123456789l;',true,'');
INSERT INTO Question (id,realmId,type,text) OVERRIDING SYSTEM VALUE VALUES (52,4,2,'Перечислите недесятичные числовые литералы в Java.');
	INSERT INTO Answer (id,questionId,text,correct,comment) OVERRIDING SYSTEM VALUE VALUES (94,52,'1. Восьмеричный (<em>octal</em>) - с префиксом "0": <strong>017</strong><br />2. Шестнадцатиричный (<em>hexadecimal</em>) - с префиксом "0x" или "0X": <strong>0xFF<br /></strong>3. Двоичный (<em>binary</em>):&nbsp; - с префиксом "0b" или "0B": <strong>0b10</strong>',true,'');
INSERT INTO Question (id,realmId,type,text) OVERRIDING SYSTEM VALUE VALUES (53,4,0,'В Java 7 добавлена возможность задавать разделитель разрядов в литералах: 1_000_000. Разделитель можно использовать везде, кроме<br />- начала литерала;<br />- конца литерала;<br />- перед десятичной точкой;<br />- после десятичной точки.');
INSERT INTO Question (id,realmId,type,text) OVERRIDING SYSTEM VALUE VALUES (54,4,1,'Какие присваивания литералов скомпилируются корректно?');
	INSERT INTO Answer (id,questionId,text,correct,comment) OVERRIDING SYSTEM VALUE VALUES (96,54,'int j = 01627_3;',true,'восьмеричный&nbsp;литерал с корректным разделителем разрядов');
	INSERT INTO Answer (id,questionId,text,correct,comment) OVERRIDING SYSTEM VALUE VALUES (97,54,'int k = 0XC____AFE;',true,'шестнадцатиричный&nbsp;литерал с корректным разделителем разрядов');
	INSERT INTO Answer (id,questionId,text,correct,comment) OVERRIDING SYSTEM VALUE VALUES (98,54,'float m = 13.34234;',false,'Попытка присвоить double-литерал float-переменной');
	INSERT INTO Answer (id,questionId,text,correct,comment) OVERRIDING SYSTEM VALUE VALUES (99,54,'float n = -9.342__3_4f;',true,'float-литерал с корректным разделителем разрядов');
	INSERT INTO Answer (id,questionId,text,correct,comment) OVERRIDING SYSTEM VALUE VALUES (100,54,'double o = __190.0;',false,'разделитель разрядов не может быть в начале литерала');
	INSERT INTO Answer (id,questionId,text,correct,comment) OVERRIDING SYSTEM VALUE VALUES (101,54,'byte p = 198_;',false,'- разделитель разрядов не может быть в&nbsp;конце литерала<br />- 198 находится за пределами диапазона byte');
	INSERT INTO Answer (id,questionId,text,correct,comment) OVERRIDING SYSTEM VALUE VALUES (102,54,'double q = 1_00_0_._0_0;',false,'разделитель разрядов не может быть перед или после десятичной точки');
	INSERT INTO Answer (id,questionId,text,correct,comment) OVERRIDING SYSTEM VALUE VALUES (103,54,'float r = 1_00_0.5_5_6F;',true,'float-литерал с корректным (хоть и странным) использованием разделителя разрядов');
	INSERT INTO Answer (id,questionId,text,correct,comment) OVERRIDING SYSTEM VALUE VALUES (95,54,'int i = 1_000_00;',true,'целочисленный литерал с корректным разделителем разрядов');
INSERT INTO Question (id,realmId,type,text) OVERRIDING SYSTEM VALUE VALUES (55,4,0,'Примитивным типам нельзя присваивать <strong>null</strong>.');
INSERT INTO Question (id,realmId,type,text) OVERRIDING SYSTEM VALUE VALUES (56,4,0,'Можно объявлять и инициализировать несколько переменных <strong>одного типа</strong> в одном выражении:<br />String s3 = "yes", s4 = "no";');
INSERT INTO Question (id,realmId,type,text) OVERRIDING SYSTEM VALUE VALUES (57,4,1,'Выберите строки, которые скомпилируются.');
	INSERT INTO Answer (id,questionId,text,correct,comment) OVERRIDING SYSTEM VALUE VALUES (112,57,'int i1; int i2;',true,'в одной строке может быть несколько отдельных выражений, разделенных точкой с запятой');
	INSERT INTO Answer (id,questionId,text,correct,comment) OVERRIDING SYSTEM VALUE VALUES (104,57,'String d, f;',true,'');
	INSERT INTO Answer (id,questionId,text,correct,comment) OVERRIDING SYSTEM VALUE VALUES (105,57,'<div>String d1, f1;</div>
<div>d1 = "asd", f1 = "dfg";</div>',false,'');
	INSERT INTO Answer (id,questionId,text,correct,comment) OVERRIDING SYSTEM VALUE VALUES (106,57,'<div>String d1 = "asd", f1 = "dfg";</div>
<div>&nbsp;</div>',true,'');
	INSERT INTO Answer (id,questionId,text,correct,comment) OVERRIDING SYSTEM VALUE VALUES (107,57,'String s1, s2, s3="ext";',true,'');
	INSERT INTO Answer (id,questionId,text,correct,comment) OVERRIDING SYSTEM VALUE VALUES (109,57,'int num, String value;',false,'разные типы объявляемых переменных;&nbsp;<span style="line-height: 18.2000007629395px;">более одного раза упоминается тип</span>');
	INSERT INTO Answer (id,questionId,text,correct,comment) OVERRIDING SYSTEM VALUE VALUES (110,57,'String s1 = "1", s2;',true,'');
	INSERT INTO Answer (id,questionId,text,correct,comment) OVERRIDING SYSTEM VALUE VALUES (111,57,'<div>double d1, double d2;</div>
<div>&nbsp;</div>',false,'<span style="line-height: 18.2000007629395px;">более одного раза упоминается тип</span>');
INSERT INTO Question (id,realmId,type,text) OVERRIDING SYSTEM VALUE VALUES (58,4,2,'Сколько переменных объявлено и инициализировано в следующем фрагменте кода?<br /><br />int i1, i2, i3 = 0;');
	INSERT INTO Answer (id,questionId,text,correct,comment) OVERRIDING SYSTEM VALUE VALUES (108,58,'Одна переменная объявлена и инициализирована (i3), другие две (i1 и i2) - только объявлены',true,'');
INSERT INTO Question (id,realmId,type,text) OVERRIDING SYSTEM VALUE VALUES (59,4,0,'Именование переменных, методов, классов, полей в Java подчиняется одним и тем же правилам.');
INSERT INTO Question (id,realmId,type,text) OVERRIDING SYSTEM VALUE VALUES (60,4,2,'Назовите три правила корректного именования идентификаторов в Java.');
	INSERT INTO Answer (id,questionId,text,correct,comment) OVERRIDING SYSTEM VALUE VALUES (113,60,'- Первым символом имени должна быть буква или символ <strong>$</strong> или <strong>_</strong>;<br />- Последующими символами могут быть цифрами;<br />- Нельзя использовать в качестве имени зарезервированное слово (keyword).',true,'');
INSERT INTO Question (id,realmId,type,text) OVERRIDING SYSTEM VALUE VALUES (61,4,0,'<strong>const</strong> и <strong>goto</strong> - зарезервированные слова в Java, но в языке они не используются');
INSERT INTO Question (id,realmId,type,text) OVERRIDING SYSTEM VALUE VALUES (62,4,2,'Перечислите ключевые слова Java.');
	INSERT INTO Answer (id,questionId,text,correct,comment) OVERRIDING SYSTEM VALUE VALUES (114,62,'abstract assert boolean break <br />byte case catch <br />char class const<br />continue default do <br />double else enum extends <br />false final finally float <br />for goto if <br />implements import instanceof <br />int interface long native <br />new null package <br />private protected public <br />return short static<br />strictfp super switch <br />synchronized this throw <br />throws transient true try<br />void volatile while',true,'');
INSERT INTO Question (id,realmId,type,text) OVERRIDING SYSTEM VALUE VALUES (63,4,1,'Отметьте корректные идентификаторы.');
	INSERT INTO Answer (id,questionId,text,correct,comment) OVERRIDING SYSTEM VALUE VALUES (115,63,'<p>cjslidjnekfyud</p>',true,'');
	INSERT INTO Answer (id,questionId,text,correct,comment) OVERRIDING SYSTEM VALUE VALUES (116,63,'$kcLDKfo8fid',true,'');
	INSERT INTO Answer (id,questionId,text,correct,comment) OVERRIDING SYSTEM VALUE VALUES (117,63,'_Ov9dloDof9',true,'');
	INSERT INTO Answer (id,questionId,text,correct,comment) OVERRIDING SYSTEM VALUE VALUES (118,63,'__DLFkd9FioD4$$',true,'');
	INSERT INTO Answer (id,questionId,text,correct,comment) OVERRIDING SYSTEM VALUE VALUES (119,63,'<p>6TCjjdKc</p>',false,'Идентификатор не может начинаться с номера');
	INSERT INTO Answer (id,questionId,text,correct,comment) OVERRIDING SYSTEM VALUE VALUES (120,63,'<p>vjdkslk@fudi</p>',false,'@ - не входит в число допустимых символов');
	INSERT INTO Answer (id,questionId,text,correct,comment) OVERRIDING SYSTEM VALUE VALUES (121,63,'<p>*$cioduff</p>',false,'*&nbsp;- не входит в число допустимых символов');
	INSERT INTO Answer (id,questionId,text,correct,comment) OVERRIDING SYSTEM VALUE VALUES (122,63,'public',false,'ключевое слово');
INSERT INTO Question (id,realmId,type,text) OVERRIDING SYSTEM VALUE VALUES (64,4,0,'На экзамене имеет смысл проверять корректность идентификаторов. Если имя идентификатора не соответствует правилам, можно сразу выбирать пункт "Doesn''t not compile".<br /><br />Также следует проверить области видимости переменных, чтобы не думать над отвлекающим сложным вопросом, а сразу отвечать "Doesn''t compile"');
INSERT INTO Question (id,realmId,type,text) OVERRIDING SYSTEM VALUE VALUES (65,0,0,'В идентификаторах Java могут использоваться все буквы Unicode (~45000 штук), а также несколько сотен не-арабских цифр.');
INSERT INTO Question (id,realmId,type,text) OVERRIDING SYSTEM VALUE VALUES (66,4,1,'Какие фрагменты кода из нижеперечисленных скомпилируются?');
	INSERT INTO Answer (id,questionId,text,correct,comment) OVERRIDING SYSTEM VALUE VALUES (128,66,'<p>public class Mouse {<br />&nbsp;static int MAX_LENGTH = 5;<br />&nbsp;int length;</p>
<p>&nbsp;public void grow(int inches) {<br />&nbsp;&nbsp;if (length &lt; MAX_LENGTH) {<br />&nbsp;&nbsp;&nbsp;int newSize = length + inches;<br />&nbsp;&nbsp;&nbsp;length = newSize;<br />&nbsp;&nbsp;}<br />&nbsp;}<br />}</p>',true,'');
	INSERT INTO Answer (id,questionId,text,correct,comment) OVERRIDING SYSTEM VALUE VALUES (123,66,'4: public int notValid() {<br />5:&nbsp;&nbsp; int y = 10;<br />6:&nbsp;&nbsp; int x;<br />7:&nbsp;&nbsp; int reply = x + y; // DOES NOT COMPILE<br />8:&nbsp;&nbsp; return reply;<br />9: }',false,'Не инициализирована переменная <strong>x</strong>');
	INSERT INTO Answer (id,questionId,text,correct,comment) OVERRIDING SYSTEM VALUE VALUES (124,66,'public int valid() {<br />&nbsp; int y = 10;<br />&nbsp; int x;&nbsp;<br />&nbsp; x = 3;<br />&nbsp; int reply = x + y;<br />&nbsp; return reply;<br />}',true,'');
	INSERT INTO Answer (id,questionId,text,correct,comment) OVERRIDING SYSTEM VALUE VALUES (125,66,'public void findAnswer(boolean check) {<br />&nbsp;int answer;<br />&nbsp;int onlyOneBranch;<br />&nbsp;if (check) {<br />&nbsp;&nbsp;onlyOneBranch = 1;<br />&nbsp;&nbsp;answer = 1;<br />&nbsp;} else {<br />&nbsp;&nbsp;answer = 2;<br />&nbsp;}<br />&nbsp;System.out.println(answer);<br />&nbsp;System.out.println(onlyOneBranch);<br />}',false,'Переменная <strong>onlyOneBranch</strong> может оказаться неинициализорованной в случае check==false');
	INSERT INTO Answer (id,questionId,text,correct,comment) OVERRIDING SYSTEM VALUE VALUES (127,66,'public void eatIfHungry(boolean hungry) {<br />&nbsp;if (hungry) {<br />&nbsp;&nbsp;int bitesOfCheese = 1;<br />&nbsp;&nbsp;{<br />&nbsp;&nbsp;&nbsp;boolean teenyBit = true;<br />&nbsp;&nbsp;&nbsp;System.out.println(bitesOfCheese);<br />&nbsp;&nbsp;}<br />&nbsp;}<br />&nbsp;System.out.println(teenyBit);<br />}',false,'Переменная <strong>teenyBit</strong> не видна за пределами своего блока.');
INSERT INTO Question (id,realmId,type,text) OVERRIDING SYSTEM VALUE VALUES (67,4,2,'Назовите все значения по умолчанию для переменных разных типов.');
	INSERT INTO Answer (id,questionId,text,correct,comment) OVERRIDING SYSTEM VALUE VALUES (126,67,'<strong>boolean: <em>false</em><br />byte, short, int, long: </strong><strong><em>0<br /></em>float, double: <em>0.0</em><br />char: </strong><strong><em>''\u0000''</em><br /></strong><strong>Объектные: <em>null</em></strong>',true,'');
INSERT INTO Question (id,realmId,type,text) OVERRIDING SYSTEM VALUE VALUES (68,4,0,'<p>Во фрагменте</p>
<p>&nbsp;public void eat(int piecesOfCheese) {<br />&nbsp;&nbsp;int bitesOfCheese = 1;<br />&nbsp;}</p>
<p>ровно две локальные переменные.</p>');
INSERT INTO Question (id,realmId,type,text) OVERRIDING SYSTEM VALUE VALUES (69,4,0,'Комментарии могут располагаться в любом месте кода');
INSERT INTO Question (id,realmId,type,text) OVERRIDING SYSTEM VALUE VALUES (70,4,2,'Укажите основные элементы файла с java-программой и их расположение друг отностительно друга.');
	INSERT INTO Answer (id,questionId,text,correct,comment) OVERRIDING SYSTEM VALUE VALUES (129,70,'<strong>Объявление пакета</strong>: первая строка<br /><strong>Объявление импорта</strong>:&nbsp; сразу после объявления пакета<br /><strong>Объявление класса</strong>:&nbsp; сразу после объявления импорта<br /><strong>Объявление поля класса</strong>: в любом месте внутри класса, но не внутри вложенных блоков<br /><strong>Объявление&nbsp;метода класса</strong>: в любом месте внутри класса, но не внутри вложенных блоков',true,'');
INSERT INTO Question (id,realmId,type,text) OVERRIDING SYSTEM VALUE VALUES (71,4,0,'В одном&nbsp;файле может быть объявлено несколько классов, но только один из них может быть <strong>public</strong>, причем в этом случае имя файла должно совпадать с именем класса. В файле может и не быть public-классов.');
INSERT INTO Question (id,realmId,type,text) OVERRIDING SYSTEM VALUE VALUES (72,4,0,'Метод <strong>System.gc()</strong> не запускает сборку мусора, а только рекомендует виртуальной машине ее запустить. Рекомендация может быть проигнорирована.');
INSERT INTO Question (id,realmId,type,text) OVERRIDING SYSTEM VALUE VALUES (73,4,0,'Отвечать на вопрос на тему сборки мусора лучше всего с карандашом и бумагой - если искать решение в уме, то легко ошибиться.');
INSERT INTO Question (id,realmId,type,text) OVERRIDING SYSTEM VALUE VALUES (74,4,2,'Какие объекты и в какой момент станут доступны для сборщика мусора?<br /><br />1: public class Scope {<br />2: &nbsp;public static void main(String[] args) {<br />3: &nbsp;&nbsp;String one, two;<br />4: &nbsp;&nbsp;one = new String("a");<br />5: &nbsp;&nbsp;two = new String("b");<br />6: &nbsp;&nbsp;one = two;<br />7: &nbsp;&nbsp;String three = one;<br />8: &nbsp;&nbsp;one = null;<br />9: } }');
	INSERT INTO Answer (id,questionId,text,correct,comment) OVERRIDING SYSTEM VALUE VALUES (130,74,'"a" - после строки 6;<br />"b" - после отработки всего метода.',true,'');
INSERT INTO Question (id,realmId,type,text) OVERRIDING SYSTEM VALUE VALUES (75,4,0,'Метод <strong>finalize()</strong> вызывается у объекта, когда он попадает в сборку мусора, причем если произошел сбой в работе gc и объект уничтожается повторно спустя некоторе время, вызов метода происходит только единожды - при первой попытке удаления. Таким образом, метод finalize() лучше не использовать, полагаться на него нельзя: либо он вообще не вызовется (JVM не сочтет необходимым вызывать gc), либо вызовется некорректно.');
INSERT INTO Question (id,realmId,type,text) OVERRIDING SYSTEM VALUE VALUES (76,4,0,'<p>Категорически нельзя делать следующее:</p>
<p>public class Finalizer {<br />&nbsp;private static List objects = new ArrayList();<br />&nbsp;protected void finalize() {<br />&nbsp;&nbsp;objects.add(this); // Don''t do this<br />&nbsp;} <br />}</p>
<p>При первой попытке удаления JVM поймет, что в статической переменной осталась ссылка на объект, и не удалит его. При повторном удалении (например, когда Finalizer.objects станет null) метод finalize(), в котором может быть какая-то важная логика, просто не будет запущен.</p>');
INSERT INTO Question (id,realmId,type,text) OVERRIDING SYSTEM VALUE VALUES (77,4,0,'Инкапсуляция - защита данных от нежелательного доступа/модификации.');
INSERT INTO Question (id,realmId,type,text) OVERRIDING SYSTEM VALUE VALUES (78,4,1,'Укажите корректные идентификаторы Java.');
	INSERT INTO Answer (id,questionId,text,correct,comment) OVERRIDING SYSTEM VALUE VALUES (131,78,'A$B',true,'');
	INSERT INTO Answer (id,questionId,text,correct,comment) OVERRIDING SYSTEM VALUE VALUES (132,78,'_helloWorld',true,'');
	INSERT INTO Answer (id,questionId,text,correct,comment) OVERRIDING SYSTEM VALUE VALUES (133,78,'true',false,'');
	INSERT INTO Answer (id,questionId,text,correct,comment) OVERRIDING SYSTEM VALUE VALUES (134,78,'java.lang',false,'в идентификаторах не может использоваться символ "."');
	INSERT INTO Answer (id,questionId,text,correct,comment) OVERRIDING SYSTEM VALUE VALUES (135,78,'Public',true,'');
	INSERT INTO Answer (id,questionId,text,correct,comment) OVERRIDING SYSTEM VALUE VALUES (136,78,'1980_s',false,'первым символом должна быть буква, $ или _');
INSERT INTO Question (id,realmId,type,text) OVERRIDING SYSTEM VALUE VALUES (79,4,1,'Каким будет вывод следующей программы?<br /><br />1: public class WaterBottle {<br />2: &nbsp;private String brand;<br />3: &nbsp;private boolean empty;<br />4: &nbsp;&nbsp;public static void main(String[] args) {<br />5: &nbsp;&nbsp;&nbsp;WaterBottle wb = new WaterBottle();<br />6: &nbsp;&nbsp;&nbsp;System.out.print("Empty = " + wb.empty);<br />7: &nbsp;&nbsp;&nbsp;System.out.print(", Brand = " + wb.brand);<br />8: } }');
	INSERT INTO Answer (id,questionId,text,correct,comment) OVERRIDING SYSTEM VALUE VALUES (137,79,'Ошибка компиляции в строке 6',false,'');
	INSERT INTO Answer (id,questionId,text,correct,comment) OVERRIDING SYSTEM VALUE VALUES (138,79,'Ошибка компиляции в строке 7',false,'');
	INSERT INTO Answer (id,questionId,text,correct,comment) OVERRIDING SYSTEM VALUE VALUES (139,79,'Вывода не будет',false,'');
	INSERT INTO Answer (id,questionId,text,correct,comment) OVERRIDING SYSTEM VALUE VALUES (140,79,'Empty = false, Brand = null',true,'');
	INSERT INTO Answer (id,questionId,text,correct,comment) OVERRIDING SYSTEM VALUE VALUES (141,79,'Empty = false, Brand =',false,'');
	INSERT INTO Answer (id,questionId,text,correct,comment) OVERRIDING SYSTEM VALUE VALUES (142,79,'Empty = null, Brand = null',false,'');
INSERT INTO Question (id,realmId,type,text) OVERRIDING SYSTEM VALUE VALUES (80,4,1,'<p>Which of the following are true? (Choose all that apply)</p>
<p>4: short numPets = 5;<br />5: int numGrains = 5.6;<br />6: String name = "Scruffy";<br />7: numPets.length();<br />8: numGrains.length();<br />9: name.length();</p>');
	INSERT INTO Answer (id,questionId,text,correct,comment) OVERRIDING SYSTEM VALUE VALUES (144,80,'<p>Line 5 generates a compiler error.</p>',true,'');
	INSERT INTO Answer (id,questionId,text,correct,comment) OVERRIDING SYSTEM VALUE VALUES (145,80,'<p>Line 6 generates a compiler error.</p>',false,'');
	INSERT INTO Answer (id,questionId,text,correct,comment) OVERRIDING SYSTEM VALUE VALUES (146,80,'<p>Line 7 generates a compiler error.</p>',true,'');
	INSERT INTO Answer (id,questionId,text,correct,comment) OVERRIDING SYSTEM VALUE VALUES (147,80,'<p>Line 8 generates a compiler error.</p>',true,'');
	INSERT INTO Answer (id,questionId,text,correct,comment) OVERRIDING SYSTEM VALUE VALUES (148,80,'<p>Line 9 generates a compiler error.</p>',false,'');
	INSERT INTO Answer (id,questionId,text,correct,comment) OVERRIDING SYSTEM VALUE VALUES (149,80,'<p>The code compiles as is.</p>',false,'');
	INSERT INTO Answer (id,questionId,text,correct,comment) OVERRIDING SYSTEM VALUE VALUES (143,80,'<p>Line 4 generates a compiler error.</p>',false,'');
INSERT INTO Question (id,realmId,type,text) OVERRIDING SYSTEM VALUE VALUES (81,4,1,'<p>Given the following class, which of the following is true? (Choose all that apply)</p>
1: public class Snake {<br />2:<br />3: &nbsp;public void shed(boolean time) {<br />4:<br />5: &nbsp;&nbsp;if (time) {<br />6:<br />7: &nbsp;&nbsp;}<br />8: &nbsp;&nbsp;System.out.println(result);<br />9:<br />10: }<br />11:}');
	INSERT INTO Answer (id,questionId,text,correct,comment) OVERRIDING SYSTEM VALUE VALUES (150,81,'If String result = "done"; is inserted on line 2, the code will compile.',true,'');
	INSERT INTO Answer (id,questionId,text,correct,comment) OVERRIDING SYSTEM VALUE VALUES (151,81,'If String result = "done"; is inserted on line 4, the code will compile.',true,'');
	INSERT INTO Answer (id,questionId,text,correct,comment) OVERRIDING SYSTEM VALUE VALUES (152,81,'If String result = "done"; is inserted on line 6, the code will compile.',false,'');
	INSERT INTO Answer (id,questionId,text,correct,comment) OVERRIDING SYSTEM VALUE VALUES (153,81,'If String result = "done"; is inserted on line 9, the code will compile.',false,'');
	INSERT INTO Answer (id,questionId,text,correct,comment) OVERRIDING SYSTEM VALUE VALUES (154,81,'None of the above changes will make the code compile.',false,'');
INSERT INTO Question (id,realmId,type,text) OVERRIDING SYSTEM VALUE VALUES (82,4,1,'<p>Given the following classes, which of the following can independently replace INSERT IMPORTS HERE to make the code compile? (Choose all that apply)<br /><br />package aquarium;<br />public class Tank { }</p>
<p>package aquarium.jellies;<br />public class Jelly { }</p>
<p>package visitor;<br />INSERT IMPORTS HERE<br />public class AquariumVisitor {<br />&nbsp;public void admire(Jelly jelly) { } }</p>');
	INSERT INTO Answer (id,questionId,text,correct,comment) OVERRIDING SYSTEM VALUE VALUES (160,82,'None of these can make the code compile.',false,'');
	INSERT INTO Answer (id,questionId,text,correct,comment) OVERRIDING SYSTEM VALUE VALUES (155,82,'import aquarium.*;',false,'импортирует только классы&nbsp;из aquarium, игнорируя aquarium.jellies');
	INSERT INTO Answer (id,questionId,text,correct,comment) OVERRIDING SYSTEM VALUE VALUES (156,82,'import aquarium.*.Jelly;',false,'неверный импорт: <em>wildcards</em> могут использоваться только в конце строки импорта.');
	INSERT INTO Answer (id,questionId,text,correct,comment) OVERRIDING SYSTEM VALUE VALUES (157,82,'import aquarium.jellies.Jelly;',true,'');
	INSERT INTO Answer (id,questionId,text,correct,comment) OVERRIDING SYSTEM VALUE VALUES (158,82,'import aquarium.jellies.*;',true,'');
	INSERT INTO Answer (id,questionId,text,correct,comment) OVERRIDING SYSTEM VALUE VALUES (159,82,'import aquarium.jellies.Jelly.*;',false,'неверный импорт: нельзя импортировать члены класса регулярным импортом');
INSERT INTO Question (id,realmId,type,text) OVERRIDING SYSTEM VALUE VALUES (83,4,1,'<p>Given the following classes, what is the maximum number of imports that can be removed and have the code still compile?<br /><br />package aquarium; public class Water { }</p>
<p>package aquarium;<br />import java.lang.*;<br />import java.lang.System;<br />import aquarium.Water;<br />import aquarium.*;<br />public class Tank {<br />&nbsp;public void print(Water water) {<br />&nbsp;&nbsp;System.out.println(water); } }</p>');
	INSERT INTO Answer (id,questionId,text,correct,comment) OVERRIDING SYSTEM VALUE VALUES (161,83,'0',false,'');
	INSERT INTO Answer (id,questionId,text,correct,comment) OVERRIDING SYSTEM VALUE VALUES (162,83,'1',false,'');
	INSERT INTO Answer (id,questionId,text,correct,comment) OVERRIDING SYSTEM VALUE VALUES (163,83,'2',false,'');
	INSERT INTO Answer (id,questionId,text,correct,comment) OVERRIDING SYSTEM VALUE VALUES (164,83,'3',false,'');
	INSERT INTO Answer (id,questionId,text,correct,comment) OVERRIDING SYSTEM VALUE VALUES (165,83,'4',true,'');
	INSERT INTO Answer (id,questionId,text,correct,comment) OVERRIDING SYSTEM VALUE VALUES (166,83,'Does not compile',false,'');
INSERT INTO Question (id,realmId,type,text) OVERRIDING SYSTEM VALUE VALUES (84,4,1,'<p>Given the following classes, which of the following snippets can be inserted in place of INSERT IMPORTS HERE and have the code compile? (Choose all that apply)<br /><br />package aquarium;<br />public class Water {<br />&nbsp;boolean salty = false;<br />}</p>
<p>package aquarium.jellies;<br />public class Water {<br />&nbsp;boolean salty = true;<br />}</p>
<p>package employee;<br />INSERT IMPORTS HERE<br />public class WaterFiller {<br />&nbsp;Water water;<br />}</p>');
	INSERT INTO Answer (id,questionId,text,correct,comment) OVERRIDING SYSTEM VALUE VALUES (167,84,'import aquarium.*;',true,'');
	INSERT INTO Answer (id,questionId,text,correct,comment) OVERRIDING SYSTEM VALUE VALUES (168,84,'import aquarium.Water;<br />import aquarium.jellies.*;',true,'импорт конкретного класса сильнее импорта с wildcard, поэтому двусмысленности здесь не будет.');
	INSERT INTO Answer (id,questionId,text,correct,comment) OVERRIDING SYSTEM VALUE VALUES (169,84,'import aquarium.*;<br />import aquarium.jellies.Water;',true,'импорт конкретного класса сильнее импорта с wildcard, поэтому двусмысленности здесь не будет.');
	INSERT INTO Answer (id,questionId,text,correct,comment) OVERRIDING SYSTEM VALUE VALUES (170,84,'import aquarium.*;<br />import aquarium.jellies.*;',false,'неопределенность&nbsp;- оба пакета имеют класс Water');
	INSERT INTO Answer (id,questionId,text,correct,comment) OVERRIDING SYSTEM VALUE VALUES (171,84,'import aquarium.Water;<br />import aquarium.jellies.Water;',false,'компилятор не поймет, какой класс &nbsp;Water использовать');
	INSERT INTO Answer (id,questionId,text,correct,comment) OVERRIDING SYSTEM VALUE VALUES (172,84,'None of these imports can make the code compile.',false,'');
INSERT INTO Question (id,realmId,type,text) OVERRIDING SYSTEM VALUE VALUES (85,4,1,'Given the following class, which of the following calls print out Blue Jay? (Choose all that apply)<br /><br />public class BirdDisplay {<br />&nbsp;public static void main(String[] name) {<br />&nbsp;&nbsp;System.out.println(name[1]);<br />} }');
	INSERT INTO Answer (id,questionId,text,correct,comment) OVERRIDING SYSTEM VALUE VALUES (176,85,'java BirdDisplay "Blue Jay" Sparrow',false,'');
	INSERT INTO Answer (id,questionId,text,correct,comment) OVERRIDING SYSTEM VALUE VALUES (177,85,'java BirdDisplay.class Sparrow "Blue Jay"',false,'будет выведено Error: Could not find or load main class BirdDisplay.class');
	INSERT INTO Answer (id,questionId,text,correct,comment) OVERRIDING SYSTEM VALUE VALUES (178,85,'java BirdDisplay.class "Blue Jay" Sparrow',false,'будет выведено Error: Could not find or load main class BirdDisplay.class');
	INSERT INTO Answer (id,questionId,text,correct,comment) OVERRIDING SYSTEM VALUE VALUES (179,85,'Does not compile.',false,'');
	INSERT INTO Answer (id,questionId,text,correct,comment) OVERRIDING SYSTEM VALUE VALUES (173,85,'java BirdDisplay Sparrow Blue Jay',false,'');
	INSERT INTO Answer (id,questionId,text,correct,comment) OVERRIDING SYSTEM VALUE VALUES (174,85,'java BirdDisplay Sparrow "Blue Jay"',true,'');
	INSERT INTO Answer (id,questionId,text,correct,comment) OVERRIDING SYSTEM VALUE VALUES (175,85,'java BirdDisplay Blue Jay Sparrow',false,'');
INSERT INTO Question (id,realmId,type,text) OVERRIDING SYSTEM VALUE VALUES (86,4,1,'Which of the following legally fill in the blank so you can run the main() method from the command line? (Choose all that apply)<br /><br />public static void main(_______)');
	INSERT INTO Answer (id,questionId,text,correct,comment) OVERRIDING SYSTEM VALUE VALUES (180,86,'String[] _names',true,'');
	INSERT INTO Answer (id,questionId,text,correct,comment) OVERRIDING SYSTEM VALUE VALUES (181,86,'String[] 123',false,'неверное имя аргумента');
	INSERT INTO Answer (id,questionId,text,correct,comment) OVERRIDING SYSTEM VALUE VALUES (182,86,'String abc[]',true,'');
	INSERT INTO Answer (id,questionId,text,correct,comment) OVERRIDING SYSTEM VALUE VALUES (183,86,'String _Names[]',true,'');
	INSERT INTO Answer (id,questionId,text,correct,comment) OVERRIDING SYSTEM VALUE VALUES (184,86,'String... $n',true,'varargs допускаются вместо массива');
	INSERT INTO Answer (id,questionId,text,correct,comment) OVERRIDING SYSTEM VALUE VALUES (185,86,'String names',false,'');
	INSERT INTO Answer (id,questionId,text,correct,comment) OVERRIDING SYSTEM VALUE VALUES (186,86,'None of the above.',false,'');
INSERT INTO Question (id,realmId,type,text) OVERRIDING SYSTEM VALUE VALUES (87,4,1,'Which of the following are legal entry point methods that can be run from the command line? (Choose all that apply)');
	INSERT INTO Answer (id,questionId,text,correct,comment) OVERRIDING SYSTEM VALUE VALUES (192,87,'public static main(String[] args)',false,'');
	INSERT INTO Answer (id,questionId,text,correct,comment) OVERRIDING SYSTEM VALUE VALUES (193,87,'None of the above',false,'');
	INSERT INTO Answer (id,questionId,text,correct,comment) OVERRIDING SYSTEM VALUE VALUES (187,87,'private static void main(String[] args)',false,'');
	INSERT INTO Answer (id,questionId,text,correct,comment) OVERRIDING SYSTEM VALUE VALUES (188,87,'public static final main(String[] args)',false,'');
	INSERT INTO Answer (id,questionId,text,correct,comment) OVERRIDING SYSTEM VALUE VALUES (189,87,'public void main(String[] args)',false,'');
	INSERT INTO Answer (id,questionId,text,correct,comment) OVERRIDING SYSTEM VALUE VALUES (190,87,'public static void test(String[] args)',false,'');
	INSERT INTO Answer (id,questionId,text,correct,comment) OVERRIDING SYSTEM VALUE VALUES (191,87,'public static void main(String[] args)',true,'');
INSERT INTO Question (id,realmId,type,text) OVERRIDING SYSTEM VALUE VALUES (88,4,1,'Which of the following are true? (Choose all that apply)');
	INSERT INTO Answer (id,questionId,text,correct,comment) OVERRIDING SYSTEM VALUE VALUES (194,88,'An instance variable of type double defaults to null.',false,'');
	INSERT INTO Answer (id,questionId,text,correct,comment) OVERRIDING SYSTEM VALUE VALUES (195,88,'An instance variable of type int defaults to null.',false,'');
	INSERT INTO Answer (id,questionId,text,correct,comment) OVERRIDING SYSTEM VALUE VALUES (196,88,'An instance variable of type String defaults to null.',true,'');
	INSERT INTO Answer (id,questionId,text,correct,comment) OVERRIDING SYSTEM VALUE VALUES (197,88,'An instance variable of type double defaults to 0.0.',true,'');
	INSERT INTO Answer (id,questionId,text,correct,comment) OVERRIDING SYSTEM VALUE VALUES (198,88,'An instance variable of type int defaults to 0.0.',false,'');
	INSERT INTO Answer (id,questionId,text,correct,comment) OVERRIDING SYSTEM VALUE VALUES (199,88,'An instance variable of type String defaults to 0.0.',false,'');
	INSERT INTO Answer (id,questionId,text,correct,comment) OVERRIDING SYSTEM VALUE VALUES (200,88,'None of all.',false,'');
INSERT INTO Question (id,realmId,type,text) OVERRIDING SYSTEM VALUE VALUES (89,4,1,'Which of the following are true? (Choose all that apply)');
	INSERT INTO Answer (id,questionId,text,correct,comment) OVERRIDING SYSTEM VALUE VALUES (201,89,'A local variable of type boolean defaults to null.',false,'');
	INSERT INTO Answer (id,questionId,text,correct,comment) OVERRIDING SYSTEM VALUE VALUES (202,89,'A local variable of type float defaults to 0.',false,'');
	INSERT INTO Answer (id,questionId,text,correct,comment) OVERRIDING SYSTEM VALUE VALUES (203,89,'A local variable of type Object defaults to null.',false,'');
	INSERT INTO Answer (id,questionId,text,correct,comment) OVERRIDING SYSTEM VALUE VALUES (204,89,'A local variable of type boolean defaults to false.',false,'');
	INSERT INTO Answer (id,questionId,text,correct,comment) OVERRIDING SYSTEM VALUE VALUES (205,89,'A local variable of type boolean defaults to true.',false,'');
	INSERT INTO Answer (id,questionId,text,correct,comment) OVERRIDING SYSTEM VALUE VALUES (206,89,'A local variable of type float defaults to 0.0.',false,'');
	INSERT INTO Answer (id,questionId,text,correct,comment) OVERRIDING SYSTEM VALUE VALUES (207,89,'None of all.',true,'У локальных переменных не бывает значений по умолчанию.');
INSERT INTO Question (id,realmId,type,text) OVERRIDING SYSTEM VALUE VALUES (90,4,1,'Which of the following are true? (Choose all that apply)');
	INSERT INTO Answer (id,questionId,text,correct,comment) OVERRIDING SYSTEM VALUE VALUES (208,90,'An instance variable of type boolean defaults to false.',true,'');
	INSERT INTO Answer (id,questionId,text,correct,comment) OVERRIDING SYSTEM VALUE VALUES (209,90,'An instance variable of type boolean defaults to true.',false,'');
	INSERT INTO Answer (id,questionId,text,correct,comment) OVERRIDING SYSTEM VALUE VALUES (210,90,'An instance variable of type boolean defaults to null.',false,'');
	INSERT INTO Answer (id,questionId,text,correct,comment) OVERRIDING SYSTEM VALUE VALUES (211,90,'An instance variable of type int defaults to 0.',true,'');
	INSERT INTO Answer (id,questionId,text,correct,comment) OVERRIDING SYSTEM VALUE VALUES (212,90,'An instance variable of type int defaults to 0.0.',false,'');
	INSERT INTO Answer (id,questionId,text,correct,comment) OVERRIDING SYSTEM VALUE VALUES (213,90,'An instance variable of type int defaults to null.',false,'');
	INSERT INTO Answer (id,questionId,text,correct,comment) OVERRIDING SYSTEM VALUE VALUES (214,90,'None of the above.',false,'');
INSERT INTO Question (id,realmId,type,text) OVERRIDING SYSTEM VALUE VALUES (91,4,1,'Given the following class in the file /my/directory/named/A/Bird.java:<br />INSERT CODE HERE<br />public class Bird { }<br /><br />Which of the following replaces INSERT CODE HERE if we compile from /my/directory? (Choose all that apply)');
	INSERT INTO Answer (id,questionId,text,correct,comment) OVERRIDING SYSTEM VALUE VALUES (215,91,'package my.directory.named.a;',false,'');
	INSERT INTO Answer (id,questionId,text,correct,comment) OVERRIDING SYSTEM VALUE VALUES (216,91,'package my.directory.named.A;',false,'');
	INSERT INTO Answer (id,questionId,text,correct,comment) OVERRIDING SYSTEM VALUE VALUES (217,91,'package named.a;',false,'неверно, так как имена пакетов, как и все прочие идентификаторы, являются чувствительными к регистру');
	INSERT INTO Answer (id,questionId,text,correct,comment) OVERRIDING SYSTEM VALUE VALUES (218,91,'package named.A;',true,'');
	INSERT INTO Answer (id,questionId,text,correct,comment) OVERRIDING SYSTEM VALUE VALUES (219,91,'package a;',false,'');
	INSERT INTO Answer (id,questionId,text,correct,comment) OVERRIDING SYSTEM VALUE VALUES (220,91,'package A;',false,'');
	INSERT INTO Answer (id,questionId,text,correct,comment) OVERRIDING SYSTEM VALUE VALUES (221,91,'Does not compile.',false,'');
INSERT INTO Question (id,realmId,type,text) OVERRIDING SYSTEM VALUE VALUES (92,4,1,'Which of the following lines of code compile? (Choose all that apply)');
	INSERT INTO Answer (id,questionId,text,correct,comment) OVERRIDING SYSTEM VALUE VALUES (224,92,'double d2 = 1_234._0;',false,'подчеркивания разрешены только между цифрами');
	INSERT INTO Answer (id,questionId,text,correct,comment) OVERRIDING SYSTEM VALUE VALUES (225,92,'double d3 = 1_234.0_;',false,'подчеркивания разрешены только между цифрами');
	INSERT INTO Answer (id,questionId,text,correct,comment) OVERRIDING SYSTEM VALUE VALUES (226,92,'double d4 = 1_234.0;',true,'');
	INSERT INTO Answer (id,questionId,text,correct,comment) OVERRIDING SYSTEM VALUE VALUES (227,92,'None of all.',false,'');
	INSERT INTO Answer (id,questionId,text,correct,comment) OVERRIDING SYSTEM VALUE VALUES (222,92,'int i1 = 1_234;',true,'');
	INSERT INTO Answer (id,questionId,text,correct,comment) OVERRIDING SYSTEM VALUE VALUES (223,92,'double d1 = 1_234_.0;',false,'подчеркивания разрешены только между цифрами');
INSERT INTO Question (id,realmId,type,text) OVERRIDING SYSTEM VALUE VALUES (93,4,1,'<p>Given the following class, which of the following lines of code can replace INSERT CODE HERE to make the code compile? (Choose all that apply)</p>
<p>public class Price {<br />&nbsp;public void admission() {<br />&nbsp;&nbsp;INSERT CODE HERE<br />&nbsp;&nbsp;System.out.println(amount);<br />&nbsp;} }</p>');
	INSERT INTO Answer (id,questionId,text,correct,comment) OVERRIDING SYSTEM VALUE VALUES (228,93,'int amount = 9L;',false,'присваивание int-переменной double-значения');
	INSERT INTO Answer (id,questionId,text,correct,comment) OVERRIDING SYSTEM VALUE VALUES (229,93,'int amount = 0b101;',true,'');
	INSERT INTO Answer (id,questionId,text,correct,comment) OVERRIDING SYSTEM VALUE VALUES (230,93,'int amount = 0xE;',true,'');
	INSERT INTO Answer (id,questionId,text,correct,comment) OVERRIDING SYSTEM VALUE VALUES (231,93,'double amount = 0xE;',true,'');
	INSERT INTO Answer (id,questionId,text,correct,comment) OVERRIDING SYSTEM VALUE VALUES (232,93,'double amount = 1_2_.0_0;',false,'подчеркивание может быть только между цифрами');
	INSERT INTO Answer (id,questionId,text,correct,comment) OVERRIDING SYSTEM VALUE VALUES (233,93,'int amount = 1_2_;',false,'подчеркивание может быть только между цифрами');
	INSERT INTO Answer (id,questionId,text,correct,comment) OVERRIDING SYSTEM VALUE VALUES (234,93,'None of all.',false,'');
INSERT INTO Question (id,realmId,type,text) OVERRIDING SYSTEM VALUE VALUES (94,4,1,'<p>Which of the following are true? (Choose all that apply)</p>
<p>public class Bunny {<br />&nbsp;public static void main(String[] args) {<br />&nbsp;&nbsp;Bunny bun = new Bunny();<br />} }</p>');
	INSERT INTO Answer (id,questionId,text,correct,comment) OVERRIDING SYSTEM VALUE VALUES (240,94,'<strong>main</strong> is a reference to an object.',false,'');
	INSERT INTO Answer (id,questionId,text,correct,comment) OVERRIDING SYSTEM VALUE VALUES (241,94,'None of all.',false,'');
	INSERT INTO Answer (id,questionId,text,correct,comment) OVERRIDING SYSTEM VALUE VALUES (235,94,'<strong>Bunny</strong> is a class.',true,'');
	INSERT INTO Answer (id,questionId,text,correct,comment) OVERRIDING SYSTEM VALUE VALUES (236,94,'<strong>bun</strong> is a class.',false,'это переменная');
	INSERT INTO Answer (id,questionId,text,correct,comment) OVERRIDING SYSTEM VALUE VALUES (237,94,'<strong>main</strong> is a class.',false,'это метод');
	INSERT INTO Answer (id,questionId,text,correct,comment) OVERRIDING SYSTEM VALUE VALUES (238,94,'<strong>Bunny</strong> is a reference to an object.',false,'');
	INSERT INTO Answer (id,questionId,text,correct,comment) OVERRIDING SYSTEM VALUE VALUES (239,94,'<strong>bun</strong> is a reference to an object.',true,'');
INSERT INTO Question (id,realmId,type,text) OVERRIDING SYSTEM VALUE VALUES (95,4,1,'<p>Which represent the order in which the following statements can be assembled into a program that will compile successfully? (Choose all that apply)</p>
<p>A: class Rabbit {}<br />B: import java.util.*;<br />C: package animals;</p>');
	INSERT INTO Answer (id,questionId,text,correct,comment) OVERRIDING SYSTEM VALUE VALUES (242,95,'A, B, C',false,'');
	INSERT INTO Answer (id,questionId,text,correct,comment) OVERRIDING SYSTEM VALUE VALUES (243,95,'B, C, A',false,'');
	INSERT INTO Answer (id,questionId,text,correct,comment) OVERRIDING SYSTEM VALUE VALUES (244,95,'C, B, A',true,'');
	INSERT INTO Answer (id,questionId,text,correct,comment) OVERRIDING SYSTEM VALUE VALUES (245,95,'B, A',true,'строки import и package опциональны');
	INSERT INTO Answer (id,questionId,text,correct,comment) OVERRIDING SYSTEM VALUE VALUES (246,95,'C, A',true,'строки import и package опциональны');
	INSERT INTO Answer (id,questionId,text,correct,comment) OVERRIDING SYSTEM VALUE VALUES (247,95,'A, C',false,'');
	INSERT INTO Answer (id,questionId,text,correct,comment) OVERRIDING SYSTEM VALUE VALUES (248,95,'A, B',false,'');
INSERT INTO Question (id,realmId,type,text) OVERRIDING SYSTEM VALUE VALUES (96,4,1,'<p>Suppose we have a class named Rabbit. Which of the following statements are true? (Choose all that apply)</p>
<p>1: public class Rabbit {<br />2: &nbsp;&nbsp;public static void main(String[] args) {<br />3: &nbsp;&nbsp;&nbsp;Rabbit one = new Rabbit();<br />4: &nbsp;&nbsp;&nbsp;Rabbit two = new Rabbit();<br />5: &nbsp;&nbsp;&nbsp;Rabbit three = one;<br />6: &nbsp;&nbsp;&nbsp;one = null;<br />7: &nbsp;&nbsp;&nbsp;Rabbit four = one;<br />8: &nbsp;&nbsp;&nbsp;three = null;<br />9: &nbsp;&nbsp;&nbsp;two = null;<br />10: &nbsp;&nbsp;two = new Rabbit();<br />11: &nbsp;&nbsp;System.gc();<br />12: } }</p>');
	INSERT INTO Answer (id,questionId,text,correct,comment) OVERRIDING SYSTEM VALUE VALUES (249,96,'The Rabbit object from line 3 is first eligible for garbage collection immediately following line 6.',false,'');
	INSERT INTO Answer (id,questionId,text,correct,comment) OVERRIDING SYSTEM VALUE VALUES (250,96,'The Rabbit object from line 3 is first eligible for garbage collection immediately following line 8.',true,'');
	INSERT INTO Answer (id,questionId,text,correct,comment) OVERRIDING SYSTEM VALUE VALUES (251,96,'The Rabbit object from line 3 is first eligible for garbage collection immediately following line 12.',false,'');
	INSERT INTO Answer (id,questionId,text,correct,comment) OVERRIDING SYSTEM VALUE VALUES (252,96,'The Rabbit object from line 4 is first eligible for garbage collection immediately following line 9.',true,'');
	INSERT INTO Answer (id,questionId,text,correct,comment) OVERRIDING SYSTEM VALUE VALUES (253,96,'The Rabbit object from line 4 is first eligible for garbage collection immediately following line 11.',false,'');
	INSERT INTO Answer (id,questionId,text,correct,comment) OVERRIDING SYSTEM VALUE VALUES (254,96,'The Rabbit object from line 4 is first eligible for garbage collection immediately following line 12.',false,'');
INSERT INTO Question (id,realmId,type,text) OVERRIDING SYSTEM VALUE VALUES (97,4,1,'<p>What is true about the following code? (Choose all that apply)</p>
<p>public class Bear {<br />&nbsp;protected void finalize() {<br />&nbsp;&nbsp;System.out.println("Roar!");<br />}<br />&nbsp;public static void main(String[] args) {<br />&nbsp;&nbsp;Bear bear = new Bear();<br />&nbsp;&nbsp;bear = null;<br />&nbsp;&nbsp;System.gc();<br />} }</p>');
	INSERT INTO Answer (id,questionId,text,correct,comment) OVERRIDING SYSTEM VALUE VALUES (256,97,'<strong>finalize</strong>() might or might not be called',true,'');
	INSERT INTO Answer (id,questionId,text,correct,comment) OVERRIDING SYSTEM VALUE VALUES (257,97,'<strong>finalize</strong>() is guaranteed not to be called.',false,'');
	INSERT INTO Answer (id,questionId,text,correct,comment) OVERRIDING SYSTEM VALUE VALUES (258,97,'Garbage collection is guaranteed to run.',false,'');
	INSERT INTO Answer (id,questionId,text,correct,comment) OVERRIDING SYSTEM VALUE VALUES (259,97,'Garbage collection might or might not run.',true,'');
	INSERT INTO Answer (id,questionId,text,correct,comment) OVERRIDING SYSTEM VALUE VALUES (260,97,'Garbage collection is guaranteed not to run.',false,'');
	INSERT INTO Answer (id,questionId,text,correct,comment) OVERRIDING SYSTEM VALUE VALUES (261,97,'The code does not compile.',false,'');
	INSERT INTO Answer (id,questionId,text,correct,comment) OVERRIDING SYSTEM VALUE VALUES (255,97,'<strong>finalize</strong>() is guaranteed to be called.',false,'');
INSERT INTO Question (id,realmId,type,text) OVERRIDING SYSTEM VALUE VALUES (98,4,1,'<p>What does the following code output?</p>
<p>1: public class Salmon {<br />2: &nbsp;&nbsp;int count;<br />3: &nbsp;&nbsp;public void Salmon() {<br />4: &nbsp;&nbsp;&nbsp;count = 4;<br />5: &nbsp;&nbsp;}<br />6: &nbsp;&nbsp;public static void main(String[] args) {<br />7: &nbsp;&nbsp;&nbsp;Salmon s = new Salmon();<br />8: &nbsp;&nbsp;&nbsp;System.out.println(s.count);<br />9: } }</p>');
	INSERT INTO Answer (id,questionId,text,correct,comment) OVERRIDING SYSTEM VALUE VALUES (262,98,'0',true,'У этого класса конструктор по умолчанию (а не void Salmon()), поэтому у поля count - значение по умолчанию.');
	INSERT INTO Answer (id,questionId,text,correct,comment) OVERRIDING SYSTEM VALUE VALUES (263,98,'4',false,'');
	INSERT INTO Answer (id,questionId,text,correct,comment) OVERRIDING SYSTEM VALUE VALUES (264,98,'Compilation fails on line 3.',false,'<p>У класса <em>может</em> быть метод, совпадающий по имени с конструктором.</p>');
	INSERT INTO Answer (id,questionId,text,correct,comment) OVERRIDING SYSTEM VALUE VALUES (265,98,'Compilation fails on line 4',false,'');
	INSERT INTO Answer (id,questionId,text,correct,comment) OVERRIDING SYSTEM VALUE VALUES (266,98,'Compilation fails on line 7.',false,'');
	INSERT INTO Answer (id,questionId,text,correct,comment) OVERRIDING SYSTEM VALUE VALUES (267,98,'Compilation fails on line 8.',false,'');
INSERT INTO Question (id,realmId,type,text) OVERRIDING SYSTEM VALUE VALUES (99,4,1,'Which of the following are true statements? (Choose all that apply)');
	INSERT INTO Answer (id,questionId,text,correct,comment) OVERRIDING SYSTEM VALUE VALUES (272,99,'Java is an object-oriented language.',true,'');
	INSERT INTO Answer (id,questionId,text,correct,comment) OVERRIDING SYSTEM VALUE VALUES (273,99,'Java is a functional programming language.',false,'');
	INSERT INTO Answer (id,questionId,text,correct,comment) OVERRIDING SYSTEM VALUE VALUES (268,99,'Java allows operator overloading.',false,'Позволяется перезагрузка <strong>методов</strong>, а не <strong>операторов</strong>.');
	INSERT INTO Answer (id,questionId,text,correct,comment) OVERRIDING SYSTEM VALUE VALUES (269,99,'Java code compiled on Windows can run on Linux.',true,'');
	INSERT INTO Answer (id,questionId,text,correct,comment) OVERRIDING SYSTEM VALUE VALUES (270,99,'Java has pointers to specific locations in memory.',false,'');
	INSERT INTO Answer (id,questionId,text,correct,comment) OVERRIDING SYSTEM VALUE VALUES (271,99,'Java is a procedural language.',false,'');
INSERT INTO Question (id,realmId,type,text) OVERRIDING SYSTEM VALUE VALUES (100,4,1,'Which of the following are true? (Choose all that apply)');
	INSERT INTO Answer (id,questionId,text,correct,comment) OVERRIDING SYSTEM VALUE VALUES (274,100,'<strong>javac</strong> compiles a <strong>.class</strong> file into a <strong>.java</strong> file.',false,'');
	INSERT INTO Answer (id,questionId,text,correct,comment) OVERRIDING SYSTEM VALUE VALUES (275,100,'<strong>javac</strong> compiles a <strong>.java</strong> file into a <strong>.bytecode</strong> file.',false,'');
	INSERT INTO Answer (id,questionId,text,correct,comment) OVERRIDING SYSTEM VALUE VALUES (276,100,'<strong>javac</strong> compiles a <strong>.java</strong> file into a <strong>.class</strong> file.',true,'');
	INSERT INTO Answer (id,questionId,text,correct,comment) OVERRIDING SYSTEM VALUE VALUES (277,100,'Java takes the name of the class as a parameter.',true,'параметр - имя класса, а не имя файла');
	INSERT INTO Answer (id,questionId,text,correct,comment) OVERRIDING SYSTEM VALUE VALUES (278,100,'Java takes the name of the <strong>.bytecode</strong> file as a parameter.',false,'');
	INSERT INTO Answer (id,questionId,text,correct,comment) OVERRIDING SYSTEM VALUE VALUES (279,100,'Java takes the name of the <strong>.class</strong> file as a parameter.',false,'');
INSERT INTO Question (id,realmId,type,text) OVERRIDING SYSTEM VALUE VALUES (101,4,0,'В Java имеются унарные, бинарные и тернарные операторы');
INSERT INTO Question (id,realmId,type,text) OVERRIDING SYSTEM VALUE VALUES (102,4,0,'Если у нескольких рядом стоящих операторов в выражении одинаковый уровень приоритета, то они выполняются слева направо.');
INSERT INTO Question (id,realmId,type,text) OVERRIDING SYSTEM VALUE VALUES (103,4,2,'Назовите операторы Java в порядке убывания приоритета.');
	INSERT INTO Answer (id,questionId,text,correct,comment) OVERRIDING SYSTEM VALUE VALUES (280,103,'1) Постфиксный инкремент и декремент: <strong>expression++, expression--<br /></strong>2) Префиксный инкремент и декремент:<strong> ++expression, --expression</strong><br />3) Прочие унарные операторы:<strong> +</strong>,<strong> -</strong>,<strong> !, ~<br /></strong>4) Умножение/деление/остаток: <strong>*</strong>, <strong>/</strong>, <strong>%<br /></strong>5) Сложение/вычитание: <strong>+</strong>, <strong>-<br /></strong>6) Побитовый сдвиг: <strong>&lt;&lt;</strong>, <strong>&gt;&gt;</strong>, <strong>&gt;&gt;&gt;<br /></strong>7) Сравнение: <strong>&lt;</strong>, <strong>&gt;</strong>, <strong>&lt;=</strong>, <strong>&gt;=</strong>, <strong>instanceof<br /></strong>8) Равенство: <strong>==</strong>, <strong>!=<br /></strong>9) Логические операторы: <strong>&amp;</strong>, <strong>^</strong>, |<br />10) Логические операторы короткого действия: <strong>&amp;&amp;</strong>, <strong>||<br /></strong>11) Тернарный оператор: <strong>boolean expression ? expression1 : expression2<br /></strong>12) Присваивание: =, <strong>+=</strong>, <strong>-=</strong>, <strong>*=</strong>, <strong>/=</strong>, <strong>%=</strong>, <strong>&amp;=</strong>, <strong>^=</strong>, |<strong>=</strong>, <strong>&lt;&lt;=</strong>, <strong>&gt;&gt;=</strong>, <strong>&gt;&gt;&gt;=</strong>',true,'');
INSERT INTO Question (id,realmId,type,text) OVERRIDING SYSTEM VALUE VALUES (104,4,2,'Назовите арифметические операторы Java и к каким операндам они применимы');
	INSERT INTO Answer (id,questionId,text,correct,comment) OVERRIDING SYSTEM VALUE VALUES (281,104,'Сложение +, вычитание -, умножение *, деление /, остаток %.<br />Применинимы ко всем примитивным типам, кроме boolean.<br /><br />+ и += также применимы к String.',true,'');
INSERT INTO Question (id,realmId,type,text) OVERRIDING SYSTEM VALUE VALUES (105,4,0,'Остаток (%) можно брать не только от деления положительных целых чисел, но и от отрицательных, а также от вещественных. Например, остаток от деления отрицательного целого <strong>x</strong> на положительное целое <strong>y</strong> лежит в диапазоне (-y +1)..0 (на экзамене OCA I не требуется).');
INSERT INTO Question (id,realmId,type,text) OVERRIDING SYSTEM VALUE VALUES (106,4,2,'Назовите правила имплицитного преобразования типов операндов бинарных операторов.');
	INSERT INTO Answer (id,questionId,text,correct,comment) OVERRIDING SYSTEM VALUE VALUES (282,106,'1. Если у двух значений разные типы данных, идет преобразование к большему из типов.<br />2. Если один операнд целочисленный, а второй вещественный, идет преобразование к вещественному.<br />3. byte, short и chart в арифметических выражениях преобразовываются к int.<br />4. Результирующее значение имеет тип данных, к которому были приведены все операнды.',true,'');
INSERT INTO Question (id,realmId,type,text) OVERRIDING SYSTEM VALUE VALUES (107,4,1,'Какой тип данных у выражения <strong>x * y</strong>, если<br />int x = 1;<br />long y = 33;');
	INSERT INTO Answer (id,questionId,text,correct,comment) OVERRIDING SYSTEM VALUE VALUES (291,107,'Код не скомпилируется.',false,'');
	INSERT INTO Answer (id,questionId,text,correct,comment) OVERRIDING SYSTEM VALUE VALUES (283,107,'int',false,'');
	INSERT INTO Answer (id,questionId,text,correct,comment) OVERRIDING SYSTEM VALUE VALUES (284,107,'long',true,'');
	INSERT INTO Answer (id,questionId,text,correct,comment) OVERRIDING SYSTEM VALUE VALUES (285,107,'double',false,'');
INSERT INTO Question (id,realmId,type,text) OVERRIDING SYSTEM VALUE VALUES (108,4,1,'Какой тип данных у выражения <strong>x + y</strong>, если<br />double x = 39.21;<br />float y = 2.1;');
	INSERT INTO Answer (id,questionId,text,correct,comment) OVERRIDING SYSTEM VALUE VALUES (288,108,'int',false,'');
	INSERT INTO Answer (id,questionId,text,correct,comment) OVERRIDING SYSTEM VALUE VALUES (289,108,'long',false,'');
	INSERT INTO Answer (id,questionId,text,correct,comment) OVERRIDING SYSTEM VALUE VALUES (290,108,'Код не скомпилируется.',true,'Переменной float присваивается литерал double');
	INSERT INTO Answer (id,questionId,text,correct,comment) OVERRIDING SYSTEM VALUE VALUES (286,108,'double',false,'');
	INSERT INTO Answer (id,questionId,text,correct,comment) OVERRIDING SYSTEM VALUE VALUES (287,108,'float',false,'');
INSERT INTO Question (id,realmId,type,text) OVERRIDING SYSTEM VALUE VALUES (109,4,1,'Какой тип данных у выражения <strong>x / y</strong>, если<br />short x = 10;<br />short y = 3;');
	INSERT INTO Answer (id,questionId,text,correct,comment) OVERRIDING SYSTEM VALUE VALUES (292,109,'short',false,'');
	INSERT INTO Answer (id,questionId,text,correct,comment) OVERRIDING SYSTEM VALUE VALUES (293,109,'int',true,'');
	INSERT INTO Answer (id,questionId,text,correct,comment) OVERRIDING SYSTEM VALUE VALUES (294,109,'long',false,'');
	INSERT INTO Answer (id,questionId,text,correct,comment) OVERRIDING SYSTEM VALUE VALUES (295,109,'float',false,'');
INSERT INTO Question (id,realmId,type,text) OVERRIDING SYSTEM VALUE VALUES (110,4,1,'Какой тип данных у выражения <strong>x * y / z</strong>, если<br />short x = 14;<br />float y = 13;<br />double z = 30;');
	INSERT INTO Answer (id,questionId,text,correct,comment) OVERRIDING SYSTEM VALUE VALUES (296,110,'short',false,'');
	INSERT INTO Answer (id,questionId,text,correct,comment) OVERRIDING SYSTEM VALUE VALUES (297,110,'float',false,'');
	INSERT INTO Answer (id,questionId,text,correct,comment) OVERRIDING SYSTEM VALUE VALUES (298,110,'int',false,'');
	INSERT INTO Answer (id,questionId,text,correct,comment) OVERRIDING SYSTEM VALUE VALUES (299,110,'double',true,'');
	INSERT INTO Answer (id,questionId,text,correct,comment) OVERRIDING SYSTEM VALUE VALUES (300,110,'Код не скомпилируется.',false,'');
INSERT INTO Question (id,realmId,type,text) OVERRIDING SYSTEM VALUE VALUES (111,4,2,'Перечислите унарные операторы Java.');
	INSERT INTO Answer (id,questionId,text,correct,comment) OVERRIDING SYSTEM VALUE VALUES (301,111,'<strong>+</strong> - означает, что число положильное, не оказывает влияния на значение выражения;<br />- - означает, что число отрицательное, меняет знак выражения;<br /><strong>++</strong> - инкремент;<br />-- - декремент;<br /><strong>!</strong> - инвертирует булево значение',true,'');
INSERT INTO Question (id,realmId,type,text) OVERRIDING SYSTEM VALUE VALUES (112,4,0,'Если применить смену знака к <strong>char</strong> (char c = ''f''; someMethod(-f)), то получится <strong>int</strong>.');
INSERT INTO Question (id,realmId,type,text) OVERRIDING SYSTEM VALUE VALUES (113,4,0,'Если добавить число к переменной типа <strong>char</strong>, то она будет ссылаться на другой символ Unicode. Но такое добавление может произойти только посредством инкремента/декремента или короткого сложения/вычитания:<br /><br />char x=''A'';<br />x+=1;<br />x++;<br />x = x+1; //DOESN''T COMPILE');
INSERT INTO Question (id,realmId,type,text) OVERRIDING SYSTEM VALUE VALUES (114,4,2,'Чем отличаются пре-инкремент и пост-инкремент?');
	INSERT INTO Answer (id,questionId,text,correct,comment) OVERRIDING SYSTEM VALUE VALUES (302,114,'Если использовать пре-инкремент в выражении, то значение операнда сначала изменяется, а потом подставляется в выражение. В случае пост-инкремента в выражение подставляется оригинальное значение переменной, и только потом происходит изменение.<br /><strong>Важно</strong>! Если в выражение имеется несколько инкрементов одной переменной, то изменение значения происходит при каждом использовании (до или сразу после подстановки, в зависимости от пре/пост).<br />Если инкремент идет как самостоятельное выражение, то разницы нет.<br />Аналогично для декремента.',true,'');
INSERT INTO Question (id,realmId,type,text) OVERRIDING SYSTEM VALUE VALUES (115,4,2,'Укажите, чему равны <strong>x</strong> и <strong>y</strong> после выполнения следующей программы.<br /><br />
<p align="LEFT">int x = 3;</p>
<p align="LEFT">int y = ++x * 5 / x-- + --x;</p>
<p align="LEFT">System.out.println("x is " + x);</p>
<p>System.out.println("y is " + y);</p>');
	INSERT INTO Answer (id,questionId,text,correct,comment) OVERRIDING SYSTEM VALUE VALUES (303,115,'x = 2<br />y = 7',true,'');
INSERT INTO Question (id,realmId,type,text) OVERRIDING SYSTEM VALUE VALUES (116,4,0,'Явный кастинг требуется всегда, когда больший числовой тип присваивается меньшему, или когда вещественный тип присваивается целочисленному.');
INSERT INTO Question (id,realmId,type,text) OVERRIDING SYSTEM VALUE VALUES (117,4,2,'Что такое <strong>overflow</strong> и <strong>underflow</strong> применительно к присваиванию числовых типов?');
	INSERT INTO Answer (id,questionId,text,correct,comment) OVERRIDING SYSTEM VALUE VALUES (304,117,'<em>Overflow</em> происходит, когда большему значению присваивается меньшее (с кастингом либо через короткое сложение/инкремент):<br /><br />byte bb = (byte)129;<br />System.out.println(bb);<br />// -127<br />bb = 127;<br />bb += 10;<br />System.out.println(bb);<br />// -119<br /><br />Также если работаем с int, этот эффект проявляется при сложении литералов:<br />
<p>System.out.print(2147483647+1); // -2147483648</p>
<br />Суть в том, что компилятор "упирается" в верхнюю границу диапазона данного типа и перескакивает к нижней границе, продолжая расчет от нее.<br /><br />Аналогично для <em>underflow</em> и вычитания.',true,'');
INSERT INTO Question (id,realmId,type,text) OVERRIDING SYSTEM VALUE VALUES (118,4,0,'Операторы сокращенного присваивания (+=, -=, *= и т.д.) называются <em>compound assignment operators</em>. На экзамене OCA потребуется знание только первых двух.');
INSERT INTO Question (id,realmId,type,text) OVERRIDING SYSTEM VALUE VALUES (119,4,2,'Назовите преимущества операторов сокращенного присваивания.');
	INSERT INTO Answer (id,questionId,text,correct,comment) OVERRIDING SYSTEM VALUE VALUES (305,119,'1) Более удобный синтаксис.<br />2) Не нужно явно указывать кастинг.',true,'');
INSERT INTO Question (id,realmId,type,text) OVERRIDING SYSTEM VALUE VALUES (120,4,0,'Присваивание является выражением, имеющим значение:<br /><br />
<p align="LEFT">long x = 5;<br />long y = (x=3);<br />System.out.println(x); // Outputs 3<br />System.out.println(y); // Also, outputs 3</p>');
INSERT INTO Question (id,realmId,type,text) OVERRIDING SYSTEM VALUE VALUES (121,4,0,'В операторах сравнения (relational operators, &lt;,&lt;=,&gt;,&gt;=) идет преобразование типов аналогично бинарным арифметическим операциях');
INSERT INTO Question (id,realmId,type,text) OVERRIDING SYSTEM VALUE VALUES (122,4,0,'Оператор <strong>instanceof</strong> тоже считается оператором сравнения (relational).');
INSERT INTO Question (id,realmId,type,text) OVERRIDING SYSTEM VALUE VALUES (123,4,2,'Перечислите логические <span style="text-decoration: underline;">бинарные</span> операторы Java и типы операндов, к которым они применяются.');
	INSERT INTO Answer (id,questionId,text,correct,comment) OVERRIDING SYSTEM VALUE VALUES (306,123,'Логическое "и": &amp;<br />Логическое "или" (включающее, inclusive): <strong>|</strong><br />Логическое "или" (исключающее, exclusive): <strong>^</strong><br /><br />Применяются к булевым операндам, а также к числовым (в этом случае называются <em>bitwise operators</em>, в OCA не рассматриваются)',true,'');
INSERT INTO Question (id,realmId,type,text) OVERRIDING SYSTEM VALUE VALUES (124,4,0,'Одно из достоинств условных операторов короткого действия, помимо улучшения производительности, заключается в удобстве проверки на null:<br />if(x != null &amp;&amp; x.getValue() &lt; 5) {<br />&nbsp; // Do something<br />}<br /><br />Если бы в вышеприведенном примере кода использовался обычный оператор &amp;, то выдавалась бы Runtime-ошибка NullPointerException');
INSERT INTO Question (id,realmId,type,text) OVERRIDING SYSTEM VALUE VALUES (125,4,2,'Каков вывод следующего фрагмента кода:<br /><br />int x = 6;<br />boolean y = (x &gt;= 6) || (++x &lt;= 7);<br />System.out.println(x);');
	INSERT INTO Answer (id,questionId,text,correct,comment) OVERRIDING SYSTEM VALUE VALUES (307,125,'6.&nbsp;&nbsp;Вторая часть выражения не вычисляется, т.к. первая равна true',true,'');
INSERT INTO Question (id,realmId,type,text) OVERRIDING SYSTEM VALUE VALUES (126,4,0,'Операторы проверки равенства (equality operators, !=, ==) ведут к преобразованию числовых операндов аналогично арифметическим бинарным операторам.');
INSERT INTO Question (id,realmId,type,text) OVERRIDING SYSTEM VALUE VALUES (127,4,0,'В операторах проверки равенства нельзя смешивать разные типы операндов. Если сравниваются объекты, то они должны быть из одной иерархии наследования.<br /><br />boolean x = true == 3; // DOES NOT COMPILE<br />boolean y = false != "Giraffe"; // DOES NOT COMPILE<br />boolean z = 3 == "Kangaroo"; // DOES NOT COMPILE<br /><br />String s1 = "java";<br />StringBuilder s2 = new StringBuilder("java");<br />boolean s = s1 == s2; //DOES NOT COMPILE<br /><br /><br />Следует обращать пристальное внимание на типы данных, когда в экзаменационной задаче присутствует оператор проверки равенства.');
INSERT INTO Question (id,realmId,type,text) OVERRIDING SYSTEM VALUE VALUES (128,4,1,'Какой результат получится в результате выполнения кода:<br /><br />boolean y = false;<br />boolean x = (y = true);<br />System.out.println(x);');
	INSERT INTO Answer (id,questionId,text,correct,comment) OVERRIDING SYSTEM VALUE VALUES (308,128,'true',true,'во второй строке имеет место присваивание y (=), а не проверка равенства (==)');
	INSERT INTO Answer (id,questionId,text,correct,comment) OVERRIDING SYSTEM VALUE VALUES (309,128,'false',false,'');
INSERT INTO Question (id,realmId,type,text) OVERRIDING SYSTEM VALUE VALUES (129,4,2,'Когда сравнение объектов (==) возвращает true?');
	INSERT INTO Answer (id,questionId,text,correct,comment) OVERRIDING SYSTEM VALUE VALUES (310,129,'Тогда и только тогда, когда обе ссылки указывают на один и тот же объект, либо обе ссылки равны null.',true,'');
INSERT INTO Question (id,realmId,type,text) OVERRIDING SYSTEM VALUE VALUES (130,4,0,'Инструкция Java (<em>statement</em>) - часть кода, которая заканчивается точкой с запятой <strong>;</strong>');
INSERT INTO Question (id,realmId,type,text) OVERRIDING SYSTEM VALUE VALUES (131,4,0,'На экзамене часто пытаются запутать экзаменуемого отступами. Например, в примере<br /><br />if(hourOfDay &lt; 11)<br />&nbsp; System.out.println("Good Morning");<br />&nbsp;&nbsp;morningGreetingCount++;<br /><br />может показаться, что инкремент выполнится только при выполнении условия, хотя на самом деле он выполняется всегда.');
INSERT INTO Question (id,realmId,type,text) OVERRIDING SYSTEM VALUE VALUES (132,4,2,'Скомпилируется ли следующий код, и если нет, то почему?<br /><br />if(hourOfDay &lt; 15) {<br />&nbsp;System.out.println("Good Afternoon");<br />} else if(hourOfDay &lt; 11) {<br />&nbsp;System.out.println("Good Morning");<br />} else {<br />&nbsp;System.out.println("Good Evening");<br />}');
	INSERT INTO Answer (id,questionId,text,correct,comment) OVERRIDING SYSTEM VALUE VALUES (311,132,'Скомпилируется. Несмотря на то, что условие во втором if никогда не выполнится (оно поглощено условием в первом if), компилятор не возьмет на себя смелость детектировать недостижимый код.',true,'');
INSERT INTO Question (id,realmId,type,text) OVERRIDING SYSTEM VALUE VALUES (133,4,0,'Выражения в тернарном операторе должны возвращать значения:<br /><br />int hourOfDay = 9;<br />System.out.println(hourOfDay &lt; 15 ? 4 : "bbb");<br />System.out.println(hourOfDay &lt; 15 ?&nbsp;System.out.println() : "bbb"); //DOESN''T COMPILE');
INSERT INTO Question (id,realmId,type,text) OVERRIDING SYSTEM VALUE VALUES (134,4,0,'<p>В тернарном операторе вычисляется только то выражение, которому передается выполнение исходя из условия:<br /><br />int y = 1;<br />int z = 1;<br />final int x = y&lt;10 ? y++ : z++;<br />System.out.println(y+","+z); // Outputs 2,1</p>
<p>int y = 1;<br />int z = 1;<br />final int x = y&gt;=10 ? y++ : z++;<br />System.out.println(y+","+z); // Outputs 1,2</p>');
INSERT INTO Question (id,realmId,type,text) OVERRIDING SYSTEM VALUE VALUES (135,4,2,'Какие типы допустимы для переменной в конструкции switch?');
	INSERT INTO Answer (id,questionId,text,correct,comment) OVERRIDING SYSTEM VALUE VALUES (312,135,'1) Все целочисленные, кроме long<br />2) Перечислимые<br />3) Строки<br />4) Целочисленные классы обертки, кроме Long',true,'');
INSERT INTO Question (id,realmId,type,text) OVERRIDING SYSTEM VALUE VALUES (136,4,2,'Какие значения могут участвовать в <strong>case</strong>?');
	INSERT INTO Answer (id,questionId,text,correct,comment) OVERRIDING SYSTEM VALUE VALUES (313,136,'Только константы, рассчитываемые на этапе компиляции, причем того же типа, что и выражение в switch:<br />1) литералы<br />2) константы перечислимых типов<br />3) константы с&nbsp;модификатором final',true,'');
INSERT INTO Question (id,realmId,type,text) OVERRIDING SYSTEM VALUE VALUES (137,4,0,'final-константа - это переменная с модификатором <strong>final</strong>, инициализированная литералом в том же выражении, где объявлена.');
INSERT INTO Question (id,realmId,type,text) OVERRIDING SYSTEM VALUE VALUES (138,4,0,'В конструкции <strong>switch</strong> блок <strong>default</strong> может быть в любом месте (не обязательно в конце). Важно понимать, что выполнится он <span style="text-decoration: underline;">только</span> в том случае, если не подойдет ни одно значение из <strong>case</strong>. Однако если он не в конце и не имеет инструкции <strong>break</strong>, то выполнение после него перейдет следующему за ним <strong>case</strong>.');
INSERT INTO Question (id,realmId,type,text) OVERRIDING SYSTEM VALUE VALUES (139,4,0,'В конструкциях while, do-while, for (включая for-each), как и в if, если тело цикла состоит из одного выражения, фигурные скобки можно опустить.');
INSERT INTO Question (id,realmId,type,text) OVERRIDING SYSTEM VALUE VALUES (140,4,2,'Опишите синтаксис цикла do-while');
	INSERT INTO Answer (id,questionId,text,correct,comment) OVERRIDING SYSTEM VALUE VALUES (314,140,'do {<br />&nbsp; //body<br />} while (expression);',true,'');
INSERT INTO Question (id,realmId,type,text) OVERRIDING SYSTEM VALUE VALUES (141,4,2,'Каково содержательное отличие циклов while и do-while?');
	INSERT INTO Answer (id,questionId,text,correct,comment) OVERRIDING SYSTEM VALUE VALUES (315,141,'В цикле do-while тело цикла выполнится по крайней мере 1 раз.',true,'');
INSERT INTO Question (id,realmId,type,text) OVERRIDING SYSTEM VALUE VALUES (142,4,2,'Опишите синтаксис простого цикла for');
	INSERT INTO Answer (id,questionId,text,correct,comment) OVERRIDING SYSTEM VALUE VALUES (316,142,'for (initialization; booleanExpression; updateStatement) {<br />&nbsp;&nbsp; //body<br />}<br /><br />initialization и updateStatement могут состоять из нескольких выражений, разделенных запятыми',true,'');
INSERT INTO Question (id,realmId,type,text) OVERRIDING SYSTEM VALUE VALUES (143,4,0,'Будьте внимательны, когда переменная, объявленная и инициализированная в заголовке цикла for, используется за пределами цикла - она там уже не видна.');
INSERT INTO Question (id,realmId,type,text) OVERRIDING SYSTEM VALUE VALUES (144,4,0,'Переменная, объявленная <span style="text-decoration: underline;">до</span> цикла for и инициализированная в заголовке цикла, остается видимой за пределами цикла.');
INSERT INTO Question (id,realmId,type,text) OVERRIDING SYSTEM VALUE VALUES (145,4,1,'Какие из нижеследующих фрагментов скомпилируются?');
	INSERT INTO Answer (id,questionId,text,correct,comment) OVERRIDING SYSTEM VALUE VALUES (320,145,'for (long y = 0, int x = 4; x &lt; 5 &amp;&amp; y&lt;10; x++, y++) { <br />&nbsp;&nbsp;&nbsp; System.out.print(x + " ");<br />}',false,'Все переменные в блоке инициализации цикла должны быть одного типа, <span style="text-decoration: underline;">если они там же и объявляются</span>.');
	INSERT INTO Answer (id,questionId,text,correct,comment) OVERRIDING SYSTEM VALUE VALUES (321,145,'for (long y = 0, x = 4; x &lt; 5 &amp;&amp; y &lt; 10; x++, y++) {<br />&nbsp;&nbsp;&nbsp; System.out.print(y + " ");<br />}<br />System.out.print(x);',false,'Попытка за пределами цикла обратиться к переменной, которая была объявлена в блоке инициализации цикла.');
	INSERT INTO Answer (id,questionId,text,correct,comment) OVERRIDING SYSTEM VALUE VALUES (317,145,'for ( ; ; ) {<br />&nbsp;&nbsp;&nbsp; System.out.println("Hello World");<br />}',true,'Способ&nbsp;организовать бесконечный цикл.');
	INSERT INTO Answer (id,questionId,text,correct,comment) OVERRIDING SYSTEM VALUE VALUES (318,145,'int x = 0;<br />for (long y = 0, z = 4; x &lt; 5 &amp;&amp; y &lt; 10; x++, y++) {<br />&nbsp;&nbsp;&nbsp; System.out.print(y + " ");<br />}<br />System.out.print(x);',true,'в секциях заголовка цикла for может использоваться более одной переменной');
	INSERT INTO Answer (id,questionId,text,correct,comment) OVERRIDING SYSTEM VALUE VALUES (319,145,'int x = 0;<br />for (long y = 0, x = 4; x &lt; 5 &amp;&amp; y &lt; 10; x++, y++) {<br />&nbsp;&nbsp;&nbsp; System.out.print(x + " ");<br />}',false,'Переменная <strong>x</strong> уже была объявлена до цикла, а в&nbsp;блоке инициализации&nbsp;цикла она опять объявляется.');
INSERT INTO Question (id,realmId,type,text) OVERRIDING SYSTEM VALUE VALUES (146,4,2,'Опишите синтаксис цикла for-each');
	INSERT INTO Answer (id,questionId,text,correct,comment) OVERRIDING SYSTEM VALUE VALUES (322,146,'for(datatype instance : iterable collection) {<br />&nbsp;&nbsp;&nbsp; //body<br />}',true,'');
INSERT INTO Question (id,realmId,type,text) OVERRIDING SYSTEM VALUE VALUES (147,4,0,'На экзамене OCA из всего Collections Framework требуется знание только List и ArrayList');
INSERT INTO Question (id,realmId,type,text) OVERRIDING SYSTEM VALUE VALUES (148,0,2,'Какой код можно можно будет увидеть после компиляции и декомпиляции следующего кода, если <strong>names</strong> - массив String?<br /><br />for(String name : names) {<br />&nbsp;&nbsp;&nbsp; System.out.print(name + ", ");<br />}');
	INSERT INTO Answer (id,questionId,text,correct,comment) OVERRIDING SYSTEM VALUE VALUES (323,148,'for(int i=0; i &lt; names.length; i++) {<br />&nbsp;&nbsp;&nbsp; String name = names[i];<br />&nbsp;&nbsp;&nbsp; System.out.print(name + ", ");<br />}',true,'');
INSERT INTO Question (id,realmId,type,text) OVERRIDING SYSTEM VALUE VALUES (149,0,2,'Какой код можно можно будет увидеть после компиляции и декомпиляции следующего кода, если <strong>values</strong>- это List?<br /><br />for(int value : values) {<br />&nbsp;&nbsp;&nbsp; System.out.print(value + ", ");<br />}');
	INSERT INTO Answer (id,questionId,text,correct,comment) OVERRIDING SYSTEM VALUE VALUES (324,149,'for(java.util.Iterator&lt;Integer&gt; i = values.iterator(); i.hasNext(); ) {<br />&nbsp;&nbsp;&nbsp; int value = i.next();<br />&nbsp;&nbsp;&nbsp; System.out.print(value + ", ");<br />}',true,'');
INSERT INTO Question (id,realmId,type,text) OVERRIDING SYSTEM VALUE VALUES (150,4,0,'Одним из недостатков цикла for-each является то, что он скрывает переменную-итератор, поэтому некоторые задачи&nbsp;решать с помощью таких циклов оказывается не так удобно. Примеры:<br /><br />1) разделение запятыми элементов коллекции&nbsp;(нельзя определить, где начало и конец перебора).<br />2) обращение во время одной итерации к нескольким элементам коллекции (нельзя обратиться по индексу)');
INSERT INTO Question (id,realmId,type,text) OVERRIDING SYSTEM VALUE VALUES (151,4,2,'Что такое метка в Java?');
	INSERT INTO Answer (id,questionId,text,correct,comment) OVERRIDING SYSTEM VALUE VALUES (325,151,'Метка (<em>label</em>) - это опциональный указатель в начале Java-инструкции, который позволяет потоку приложения "перепрыгнуть" к определенному месту программы или прервать программу с определенного места. Правила именования такие же, как для переменных. Используются только при работе с вложенными циклами. Общепринятая практика именования - заглавные буквы, разделенные подчеркиванием.',true,'');
INSERT INTO Question (id,realmId,type,text) OVERRIDING SYSTEM VALUE VALUES (152,4,2,'Опишите синтаксис цикла while с метками и выражением <em>break</em>.');
	INSERT INTO Answer (id,questionId,text,correct,comment) OVERRIDING SYSTEM VALUE VALUES (326,152,'optionalLabel: while(booleanExpression) {<br />&nbsp;&nbsp;&nbsp; //body<br />&nbsp;&nbsp;&nbsp; //somewhere in loop<br />&nbsp;&nbsp;&nbsp; break optionalLabel;<br />}',true,'');
INSERT INTO Question (id,realmId,type,text) OVERRIDING SYSTEM VALUE VALUES (153,4,2,'Чем <em>continue</em> отличается от <em>break</em>? А чем похоже?');
	INSERT INTO Answer (id,questionId,text,correct,comment) OVERRIDING SYSTEM VALUE VALUES (327,153,'<em>break</em> прерывает цикл, на который ссылается (либо текущий, если метка не указана).<br /><em>continue</em> передает управление&nbsp;проверке условия выполнения цикла, на который ссылается (либо текущего цикла, если метка не указана). Фактически, <em>continue</em> прерывает текущую итерацию цикла.<br />Сходство состоит в том, что синтаксис использования <em>break</em> и <em>continue </em>одинаковый, так же как и логика выбора адресного цикла в зависимости от наличия/отсутствия метки.',true,'');
INSERT INTO Question (id,realmId,type,text) OVERRIDING SYSTEM VALUE VALUES (154,4,2,'<p>Где могут быть использованы метки, <em>break</em>, <em>continue</em>?</p>');
	INSERT INTO Answer (id,questionId,text,correct,comment) OVERRIDING SYSTEM VALUE VALUES (328,154,'Метки допустимы перед любой Java-инструкцией, в том числе перед блоком&nbsp;(но использовать их не надо).<br /><em>break</em> с меткой допустим внутри блока, если&nbsp;какой-то из окружающих блоков (либо управляющая конструкция, открывающая блок) помечен этой меткой.<br /><em>break</em> без метки допустим внутри цикла или <em>switch</em>.<br /><em>continue</em> допустим внутри цикла.',true,'');
INSERT INTO Question (id,realmId,type,text) OVERRIDING SYSTEM VALUE VALUES (155,4,1,'Which of the following Java operators can be used with boolean variables? (Choose all that apply)');
	INSERT INTO Answer (id,questionId,text,correct,comment) OVERRIDING SYSTEM VALUE VALUES (329,155,'==',true,'');
	INSERT INTO Answer (id,questionId,text,correct,comment) OVERRIDING SYSTEM VALUE VALUES (330,155,'+',false,'');
	INSERT INTO Answer (id,questionId,text,correct,comment) OVERRIDING SYSTEM VALUE VALUES (331,155,'--',false,'');
	INSERT INTO Answer (id,questionId,text,correct,comment) OVERRIDING SYSTEM VALUE VALUES (332,155,'!',true,'');
	INSERT INTO Answer (id,questionId,text,correct,comment) OVERRIDING SYSTEM VALUE VALUES (333,155,'%',false,'');
	INSERT INTO Answer (id,questionId,text,correct,comment) OVERRIDING SYSTEM VALUE VALUES (334,155,'&lt;=',false,'');
INSERT INTO Question (id,realmId,type,text) OVERRIDING SYSTEM VALUE VALUES (156,4,1,'What data type (or types) will allow the following code snippet to compile? (Choose all that apply)<br /><br />byte x = 5;<br />byte y = 10;<br />_____ z = x + y;');
	INSERT INTO Answer (id,questionId,text,correct,comment) OVERRIDING SYSTEM VALUE VALUES (336,156,'long',true,'Сумма x+y имеет тип int. Может быть автоматически преобразовано к long.');
	INSERT INTO Answer (id,questionId,text,correct,comment) OVERRIDING SYSTEM VALUE VALUES (337,156,'boolean',false,'нельзя положить число в boolean');
	INSERT INTO Answer (id,questionId,text,correct,comment) OVERRIDING SYSTEM VALUE VALUES (338,156,'double',true,'Сумма x+y имеет тип int. Может быть автоматически преобразовано к double');
	INSERT INTO Answer (id,questionId,text,correct,comment) OVERRIDING SYSTEM VALUE VALUES (339,156,'short',false,'Сумма x+y имеет тип int. Для преобразования к short требуется явный кастинг');
	INSERT INTO Answer (id,questionId,text,correct,comment) OVERRIDING SYSTEM VALUE VALUES (340,156,'byte',false,'Сумма x+y имеет тип int. Для преобразования к byte требуется явный кастинг');
	INSERT INTO Answer (id,questionId,text,correct,comment) OVERRIDING SYSTEM VALUE VALUES (335,156,'int',true,'Сумма x+y имеет тип int.');
INSERT INTO Question (id,realmId,type,text) OVERRIDING SYSTEM VALUE VALUES (157,4,1,'<p>What is the output of the following application?</p>
<p>1: public class CompareValues {<br />2:&nbsp;&nbsp;&nbsp;&nbsp; public static void main(String[] args) {<br />3:&nbsp;&nbsp;&nbsp;&nbsp;&nbsp;&nbsp;&nbsp;&nbsp; int x = 0;<br />4:&nbsp;&nbsp;&nbsp;&nbsp;&nbsp;&nbsp;&nbsp;&nbsp; while(x++ &lt; 10) {}<br />5:&nbsp;&nbsp;&nbsp;&nbsp;&nbsp;&nbsp;&nbsp;&nbsp; String message = x &gt; 10 ? "Greater than" : false;<br />6:&nbsp;&nbsp;&nbsp;&nbsp;&nbsp;&nbsp;&nbsp;&nbsp; System.out.println(message+","+x);<br />7:&nbsp;&nbsp;&nbsp;&nbsp; }<br />8: }</p>');
	INSERT INTO Answer (id,questionId,text,correct,comment) OVERRIDING SYSTEM VALUE VALUES (341,157,'Greater than,10',false,'');
	INSERT INTO Answer (id,questionId,text,correct,comment) OVERRIDING SYSTEM VALUE VALUES (342,157,'false,10',false,'');
	INSERT INTO Answer (id,questionId,text,correct,comment) OVERRIDING SYSTEM VALUE VALUES (343,157,'Greater than,11',false,'');
	INSERT INTO Answer (id,questionId,text,correct,comment) OVERRIDING SYSTEM VALUE VALUES (344,157,'false,11',false,'');
	INSERT INTO Answer (id,questionId,text,correct,comment) OVERRIDING SYSTEM VALUE VALUES (345,157,'The code will not compile because of line 4.',false,'');
	INSERT INTO Answer (id,questionId,text,correct,comment) OVERRIDING SYSTEM VALUE VALUES (346,157,'The code will not compile because of line 5.',true,'false не может быть присвоено переменной типа String.');
INSERT INTO Question (id,realmId,type,text) OVERRIDING SYSTEM VALUE VALUES (158,4,1,'<p>What change would allow the following code snippet to compile? (Choose all that apply)</p>
<p>3: long x = 10;<br />4: int y = 2 * x;</p>');
	INSERT INTO Answer (id,questionId,text,correct,comment) OVERRIDING SYSTEM VALUE VALUES (352,158,'Change the data type of y on line 4 to long.',true,'');
	INSERT INTO Answer (id,questionId,text,correct,comment) OVERRIDING SYSTEM VALUE VALUES (347,158,'No change; it compiles as is.',false,'не получится; операнды в бинарном арифметическом операторе (равно как и значение всего выражения) приводятся к максимальному из них');
	INSERT INTO Answer (id,questionId,text,correct,comment) OVERRIDING SYSTEM VALUE VALUES (348,158,'Cast x on line 4 to int.',true,'');
	INSERT INTO Answer (id,questionId,text,correct,comment) OVERRIDING SYSTEM VALUE VALUES (349,158,'Change the data type of x on line 3 to short.',true,'');
	INSERT INTO Answer (id,questionId,text,correct,comment) OVERRIDING SYSTEM VALUE VALUES (350,158,'Cast 2 * x on line 4 to int.',true,'');
	INSERT INTO Answer (id,questionId,text,correct,comment) OVERRIDING SYSTEM VALUE VALUES (351,158,'Change the data type of y on line 4 to short.',false,'');
INSERT INTO Question (id,realmId,type,text) OVERRIDING SYSTEM VALUE VALUES (159,4,1,'What is the output of the following code snippet?<br /><br />3: java.util.List&lt;Integer&gt; list = new java.util.ArrayList&lt;Integer&gt;();<br />4: list.add(10);<br />5: list.add(14);<br />6: for(int x : list) {<br />7:&nbsp;&nbsp;&nbsp;&nbsp; System.out.print(x + ", ");<br />8:&nbsp;&nbsp;&nbsp;&nbsp; break;<br />9: }');
	INSERT INTO Answer (id,questionId,text,correct,comment) OVERRIDING SYSTEM VALUE VALUES (353,159,'10, 14,',false,'');
	INSERT INTO Answer (id,questionId,text,correct,comment) OVERRIDING SYSTEM VALUE VALUES (354,159,'10, 14',false,'');
	INSERT INTO Answer (id,questionId,text,correct,comment) OVERRIDING SYSTEM VALUE VALUES (355,159,'10,',true,'');
	INSERT INTO Answer (id,questionId,text,correct,comment) OVERRIDING SYSTEM VALUE VALUES (356,159,'The code will not compile because of line 7.',false,'На самом деле код скомпилируется, так как если один из операндов сложения является строкой, то происходит конкатенация');
	INSERT INTO Answer (id,questionId,text,correct,comment) OVERRIDING SYSTEM VALUE VALUES (357,159,'The code will not compile because of line 8.',false,'');
	INSERT INTO Answer (id,questionId,text,correct,comment) OVERRIDING SYSTEM VALUE VALUES (358,159,'The code contains an infinite loop and does not terminate.',false,'');
INSERT INTO Question (id,realmId,type,text) OVERRIDING SYSTEM VALUE VALUES (160,4,1,'<p>What is the output of the following code snippet?</p>
<p>3: int x = 4;<br />4: long y = x * 4 - x++;<br />5: if(y&lt;10) System.out.println("Too Low");<br />6: else System.out.println("Just Right");<br />7: else System.out.println("Too High");</p>');
	INSERT INTO Answer (id,questionId,text,correct,comment) OVERRIDING SYSTEM VALUE VALUES (359,160,'Too Low',false,'');
	INSERT INTO Answer (id,questionId,text,correct,comment) OVERRIDING SYSTEM VALUE VALUES (360,160,'Just Right',false,'');
	INSERT INTO Answer (id,questionId,text,correct,comment) OVERRIDING SYSTEM VALUE VALUES (361,160,'Too High',false,'');
	INSERT INTO Answer (id,questionId,text,correct,comment) OVERRIDING SYSTEM VALUE VALUES (362,160,'Compiles but throws a NullPointerException.',false,'');
	INSERT INTO Answer (id,questionId,text,correct,comment) OVERRIDING SYSTEM VALUE VALUES (363,160,'The code will not compile because of line 6.',false,'');
	INSERT INTO Answer (id,questionId,text,correct,comment) OVERRIDING SYSTEM VALUE VALUES (364,160,'The code will not compile because of line 7.',true,'одинокий else');
INSERT INTO Question (id,realmId,type,text) OVERRIDING SYSTEM VALUE VALUES (161,4,1,'<p>What is the output of the following code?</p>
<p>1: public class TernaryTester {<br />2:&nbsp;&nbsp;&nbsp;&nbsp; public static void main(String[] args) {<br />3:&nbsp;&nbsp;&nbsp;&nbsp;&nbsp;&nbsp;&nbsp;&nbsp; int x = 5;<br />4:&nbsp;&nbsp;&nbsp;&nbsp;&nbsp;&nbsp;&nbsp;&nbsp; System.out.println(x &gt; 2 ? x &lt; 4 ? 10 : 8 : 7);<br />5: }}</p>');
	INSERT INTO Answer (id,questionId,text,correct,comment) OVERRIDING SYSTEM VALUE VALUES (368,161,'8',true,'Вложенные тернарные операторы не требуют скобок');
	INSERT INTO Answer (id,questionId,text,correct,comment) OVERRIDING SYSTEM VALUE VALUES (369,161,'7',false,'');
	INSERT INTO Answer (id,questionId,text,correct,comment) OVERRIDING SYSTEM VALUE VALUES (370,161,'The code will not compile because of line 4.',false,'');
	INSERT INTO Answer (id,questionId,text,correct,comment) OVERRIDING SYSTEM VALUE VALUES (365,161,'5',false,'');
	INSERT INTO Answer (id,questionId,text,correct,comment) OVERRIDING SYSTEM VALUE VALUES (366,161,'4',false,'');
	INSERT INTO Answer (id,questionId,text,correct,comment) OVERRIDING SYSTEM VALUE VALUES (367,161,'10',false,'');
INSERT INTO Question (id,realmId,type,text) OVERRIDING SYSTEM VALUE VALUES (162,4,1,'<p>What is the output of the following code snippet?</p>
<p>3: boolean x = true, z = true;<br />4: int y = 20;<br />5: x = (y != 10) ^ (z=false);<br />6: System.out.println(x+", "+y+", "+z);</p>');
	INSERT INTO Answer (id,questionId,text,correct,comment) OVERRIDING SYSTEM VALUE VALUES (371,162,'true, 10, true',false,'');
	INSERT INTO Answer (id,questionId,text,correct,comment) OVERRIDING SYSTEM VALUE VALUES (372,162,'true, 20, false',true,'');
	INSERT INTO Answer (id,questionId,text,correct,comment) OVERRIDING SYSTEM VALUE VALUES (373,162,'false, 20, true',false,'');
	INSERT INTO Answer (id,questionId,text,correct,comment) OVERRIDING SYSTEM VALUE VALUES (374,162,'false, 20, false',false,'');
	INSERT INTO Answer (id,questionId,text,correct,comment) OVERRIDING SYSTEM VALUE VALUES (375,162,'The code will not compile because of line 5.',false,'');
INSERT INTO Question (id,realmId,type,text) OVERRIDING SYSTEM VALUE VALUES (163,4,1,'<p>How many times will the following code print "Hello World"?</p>
<p>3: for(int i=0; i&lt;10 ; ) {<br />4:&nbsp;&nbsp;&nbsp;&nbsp; i = i++;<br />5:&nbsp;&nbsp;&nbsp;&nbsp; System.out.println("Hello World");<br />6: }</p>');
	INSERT INTO Answer (id,questionId,text,correct,comment) OVERRIDING SYSTEM VALUE VALUES (376,163,'9',false,'');
	INSERT INTO Answer (id,questionId,text,correct,comment) OVERRIDING SYSTEM VALUE VALUES (377,163,'10',false,'');
	INSERT INTO Answer (id,questionId,text,correct,comment) OVERRIDING SYSTEM VALUE VALUES (378,163,'11',false,'');
	INSERT INTO Answer (id,questionId,text,correct,comment) OVERRIDING SYSTEM VALUE VALUES (379,163,'The code will not compile because of line 3.',false,'');
	INSERT INTO Answer (id,questionId,text,correct,comment) OVERRIDING SYSTEM VALUE VALUES (380,163,'The code will not compile because of line 5.',false,'');
	INSERT INTO Answer (id,questionId,text,correct,comment) OVERRIDING SYSTEM VALUE VALUES (381,163,'The code contains an infinite loop and does not terminate.',true,'Очень хитро здесь работает инкремент. 1) сначала он берется старый 2) потом инкрементируется на единицу и 3!!!) ранее взятое старое значение кладется в переменную, тем самым отменяя инкремент!');
INSERT INTO Question (id,realmId,type,text) OVERRIDING SYSTEM VALUE VALUES (164,4,1,'<p>What is the output of the following code?</p>
<p>3: byte a = 40, b = 50;<br />4: byte sum = (byte) a + b;<br />5: System.out.println(sum);</p>');
	INSERT INTO Answer (id,questionId,text,correct,comment) OVERRIDING SYSTEM VALUE VALUES (384,164,'90',false,'');
	INSERT INTO Answer (id,questionId,text,correct,comment) OVERRIDING SYSTEM VALUE VALUES (385,164,'The code will not compile because of line 4.',true,'Оператор кастинга имеет наивысший приоритет, поэтому он&nbsp;приводит&nbsp;к byte&nbsp;только a.');
	INSERT INTO Answer (id,questionId,text,correct,comment) OVERRIDING SYSTEM VALUE VALUES (386,164,'An undefined value.',false,'');
	INSERT INTO Answer (id,questionId,text,correct,comment) OVERRIDING SYSTEM VALUE VALUES (382,164,'40',false,'');
	INSERT INTO Answer (id,questionId,text,correct,comment) OVERRIDING SYSTEM VALUE VALUES (383,164,'50',false,'');
INSERT INTO Question (id,realmId,type,text) OVERRIDING SYSTEM VALUE VALUES (165,4,1,'What is the output of the following code?<br /><br />1: public class ArithmeticSample {<br />2:&nbsp;&nbsp;&nbsp;&nbsp; public static void main(String[] args) {<br />3:&nbsp;&nbsp;&nbsp;&nbsp;&nbsp;&nbsp;&nbsp;&nbsp; int x = 5 * 4 % 3;<br />4:&nbsp;&nbsp;&nbsp;&nbsp;&nbsp;&nbsp;&nbsp;&nbsp; System.out.println(x);<br />5: }}');
	INSERT INTO Answer (id,questionId,text,correct,comment) OVERRIDING SYSTEM VALUE VALUES (387,165,'2',true,'');
	INSERT INTO Answer (id,questionId,text,correct,comment) OVERRIDING SYSTEM VALUE VALUES (388,165,'3',false,'');
	INSERT INTO Answer (id,questionId,text,correct,comment) OVERRIDING SYSTEM VALUE VALUES (389,165,'5',false,'');
	INSERT INTO Answer (id,questionId,text,correct,comment) OVERRIDING SYSTEM VALUE VALUES (390,165,'6',false,'');
	INSERT INTO Answer (id,questionId,text,correct,comment) OVERRIDING SYSTEM VALUE VALUES (391,165,'The code will not compile because of line 3.',false,'');
INSERT INTO Question (id,realmId,type,text) OVERRIDING SYSTEM VALUE VALUES (166,4,1,'What is the output of the following code snippet?<br /><br />3: int x = 0;<br />4: String s = null;<br />5: if(x == s) System.out.println("Success");<br />6: else System.out.println("Failure");');
	INSERT INTO Answer (id,questionId,text,correct,comment) OVERRIDING SYSTEM VALUE VALUES (392,166,'Success',false,'');
	INSERT INTO Answer (id,questionId,text,correct,comment) OVERRIDING SYSTEM VALUE VALUES (393,166,'Failure',false,'');
	INSERT INTO Answer (id,questionId,text,correct,comment) OVERRIDING SYSTEM VALUE VALUES (394,166,'The code will not compile because of line 4.',false,'');
	INSERT INTO Answer (id,questionId,text,correct,comment) OVERRIDING SYSTEM VALUE VALUES (395,166,'The code will not compile because of line 5.',true,'Нельзя сравнивать объектный тип с примитивным.');
INSERT INTO Question (id,realmId,type,text) OVERRIDING SYSTEM VALUE VALUES (167,4,1,'What is the output of the following code snippet?<br /><br />3: int x1 = 50, x2 = 75;<br />4: boolean b = x1 &gt;= x2;<br />5: if(b = true) System.out.println("Success");<br />6: else System.out.println("Failure");');
	INSERT INTO Answer (id,questionId,text,correct,comment) OVERRIDING SYSTEM VALUE VALUES (396,167,'Success',true,'');
	INSERT INTO Answer (id,questionId,text,correct,comment) OVERRIDING SYSTEM VALUE VALUES (397,167,'Failure',false,'');
	INSERT INTO Answer (id,questionId,text,correct,comment) OVERRIDING SYSTEM VALUE VALUES (398,167,'The code will not compile because of line 4.',false,'');
	INSERT INTO Answer (id,questionId,text,correct,comment) OVERRIDING SYSTEM VALUE VALUES (399,167,'The code will not compile because of line 5.',false,'');
INSERT INTO Question (id,realmId,type,text) OVERRIDING SYSTEM VALUE VALUES (168,4,1,'What is the output of the following code snippet?<br /><br />3: int c = 7;<br />4: int result = 4;<br />5: result += ++c;<br />6: System.out.println(result);');
	INSERT INTO Answer (id,questionId,text,correct,comment) OVERRIDING SYSTEM VALUE VALUES (400,168,'8',false,'');
	INSERT INTO Answer (id,questionId,text,correct,comment) OVERRIDING SYSTEM VALUE VALUES (401,168,'11',false,'');
	INSERT INTO Answer (id,questionId,text,correct,comment) OVERRIDING SYSTEM VALUE VALUES (402,168,'12',true,'');
	INSERT INTO Answer (id,questionId,text,correct,comment) OVERRIDING SYSTEM VALUE VALUES (403,168,'15',false,'');
	INSERT INTO Answer (id,questionId,text,correct,comment) OVERRIDING SYSTEM VALUE VALUES (404,168,'16',false,'');
	INSERT INTO Answer (id,questionId,text,correct,comment) OVERRIDING SYSTEM VALUE VALUES (405,168,'The code will not compile because of line 5.',false,'');
INSERT INTO Question (id,realmId,type,text) OVERRIDING SYSTEM VALUE VALUES (169,4,1,'What is the output of the following code snippet?<br /><br />3: int x = 1, y = 15;<br />4: while x &lt; 10<br />5:&nbsp;&nbsp;&nbsp;&nbsp; y&ndash;&ndash;;<br />6:&nbsp;&nbsp;&nbsp;&nbsp; x++;<br />7: System.out.println(x+", "+y);');
	INSERT INTO Answer (id,questionId,text,correct,comment) OVERRIDING SYSTEM VALUE VALUES (406,169,'10, 5',false,'');
	INSERT INTO Answer (id,questionId,text,correct,comment) OVERRIDING SYSTEM VALUE VALUES (407,169,'10, 6',false,'');
	INSERT INTO Answer (id,questionId,text,correct,comment) OVERRIDING SYSTEM VALUE VALUES (408,169,'11, 5',false,'');
	INSERT INTO Answer (id,questionId,text,correct,comment) OVERRIDING SYSTEM VALUE VALUES (409,169,'The code will not compile because of line 3.',false,'');
	INSERT INTO Answer (id,questionId,text,correct,comment) OVERRIDING SYSTEM VALUE VALUES (410,169,'The code will not compile because of line 4.',true,'');
	INSERT INTO Answer (id,questionId,text,correct,comment) OVERRIDING SYSTEM VALUE VALUES (411,169,'The code contains an infinite loop and does not terminate.',false,'');
INSERT INTO Question (id,realmId,type,text) OVERRIDING SYSTEM VALUE VALUES (170,4,1,'What is the output of the following code snippet?<br /><br />3: do {<br />4:&nbsp;&nbsp;&nbsp;&nbsp; int y = 1;<br />5:&nbsp;&nbsp;&nbsp;&nbsp; System.out.print(y++ + " ");<br />6: } while(y &lt;= 10);');
	INSERT INTO Answer (id,questionId,text,correct,comment) OVERRIDING SYSTEM VALUE VALUES (416,170,'The code contains an infinite loop and does not terminate.',false,'');
	INSERT INTO Answer (id,questionId,text,correct,comment) OVERRIDING SYSTEM VALUE VALUES (412,170,'1 2 3 4 5 6 7 8 9',false,'');
	INSERT INTO Answer (id,questionId,text,correct,comment) OVERRIDING SYSTEM VALUE VALUES (413,170,'1 2 3 4 5 6 7 8 9 10',false,'');
	INSERT INTO Answer (id,questionId,text,correct,comment) OVERRIDING SYSTEM VALUE VALUES (414,170,'1 2 3 4 5 6 7 8 9 10 11',false,'');
	INSERT INTO Answer (id,questionId,text,correct,comment) OVERRIDING SYSTEM VALUE VALUES (415,170,'The code will not compile because of line 6.',true,'');
INSERT INTO Question (id,realmId,type,text) OVERRIDING SYSTEM VALUE VALUES (171,4,1,'What is the output of the following code snippet?<br /><br />3: boolean keepGoing = true;<br />4: int result = 15, i = 10;<br />5: do {<br />6:&nbsp;&nbsp;&nbsp;&nbsp; i--;<br />7:&nbsp;&nbsp;&nbsp;&nbsp; if(i==8) keepGoing = false;<br />8:&nbsp;&nbsp;&nbsp;&nbsp; result -= 2;<br />9: } while(keepGoing);<br />10: System.out.println(result);');
	INSERT INTO Answer (id,questionId,text,correct,comment) OVERRIDING SYSTEM VALUE VALUES (417,171,'7',false,'');
	INSERT INTO Answer (id,questionId,text,correct,comment) OVERRIDING SYSTEM VALUE VALUES (418,171,'9',false,'');
	INSERT INTO Answer (id,questionId,text,correct,comment) OVERRIDING SYSTEM VALUE VALUES (419,171,'10',false,'');
	INSERT INTO Answer (id,questionId,text,correct,comment) OVERRIDING SYSTEM VALUE VALUES (420,171,'11',true,'');
	INSERT INTO Answer (id,questionId,text,correct,comment) OVERRIDING SYSTEM VALUE VALUES (421,171,'15',false,'');
	INSERT INTO Answer (id,questionId,text,correct,comment) OVERRIDING SYSTEM VALUE VALUES (422,171,'The code will not compile because of line 8.',false,'');
INSERT INTO Question (id,realmId,type,text) OVERRIDING SYSTEM VALUE VALUES (172,4,1,'What is the output of the following code snippet?<br /><br />3: int count = 0;<br />4: ROW_LOOP: for(int row = 1; row &lt;=3; row++)<br />5:&nbsp;&nbsp;&nbsp;&nbsp; for(int col = 1; col &lt;=2 ; col++) {<br />6:&nbsp;&nbsp;&nbsp;&nbsp;&nbsp;&nbsp;&nbsp;&nbsp; if(row * col % 2 == 0) continue ROW_LOOP;<br />7:&nbsp;&nbsp;&nbsp;&nbsp;&nbsp;&nbsp;&nbsp;&nbsp; count++;<br />8:&nbsp;&nbsp;&nbsp;&nbsp; }<br />9: System.out.println(count);');
	INSERT INTO Answer (id,questionId,text,correct,comment) OVERRIDING SYSTEM VALUE VALUES (423,172,'1',false,'');
	INSERT INTO Answer (id,questionId,text,correct,comment) OVERRIDING SYSTEM VALUE VALUES (424,172,'2',true,'');
	INSERT INTO Answer (id,questionId,text,correct,comment) OVERRIDING SYSTEM VALUE VALUES (425,172,'3',false,'');
	INSERT INTO Answer (id,questionId,text,correct,comment) OVERRIDING SYSTEM VALUE VALUES (426,172,'4',false,'');
	INSERT INTO Answer (id,questionId,text,correct,comment) OVERRIDING SYSTEM VALUE VALUES (427,172,'6',false,'');
	INSERT INTO Answer (id,questionId,text,correct,comment) OVERRIDING SYSTEM VALUE VALUES (428,172,'The code will not compile because of line 6.',false,'');
INSERT INTO Question (id,realmId,type,text) OVERRIDING SYSTEM VALUE VALUES (173,4,1,'What is the result of the following code snippet?<br /><br />3: int m = 9, n = 1, x = 0;<br />4: while(m &gt; n) {<br />5:&nbsp;&nbsp;&nbsp;&nbsp; m--;<br />6:&nbsp;&nbsp;&nbsp;&nbsp; n += 2;<br />7:&nbsp;&nbsp;&nbsp;&nbsp; x += m + n;<br />8: }<br />9: System.out.println(x);');
	INSERT INTO Answer (id,questionId,text,correct,comment) OVERRIDING SYSTEM VALUE VALUES (432,173,'36',true,'');
	INSERT INTO Answer (id,questionId,text,correct,comment) OVERRIDING SYSTEM VALUE VALUES (433,173,'50',false,'');
	INSERT INTO Answer (id,questionId,text,correct,comment) OVERRIDING SYSTEM VALUE VALUES (434,173,'The code will not compile because of line 7.',false,'');
	INSERT INTO Answer (id,questionId,text,correct,comment) OVERRIDING SYSTEM VALUE VALUES (429,173,'11',false,'');
	INSERT INTO Answer (id,questionId,text,correct,comment) OVERRIDING SYSTEM VALUE VALUES (430,173,'13',false,'');
	INSERT INTO Answer (id,questionId,text,correct,comment) OVERRIDING SYSTEM VALUE VALUES (431,173,'23',false,'');
INSERT INTO Question (id,realmId,type,text) OVERRIDING SYSTEM VALUE VALUES (174,4,1,'<p>What is the result of the following code snippet?</p>
<p>3: final char a = ''A'', d = ''D'';<br />4: char grade = ''B'';<br />5: switch(grade) {<br />6:&nbsp;&nbsp;&nbsp;&nbsp; case a:<br />7:&nbsp;&nbsp;&nbsp;&nbsp; case ''B'': System.out.print("great");<br />8:&nbsp;&nbsp;&nbsp;&nbsp; case ''C'': System.out.print("good"); break;<br />9:&nbsp;&nbsp;&nbsp;&nbsp; case d:<br />10:&nbsp;&nbsp;&nbsp;case ''F'': System.out.print("not good");<br />11: }</p>');
	INSERT INTO Answer (id,questionId,text,correct,comment) OVERRIDING SYSTEM VALUE VALUES (435,174,'great',false,'');
	INSERT INTO Answer (id,questionId,text,correct,comment) OVERRIDING SYSTEM VALUE VALUES (436,174,'greatgood',true,'');
	INSERT INTO Answer (id,questionId,text,correct,comment) OVERRIDING SYSTEM VALUE VALUES (437,174,'The code will not compile because of line 3.',false,'');
	INSERT INTO Answer (id,questionId,text,correct,comment) OVERRIDING SYSTEM VALUE VALUES (438,174,'The code will not compile because of line 6.',false,'');
	INSERT INTO Answer (id,questionId,text,correct,comment) OVERRIDING SYSTEM VALUE VALUES (439,174,'The code will not compile because of lines 6 and 9.',false,'');
INSERT INTO Question (id,realmId,type,text) OVERRIDING SYSTEM VALUE VALUES (175,4,2,'Назовите основные принципы использования оператора "+" с точки зрения конкатенации.');
	INSERT INTO Answer (id,questionId,text,correct,comment) OVERRIDING SYSTEM VALUE VALUES (440,175,'1. Если оба операнда числовые, то + обозначает сложение.<br />2. Если хотя бы один операнд - строка, + обозначает конкатенацию.<br />3. Выражение вычисляется слева направо. Например:<br /><br />System.out.println(1 + 2 + "c"); // 3c',true,'');
INSERT INTO Question (id,realmId,type,text) OVERRIDING SYSTEM VALUE VALUES (176,4,2,'Каков будет вывод следующего кода?<br /><br />int three = 3;<br />String four = "4";<br />System.out.println(1 + 2 + three + four);');
	INSERT INTO Answer (id,questionId,text,correct,comment) OVERRIDING SYSTEM VALUE VALUES (441,176,'64',true,'');
INSERT INTO Question (id,realmId,type,text) OVERRIDING SYSTEM VALUE VALUES (177,4,2,'Каков будет результат работы следующего кода?<br /><br />4: String s = "1";<br />5: s += "2";<br />6: s += 3;<br />7: System.out.println(s);');
	INSERT INTO Answer (id,questionId,text,correct,comment) OVERRIDING SYSTEM VALUE VALUES (442,177,'123',true,'');
INSERT INTO Question (id,realmId,type,text) OVERRIDING SYSTEM VALUE VALUES (178,4,2,'Каким должен быть неизменяемый (immutable) класс?');
	INSERT INTO Answer (id,questionId,text,correct,comment) OVERRIDING SYSTEM VALUE VALUES (443,178,'1) иметь только геттеры<br />2) быть объявленным final (чтобы наследники не могли изменить неизменяемое поведение)',true,'');
INSERT INTO Question (id,realmId,type,text) OVERRIDING SYSTEM VALUE VALUES (179,4,2,'Что выведет следующий код?<br /><br />String s1 = "1";<br />String s2 = s1.concat("2");<br />s2.concat("3");<br />System.out.println(s2);');
	INSERT INTO Answer (id,questionId,text,correct,comment) OVERRIDING SYSTEM VALUE VALUES (444,179,'12<br /><br />поскольку строки - неизменяемые, а результат конкатенации в 3-й строке не присваивается переменной s2 (т.е. теряется)',true,'');
INSERT INTO Question (id,realmId,type,text) OVERRIDING SYSTEM VALUE VALUES (180,4,2,'Что такое строковый пул (<em>string pool</em>)?');
	INSERT INTO Answer (id,questionId,text,correct,comment) OVERRIDING SYSTEM VALUE VALUES (445,180,'Строковый пул хранит часто используемые строки в целях экономии памяти, преимущественно строковые литералы.',true,'');
INSERT INTO Question (id,realmId,type,text) OVERRIDING SYSTEM VALUE VALUES (181,4,2,'Какая разница между двумя строками?<br /><br />1) String name = "Fluffy";<br />2) String name = new String("Fluffy");');
	INSERT INTO Answer (id,questionId,text,correct,comment) OVERRIDING SYSTEM VALUE VALUES (446,181,'В первом случае строка попадет в строковый пул (либо будет взята оттуда, если уже имеется в нем).<br />Во втором случае будет создан новый строковый объект, который не попадет в пул и будет доступен для сборщика мусора, когда потеряет все ссылки.',true,'');
INSERT INTO Question (id,realmId,type,text) OVERRIDING SYSTEM VALUE VALUES (182,4,0,'<span style="text-decoration: underline;"><em>String<br /></em></span><strong><br /></strong>int<strong> length()<br /><br /></strong>возвращает длину строки.');
INSERT INTO Question (id,realmId,type,text) OVERRIDING SYSTEM VALUE VALUES (183,4,0,'<span style="text-decoration: underline;"><em>String<br /></em></span><strong><br /></strong>char&nbsp;<strong>charAt</strong>(int <em>index</em>)<br /><br />возвращает символ строки по указанному индексу. Если такого индекса в строке не существует, выдается ошибка:<br /><br />java.lang.StringIndexOutOfBoundsException: String index out of range');
INSERT INTO Question (id,realmId,type,text) OVERRIDING SYSTEM VALUE VALUES (184,4,0,'<span style="text-decoration: underline;"><em>String<br /></em></span><strong><br /></strong>int&nbsp;<strong>indexOf</strong>(int <em>ch</em>)<br />int&nbsp;<strong>indexOf</strong>(int <em>ch</em>, int <em>fromIndex</em>)<br />int&nbsp;<strong>indexOf</strong>(String <em>str</em>)<br />int&nbsp;<strong>indexOf</strong>(String <em>str</em>, int <em>fromIndex</em>)<br /><br />возвращает индекс первого вхождения символа/строки, -1 в случае отсутствия<br /><br />На экзамене передаваться в этот метод будут только параметры char (которые имплицитно кастятся в int)');
INSERT INTO Question (id,realmId,type,text) OVERRIDING SYSTEM VALUE VALUES (185,4,2,'Что будет напечано в результате выполнения следующего кода?<br /><br />String string = "animals";<br />System.out.println(string.indexOf(''a''));<br />System.out.println(string.indexOf("al"));<br />System.out.println(string.indexOf(''a'', 4));<br />System.out.println(string.indexOf("al", 5));');
	INSERT INTO Answer (id,questionId,text,correct,comment) OVERRIDING SYSTEM VALUE VALUES (447,185,'0<br />4<br />4<br />-1',true,'');
INSERT INTO Question (id,realmId,type,text) OVERRIDING SYSTEM VALUE VALUES (186,4,0,'<span style="text-decoration: underline;"><em>String<br /></em></span><strong><br /></strong>String&nbsp;<strong>substring</strong>(int <em>beginIndex</em>)<br />String&nbsp;<strong>substring</strong>(int <em>beginIndex, int endIndex</em>)<br /><br />возвращает подстроку. <em>beginIndex</em> включается, <em>endIndex</em> не включается.');
INSERT INTO Question (id,realmId,type,text) OVERRIDING SYSTEM VALUE VALUES (187,4,0,'Поскольку символ, соответствующий второму параметру в методе String.<strong>substring</strong>(beginIndex, endIndex), не включается в возвращаемое значение, значение этого параметра может превышать на единицу максимальный индекс строки (что тождественно опусканию этого параметра). Если же второй параметр превысит максимальный индекс строки более чем на единицу, то будет Runtime Exception:<br /><br />Exception in thread "main" java.lang.StringIndexOutOfBoundsException: String index out of range');
INSERT INTO Question (id,realmId,type,text) OVERRIDING SYSTEM VALUE VALUES (188,4,2,'Какие ограничения накладываются на параметры в вызове метода String.substring(int, [int])?');
	INSERT INTO Answer (id,questionId,text,correct,comment) OVERRIDING SYSTEM VALUE VALUES (448,188,'1) Оба параметра могут принимать значение [0..maxIndex+1]<br />2) второй не может быть больше первого',true,'');
INSERT INTO Question (id,realmId,type,text) OVERRIDING SYSTEM VALUE VALUES (189,4,0,'<em><span style="text-decoration: underline;">String</span></em><br /><br />String <strong>toLowerCase</strong>()<br />String <strong>toUpperCase</strong>()<br /><br />Методы преобразуют все заглавные/строчные символы к строчным/заглавным. Все прочие символы остаются без изменений. Исходная строка, разумеется,&nbsp;не изменяется.');
INSERT INTO Question (id,realmId,type,text) OVERRIDING SYSTEM VALUE VALUES (190,4,0,'<em><span style="text-decoration: underline;">String</span></em><br /><br />boolean <strong>equals</strong>(Object <em>obj</em>)<br />boolean <strong>equalsIgnoreCase</strong>(String <em>obj</em>)<br /><br />проверка равенства содержимого двух строк.');
INSERT INTO Question (id,realmId,type,text) OVERRIDING SYSTEM VALUE VALUES (191,4,0,'<span style="text-decoration: underline;"><em>String</em></span><br /><br />boolean <strong>startsWith</strong>(String <em>prefix</em>)<br />boolean <strong>endsWith</strong>(String <em>suffix</em>)<br /><br />проверка начала/окончания строки. Методы чувствительны к регистру.');
INSERT INTO Question (id,realmId,type,text) OVERRIDING SYSTEM VALUE VALUES (192,4,0,'<em><span style="text-decoration: underline;">String</span></em><br /><br />boolean <strong>contains</strong>(String <em>str</em>)<br /><br />проверяет вхождение подстроки в строку (чувствительно к регистру)');
INSERT INTO Question (id,realmId,type,text) OVERRIDING SYSTEM VALUE VALUES (193,4,0,'<em><span style="text-decoration: underline;">String</span></em><br /><br />String <strong>replace</strong>(char <em>oldChar</em>, char <em>newChar</em>)<br />String <strong>replace</strong>(CharSequence <em>oldSeq</em>, CharSequence <em>newSeq</em>)<br /><br />глобальная замена символов/подстрок<br />');
INSERT INTO Question (id,realmId,type,text) OVERRIDING SYSTEM VALUE VALUES (194,4,0,'<strong>CharSequence</strong> - общий интерфейс, представляющий несколько классов, в т.ч. <strong>String</strong> и <strong>StringBuilder</strong>.');
INSERT INTO Question (id,realmId,type,text) OVERRIDING SYSTEM VALUE VALUES (195,4,0,'<em><span style="text-decoration: underline;">String</span></em><br /><br />String <strong>trim</strong>()<br /><br />удаляет пробельные символы с начала и с конца строки: \t (tab), \n (newline), \r (возврат каретки), пробелы:ъ<br /><br />System.out.println("\t a b c\n".trim()); // a b c');
INSERT INTO Question (id,realmId,type,text) OVERRIDING SYSTEM VALUE VALUES (196,4,2,'Что будет выводом следующего кода?<br /><br />5: String a = "abc";<br />6: String b = a.toUpperCase();<br />7: b = b.replace("B", "2").replace(''C'', ''3'');<br />8: System.out.println("a=" + a);<br />9: System.out.println("b=" + b);');
	INSERT INTO Answer (id,questionId,text,correct,comment) OVERRIDING SYSTEM VALUE VALUES (449,196,'a=abc<br />b=A23',true,'');
INSERT INTO Question (id,realmId,type,text) OVERRIDING SYSTEM VALUE VALUES (197,4,0,'Методы StringBuilder.<strong>append</strong> возвращают ссылку на сам объект <strong>StringBuilder</strong>, поэтому удобно строить цепочки методов!');
INSERT INTO Question (id,realmId,type,text) OVERRIDING SYSTEM VALUE VALUES (198,4,2,'Каков будет результат работы следующего кода?<br /><br />4: StringBuilder a = new StringBuilder("abc");<br />5: StringBuilder b = a.append("de");<br />6: b = b.append("f").append("g");<br />7: System.out.println("a=" + a);<br />8: System.out.println("b=" + b);');
	INSERT INTO Answer (id,questionId,text,correct,comment) OVERRIDING SYSTEM VALUE VALUES (450,198,'a=abcdefg<br />b=abcdefg<br /><br /><strong>a</strong> и <strong>b</strong> указывают на один и тотже объект StringBuilder',true,'');
INSERT INTO Question (id,realmId,type,text) OVERRIDING SYSTEM VALUE VALUES (199,4,2,'Назовите 4 способа создать объект <strong>StringBuilder</strong>. (посредством конструктора)');
	INSERT INTO Answer (id,questionId,text,correct,comment) OVERRIDING SYSTEM VALUE VALUES (451,199,'1) new StringBuilder()<br />2) new StringBuilder(CharSequence seq)<br />3) new StringBuilder(String str)<br />4) new StringBuilder(int capacity)<br /><br />по умолчанию capacity=16, увеличивается, если содержимое растет',true,'');
INSERT INTO Question (id,realmId,type,text) OVERRIDING SYSTEM VALUE VALUES (200,4,0,'Методы <strong>charAt</strong>(), <strong>indexOf</strong>(), <strong>length</strong>(), <strong>substring</strong>() класса <strong>StringBuilder</strong> по аргументам и возвращаемым типам аналогичны таковым класса <strong>String</strong>. <br /><strong>substring</strong>() <span style="text-decoration: underline;">не меняет</span> исходный объект.');
INSERT INTO Question (id,realmId,type,text) OVERRIDING SYSTEM VALUE VALUES (201,4,2,'Каким будет вывод следующего кода?<br /><br />StringBuilder sb = new StringBuilder("animals");<br />String sub = sb.substring(sb.indexOf("a"), sb.indexOf("al"));<br />int len = sb.length();<br />char ch = sb.charAt(6);<br />System.out.println(sub + " " + len + " " + ch);');
	INSERT INTO Answer (id,questionId,text,correct,comment) OVERRIDING SYSTEM VALUE VALUES (452,201,'anim 7 s',true,'');
INSERT INTO Question (id,realmId,type,text) OVERRIDING SYSTEM VALUE VALUES (202,4,0,'Существует более 10 перезагрузок метода <strong>StringBuilder</strong>.<em>append</em>():<br /><br />StringBuilder&nbsp;append(boolean b)<br />StringBuilder&nbsp;append(char c)<br />StringBuilder&nbsp;append(char[] str)<br />StringBuilder&nbsp;append(char[] str, int offset, int len)<br />StringBuilder&nbsp;append(CharSequence s)<br />StringBuilder&nbsp;append(CharSequence s, int start, int end)<br />StringBuilder&nbsp;append(double d)<br />StringBuilder&nbsp;append(float f)<br />StringBuilder&nbsp;append(int i)<br />StringBuilder&nbsp;append(long lng)<br />StringBuilder&nbsp;append(Object obj)<br />StringBuilder&nbsp;append(String str)');
INSERT INTO Question (id,realmId,type,text) OVERRIDING SYSTEM VALUE VALUES (203,4,0,'<em><span style="text-decoration: underline;">StringBuilder</span></em><br /><br />StringBuilder <strong>insert</strong>(int <em>offset</em>, String <em>str</em>) (<em>и еще более 10 перезагрузок</em>)<br /><br />Метод вставляет символы в последовательность и возвращает ссылку на тот же объект.<br /><br />Как и в случае с <strong>substring</strong>, <em>offset</em> может принимать значение от 0 до [длина последовательности, т.е. maxIndex+1], иначе Exception');
INSERT INTO Question (id,realmId,type,text) OVERRIDING SYSTEM VALUE VALUES (204,4,0,'<em><span style="text-decoration: underline;">StringBuilder</span><br /><br /></em>StringBuilder <strong>delete</strong>(int <em>start</em>, int <em>end</em>)<br />StringBuilder <strong>deleteCharAt</strong>(int <em>index</em>)<br /><br />удаление части последовательности или символа.<br /><br /><em>start</em> и <em>end</em> используются с теми же принципами и ограничениями, что и <strong>substring</strong>,&nbsp;<em>index</em> должен соответствовать реальному индексу.');
INSERT INTO Question (id,realmId,type,text) OVERRIDING SYSTEM VALUE VALUES (205,4,0,'<em><span style="text-decoration: underline;">StringBuilder</span></em><br /><br />StringBuilder <strong>reverse</strong>()<br /><br />переворачивает&nbsp;последовательность и возвращает ссылку на тот же объект.');
INSERT INTO Question (id,realmId,type,text) OVERRIDING SYSTEM VALUE VALUES (206,4,2,'Перечислите методы класса <strong>String</strong>, отобранные для использования на экзамене OCA.');
	INSERT INTO Answer (id,questionId,text,correct,comment) OVERRIDING SYSTEM VALUE VALUES (453,206,'length()<br />charAt()<br />indexOf()<br />substring()<br />toLowerCase()<br />toUpperCase()<br />equals()<br />equalsIgnoreCase()<br />startsWith()<br />endsWith()<br />contains()<br />replace()<br />trim()<br /><br />',true,'');
INSERT INTO Question (id,realmId,type,text) OVERRIDING SYSTEM VALUE VALUES (207,4,2,'Перечислите методы класса <strong>StringBuilder</strong>, отобранные для использования на экзамене OCA.');
	INSERT INTO Answer (id,questionId,text,correct,comment) OVERRIDING SYSTEM VALUE VALUES (454,207,'charAt()<br />indexOf()<br />length()<br />substring()<br />append()<br />insert()<br />delete()<br />deleteCharAt()<br />reverse()<br />toString()',true,'');
INSERT INTO Question (id,realmId,type,text) OVERRIDING SYSTEM VALUE VALUES (208,4,0,'Класс <strong>StringBuffer</strong> делает приблизительно то же самое, что и <strong>StringBuilder</strong>, но он старше (появился до Java 5) и медленнее, так как является thread-safe. На экзамене OCA встретиться не должен, но кто знает...');
INSERT INTO Question (id,realmId,type,text) OVERRIDING SYSTEM VALUE VALUES (209,4,0,'Если класс не переопределяет <strong>equals</strong>, то при вызове этого метода используется ==.');
INSERT INTO Question (id,realmId,type,text) OVERRIDING SYSTEM VALUE VALUES (210,4,2,'Какой будет результат следующего кода?<br /><br />String x = "Hello World";<br />String y = "Hello World";<br />System.out.println(x == y);');
	INSERT INTO Answer (id,questionId,text,correct,comment) OVERRIDING SYSTEM VALUE VALUES (455,210,'Скорее всего, <strong>true</strong>. Литералы должны складываться виртуальной машиной в пул и извлекаться оттуда. Однако 100% нет.',true,'');
INSERT INTO Question (id,realmId,type,text) OVERRIDING SYSTEM VALUE VALUES (211,4,2,'Каким будет результат следующего кода?<br /><br />String x = "Hello World";<br />String z = " Hello World".trim();<br />System.out.println(x == z);');
	INSERT INTO Answer (id,questionId,text,correct,comment) OVERRIDING SYSTEM VALUE VALUES (456,211,'Однозначно, <strong>false</strong>. Строки, вычисляемые в runtime, никогда не берутся из пула - всегда создается новый объект.',true,'');
INSERT INTO Question (id,realmId,type,text) OVERRIDING SYSTEM VALUE VALUES (212,4,2,'Каким будет результат следующего кода?<br /><br />String x = new String("Hello World");<br />String y = "Hello World";<br />System.out.println(x == y);');
	INSERT INTO Answer (id,questionId,text,correct,comment) OVERRIDING SYSTEM VALUE VALUES (457,212,'Однозначно, <strong>false</strong>. Строки, создаваемые через ключевое слово <strong>new</strong>,&nbsp;никогда не берутся из пула.',true,'');
INSERT INTO Question (id,realmId,type,text) OVERRIDING SYSTEM VALUE VALUES (213,4,0,'Никогда не используйте == для сравнения строк - иметь с этим дело Вам доведется только на экзамене.');
INSERT INTO Question (id,realmId,type,text) OVERRIDING SYSTEM VALUE VALUES (214,4,0,'Класс StringBuilder не имплементирует <strong>equals</strong>().');
INSERT INTO Question (id,realmId,type,text) OVERRIDING SYSTEM VALUE VALUES (215,4,2,'Что будет результатом следующего кода?<br /><br />1: public class Tiger {<br />2:&nbsp;&nbsp;&nbsp;&nbsp; String name;<br />3:&nbsp;&nbsp;&nbsp;&nbsp; public static void main(String[] args) {<br />4:&nbsp;&nbsp;&nbsp;&nbsp;&nbsp;&nbsp;&nbsp;&nbsp; Tiger t1 = new Tiger();<br />5:&nbsp;&nbsp;&nbsp;&nbsp;&nbsp;&nbsp;&nbsp;&nbsp; Tiger t2 = new Tiger();<br />6:&nbsp;&nbsp;&nbsp;&nbsp;&nbsp;&nbsp;&nbsp;&nbsp; Tiger t3 = t1;<br />7:&nbsp;&nbsp;&nbsp;&nbsp;&nbsp;&nbsp;&nbsp;&nbsp; System.out.println(t1 == t1);<br />8:&nbsp;&nbsp;&nbsp;&nbsp;&nbsp;&nbsp;&nbsp;&nbsp; System.out.println(t1 == t2);<br />9:&nbsp;&nbsp;&nbsp;&nbsp;&nbsp;&nbsp;&nbsp;&nbsp; System.out.println(t1.equals(t2));<br />10: } }');
	INSERT INTO Answer (id,questionId,text,correct,comment) OVERRIDING SYSTEM VALUE VALUES (458,215,'true<br />false<br />false',true,'');
INSERT INTO Question (id,realmId,type,text) OVERRIDING SYSTEM VALUE VALUES (216,4,2,'Как создать массив в Java?');
	INSERT INTO Answer (id,questionId,text,correct,comment) OVERRIDING SYSTEM VALUE VALUES (459,216,'1) пустой массив:<br />&lt;type&gt;[] var = new &lt;type&gt;[&lt;size&gt;]<br />e.g.<br />int[] numbers = new int[3]<br /><br />2) массив со значениями<br />&lt;type&gt;[] var = new &lt;type&gt; {val1, val2, ... valN}<br />e.g.<br />int[] numbers2 = new int[] {42,55,99}<br /><br />2.1) сокращенная запись массива со значениями:<br />int[] numbers2 = {42,55,99}',true,'');
INSERT INTO Question (id,realmId,type,text) OVERRIDING SYSTEM VALUE VALUES (217,4,0,'При создании массива все элементы заполняются дефолтными значениями.');
INSERT INTO Question (id,realmId,type,text) OVERRIDING SYSTEM VALUE VALUES (218,4,0,'Массив, создаваемый');
INSERT INTO Question (id,realmId,type,text) OVERRIDING SYSTEM VALUE VALUES (219,4,0,'Массив, создаваемый только с помощью фигурных скобок, называется анонимным. Однако такой синтаксис работает только при <span style="text-decoration: underline;">объявлении</span> и присваивании переменной, иначе компилятор не сможет понять, какого типа данный массив. Если надо создать и сразу использовать инициализированный массив, то необходимо использовать конструкцию с new:<br />System.out.println(new int[]{1,2,3}.length);');
INSERT INTO Question (id,realmId,type,text) OVERRIDING SYSTEM VALUE VALUES (220,4,2,'Укажите все возможные варианты объявить переменную массива.');
	INSERT INTO Answer (id,questionId,text,correct,comment) OVERRIDING SYSTEM VALUE VALUES (460,220,'int[] var;<br />int [] var;<br />int var[];<br />int&nbsp;var [];<br />--<br />new int[5]<br />new int [5]',true,'');
INSERT INTO Question (id,realmId,type,text) OVERRIDING SYSTEM VALUE VALUES (221,4,0,'Перед и после dot-оператора могут быть пробелы!');
INSERT INTO Question (id,realmId,type,text) OVERRIDING SYSTEM VALUE VALUES (222,4,2,'Какие типы будут объявлены следующими строками?<br /><br />int[] ids1, types1;<br />int ids2[], types2;');
	INSERT INTO Answer (id,questionId,text,correct,comment) OVERRIDING SYSTEM VALUE VALUES (461,222,'ids1, types1, ids2 - массивы int.<br />types2 - int.',true,'');
INSERT INTO Question (id,realmId,type,text) OVERRIDING SYSTEM VALUE VALUES (223,4,0,'Метод <strong>equals</strong>() на массивах не переопределен, поэтому такое сравнение будет аналогично ==.');
INSERT INTO Question (id,realmId,type,text) OVERRIDING SYSTEM VALUE VALUES (224,0,0,'Начиная с Java 5, появился удобный метод Arrays.toString(array)');
INSERT INTO Question (id,realmId,type,text) OVERRIDING SYSTEM VALUE VALUES (225,4,1,'Что можно сказать про следующий код?<br /><br />&nbsp;&nbsp;&nbsp;&nbsp;&nbsp;&nbsp;&nbsp; String[] strings = {"aaa","bbb"};<br />&nbsp;&nbsp;&nbsp;&nbsp;&nbsp;&nbsp;&nbsp; Object[] objects = strings;<br />&nbsp;&nbsp;&nbsp;&nbsp;&nbsp;&nbsp;&nbsp; objects[0] = new Object();');
	INSERT INTO Answer (id,questionId,text,correct,comment) OVERRIDING SYSTEM VALUE VALUES (464,225,'Не скомпилируется.',false,'');
	INSERT INTO Answer (id,questionId,text,correct,comment) OVERRIDING SYSTEM VALUE VALUES (462,225,'Скомпилируется и выполнится нормально.',false,'');
	INSERT INTO Answer (id,questionId,text,correct,comment) OVERRIDING SYSTEM VALUE VALUES (463,225,'Скомпилируется, но выдаст ошибку времени выполнения',true,'элемент массива objects - объект (и строка), но сам массив objects по своему устройству является массивом строк и знает об этом. Соответственно, в него нельзя помещать элементы, не являющиеся строками, иначе будет ArrayStoreException');
INSERT INTO Question (id,realmId,type,text) OVERRIDING SYSTEM VALUE VALUES (226,4,1,'Что можно сказать про следующий код?<br /><br />String[] strings = { "stringValue" };<br />Object[] objects = strings;<br />String[] againStrings = (String[]) objects;');
	INSERT INTO Answer (id,questionId,text,correct,comment) OVERRIDING SYSTEM VALUE VALUES (465,226,'Скомпилируется и выполнится нормально.',true,'Если возможен кастинг одного типа к другому, то возможен и кастинг их массивов.');
	INSERT INTO Answer (id,questionId,text,correct,comment) OVERRIDING SYSTEM VALUE VALUES (466,226,'Скомпилируется, но выдаст ошибку времени выполнения.',false,'');
	INSERT INTO Answer (id,questionId,text,correct,comment) OVERRIDING SYSTEM VALUE VALUES (467,226,'Не скомпилируется.',false,'');
INSERT INTO Question (id,realmId,type,text) OVERRIDING SYSTEM VALUE VALUES (227,4,0,'<em>java.util.<span style="text-decoration: underline;">Arrays</span></em><br /><br />static void <strong>sort</strong>(some Comparable)<br /><br />сортирует массив по возрастанию.');
INSERT INTO Question (id,realmId,type,text) OVERRIDING SYSTEM VALUE VALUES (228,4,0,'<em>java.util.<span style="text-decoration: underline;">Arrays</span></em><br /><br />static int <strong>binarySearch</strong>(Comparable, искомое_значение, [Comparator])<br /><br />Возвращает индекс искомого значение, если найдено, (-(insertion point) - 1), если не найдено.<br />Массив должен быть предварительно отсортирован в соответствии с используемым компаратором, иначе результаты будут непредсказуемы.');
INSERT INTO Question (id,realmId,type,text) OVERRIDING SYSTEM VALUE VALUES (229,4,0,'Если есть попытка запустить binarySearch по несортированному массиву, надо сразу искать пункт "unpredictable output".');
INSERT INTO Question (id,realmId,type,text) OVERRIDING SYSTEM VALUE VALUES (230,4,0,'Если аргумент в методе определен как <strong>vararg</strong>:<br /><br />main(String... args)<br /><br />то его можно использовать как обычный массив.');
INSERT INTO Question (id,realmId,type,text) OVERRIDING SYSTEM VALUE VALUES (231,4,0,'Примеры объявления многомерных массивов:<br /><br />int[][] vars1; // 2D array<br />int vars2 [][]; // 2D array<br />int[] vars3[]; // 2D array<br />int[] vars4 [], space [][]; // a 2D&nbsp;and a 3D array');
INSERT INTO Question (id,realmId,type,text) OVERRIDING SYSTEM VALUE VALUES (232,4,2,'Что будет создано при выполнении строки<br /><br />String [][] rectangle = new String[3][2];');
	INSERT INTO Answer (id,questionId,text,correct,comment) OVERRIDING SYSTEM VALUE VALUES (468,232,'Будет создана ссылка на двумерный массив, т.е.&nbsp;3 одномерных массива по 2 элемента в каждом',true,'');
INSERT INTO Question (id,realmId,type,text) OVERRIDING SYSTEM VALUE VALUES (233,4,2,'Как создать двумерный массив, чтобы в массивах внешнего уровня было разное число элементов?');
	INSERT INTO Answer (id,questionId,text,correct,comment) OVERRIDING SYSTEM VALUE VALUES (469,233,'Способ 1. Задать массив литералом:<br /><br />int[][] differentSize = {{1, 4}, {3}, {9,8,7}};<br />&nbsp;&nbsp;&nbsp; или<br />int[][] differentSize;<br />differentSize = new int[][]{{1, 4}, {3}, {9,8,7}};<br /><br /><br />Способ 2. Создать только внутренний массив, а внешние задавать отдельно<br /><br />int[][] differentSize = new int[4][];<br />for (int i = 0; i &lt; differentSize.length; i++) {<br />&nbsp;&nbsp; differentSize[i] = new int[...]<br />}',true,'');
INSERT INTO Question (id,realmId,type,text) OVERRIDING SYSTEM VALUE VALUES (234,4,2,'Напишите алгоритм перебора двумерного массива с помощью for-each');
	INSERT INTO Answer (id,questionId,text,correct,comment) OVERRIDING SYSTEM VALUE VALUES (470,234,'<p>int[][] twoD = new int[3][2];</p>
<p>for (int[] inner : twoD) {<br />&nbsp;&nbsp;&nbsp; for (int num : inner)<br />&nbsp;&nbsp;&nbsp;&nbsp;&nbsp;&nbsp;&nbsp; System.out.print(num + " ");<br />&nbsp;&nbsp;&nbsp; System.out.println();<br />}</p>',true,'');
INSERT INTO Question (id,realmId,type,text) OVERRIDING SYSTEM VALUE VALUES (235,4,2,'Укажите 3 способа создать объект ArrayList. (посредством конструктора)');
	INSERT INTO Answer (id,questionId,text,correct,comment) OVERRIDING SYSTEM VALUE VALUES (471,235,'ArrayList list1 = new ArrayList(); // пустой<br />ArrayList list2 = new ArrayList(10); //10 пустых элементов<br />ArrayList list3 = new ArrayList(list2); //копия массива',true,'');
INSERT INTO Question (id,realmId,type,text) OVERRIDING SYSTEM VALUE VALUES (236,4,2,'Укажите два способа создать пустой ArrayList:');
	INSERT INTO Answer (id,questionId,text,correct,comment) OVERRIDING SYSTEM VALUE VALUES (472,236,'ArrayList&lt;String&gt; list4 = new ArrayList&lt;String&gt;();<br />ArrayList&lt;String&gt; list5 = new ArrayList&lt;&gt;(); // начиная с Java 7',true,'');
INSERT INTO Question (id,realmId,type,text) OVERRIDING SYSTEM VALUE VALUES (237,4,0,'ArrayList реализует toString(), так что его содержимое удобно печатать.');
INSERT INTO Question (id,realmId,type,text) OVERRIDING SYSTEM VALUE VALUES (238,4,0,'java.util.<em><span style="text-decoration: underline;">ArrayList</span></em><br /><br />boolean <strong>add</strong>(E <em>element</em>)<br />void <strong>add</strong>(int <em>index</em>, E <em>element</em>)<br /><br />boolean возвращается, поскольку это&nbsp;имплементированный метод интерфейса <strong>Collection</strong>. В случае ArrayList - всегда true. (с Set''ами будет false). <br /><br />вставка с индексом помещает элемент на указанный индекс. Допустимый диапазон параметра индекс - [0..array.length]');
INSERT INTO Question (id,realmId,type,text) OVERRIDING SYSTEM VALUE VALUES (239,4,1,'Что будет результатом работы следующего кода?<br /><br />ArrayList list = new ArrayList();<br />list.add("hawk");<br />list.add(true);<br />System.out.println(list);');
	INSERT INTO Answer (id,questionId,text,correct,comment) OVERRIDING SYSTEM VALUE VALUES (473,239,'"hawk", true',false,'');
	INSERT INTO Answer (id,questionId,text,correct,comment) OVERRIDING SYSTEM VALUE VALUES (474,239,'[hawk, true]',true,'');
	INSERT INTO Answer (id,questionId,text,correct,comment) OVERRIDING SYSTEM VALUE VALUES (475,239,'["hawk", true]',false,'');
	INSERT INTO Answer (id,questionId,text,correct,comment) OVERRIDING SYSTEM VALUE VALUES (476,239,'Код не скомпилируется.',false,'На самом деле, скомпилируется, поскольку произойдет autobox к Boolean/');
INSERT INTO Question (id,realmId,type,text) OVERRIDING SYSTEM VALUE VALUES (240,4,1,'Что будет напечатано после выполнения следующего кода?<br /><br />ArrayList&lt;String&gt; list = new ArrayList&lt;&gt;();<br />list.add("sparrow");<br />list.add(Boolean.TRUE);<br />System.out.println(list);');
	INSERT INTO Answer (id,questionId,text,correct,comment) OVERRIDING SYSTEM VALUE VALUES (480,240,'Код не скомпилируется.',true,'Нельзя положить Boolean в коллекцию &lt;String&gt;');
	INSERT INTO Answer (id,questionId,text,correct,comment) OVERRIDING SYSTEM VALUE VALUES (477,240,'"sparrow", true',false,'');
	INSERT INTO Answer (id,questionId,text,correct,comment) OVERRIDING SYSTEM VALUE VALUES (478,240,'[sparrow, true]',false,'');
	INSERT INTO Answer (id,questionId,text,correct,comment) OVERRIDING SYSTEM VALUE VALUES (479,240,'["sparrow", true]',false,'');
INSERT INTO Question (id,realmId,type,text) OVERRIDING SYSTEM VALUE VALUES (241,4,0,'java.util.<em><span style="text-decoration: underline;">ArrayList</span></em><br /><br />boolean <strong>remove</strong>(Object <em>object</em>)<br />E <strong>remove</strong>(int <em>index</em>)<br /><br />методы удаляют элемент по равенству или по индексу. Первый метод возвращает true, если удаление было успешным. По равенству удаляется <span style="text-decoration: underline;">только один</span> элемент (даже если их несколько одинаковых).<br /><br />Индекс должен указываться существующий, иначе исключение!');
INSERT INTO Question (id,realmId,type,text) OVERRIDING SYSTEM VALUE VALUES (242,4,1,'Что будет напечатано после выполнения следующего кода?<br /><br />3: List&lt;String&gt; birds = new ArrayList&lt;&gt;();<br />4: birds.add("hawk");<br />5: birds.add("hawk");<br />6: birds.remove("cardinal");<br />7: birds.remove("hawk");<br />8: System.out.println(birds);');
	INSERT INTO Answer (id,questionId,text,correct,comment) OVERRIDING SYSTEM VALUE VALUES (481,242,'Код не скомпилируется.',false,'');
	INSERT INTO Answer (id,questionId,text,correct,comment) OVERRIDING SYSTEM VALUE VALUES (482,242,'[]',false,'');
	INSERT INTO Answer (id,questionId,text,correct,comment) OVERRIDING SYSTEM VALUE VALUES (483,242,'[hawk]',true,'Удаляется только одно из совпадений.');
	INSERT INTO Answer (id,questionId,text,correct,comment) OVERRIDING SYSTEM VALUE VALUES (484,242,'["hawk"]',false,'');
INSERT INTO Question (id,realmId,type,text) OVERRIDING SYSTEM VALUE VALUES (243,4,0,'java.util.<em><span style="text-decoration: underline;">ArrayList</span></em><br /><br />E <strong>set</strong>(int <em>index</em>, E <em>newElement</em>)<br /><br />устанавливает элемент коллекции на месте выбранного индекса. Использование несуществующего индекса вызывает исключение.');
INSERT INTO Question (id,realmId,type,text) OVERRIDING SYSTEM VALUE VALUES (244,4,0,'java.util.<em><span style="text-decoration: underline;">ArrayList</span></em><br /><br />boolean <strong>isEmpty</strong>()<br />int <strong>size</strong>()<br /><br />информация о состоянии коллекции');
INSERT INTO Question (id,realmId,type,text) OVERRIDING SYSTEM VALUE VALUES (245,4,0,'java.util.<em><span style="text-decoration: underline;">ArrayList</span></em><br /><br />void <strong>clear</strong>()<br /><br />Очистка коллекции.');
INSERT INTO Question (id,realmId,type,text) OVERRIDING SYSTEM VALUE VALUES (246,4,0,'java.util.<em><span style="text-decoration: underline;">ArrayList</span></em><br /><br />boolean <strong>contains</strong>(Object <em>object</em>)<br /><br />Проверяет наличие элемента в массиве. Критерий проверки - метод equals().');
INSERT INTO Question (id,realmId,type,text) OVERRIDING SYSTEM VALUE VALUES (247,4,0,'java.util.<em><span style="text-decoration: underline;">ArrayList</span></em><br /><br />boolean <strong>equals</strong>(Object <em>object</em>)<br /><br />Сравнение двух списков. Сравнение идет по equals элементов с учетом их порядка.');
INSERT INTO Question (id,realmId,type,text) OVERRIDING SYSTEM VALUE VALUES (248,4,2,'Укажите примеры конструкторов для классов обертки.');
	INSERT INTO Answer (id,questionId,text,correct,comment) OVERRIDING SYSTEM VALUE VALUES (485,248,'new Boolean(true)<br />new Byte((byte) 2)<br />new Short((short) 2)<br />new Integer(2)<br />new Long(2)<br />new Float(2.0) / new Float(2) / new Float(''c'')<br />new Double(2.0) / new Double(2) / new Double(''c'')<br />new Character(''c'')',true,'');
INSERT INTO Question (id,realmId,type,text) OVERRIDING SYSTEM VALUE VALUES (249,4,0,'У объектов оберток есть стандартные методы, позволяющие извлечь примитивные значения как есть или приведенные:<br /><strong>intValue</strong>(), <strong>byteValue</strong>(), <strong>doubleValue</strong>() и т.д. (наборы могут отличаться). Однако практической ценности от них немного, т.к. работает автобоксинг. На экзамене такой код может встретиться, но без ловушек.');
INSERT INTO Question (id,realmId,type,text) OVERRIDING SYSTEM VALUE VALUES (250,4,2,'Укажите методы, которые используются обертками для парсинга строк, и особенности их использования.');
	INSERT INTO Answer (id,questionId,text,correct,comment) OVERRIDING SYSTEM VALUE VALUES (487,250,'<p>int primitive = Integer.<strong>parseInt</strong>("123");<br />Integer wrapper = Integer.<strong>valueOf</strong>("123");</p>
<p>float primitive = Float.<strong>parseFloat</strong>("5.67");<br />Float wrapper = Float.<strong>valueOf</strong>("5.67");</p>
<p>boolean primitive = Boolean.<strong>parseBoolean</strong>("false");<br />Boolean wrapper = Boolean.<strong>valueOf</strong>("false");</p>
<p>и.т.д.</p>
<p>Если строка не конвертируется в требуемый числовой тип - будет исключение (NumberFormatException). У Boolean проще - если не конвертируется, то false.</p>
<p>У класса Character нет подобных методов, так как для строки можно воспользоваться <strong>charAt</strong>().</p>',true,'');
INSERT INTO Question (id,realmId,type,text) OVERRIDING SYSTEM VALUE VALUES (251,4,2,'Объясните, что такое <em>autoboxing</em> и приведите примеры использования.');
	INSERT INTO Answer (id,questionId,text,correct,comment) OVERRIDING SYSTEM VALUE VALUES (488,251,'Autoboxing - автоматическое преобразование типов при работе с классами обертки.<br /><br />примеры использования:<br /><br />1) списки:<br /><br />методы <strong>add</strong>() и <strong>remove</strong>() преобразуют примитивы в объекты обертки:<br /><br />List&lt;Double&gt; weights = new ArrayList&lt;&gt;();<br />weights.add(50.5);<br /><br />метод <strong>get</strong>() возвращает примитив:<br /><br />double first = weights.get(0);<br /><br />//TODO. <em><strong>Найти еще примеры и добавить в вопрос!</strong></em>',true,'');
INSERT INTO Question (id,realmId,type,text) OVERRIDING SYSTEM VALUE VALUES (252,4,1,'Что будет напечатано при выполнении следующего кода?<br /><br />List&lt;Integer&gt; numbers = new ArrayList&lt;&gt;();<br />numbers.add(1);<br />numbers.add(2);<br />numbers.remove(1);<br />System.out.println(numbers);');
	INSERT INTO Answer (id,questionId,text,correct,comment) OVERRIDING SYSTEM VALUE VALUES (489,252,'2',false,'');
	INSERT INTO Answer (id,questionId,text,correct,comment) OVERRIDING SYSTEM VALUE VALUES (490,252,'1',true,'Метод с сигнатурой remove(int) уже определен в коллекции и удаляет элемент по заданному индексу. Чтобы вызвать перезагруженный метод remove(E), нужно прокинуть объект обертки: remove(new Integer(1))');
INSERT INTO Question (id,realmId,type,text) OVERRIDING SYSTEM VALUE VALUES (253,4,2,'Приведите пример конвертации списка в массив и отметьте особенности использования.');
	INSERT INTO Answer (id,questionId,text,correct,comment) OVERRIDING SYSTEM VALUE VALUES (491,253,'<p>List&lt;String&gt; list = new ArrayList&lt;&gt;();<br />list.add("hawk");<br />list.add("robin");<br />Object[] objectArray = list.toArray();<br />String[] stringArray = list.toArray(new String[0]);</p>
<p>В последней строке если подаваемый массив имеет достаточный размер, объекты списка будут размещены прямо в нем. В противном случае будет созданный новый массив подходящей размерности. Если подаваемый массив имеет больший размер, чем надо, то в него будут помещены элементы списка, а элемент, следующий за последним из помещенных объектов, станет null (это позволяет определить, где закончилась вставка).</p>',true,'');
INSERT INTO Question (id,realmId,type,text) OVERRIDING SYSTEM VALUE VALUES (254,4,2,'Объясните, как преобразовать массив в список, и укажите особенности использования.');
	INSERT INTO Answer (id,questionId,text,correct,comment) OVERRIDING SYSTEM VALUE VALUES (492,254,'<p>1) Создаем список через конструктор:<br /><br />String dfd [] = {"aaa", "bbb", "ccc"};<br />List&lt;String&gt; lstr = new ArrayList&lt;String&gt;(Arrays.asList(dfd));<br /><br />В этом случае список никак не связан с массивом.<br /><br />2) Создаем связанный (backed) список:<br /><br />String[] array = { "hawk", "robin" };<br />List&lt;String&gt; list = Arrays.asList(array);<br /><br />- этот список меняется синхронно с массивом (а массив - со списком)<br />- в списке <span style="text-decoration: underline;"><strong>можно</strong> </span>менять существующие элементы:<br />&nbsp;&nbsp;&nbsp; list.set(1, "test");<br />- в список <span style="text-decoration: underline;"><strong>нельзя</strong> </span>добавлять или удалять элементы:<br />&nbsp;&nbsp;&nbsp; list.remove(1); // throws UnsupportedOperation Exception<br /><br /></p>',true,'');
INSERT INTO Question (id,realmId,type,text) OVERRIDING SYSTEM VALUE VALUES (255,4,0,'Arrays.<strong>asList</strong>() может принимать в качестве аргумента varargs, это удобно для быстрого создания списков в тестовых целях:<br /><br />List&lt;String&gt; list = Arrays.asList("one", "two");');
INSERT INTO Question (id,realmId,type,text) OVERRIDING SYSTEM VALUE VALUES (256,4,0,'java.util.<em><span style="text-decoration: underline;">Collections</span></em><br /><br />static <strong>sort</strong>(List <em>lst</em>)<br /><br />самый простой пример сортировки');
INSERT INTO Question (id,realmId,type,text) OVERRIDING SYSTEM VALUE VALUES (257,4,2,'Перечислите основные классы пакета java.time.* и опишите их отличия. Создайте экземпляры.');
	INSERT INTO Answer (id,questionId,text,correct,comment) OVERRIDING SYSTEM VALUE VALUES (493,257,'<strong>LocalDate</strong> - только дата<br /><strong>LocalTime</strong> - только время<br /><strong>LocalDateTime</strong> - дата и время<br /><strong>ZonedDateTime</strong> - дата и время с часовым поясом<br /><br />Простое создание экземпляров:<br /><br />System.out.println(LocalDate.now());<br />System.out.println(LocalTime.now());<br />System.out.println(LocalDateTime.now());<br />System.out.println(ZonedDateTime.now());',true,'');
INSERT INTO Question (id,realmId,type,text) OVERRIDING SYSTEM VALUE VALUES (258,4,2,'укажите методы создания Local Date/Time классов, соответствующие произвольные датам и временам.');
	INSERT INTO Answer (id,questionId,text,correct,comment) OVERRIDING SYSTEM VALUE VALUES (494,258,'import java.time.*<br /><br />public static LocalDate <strong>of</strong>(int <em>year</em>, int <em>month</em>, int <em>dayOfMonth</em>)<br />public static LocalDate <strong>of</strong>(int <em>year</em>, Month <em>month</em>, int <em>dayOfMonth</em>)<br /><br />Month - это enum, пакет тот же.<br /><br />public static LocalTime <strong>of</strong>(int <em>hour</em>, int <em>minute</em>)<br />public static LocalTime <strong>of</strong>(int <em>hour</em>, int <em>minute</em>, int <em>second</em>)<br />public static LocalTime <strong>of</strong>(int <em>hour</em>, int <em>minute</em>, int <em>second</em>, int <em>nanos</em>)<br /><br />public static LocalDateTime <strong>of</strong>(int year, int month, int dayOfMonth, int hour, int minute)<br />public static LocalDateTime <strong>of</strong>(int year, int month, int dayOfMonth, int hour, int minute, int second)<br />public static LocalDateTime <strong>of</strong>(int year, int month, int dayOfMonth, int hour, int minute, int second, int nanos)<br />public static LocalDateTime <strong>of</strong>(int year, Month month, int dayOfMonth, int hour, int minute)<br />public static LocalDateTime <strong>of</strong>(int year, Month month, int dayOfMonth, int hour, int minute, int second)<br />public static LocalDateTime <strong>of</strong>(int year, Month month, int dayOfMonth, int hour, int minute, int second, int nanos)<br />public static LocalDateTime <strong>of</strong>(LocalDate date, LocalTime time)',true,'');
INSERT INTO Question (id,realmId,type,text) OVERRIDING SYSTEM VALUE VALUES (259,4,1,'Отметьте фрагменты кода, которые скомпилируются и запустятся без проблем.');
	INSERT INTO Answer (id,questionId,text,correct,comment) OVERRIDING SYSTEM VALUE VALUES (496,259,'LocalDate date = LocalDate.of(2015, Month.JANUARY, 32);',false,'скомпилируется, но упадет в runtime - неверный номер дня');
	INSERT INTO Answer (id,questionId,text,correct,comment) OVERRIDING SYSTEM VALUE VALUES (497,259,'LocalTime time = LocalTime.of(6, 15, 30, 200);',true,'нормальный способ создать экземпляр с миллисекундами');
	INSERT INTO Answer (id,questionId,text,correct,comment) OVERRIDING SYSTEM VALUE VALUES (498,259,'LocalDate date = LocalDate.of(2015, Month.JANUARY, 20);',true,'');
	INSERT INTO Answer (id,questionId,text,correct,comment) OVERRIDING SYSTEM VALUE VALUES (499,259,'LocalDateTime dateTime = LocalDateTime.of(LocalDate.now(), LocalTime.now());',true,'...хотя проще вызвать LocalDateTime.now()');
	INSERT INTO Answer (id,questionId,text,correct,comment) OVERRIDING SYSTEM VALUE VALUES (495,259,'LocalDate&nbsp;date = new LocalDate();',false,'конструкторы классов в java.time приватны.');
INSERT INTO Question (id,realmId,type,text) OVERRIDING SYSTEM VALUE VALUES (260,0,0,'Основной API для работы с java.util.<strong>Calendar</strong>.<br /><br />//текущие дата и время<br />Date d = new Date(); <br /><br />//создание заданной даты<br />Calendar c = Calendar.getInstance();<br />c.set(2015, Calendar.JANUARY, 1);<br />Date jan = c.getTime();<br /><br />или<br /><br />Calendar c = new GregorianCalendar(2015, Calendar.JANUARY, 1);<br />Date jan = c.getTime();<br /><br />или<br /><br />Calendar c = Calendar.getInstance();<br />c.set(2015, 0, 1); //январь<br />Date jan = c.getTime();<br /><br />//сдвиг на один день<br /><br />public Date subtractDay(Date date) {<br />&nbsp;&nbsp;&nbsp; Calendar cal = Calendar.getInstance();<br />&nbsp;&nbsp;&nbsp; cal.setTime(date);<br />&nbsp;&nbsp;&nbsp; cal.add(Calendar.DATE, -1);<br />&nbsp;&nbsp;&nbsp; return cal.getTime();<br />}');
INSERT INTO Question (id,realmId,type,text) OVERRIDING SYSTEM VALUE VALUES (261,4,0,'Классы в java.time - неизменяемые!');
INSERT INTO Question (id,realmId,type,text) OVERRIDING SYSTEM VALUE VALUES (262,4,2,'Укажите методы относительного сдвига в классах даты/времени.');
	INSERT INTO Answer (id,questionId,text,correct,comment) OVERRIDING SYSTEM VALUE VALUES (500,262,'plusYears/minusYears<br />plusMonths/minusMonths<br />plusWeeks/minusWeeks<br />plusDays/minusDays<br />plusHours/minusHours<br />plusMinutes/minusMinutes<br />plusSeconds/minusSeconds<br />plusNanos/minusNanos<br /><br />Все они определены на тех классах, где имеют смысл.',true,'');
INSERT INTO Question (id,realmId,type,text) OVERRIDING SYSTEM VALUE VALUES (263,4,0,'Удобно использовать method chaining при работе с датой/временем:<br /><br />LocalDate date = LocalDate.of(2020, Month.JANUARY, 20);<br />LocalTime time = LocalTime.of(5, 15);<br />LocalDateTime dateTime = LocalDateTime.of(date2, time)<br />&nbsp;&nbsp;&nbsp; .minusDays(1).minusHours(10).minusSeconds(30);');
INSERT INTO Question (id,realmId,type,text) OVERRIDING SYSTEM VALUE VALUES (264,4,2,'Что напечатается после выполнения следующего кода?<br /><br />LocalDate date = LocalDate.of(2020, Month.JANUARY, 20);<br />date.plusDays(10);<br />System.out.println(date);');
	INSERT INTO Answer (id,questionId,text,correct,comment) OVERRIDING SYSTEM VALUE VALUES (501,264,'2020-01-20<br /><br />дата не изменится, так как неизменяемая',true,'');
INSERT INTO Question (id,realmId,type,text) OVERRIDING SYSTEM VALUE VALUES (265,4,0,'java.time.<em><span style="text-decoration: underline;">LocalDate</span></em><br />java.time.<em><span style="text-decoration: underline;">LocalDateTime<br /></span></em><br />boolean <strong>isBefore</strong>(ChronoLocalDate <em>other</em>)<br />boolean <strong>isAfter</strong>(ChronoLocalDate <em>other</em>)<br />');
INSERT INTO Question (id,realmId,type,text) OVERRIDING SYSTEM VALUE VALUES (266,4,0,'java.time.<em><span style="text-decoration: underline;">LocalDate</span></em><br /><br />long <strong>toEpochDay</strong>()<br /><br />прошло дней с 01.01.1970<br /><br />===<br /><br />java.time.<em><span style="text-decoration: underline;">LocalDateTime</span></em><br /><br />long <strong>toEpochSecond</strong>()<br /><br />прошло&nbsp;секунд с 01.01.1970');
INSERT INTO Question (id,realmId,type,text) OVERRIDING SYSTEM VALUE VALUES (267,4,2,'Укажите, как создать и использовать экземпляры класса Period.');
	INSERT INTO Answer (id,questionId,text,correct,comment) OVERRIDING SYSTEM VALUE VALUES (502,267,'<p>Period period = Period.ofMonths(1);<br />Period period = Period.ofYears(1);<br />Period period = Period.ofWeeks(1);<br />Period period = Period.ofDays(1);<br /><br />Period period = Period.of(<em>years</em>, <em>months</em>, <em>days</em>);</p>
<p>LocalDate start = LocalDate.of(2015, Month.JANUARY, 1);<br />start = start.plus(period); // adds the period<br /><br />(с LocalDateTime тоже можно, добавляется объект интерфейса TemporalAmount)</p>',true,'');
INSERT INTO Question (id,realmId,type,text) OVERRIDING SYSTEM VALUE VALUES (268,4,1,'Каким будет результат работы следующего кода?<br /><br />LocalDate date = LocalDate.of(2018, Month.MARCH, 22);<br />Period period = Period.ofYears(1).ofWeeks(1);<br />System.out.println(date.plus(period));');
	INSERT INTO Answer (id,questionId,text,correct,comment) OVERRIDING SYSTEM VALUE VALUES (503,268,'Код не скомпилируется.',false,'Скомпилируется, т.к. мы можем вызывать статичные методы (ofWeeks(1)) с экземпляра.');
	INSERT INTO Answer (id,questionId,text,correct,comment) OVERRIDING SYSTEM VALUE VALUES (504,268,'Код скомпилируется, но выдаст ошибку времени выполнения.',false,'');
	INSERT INTO Answer (id,questionId,text,correct,comment) OVERRIDING SYSTEM VALUE VALUES (505,268,'2019-03-29',false,'Period.ofYears(1).ofWeeks(1) - это то же самое, что<br />Period.ofWeeks(1). Чтобы получился такой ответ, код должен был бы выглядеть так:<br />System.out.println(date.plus(Period.ofYears(1))<br />&nbsp; .plus(Period.ofWeeks(1)));');
	INSERT INTO Answer (id,questionId,text,correct,comment) OVERRIDING SYSTEM VALUE VALUES (506,268,'2018-03-29',true,'');
INSERT INTO Question (id,realmId,type,text) OVERRIDING SYSTEM VALUE VALUES (270,4,0,'<p>class java.time.<em><span style="text-decoration: underline;">Duration</span></em></p>
<p>All Implemented Interfaces:Serializable, Comparable&lt;Duration&gt;, TemporalAmount<br /><br />static Duration <strong>ofDays</strong>(long <em>days</em>)<br />static Duration <strong>ofHours</strong>(long <em>hours</em>)<br />static Duration <strong>ofMillis</strong>(long <em>millis</em>)<br />static Duration <strong>ofMinutes</strong>(long <em>minutes</em>)<br />static Duration <strong>ofNanos</strong>(long <em>nanos</em>)<br />static Duration <strong>ofSeconds</strong>(long <em>seconds</em>)<br />Duration <strong>plus</strong>(Duration <em>duration</em>)</p>');
INSERT INTO Question (id,realmId,type,text) OVERRIDING SYSTEM VALUE VALUES (271,4,0,'К объектам LocalTime нельзя методом plus добавлять&nbsp;временные отрезки класса Period - будет выдано UnsupportedTemporalTypeException. Duration.ofDays(1) можно, а Period.ofDays(1) - нельзя...');
INSERT INTO Question (id,realmId,type,text) OVERRIDING SYSTEM VALUE VALUES (272,4,0,'java.time.<em><span style="text-decoration: underline;">LocalDate</span></em><br /><br />int <strong>getDayOfMonth</strong>()<br />DayOfWeek&nbsp;<strong>getDayOfWeek</strong>()<br />int <strong>getDayOfYear</strong>()<br />Month&nbsp;<strong>getMonth</strong>()<br />int <strong>getMonthValue</strong>() //номер месяца в году<br />int <strong>getYear</strong>()');
INSERT INTO Question (id,realmId,type,text) OVERRIDING SYSTEM VALUE VALUES (273,4,0,'java.time.<em><span style="text-decoration: underline;">LocalTime</span></em><br /><br />int <strong>getHour</strong>()<br />int <strong>getMinute</strong>()<br />int <strong>getNano</strong>()<br />int <strong>getSecond</strong>()');
INSERT INTO Question (id,realmId,type,text) OVERRIDING SYSTEM VALUE VALUES (274,4,0,'java.time.<em><span style="text-decoration: underline;">LocalDateTime</span></em><br /><br />int&nbsp;<strong>getDayOfMonth</strong>()<br />DayOfWeek <strong>getDayOfWeek</strong>()<br />int&nbsp;<strong>getDayOfYear</strong>()<br />int&nbsp;<strong>getHour</strong>()<br />int&nbsp;<strong>getMinute</strong>()<br />Month <strong>getMonth</strong>()<br />int&nbsp;<strong>getMonthValue</strong>()<br />int&nbsp;<strong>getNano</strong>()<br />int&nbsp;<strong>getSecond</strong>()<br />int&nbsp;<strong>getYear</strong>()');
INSERT INTO Question (id,realmId,type,text) OVERRIDING SYSTEM VALUE VALUES (275,4,0,'java.time.format.<em><span style="text-decoration: underline;">DateTimeFormatter</span></em><br /><br />Класс, осуществляющий форматирование даты/времени.<br /><br />Имеет несколько констант с экземплярами, например<br /><br /><strong>ISO_LOCAL_DATE</strong> (''2011-12-13'')<br /><strong>ISO_LOCAL_TIME </strong>(''10:15'' или ''10:15:30'')<strong><br />ISO_LOCAL_DATE_TIME</strong> (''2011-12-13T10:15:30'')<br /><br />используется в форматировании следующим образом:<br /><br />LocalDate date = LocalDate.of(2020, Month.JANUARY, 20);<br />LocalTime time = LocalTime.of(11, 12, 34);<br />LocalDateTime dateTime = LocalDateTime.of(date, time);<br />System.out.println(date.format(DateTimeFormatter.ISO_LOCAL_DATE));<br />System.out.println(time.format(DateTimeFormatter.ISO_LOCAL_TIME));<br />System.out.println(dateTime.format(DateTimeFormatter.ISO_LOCAL_DATE_TIME));');
INSERT INTO Question (id,realmId,type,text) OVERRIDING SYSTEM VALUE VALUES (276,4,0,'java.time.format.<em><span style="text-decoration: underline;">DateTimeFormatter</span></em><br /><br />static <strong>ofLocalizedDate</strong>(FormatStyle s<em>tyle</em>)<br />static <strong>ofLocalizedTime</strong>(FormatStyle s<em>tyle</em>)<br />static <strong>ofLocalizedDateTime</strong>(FormatStyle s<em>tyle</em>)<br /><br />FormatStyle - это enum.<br /><br />Методы возвращают форматтеры, специфичные для локали.<br /><br />если локаль надо задать жестко, то можно вызвать метод <strong>withLocale</strong>(Locale) на результате этих методов.<br /><br />Примеры:<br /><br />DateTimeFormatter shortDate =<br />&nbsp;&nbsp;&nbsp; DateTimeFormatter.ofLocalizedDate(FormatStyle.SHORT);<br />System.out.println(shortDate.format(dateTime)); // 1/20/20<br />System.out.println(shortDate.format(date)); // 1/20/20<br />System.out.println(shortDate.format(time)); // UnsupportedTemporalTypeException');
INSERT INTO Question (id,realmId,type,text) OVERRIDING SYSTEM VALUE VALUES (277,4,0,'<p>На форматтере есть метод <strong>format</strong>, принимающий дату/время.<br />На дате/времени есть метод <strong>format</strong>, принимающий форматтер!<br />Результаты одинаковые.<br /><br />DateTimeFormatter shortDateTime =<br />&nbsp;&nbsp;&nbsp; DateTimeFormatter.ofLocalizedDate(FormatStyle.SHORT);</p>
<p>System.out.println(shortDateTime.format(dateTime));<br />System.out.println(dateTime.format(shortDateTime));</p>');
INSERT INTO Question (id,realmId,type,text) OVERRIDING SYSTEM VALUE VALUES (278,4,1,'Укажите примеры кода, которые выполнятся без ошибок.');
	INSERT INTO Answer (id,questionId,text,correct,comment) OVERRIDING SYSTEM VALUE VALUES (512,278,'<p>LocalDateTime localDateTime = LocalDateTime.now();</p>
<p>DateTimeFormatter f = DateTimeFormatter<br />&nbsp;&nbsp;&nbsp; .ofLocalizedDateTime(FormatStyle.SHORT);</p>
<p>System.out.println(f.format(localDateTime));</p>',true,'Покажет весь объект.');
	INSERT INTO Answer (id,questionId,text,correct,comment) OVERRIDING SYSTEM VALUE VALUES (513,278,'<p>LocalTime localTime = LocalTime.now();</p>
<p>DateTimeFormatter f = DateTimeFormatter<br />&nbsp;&nbsp;&nbsp; .ofLocalizedDateTime(FormatStyle.SHORT);</p>
<p>System.out.println(f.format(localTime));</p>',false,'Runtime Exception');
	INSERT INTO Answer (id,questionId,text,correct,comment) OVERRIDING SYSTEM VALUE VALUES (514,278,'<p>LocalDate localDate = LocalDate.now();</p>
<p>DateTimeFormatter f = DateTimeFormatter<br />&nbsp;&nbsp;&nbsp; .ofLocalizedTime(FormatStyle.SHORT);</p>
<p>System.out.println(f.format(localDate));</p>',false,'Runtime Exception');
	INSERT INTO Answer (id,questionId,text,correct,comment) OVERRIDING SYSTEM VALUE VALUES (515,278,'<p>LocalDateTime localDateTime = LocalDateTime.now();</p>
<p>DateTimeFormatter f = DateTimeFormatter<br />&nbsp;&nbsp;&nbsp; .ofLocalizedTime(FormatStyle.SHORT);</p>
<p>System.out.println(f.format(localDateTime));</p>',true,'Покажет только время.');
	INSERT INTO Answer (id,questionId,text,correct,comment) OVERRIDING SYSTEM VALUE VALUES (516,278,'<p>LocalTime localTime = LocalTime.now();</p>
<p>DateTimeFormatter f = DateTimeFormatter<br />&nbsp;&nbsp;&nbsp; .ofLocalizedTime(FormatStyle.SHORT);</p>
<p>System.out.println(f.format(localTime));</p>',true,'Покажет весь объект.');
	INSERT INTO Answer (id,questionId,text,correct,comment) OVERRIDING SYSTEM VALUE VALUES (508,278,'<p>LocalDate localDate = LocalDate.now();</p>
<p>DateTimeFormatter f = DateTimeFormatter<br />&nbsp;&nbsp;&nbsp; .ofLocalizedDate(FormatStyle.SHORT);</p>
<p>System.out.println(f.format(localDate));</p>',true,'Покажет весь объект.');
	INSERT INTO Answer (id,questionId,text,correct,comment) OVERRIDING SYSTEM VALUE VALUES (509,278,'<p>LocalDateTime localDateTime = LocalDateTime.now();</p>
<p>DateTimeFormatter f = DateTimeFormatter<br />&nbsp;&nbsp;&nbsp; .ofLocalizedDate(FormatStyle.SHORT);</p>
<p>System.out.println(f.format(localDateTime));</p>',true,'Покажет только дату.');
	INSERT INTO Answer (id,questionId,text,correct,comment) OVERRIDING SYSTEM VALUE VALUES (510,278,'<p>LocalTime localTime = LocalTime.now();</p>
<p>DateTimeFormatter f = DateTimeFormatter<br />&nbsp;&nbsp;&nbsp; .ofLocalizedDate(FormatStyle.SHORT);</p>
<p>System.out.println(f.format(localTime));</p>',false,'Runtime Exception');
	INSERT INTO Answer (id,questionId,text,correct,comment) OVERRIDING SYSTEM VALUE VALUES (511,278,'<p>LocalDate localDate = LocalDate.now();</p>
<p>DateTimeFormatter f = DateTimeFormatter<br />&nbsp;&nbsp;&nbsp; .ofLocalizedDateTime(FormatStyle.SHORT);</p>
<p>System.out.println(f.format(localDate));</p>',false,'Runtime Exception');
INSERT INTO Question (id,realmId,type,text) OVERRIDING SYSTEM VALUE VALUES (279,4,0,'java.time.format.<em><span style="text-decoration: underline;">FormatStyle</span></em><br /><br />Две константы, которые могут быть на экзамене:<br /><br /><strong>SHORT </strong>(1/20/20 11:12 AM)<br /><strong>MEDIUM </strong>(Jan 20, 2020 11:12:34 AM)');
INSERT INTO Question (id,realmId,type,text) OVERRIDING SYSTEM VALUE VALUES (280,4,2,'Приведите пример кода, форматирующего дату и время с помощью FormatStyle.');
	INSERT INTO Answer (id,questionId,text,correct,comment) OVERRIDING SYSTEM VALUE VALUES (517,280,'LocalDateTime ldt = LocalDateTime.now();<br />DateTimeFormatter dtf = DateTimeFormatter.ofLocalizedDateTime(FormatStyle.MEDIUM);<br />System.out.println(ldt.format(dtf));',true,'');
INSERT INTO Question (id,realmId,type,text) OVERRIDING SYSTEM VALUE VALUES (281,4,0,'java.time.format.<em><span style="text-decoration: underline;">DateTimeFormatter</span></em><br /><br />static DateTimeFormatter <strong>ofPattern</strong>(String <em>pattern</em>);<br /><br />пользовательский формат вывода даты/времени.<br /><br />Некоторые управляющие символы:<br /><br /><span style="text-decoration: underline;">Месяц</span>:<br /><strong>M</strong>: 1<br /><strong>MM</strong>: 01<br /><strong>MMM</strong>: Jan<br /><strong>MMMM</strong>: January<br /><br /><span style="text-decoration: underline;">День</span>:<br /><strong>d</strong>: 2, 23<br /><strong>dd</strong>: 02, 23<br /><br /><span style="text-decoration: underline;">Год</span>:<br /><strong>y</strong>: 2018<br /><strong>yy</strong>: 18<br /><strong>yyy</strong>: 2018<br /><strong>yyyy</strong>: 2018<br /><br /><span style="text-decoration: underline;">Час</span>:<br /><strong>h</strong>: 1, 10<br /><strong>hh</strong>: 01, 10<br /><br /><span style="text-decoration: underline;">Минута</span>:<br /><strong>m</strong>: 0, 25<br /><strong>mm</strong>: 00, 25<br /><br /><span style="text-decoration: underline;">Секунда</span>:<br /><strong>s</strong>: 3,12<br /><strong>ss</strong>: 03,12<br /><br /><br />DateTimeFormatter f = DateTimeFormatter.ofPattern("MMMM dd, yyyy, hh:mm");<br />System.out.println(dateTime.format(f)); // January 20, 2020, 11:12');
INSERT INTO Question (id,realmId,type,text) OVERRIDING SYSTEM VALUE VALUES (282,4,0,'Пример форматирования прежних дат.<br /><br />Date d = new Date();<br />SimpleDateFormat sdf = new SimpleDateFormat("hh:mm");<br />System.out.println(sdf.format(d));');
INSERT INTO Question (id,realmId,type,text) OVERRIDING SYSTEM VALUE VALUES (283,4,1,'Какая строка нижеследующего кода вызовет runtime exception?<br /><br />4: DateTimeFormatter f = DateTimeFormatter.ofPattern("hh:mm");<br />5: f.format(dateTime);<br />6: f.format(date);<br />7: f.format(time);');
	INSERT INTO Answer (id,questionId,text,correct,comment) OVERRIDING SYSTEM VALUE VALUES (518,283,'4',false,'');
	INSERT INTO Answer (id,questionId,text,correct,comment) OVERRIDING SYSTEM VALUE VALUES (519,283,'5',false,'');
	INSERT INTO Answer (id,questionId,text,correct,comment) OVERRIDING SYSTEM VALUE VALUES (520,283,'6',true,'потому что нельзя вычислить информацию о времени из объекта чистой даты');
	INSERT INTO Answer (id,questionId,text,correct,comment) OVERRIDING SYSTEM VALUE VALUES (521,283,'7',false,'');
INSERT INTO Question (id,realmId,type,text) OVERRIDING SYSTEM VALUE VALUES (284,4,0,'java.time.<em><span style="text-decoration: underline;">LocalDate</span></em><br />java.time.<em><span style="text-decoration: underline;">LocalTime</span></em><br />java.time.<em><span style="text-decoration: underline;">LocalDateTime</span></em><br /><br />static Local... <strong>parse</strong>(String <em>str</em>)<br />static Local... <strong>parse</strong>(String <em>str</em>, DateTimeFormatter <em>dtf</em>)<br /><br />парсинг строк.<br /><br />DateTimeFormatter f = DateTimeFormatter.ofPattern("MM dd yyyy");<br />LocalDate date = LocalDate.parse("01 02 2015", f);<br />LocalTime time = LocalTime.parse("11:22");<br />System.out.println(date); // 2015-01-02<br />System.out.println(time); // 11:22<br /><br />Общий подход такой: если что-то не получается распарсить (не тот формат строки, неверная дата и т.п.), то будет runtime exception.');
INSERT INTO Question (id,realmId,type,text) OVERRIDING SYSTEM VALUE VALUES (285,4,1,'<p>What is output by the following code? (Choose all that apply)</p>
<p>1: public class Fish {<br />2:&nbsp;&nbsp;&nbsp;&nbsp; public static void main(String[] args) {<br />3:&nbsp;&nbsp;&nbsp;&nbsp;&nbsp;&nbsp;&nbsp;&nbsp; int numFish = 4;<br />4:&nbsp;&nbsp;&nbsp;&nbsp;&nbsp;&nbsp;&nbsp;&nbsp; String fishType = "tuna";<br />5:&nbsp;&nbsp;&nbsp;&nbsp;&nbsp;&nbsp;&nbsp;&nbsp; String anotherFish = numFish + 1;<br />6:&nbsp;&nbsp;&nbsp;&nbsp;&nbsp;&nbsp;&nbsp;&nbsp; System.out.println(anotherFish + " " + fishType);<br />7:&nbsp;&nbsp;&nbsp;&nbsp;&nbsp;&nbsp;&nbsp;&nbsp; System.out.println(numFish + " " + 1);<br />8: } }</p>');
	INSERT INTO Answer (id,questionId,text,correct,comment) OVERRIDING SYSTEM VALUE VALUES (528,285,'The code does not compile.',true,'в строке 5 int присваивается строке');
	INSERT INTO Answer (id,questionId,text,correct,comment) OVERRIDING SYSTEM VALUE VALUES (522,285,'4 1',false,'');
	INSERT INTO Answer (id,questionId,text,correct,comment) OVERRIDING SYSTEM VALUE VALUES (523,285,'41',false,'');
	INSERT INTO Answer (id,questionId,text,correct,comment) OVERRIDING SYSTEM VALUE VALUES (524,285,'5',false,'');
	INSERT INTO Answer (id,questionId,text,correct,comment) OVERRIDING SYSTEM VALUE VALUES (525,285,'5 tuna',false,'');
	INSERT INTO Answer (id,questionId,text,correct,comment) OVERRIDING SYSTEM VALUE VALUES (526,285,'5tuna',false,'');
	INSERT INTO Answer (id,questionId,text,correct,comment) OVERRIDING SYSTEM VALUE VALUES (527,285,'51tuna',false,'');
INSERT INTO Question (id,realmId,type,text) OVERRIDING SYSTEM VALUE VALUES (286,4,0,'Если при присваивании&nbsp; целочисленным типам значение может быть вычислено на этапе компиляции (арифметическое выражение с литералами, не результат вызова метода!)&nbsp;и входит в диапазон соответствующего типа, кастинг не требуется:<br /><br />byte b;<br />b = 10*5; //нормально<br />b = 100*5; //ошибка компиляции');
INSERT INTO Question (id,realmId,type,text) OVERRIDING SYSTEM VALUE VALUES (287,4,1,'<p>Which of the following are output by this code? (Choose all that apply)</p>
<p>3: String s = "Hello";<br />4: String t = new String(s);<br />5: if ("Hello".equals(s)) System.out.println("one");<br />6: if (t == s) System.out.println("two");<br />7: if (t.equals(s)) System.out.println("three");<br />8: if ("Hello" == s) System.out.println("four");<br />9: if ("Hello" == t) System.out.println("five");</p>');
	INSERT INTO Answer (id,questionId,text,correct,comment) OVERRIDING SYSTEM VALUE VALUES (529,287,'one',true,'');
	INSERT INTO Answer (id,questionId,text,correct,comment) OVERRIDING SYSTEM VALUE VALUES (530,287,'two',false,'');
	INSERT INTO Answer (id,questionId,text,correct,comment) OVERRIDING SYSTEM VALUE VALUES (531,287,'three',true,'');
	INSERT INTO Answer (id,questionId,text,correct,comment) OVERRIDING SYSTEM VALUE VALUES (532,287,'four',true,'строковый объект из пула сравнивается сам с собой');
	INSERT INTO Answer (id,questionId,text,correct,comment) OVERRIDING SYSTEM VALUE VALUES (533,287,'five',false,'');
	INSERT INTO Answer (id,questionId,text,correct,comment) OVERRIDING SYSTEM VALUE VALUES (534,287,'The code does not compile.',false,'');
INSERT INTO Question (id,realmId,type,text) OVERRIDING SYSTEM VALUE VALUES (288,4,1,'Which are true statements? (Choose all that apply)');
	INSERT INTO Answer (id,questionId,text,correct,comment) OVERRIDING SYSTEM VALUE VALUES (535,288,'An immutable object can be modified.',false,'');
	INSERT INTO Answer (id,questionId,text,correct,comment) OVERRIDING SYSTEM VALUE VALUES (536,288,'An immutable object cannot be modified.',true,'');
	INSERT INTO Answer (id,questionId,text,correct,comment) OVERRIDING SYSTEM VALUE VALUES (537,288,'An immutable object can be garbage collected.',true,'');
	INSERT INTO Answer (id,questionId,text,correct,comment) OVERRIDING SYSTEM VALUE VALUES (538,288,'An immutable object cannot be garbage collected.',false,'');
	INSERT INTO Answer (id,questionId,text,correct,comment) OVERRIDING SYSTEM VALUE VALUES (539,288,'String is immutable.',true,'');
	INSERT INTO Answer (id,questionId,text,correct,comment) OVERRIDING SYSTEM VALUE VALUES (540,288,'StringBuffer is immutable.',false,'');
	INSERT INTO Answer (id,questionId,text,correct,comment) OVERRIDING SYSTEM VALUE VALUES (541,288,'StringBuilder is immutable.',false,'');
INSERT INTO Question (id,realmId,type,text) OVERRIDING SYSTEM VALUE VALUES (289,4,1,'<p>What is the result of the following code?</p>
<p>7: StringBuilder sb = new StringBuilder();<br />8: sb.append("aaa").insert(1, "bb").insert(4, "ccc");<br />9: System.out.println(sb);</p>');
	INSERT INTO Answer (id,questionId,text,correct,comment) OVERRIDING SYSTEM VALUE VALUES (544,289,'bbaaaccc',false,'');
	INSERT INTO Answer (id,questionId,text,correct,comment) OVERRIDING SYSTEM VALUE VALUES (545,289,'bbaaccca',false,'');
	INSERT INTO Answer (id,questionId,text,correct,comment) OVERRIDING SYSTEM VALUE VALUES (546,289,'An exception is thrown.',false,'');
	INSERT INTO Answer (id,questionId,text,correct,comment) OVERRIDING SYSTEM VALUE VALUES (547,289,'The code does not compile.',false,'');
	INSERT INTO Answer (id,questionId,text,correct,comment) OVERRIDING SYSTEM VALUE VALUES (542,289,'abbaaccc',false,'');
	INSERT INTO Answer (id,questionId,text,correct,comment) OVERRIDING SYSTEM VALUE VALUES (543,289,'abbaccca',true,'');
INSERT INTO Question (id,realmId,type,text) OVERRIDING SYSTEM VALUE VALUES (290,4,1,'<p>What is the result of the following code?</p>
<p>2: String s1 = "java";<br />3: StringBuilder s2 = new StringBuilder("java");<br />4: if (s1 == s2)<br />5:&nbsp;&nbsp;&nbsp;&nbsp; System.out.print("1");<br />6: if (s1.equals(s2))<br />7:&nbsp;&nbsp;&nbsp;&nbsp; System.out.print("2");</p>');
	INSERT INTO Answer (id,questionId,text,correct,comment) OVERRIDING SYSTEM VALUE VALUES (548,290,'1',false,'');
	INSERT INTO Answer (id,questionId,text,correct,comment) OVERRIDING SYSTEM VALUE VALUES (549,290,'2',false,'');
	INSERT INTO Answer (id,questionId,text,correct,comment) OVERRIDING SYSTEM VALUE VALUES (550,290,'12',false,'');
	INSERT INTO Answer (id,questionId,text,correct,comment) OVERRIDING SYSTEM VALUE VALUES (551,290,'No output is printed.',false,'');
	INSERT INTO Answer (id,questionId,text,correct,comment) OVERRIDING SYSTEM VALUE VALUES (552,290,'An exception is thrown.',false,'');
	INSERT INTO Answer (id,questionId,text,correct,comment) OVERRIDING SYSTEM VALUE VALUES (553,290,'The code does not compile.',true,'нельзя сравнивать по ссылке объекты разных иерархий');
INSERT INTO Question (id,realmId,type,text) OVERRIDING SYSTEM VALUE VALUES (291,4,1,'<p>What is the result of the following code?</p>
<p>public class Lion {<br />&nbsp;&nbsp;&nbsp; public void roar(String roar1, StringBuilder roar2) {<br />&nbsp;&nbsp;&nbsp;&nbsp;&nbsp;&nbsp;&nbsp; roar1.concat("!!!");<br />&nbsp;&nbsp;&nbsp;&nbsp;&nbsp;&nbsp;&nbsp; roar2.append("!!!");<br />&nbsp;&nbsp;&nbsp; }<br />&nbsp;&nbsp;&nbsp; public static void main(String[] args) {<br />&nbsp;&nbsp;&nbsp;&nbsp;&nbsp;&nbsp;&nbsp; String roar1 = "roar";<br />&nbsp;&nbsp;&nbsp;&nbsp;&nbsp;&nbsp;&nbsp; StringBuilder roar2 = new StringBuilder("roar");<br />&nbsp;&nbsp;&nbsp;&nbsp;&nbsp;&nbsp;&nbsp; new Lion().roar(roar1, roar2);<br />&nbsp;&nbsp;&nbsp;&nbsp;&nbsp;&nbsp;&nbsp; System.out.println(roar1 + " " + roar2);<br />} }</p>');
	INSERT INTO Answer (id,questionId,text,correct,comment) OVERRIDING SYSTEM VALUE VALUES (554,291,'roar roar',false,'');
	INSERT INTO Answer (id,questionId,text,correct,comment) OVERRIDING SYSTEM VALUE VALUES (555,291,'roar roar!!!',true,'');
	INSERT INTO Answer (id,questionId,text,correct,comment) OVERRIDING SYSTEM VALUE VALUES (556,291,'roar!!! roar',false,'');
	INSERT INTO Answer (id,questionId,text,correct,comment) OVERRIDING SYSTEM VALUE VALUES (557,291,'roar!!! roar!!!',false,'');
	INSERT INTO Answer (id,questionId,text,correct,comment) OVERRIDING SYSTEM VALUE VALUES (558,291,'An exception is thrown.',false,'');
	INSERT INTO Answer (id,questionId,text,correct,comment) OVERRIDING SYSTEM VALUE VALUES (559,291,'The code does not compile.',false,'');
INSERT INTO Question (id,realmId,type,text) OVERRIDING SYSTEM VALUE VALUES (292,4,1,'<p>Which are the results of the following code? (Choose all that apply)</p>
<p>String letters = "abcdef";<br />System.out.println(letters.length());<br />System.out.println(letters.charAt(3));<br />System.out.println(letters.charAt(6));</p>');
	INSERT INTO Answer (id,questionId,text,correct,comment) OVERRIDING SYSTEM VALUE VALUES (560,292,'5',false,'');
	INSERT INTO Answer (id,questionId,text,correct,comment) OVERRIDING SYSTEM VALUE VALUES (561,292,'6',true,'');
	INSERT INTO Answer (id,questionId,text,correct,comment) OVERRIDING SYSTEM VALUE VALUES (562,292,'с',false,'');
	INSERT INTO Answer (id,questionId,text,correct,comment) OVERRIDING SYSTEM VALUE VALUES (563,292,'d',true,'');
	INSERT INTO Answer (id,questionId,text,correct,comment) OVERRIDING SYSTEM VALUE VALUES (564,292,'An exception is thrown.',true,'');
	INSERT INTO Answer (id,questionId,text,correct,comment) OVERRIDING SYSTEM VALUE VALUES (565,292,'The code does not compile.',false,'');
INSERT INTO Question (id,realmId,type,text) OVERRIDING SYSTEM VALUE VALUES (293,4,1,'Which are the results of the following code? (Choose all that apply)<br /><br />String numbers = "012345678";<br />System.out.println(numbers.substring(1, 3));<br />System.out.println(numbers.substring(7, 7));<br />System.out.println(numbers.substring(7));');
	INSERT INTO Answer (id,questionId,text,correct,comment) OVERRIDING SYSTEM VALUE VALUES (566,293,'12',true,'');
	INSERT INTO Answer (id,questionId,text,correct,comment) OVERRIDING SYSTEM VALUE VALUES (567,293,'123',false,'');
	INSERT INTO Answer (id,questionId,text,correct,comment) OVERRIDING SYSTEM VALUE VALUES (568,293,'7',false,'');
	INSERT INTO Answer (id,questionId,text,correct,comment) OVERRIDING SYSTEM VALUE VALUES (569,293,'78',true,'Метод substring() может принимать на вход один аргумент, в этом случае подстрока берется с указанного индекса и до конца строки.');
	INSERT INTO Answer (id,questionId,text,correct,comment) OVERRIDING SYSTEM VALUE VALUES (570,293,'A blank line.',true,'');
	INSERT INTO Answer (id,questionId,text,correct,comment) OVERRIDING SYSTEM VALUE VALUES (571,293,'An exception is thrown.',false,'');
	INSERT INTO Answer (id,questionId,text,correct,comment) OVERRIDING SYSTEM VALUE VALUES (572,293,'The code does not compile.',false,'');
INSERT INTO Question (id,realmId,type,text) OVERRIDING SYSTEM VALUE VALUES (294,4,1,'<p>What is the result of the following code?</p>
<p>3: String s = "purr";<br />4: s.toUpperCase();<br />5: s.trim();<br />6: s.substring(1, 3);<br />7: s += " two";<br />8: System.out.println(s.length());</p>');
	INSERT INTO Answer (id,questionId,text,correct,comment) OVERRIDING SYSTEM VALUE VALUES (576,294,'10',false,'');
	INSERT INTO Answer (id,questionId,text,correct,comment) OVERRIDING SYSTEM VALUE VALUES (577,294,'An exception is thrown.',false,'');
	INSERT INTO Answer (id,questionId,text,correct,comment) OVERRIDING SYSTEM VALUE VALUES (578,294,'The code does not compile.',false,'');
	INSERT INTO Answer (id,questionId,text,correct,comment) OVERRIDING SYSTEM VALUE VALUES (573,294,'2',false,'');
	INSERT INTO Answer (id,questionId,text,correct,comment) OVERRIDING SYSTEM VALUE VALUES (574,294,'4',false,'');
	INSERT INTO Answer (id,questionId,text,correct,comment) OVERRIDING SYSTEM VALUE VALUES (575,294,'8',true,'');
INSERT INTO Question (id,realmId,type,text) OVERRIDING SYSTEM VALUE VALUES (295,4,1,'<p>What is the result of the following code? (Choose all that apply)</p>
<p>13: String a = "";<br />14: a += 2;<br />15: a += ''c'';<br />16: a += false;<br />17: if ( a == "2cfalse") System.out.println("==");<br />18: if ( a.equals("2cfalse")) System.out.println("equals");</p>');
	INSERT INTO Answer (id,questionId,text,correct,comment) OVERRIDING SYSTEM VALUE VALUES (579,295,'Compile error on line 14.',false,'');
	INSERT INTO Answer (id,questionId,text,correct,comment) OVERRIDING SYSTEM VALUE VALUES (580,295,'Compile error on line 15.',false,'');
	INSERT INTO Answer (id,questionId,text,correct,comment) OVERRIDING SYSTEM VALUE VALUES (581,295,'Compile error on line 16.',false,'');
	INSERT INTO Answer (id,questionId,text,correct,comment) OVERRIDING SYSTEM VALUE VALUES (582,295,'Compile error on another line.',false,'');
	INSERT INTO Answer (id,questionId,text,correct,comment) OVERRIDING SYSTEM VALUE VALUES (583,295,'==',false,'');
	INSERT INTO Answer (id,questionId,text,correct,comment) OVERRIDING SYSTEM VALUE VALUES (584,295,'equals',true,'');
	INSERT INTO Answer (id,questionId,text,correct,comment) OVERRIDING SYSTEM VALUE VALUES (585,295,'An exception is thrown.',false,'');
INSERT INTO Question (id,realmId,type,text) OVERRIDING SYSTEM VALUE VALUES (296,4,1,'<p>What is the result of the following code?</p>
<p>4: int total = 0;<br />5: StringBuilder letters = new StringBuilder("abcdefg");<br />6: total += letters.substring(1, 2).length();<br />7: total += letters.substring(6, 6).length();<br />8: total += letters.substring(6, 5).length();<br />9: System.out.println(total);</p>');
	INSERT INTO Answer (id,questionId,text,correct,comment) OVERRIDING SYSTEM VALUE VALUES (586,296,'1',false,'');
	INSERT INTO Answer (id,questionId,text,correct,comment) OVERRIDING SYSTEM VALUE VALUES (587,296,'2',false,'');
	INSERT INTO Answer (id,questionId,text,correct,comment) OVERRIDING SYSTEM VALUE VALUES (588,296,'3',false,'');
	INSERT INTO Answer (id,questionId,text,correct,comment) OVERRIDING SYSTEM VALUE VALUES (589,296,'7',false,'');
	INSERT INTO Answer (id,questionId,text,correct,comment) OVERRIDING SYSTEM VALUE VALUES (590,296,'An exception is thrown.',true,'');
	INSERT INTO Answer (id,questionId,text,correct,comment) OVERRIDING SYSTEM VALUE VALUES (591,296,'The code does not compile.',false,'');
INSERT INTO Question (id,realmId,type,text) OVERRIDING SYSTEM VALUE VALUES (297,4,1,'<p>What is the result of the following code? (Choose all that apply)</p>
<p>StringBuilder numbers = new StringBuilder("0123456789");<br />numbers.delete(2, 8);<br />numbers.append("-").insert(2, "+");<br />System.out.println(numbers);</p>');
	INSERT INTO Answer (id,questionId,text,correct,comment) OVERRIDING SYSTEM VALUE VALUES (592,297,'01+89&ndash;',true,'');
	INSERT INTO Answer (id,questionId,text,correct,comment) OVERRIDING SYSTEM VALUE VALUES (593,297,'012+9&ndash;',false,'');
	INSERT INTO Answer (id,questionId,text,correct,comment) OVERRIDING SYSTEM VALUE VALUES (594,297,'012+&ndash;9',false,'');
	INSERT INTO Answer (id,questionId,text,correct,comment) OVERRIDING SYSTEM VALUE VALUES (595,297,'0123456789',false,'');
	INSERT INTO Answer (id,questionId,text,correct,comment) OVERRIDING SYSTEM VALUE VALUES (596,297,'An exception is thrown.',false,'');
	INSERT INTO Answer (id,questionId,text,correct,comment) OVERRIDING SYSTEM VALUE VALUES (597,297,'The code does not compile.',false,'');
INSERT INTO Question (id,realmId,type,text) OVERRIDING SYSTEM VALUE VALUES (298,4,1,'What is the result of the following code?<br /><br />StringBuilder b = "rumble";<br />b.append(4).deleteCharAt(3).delete(3, b.length() - 1);<br />System.out.println(b);');
	INSERT INTO Answer (id,questionId,text,correct,comment) OVERRIDING SYSTEM VALUE VALUES (598,298,'rum',false,'');
	INSERT INTO Answer (id,questionId,text,correct,comment) OVERRIDING SYSTEM VALUE VALUES (599,298,'rum4',false,'');
	INSERT INTO Answer (id,questionId,text,correct,comment) OVERRIDING SYSTEM VALUE VALUES (600,298,'rumb4',false,'');
	INSERT INTO Answer (id,questionId,text,correct,comment) OVERRIDING SYSTEM VALUE VALUES (601,298,'rumble4',false,'');
	INSERT INTO Answer (id,questionId,text,correct,comment) OVERRIDING SYSTEM VALUE VALUES (602,298,'An exception is thrown.',false,'');
	INSERT INTO Answer (id,questionId,text,correct,comment) OVERRIDING SYSTEM VALUE VALUES (603,298,'The code does not compile.',true,'');
INSERT INTO Question (id,realmId,type,text) OVERRIDING SYSTEM VALUE VALUES (299,4,1,'<p>Which of the following can replace line 4 to print "avaJ"? (Choose all that apply)</p>
<p>3: StringBuilder puzzle = new StringBuilder("Java");<br />4: // INSERT CODE HERE<br />5: System.out.println(puzzle);</p>');
	INSERT INTO Answer (id,questionId,text,correct,comment) OVERRIDING SYSTEM VALUE VALUES (608,299,'None of the above.',false,'');
	INSERT INTO Answer (id,questionId,text,correct,comment) OVERRIDING SYSTEM VALUE VALUES (604,299,'puzzle.reverse();',true,'');
	INSERT INTO Answer (id,questionId,text,correct,comment) OVERRIDING SYSTEM VALUE VALUES (605,299,'puzzle.reverse().append("vaJ$").substring(0, 4);',false,'substring не меняет объект StringBuilder, так что puzzle останется avaJvaJ$');
	INSERT INTO Answer (id,questionId,text,correct,comment) OVERRIDING SYSTEM VALUE VALUES (606,299,'puzzle.append("vaJ$").delete(0, 3).deleteCharAt(puzzle.length() - 1);',true,'');
	INSERT INTO Answer (id,questionId,text,correct,comment) OVERRIDING SYSTEM VALUE VALUES (607,299,'puzzle.append("vaJ$").delete(0, 3).deleteCharAt(puzzle.length());',false,'');
INSERT INTO Question (id,realmId,type,text) OVERRIDING SYSTEM VALUE VALUES (300,4,1,'Which of these array declarations is not legal? (Choose all that apply)');
	INSERT INTO Answer (id,questionId,text,correct,comment) OVERRIDING SYSTEM VALUE VALUES (609,300,'int[][] scores = new int[5][];',false,'можно опускать размерность последующих уровней, но первый уровень мнгогоуровневого массива долже быть задан');
	INSERT INTO Answer (id,questionId,text,correct,comment) OVERRIDING SYSTEM VALUE VALUES (610,300,'Object[][][] cubbies = new Object[3][0][5];',false,'');
	INSERT INTO Answer (id,questionId,text,correct,comment) OVERRIDING SYSTEM VALUE VALUES (611,300,'String beans[] = new beans[6];',true,'');
	INSERT INTO Answer (id,questionId,text,correct,comment) OVERRIDING SYSTEM VALUE VALUES (612,300,'java.util.Date[] dates[] = new java.util.Date[2][];',false,'');
	INSERT INTO Answer (id,questionId,text,correct,comment) OVERRIDING SYSTEM VALUE VALUES (613,300,'int[][] types = new int[];',true,'');
	INSERT INTO Answer (id,questionId,text,correct,comment) OVERRIDING SYSTEM VALUE VALUES (614,300,'int[][] java = new int[][];',true,'');
INSERT INTO Question (id,realmId,type,text) OVERRIDING SYSTEM VALUE VALUES (301,4,1,'<p>Which of these compile when replacing line 8? (Choose all that apply)</p>
<p>7: char[]c = new char[2];<br />8: // INSERT CODE HERE</p>');
	INSERT INTO Answer (id,questionId,text,correct,comment) OVERRIDING SYSTEM VALUE VALUES (615,301,'int length = c.capacity;',false,'');
	INSERT INTO Answer (id,questionId,text,correct,comment) OVERRIDING SYSTEM VALUE VALUES (616,301,'int length = c.capacity();',false,'');
	INSERT INTO Answer (id,questionId,text,correct,comment) OVERRIDING SYSTEM VALUE VALUES (617,301,'int length = c.length;',true,'');
	INSERT INTO Answer (id,questionId,text,correct,comment) OVERRIDING SYSTEM VALUE VALUES (618,301,'int length = c.length();',false,'');
	INSERT INTO Answer (id,questionId,text,correct,comment) OVERRIDING SYSTEM VALUE VALUES (619,301,'int length = c.size;',false,'');
	INSERT INTO Answer (id,questionId,text,correct,comment) OVERRIDING SYSTEM VALUE VALUES (620,301,'int length = c.size();',false,'');
	INSERT INTO Answer (id,questionId,text,correct,comment) OVERRIDING SYSTEM VALUE VALUES (621,301,'None of the above.',false,'');
INSERT INTO Question (id,realmId,type,text) OVERRIDING SYSTEM VALUE VALUES (302,4,1,'<p>17. Which of these compile when replacing line 8? (Choose all that apply)</p>
<p>7: ArrayList l = new ArrayList();<br />8: // INSERT CODE HERE</p>');
	INSERT INTO Answer (id,questionId,text,correct,comment) OVERRIDING SYSTEM VALUE VALUES (624,302,'int length = l.length;',false,'');
	INSERT INTO Answer (id,questionId,text,correct,comment) OVERRIDING SYSTEM VALUE VALUES (625,302,'int length = l.length();',false,'');
	INSERT INTO Answer (id,questionId,text,correct,comment) OVERRIDING SYSTEM VALUE VALUES (626,302,'int length = l.size;',false,'');
	INSERT INTO Answer (id,questionId,text,correct,comment) OVERRIDING SYSTEM VALUE VALUES (627,302,'int length = l.size();',true,'');
	INSERT INTO Answer (id,questionId,text,correct,comment) OVERRIDING SYSTEM VALUE VALUES (628,302,'None of the above.',false,'');
	INSERT INTO Answer (id,questionId,text,correct,comment) OVERRIDING SYSTEM VALUE VALUES (622,302,'int length = l.capacity;',false,'');
	INSERT INTO Answer (id,questionId,text,correct,comment) OVERRIDING SYSTEM VALUE VALUES (623,302,'int length = l.capacity();',false,'');
INSERT INTO Question (id,realmId,type,text) OVERRIDING SYSTEM VALUE VALUES (303,4,1,'Which of the following are true? (Choose all that apply)');
	INSERT INTO Answer (id,questionId,text,correct,comment) OVERRIDING SYSTEM VALUE VALUES (629,303,'An array has a fixed size.',true,'');
	INSERT INTO Answer (id,questionId,text,correct,comment) OVERRIDING SYSTEM VALUE VALUES (630,303,'An ArrayList has a fixed size.',false,'');
	INSERT INTO Answer (id,questionId,text,correct,comment) OVERRIDING SYSTEM VALUE VALUES (631,303,'An array allows multiple dimensions.',true,'');
	INSERT INTO Answer (id,questionId,text,correct,comment) OVERRIDING SYSTEM VALUE VALUES (632,303,'An array is ordered.',true,'');
	INSERT INTO Answer (id,questionId,text,correct,comment) OVERRIDING SYSTEM VALUE VALUES (633,303,'An ArrayList is ordered.',true,'');
	INSERT INTO Answer (id,questionId,text,correct,comment) OVERRIDING SYSTEM VALUE VALUES (634,303,'An array is immutable.',false,'');
	INSERT INTO Answer (id,questionId,text,correct,comment) OVERRIDING SYSTEM VALUE VALUES (635,303,'An ArrayList is immutable.',false,'');
INSERT INTO Question (id,realmId,type,text) OVERRIDING SYSTEM VALUE VALUES (304,4,1,'Which of the following are true? (Choose all that apply)');
	INSERT INTO Answer (id,questionId,text,correct,comment) OVERRIDING SYSTEM VALUE VALUES (640,304,'None of the above.',false,'');
	INSERT INTO Answer (id,questionId,text,correct,comment) OVERRIDING SYSTEM VALUE VALUES (636,304,'Two arrays with the same content (incl. order)&nbsp;are equal.',false,'массивы не переопределяют equals(), так что равенство будет только по идентичности объекта');
	INSERT INTO Answer (id,questionId,text,correct,comment) OVERRIDING SYSTEM VALUE VALUES (637,304,'Two ArrayLists with the same content (incl. order) are equal.',true,'Списки переопределяют equals и смотрят на содержимое.');
	INSERT INTO Answer (id,questionId,text,correct,comment) OVERRIDING SYSTEM VALUE VALUES (638,304,'If you call remove(0) using an empty ArrayList object, it will compile successfully.',true,'');
	INSERT INTO Answer (id,questionId,text,correct,comment) OVERRIDING SYSTEM VALUE VALUES (639,304,'If you call remove(0) using an empty ArrayList object, it will run successfully.',false,'');
INSERT INTO Question (id,realmId,type,text) OVERRIDING SYSTEM VALUE VALUES (305,4,1,'<p>What is the result of the following statements?</p>
<p>6: List&lt;String&gt; list = new ArrayList&lt;String&gt;();<br />7: list.add("one");<br />8: list.add("two");<br />9: list.add(7);<br />10: for(String s : list) System.out.print(s);</p>');
	INSERT INTO Answer (id,questionId,text,correct,comment) OVERRIDING SYSTEM VALUE VALUES (641,305,'onetwo',false,'');
	INSERT INTO Answer (id,questionId,text,correct,comment) OVERRIDING SYSTEM VALUE VALUES (642,305,'onetwo7',false,'');
	INSERT INTO Answer (id,questionId,text,correct,comment) OVERRIDING SYSTEM VALUE VALUES (643,305,'onetwo followed by an exception',false,'');
	INSERT INTO Answer (id,questionId,text,correct,comment) OVERRIDING SYSTEM VALUE VALUES (644,305,'Compiler error on line 9.',true,'');
	INSERT INTO Answer (id,questionId,text,correct,comment) OVERRIDING SYSTEM VALUE VALUES (645,305,'Compiler error on line 10.',false,'');
INSERT INTO Question (id,realmId,type,text) OVERRIDING SYSTEM VALUE VALUES (306,4,1,'<p>What is the result of the following statements?</p>
<p>3: ArrayList&lt;Integer&gt; values = new ArrayList&lt;&gt;();<br />4: values.add(4);<br />5: values.add(5);<br />6: values.set(1, 6);<br />7: values.remove(0);<br />8: for (Integer v : values) System.out.print(v);</p>');
	INSERT INTO Answer (id,questionId,text,correct,comment) OVERRIDING SYSTEM VALUE VALUES (646,306,'4',false,'');
	INSERT INTO Answer (id,questionId,text,correct,comment) OVERRIDING SYSTEM VALUE VALUES (647,306,'5',false,'');
	INSERT INTO Answer (id,questionId,text,correct,comment) OVERRIDING SYSTEM VALUE VALUES (648,306,'6',true,'');
	INSERT INTO Answer (id,questionId,text,correct,comment) OVERRIDING SYSTEM VALUE VALUES (649,306,'46',false,'');
	INSERT INTO Answer (id,questionId,text,correct,comment) OVERRIDING SYSTEM VALUE VALUES (650,306,'45',false,'');
	INSERT INTO Answer (id,questionId,text,correct,comment) OVERRIDING SYSTEM VALUE VALUES (651,306,'An exception is thrown.',false,'');
	INSERT INTO Answer (id,questionId,text,correct,comment) OVERRIDING SYSTEM VALUE VALUES (652,306,'The code does not compile.',false,'');
INSERT INTO Question (id,realmId,type,text) OVERRIDING SYSTEM VALUE VALUES (307,4,1,'<p>What is the result of the following?</p>
<p>int[] random = { 6, -4, 12, 0, -10 };<br />int x = 12;<br />int y = Arrays.binarySearch(random, x);<br />System.out.println(y);</p>');
	INSERT INTO Answer (id,questionId,text,correct,comment) OVERRIDING SYSTEM VALUE VALUES (656,307,'The result is undefined.',true,'');
	INSERT INTO Answer (id,questionId,text,correct,comment) OVERRIDING SYSTEM VALUE VALUES (657,307,'An exception is thrown.',false,'');
	INSERT INTO Answer (id,questionId,text,correct,comment) OVERRIDING SYSTEM VALUE VALUES (658,307,'The code does not compile.',false,'');
	INSERT INTO Answer (id,questionId,text,correct,comment) OVERRIDING SYSTEM VALUE VALUES (653,307,'2',false,'');
	INSERT INTO Answer (id,questionId,text,correct,comment) OVERRIDING SYSTEM VALUE VALUES (654,307,'4',false,'');
	INSERT INTO Answer (id,questionId,text,correct,comment) OVERRIDING SYSTEM VALUE VALUES (655,307,'6',false,'');
INSERT INTO Question (id,realmId,type,text) OVERRIDING SYSTEM VALUE VALUES (308,4,1,'<p>What is the result of the following?</p>
<p>4: List&lt;Integer&gt; list = Arrays.asList(10, 4, -1, 5);<br />5: Collections.sort(list);<br />6: Integer array[] = list.toArray(new Integer[4]);<br />7: System.out.println(array[0]);<br /><br /></p>');
	INSERT INTO Answer (id,questionId,text,correct,comment) OVERRIDING SYSTEM VALUE VALUES (659,308,'-1',true,'');
	INSERT INTO Answer (id,questionId,text,correct,comment) OVERRIDING SYSTEM VALUE VALUES (660,308,'10',false,'');
	INSERT INTO Answer (id,questionId,text,correct,comment) OVERRIDING SYSTEM VALUE VALUES (661,308,'Compiler error on line 4.',false,'');
	INSERT INTO Answer (id,questionId,text,correct,comment) OVERRIDING SYSTEM VALUE VALUES (662,308,'Compiler error on line 5.',false,'');
	INSERT INTO Answer (id,questionId,text,correct,comment) OVERRIDING SYSTEM VALUE VALUES (663,308,'Compiler error on line 6.',false,'');
	INSERT INTO Answer (id,questionId,text,correct,comment) OVERRIDING SYSTEM VALUE VALUES (664,308,'An exception is thrown.',false,'');
INSERT INTO Question (id,realmId,type,text) OVERRIDING SYSTEM VALUE VALUES (309,4,1,'<p>What is the result of the following?</p>
<p>6: String [] names = {"Tom", "Dick", "Harry"};<br />7: List&lt;String&gt; list = names.asList();<br />8: list.set(0, "Sue");<br />9: System.out.println(names[0]);</p>');
	INSERT INTO Answer (id,questionId,text,correct,comment) OVERRIDING SYSTEM VALUE VALUES (665,309,'Sue',false,'');
	INSERT INTO Answer (id,questionId,text,correct,comment) OVERRIDING SYSTEM VALUE VALUES (666,309,'Tom',false,'');
	INSERT INTO Answer (id,questionId,text,correct,comment) OVERRIDING SYSTEM VALUE VALUES (667,309,'Compiler error on line 7.',true,'нет метода asList() у объекта массива');
	INSERT INTO Answer (id,questionId,text,correct,comment) OVERRIDING SYSTEM VALUE VALUES (668,309,'Compiler error on line 8.',false,'');
	INSERT INTO Answer (id,questionId,text,correct,comment) OVERRIDING SYSTEM VALUE VALUES (669,309,'An exception is thrown.',false,'');
INSERT INTO Question (id,realmId,type,text) OVERRIDING SYSTEM VALUE VALUES (310,4,1,'<p>What is the result of the following?</p>
<p>List&lt;String&gt; hex = Arrays.asList("30", "8", "3A", "FF");<br />Collections.sort(hex);<br />int x = Collections.binarySearch(hex, "8");<br />int y = Collections.binarySearch(hex, "3A");<br />int z = Collections.binarySearch(hex, "4F");<br />System.out.println(x + " " + y + " " + z);</p>');
	INSERT INTO Answer (id,questionId,text,correct,comment) OVERRIDING SYSTEM VALUE VALUES (672,310,'2 1 &ndash;2',false,'');
	INSERT INTO Answer (id,questionId,text,correct,comment) OVERRIDING SYSTEM VALUE VALUES (673,310,'2 1 &ndash;3',true,'Если в сортированном списке не находится искомый элемент, а virtual_index - это его предполагаемый индекс (т.е. где бы он находился, если бы присутствовал в списке), то binarySearch вернет значение -virtual_index - 1.');
	INSERT INTO Answer (id,questionId,text,correct,comment) OVERRIDING SYSTEM VALUE VALUES (674,310,'None of the above.',false,'');
	INSERT INTO Answer (id,questionId,text,correct,comment) OVERRIDING SYSTEM VALUE VALUES (675,310,'The code doesn&rsquo;t compile.',false,'');
	INSERT INTO Answer (id,questionId,text,correct,comment) OVERRIDING SYSTEM VALUE VALUES (670,310,'0 1 &ndash;2',false,'');
	INSERT INTO Answer (id,questionId,text,correct,comment) OVERRIDING SYSTEM VALUE VALUES (671,310,'0 1 &ndash;3',false,'');
INSERT INTO Question (id,realmId,type,text) OVERRIDING SYSTEM VALUE VALUES (311,4,1,'<p>Which of the following are true statements about the following code? (Choose all that apply)</p>
<p>4: List&lt;Integer&gt; ages = new ArrayList&lt;&gt;();<br />5: ages.add(Integer.parseInt("5"));<br />6: ages.add(Integer.valueOf("6"));<br />7: ages.add(7);<br />8: ages.add(null);<br />9: for (int age : ages) System.out.print(age);</p>');
	INSERT INTO Answer (id,questionId,text,correct,comment) OVERRIDING SYSTEM VALUE VALUES (676,311,'The code compiles.',true,'');
	INSERT INTO Answer (id,questionId,text,correct,comment) OVERRIDING SYSTEM VALUE VALUES (677,311,'The code throws a runtime exception.',true,'в цикле null будет приводиться к int и от этого упадет');
	INSERT INTO Answer (id,questionId,text,correct,comment) OVERRIDING SYSTEM VALUE VALUES (678,311,'Exactly one of the add statements uses autoboxing.',false,'');
	INSERT INTO Answer (id,questionId,text,correct,comment) OVERRIDING SYSTEM VALUE VALUES (679,311,'Exactly two of the add statements use autoboxing.',true,'Integer.parseInt возвращает int, поэтому автобоксинг');
	INSERT INTO Answer (id,questionId,text,correct,comment) OVERRIDING SYSTEM VALUE VALUES (680,311,'Exactly three of the add statements use autoboxing.',false,'');
INSERT INTO Question (id,realmId,type,text) OVERRIDING SYSTEM VALUE VALUES (312,4,2,'Чем отличаются методы Integer.parseInt(String) и Integer.valueOf(String)?');
	INSERT INTO Answer (id,questionId,text,correct,comment) OVERRIDING SYSTEM VALUE VALUES (681,312,'Integer.parseInt(String) - возвращает int<br />Integer.valueOf(String) - возвращает Integer',true,'');
INSERT INTO Question (id,realmId,type,text) OVERRIDING SYSTEM VALUE VALUES (313,4,1,'<p>What is the result of the following?</p>
<p>List&lt;String&gt; one = new ArrayList&lt;String&gt;();<br />one.add("abc");<br />List&lt;String&gt; two = new ArrayList&lt;&gt;();<br />two.add("abc");<br />if (one == two)<br />&nbsp;&nbsp;&nbsp; System.out.println("A");<br />else if (one.equals(two))<br />&nbsp;&nbsp;&nbsp; System.out.println("B");<br />else<br />&nbsp;&nbsp;&nbsp; System.out.println("C");</p>');
	INSERT INTO Answer (id,questionId,text,correct,comment) OVERRIDING SYSTEM VALUE VALUES (682,313,'A',false,'');
	INSERT INTO Answer (id,questionId,text,correct,comment) OVERRIDING SYSTEM VALUE VALUES (683,313,'B',true,'');
	INSERT INTO Answer (id,questionId,text,correct,comment) OVERRIDING SYSTEM VALUE VALUES (684,313,'C',false,'');
	INSERT INTO Answer (id,questionId,text,correct,comment) OVERRIDING SYSTEM VALUE VALUES (685,313,'An exception is thrown.',false,'');
	INSERT INTO Answer (id,questionId,text,correct,comment) OVERRIDING SYSTEM VALUE VALUES (686,313,'The code does not compile.',false,'');
INSERT INTO Question (id,realmId,type,text) OVERRIDING SYSTEM VALUE VALUES (314,4,1,'<p>Which of the following can be inserted into the blank to create a date of June 21, 2014?<br />(Choose all that apply)</p>
<p>import java.time.*;<br />public class StartOfSummer {<br />&nbsp;&nbsp;&nbsp; <br />&nbsp;public static void main(String[] args) {<br />&nbsp;&nbsp;&nbsp;&nbsp;&nbsp;&nbsp;&nbsp; LocalDate date = ____________________________<br />&nbsp;&nbsp;&nbsp; }<br />}</p>');
	INSERT INTO Answer (id,questionId,text,correct,comment) OVERRIDING SYSTEM VALUE VALUES (688,314,'new LocalDate(2014, 6, 21);',false,'');
	INSERT INTO Answer (id,questionId,text,correct,comment) OVERRIDING SYSTEM VALUE VALUES (689,314,'LocalDate.of(2014, 5, 21);',false,'');
	INSERT INTO Answer (id,questionId,text,correct,comment) OVERRIDING SYSTEM VALUE VALUES (690,314,'LocalDate.of(2014, 6, 21);',true,'');
	INSERT INTO Answer (id,questionId,text,correct,comment) OVERRIDING SYSTEM VALUE VALUES (691,314,'LocalDate.of(2014, Calendar.JUNE, 21);',false,'');
	INSERT INTO Answer (id,questionId,text,correct,comment) OVERRIDING SYSTEM VALUE VALUES (692,314,'LocalDate.of(2014, Month.JUNE, 21);',true,'');
	INSERT INTO Answer (id,questionId,text,correct,comment) OVERRIDING SYSTEM VALUE VALUES (687,314,'new LocalDate(2014, 5, 21);',false,'');
INSERT INTO Question (id,realmId,type,text) OVERRIDING SYSTEM VALUE VALUES (315,4,1,'<p>What is the output of the following code?</p>
<p>LocalDate date = LocalDate.parse("2018-04-30", DateTimeFormatter.ISO_LOCAL_DATE);<br />date.plusDays(2);<br />date.plusHours(3);<br />System.out.println(date.getYear() + " " + date.getMonth() + " "<br />+ date.getDayOfMonth());</p>');
	INSERT INTO Answer (id,questionId,text,correct,comment) OVERRIDING SYSTEM VALUE VALUES (693,315,'2018 APRIL 2',false,'');
	INSERT INTO Answer (id,questionId,text,correct,comment) OVERRIDING SYSTEM VALUE VALUES (694,315,'2018 APRIL 30',false,'');
	INSERT INTO Answer (id,questionId,text,correct,comment) OVERRIDING SYSTEM VALUE VALUES (695,315,'2018 MAY 2',false,'');
	INSERT INTO Answer (id,questionId,text,correct,comment) OVERRIDING SYSTEM VALUE VALUES (696,315,'The code does not compile.',true,'Объект LocalDate не имеет компонента времени, у него нет метода plusHours()');
	INSERT INTO Answer (id,questionId,text,correct,comment) OVERRIDING SYSTEM VALUE VALUES (697,315,'A runtime exception is thrown.',false,'');
INSERT INTO Question (id,realmId,type,text) OVERRIDING SYSTEM VALUE VALUES (316,4,1,'<p>What is the output of the following code?</p>
<p>LocalDate date = LocalDate.of(2018, Month.APRIL, 40);<br />System.out.println(date.getYear() + " " + date.getMonth() + " "<br />+ date.getDayOfMonth());</p>');
	INSERT INTO Answer (id,questionId,text,correct,comment) OVERRIDING SYSTEM VALUE VALUES (698,316,'2018 APRIL 4',false,'');
	INSERT INTO Answer (id,questionId,text,correct,comment) OVERRIDING SYSTEM VALUE VALUES (699,316,'2018 APRIL 30',false,'');
	INSERT INTO Answer (id,questionId,text,correct,comment) OVERRIDING SYSTEM VALUE VALUES (700,316,'2018 MAY 10',false,'');
	INSERT INTO Answer (id,questionId,text,correct,comment) OVERRIDING SYSTEM VALUE VALUES (701,316,'Another date.',false,'');
	INSERT INTO Answer (id,questionId,text,correct,comment) OVERRIDING SYSTEM VALUE VALUES (702,316,'The code does not compile.',false,'');
	INSERT INTO Answer (id,questionId,text,correct,comment) OVERRIDING SYSTEM VALUE VALUES (703,316,'A runtime exception is thrown.',true,'');
INSERT INTO Question (id,realmId,type,text) OVERRIDING SYSTEM VALUE VALUES (317,4,1,'<p>What is the output of the following code?</p>
<p>LocalDate date = LocalDate.of(2018, Month.APRIL, 30);<br />date.plusDays(2);<br />date.plusYears(3);<br />System.out.println(date.getYear() + " " + date.getMonth() + " "<br />+ date.getDayOfMonth());</p>');
	INSERT INTO Answer (id,questionId,text,correct,comment) OVERRIDING SYSTEM VALUE VALUES (704,317,'2018 APRIL 2',false,'');
	INSERT INTO Answer (id,questionId,text,correct,comment) OVERRIDING SYSTEM VALUE VALUES (705,317,'2018 APRIL 30',true,'');
	INSERT INTO Answer (id,questionId,text,correct,comment) OVERRIDING SYSTEM VALUE VALUES (706,317,'2018 MAY 2',false,'');
	INSERT INTO Answer (id,questionId,text,correct,comment) OVERRIDING SYSTEM VALUE VALUES (707,317,'2021 APRIL 2',false,'');
	INSERT INTO Answer (id,questionId,text,correct,comment) OVERRIDING SYSTEM VALUE VALUES (708,317,'2021 APRIL 30',false,'');
	INSERT INTO Answer (id,questionId,text,correct,comment) OVERRIDING SYSTEM VALUE VALUES (709,317,'2021 MAY 2',false,'');
	INSERT INTO Answer (id,questionId,text,correct,comment) OVERRIDING SYSTEM VALUE VALUES (710,317,'&nbsp;A runtime exception is thrown.',false,'');
INSERT INTO Question (id,realmId,type,text) OVERRIDING SYSTEM VALUE VALUES (318,4,1,'<p>What is the output of the following code?</p>
<p>LocalDateTime d = LocalDateTime.of(2015, 5, 10, 11, 22, 33);<br />Period p = Period.of(1, 2, 3);<br />d = d.minus(p);<br />DateTimeFormatter f = DateTimeFormatter.ofLocalizedTime(FormatStyle.SHORT);<br />System.out.println(d.format(f));</p>');
	INSERT INTO Answer (id,questionId,text,correct,comment) OVERRIDING SYSTEM VALUE VALUES (711,318,'3/7/14 11:22 AM',false,'');
	INSERT INTO Answer (id,questionId,text,correct,comment) OVERRIDING SYSTEM VALUE VALUES (712,318,'5/10/15 11:22 AM',false,'');
	INSERT INTO Answer (id,questionId,text,correct,comment) OVERRIDING SYSTEM VALUE VALUES (713,318,'3/7/14',false,'');
	INSERT INTO Answer (id,questionId,text,correct,comment) OVERRIDING SYSTEM VALUE VALUES (714,318,'5/10/15',false,'');
	INSERT INTO Answer (id,questionId,text,correct,comment) OVERRIDING SYSTEM VALUE VALUES (715,318,'11:22 AM',true,'');
	INSERT INTO Answer (id,questionId,text,correct,comment) OVERRIDING SYSTEM VALUE VALUES (716,318,'The code does not compile.',false,'');
	INSERT INTO Answer (id,questionId,text,correct,comment) OVERRIDING SYSTEM VALUE VALUES (717,318,'A runtime exception is thrown.',false,'');
INSERT INTO Question (id,realmId,type,text) OVERRIDING SYSTEM VALUE VALUES (319,4,1,'<p>What is the output of the following code?</p>
<p>LocalDateTime d = LocalDateTime.of(2015, 5, 10, 11, 22, 33);<br />Period p = Period.ofDays(1).ofYears(2);<br />d = d.minus(p);<br />DateTimeFormatter f = DateTimeFormatter.ofLocalizedDateTime(FormatStyle.SHORT);<br />System.out.println(f.format(d));</p>');
	INSERT INTO Answer (id,questionId,text,correct,comment) OVERRIDING SYSTEM VALUE VALUES (720,319,'5/9/14',false,'');
	INSERT INTO Answer (id,questionId,text,correct,comment) OVERRIDING SYSTEM VALUE VALUES (721,319,'5/10/14',false,'');
	INSERT INTO Answer (id,questionId,text,correct,comment) OVERRIDING SYSTEM VALUE VALUES (722,319,'The code does not compile.',false,'');
	INSERT INTO Answer (id,questionId,text,correct,comment) OVERRIDING SYSTEM VALUE VALUES (723,319,'A runtime exception is thrown.',false,'');
	INSERT INTO Answer (id,questionId,text,correct,comment) OVERRIDING SYSTEM VALUE VALUES (718,319,'5/9/13 11:22 AM',false,'');
	INSERT INTO Answer (id,questionId,text,correct,comment) OVERRIDING SYSTEM VALUE VALUES (719,319,'5/10/13 11:22 AM',true,'');
INSERT INTO Question (id,realmId,type,text) OVERRIDING SYSTEM VALUE VALUES (320,4,2,'Назовите составляющие метода Java (начиная с объявления)');
	INSERT INTO Answer (id,questionId,text,correct,comment) OVERRIDING SYSTEM VALUE VALUES (724,320,'1) Модификатор доступа (access modifier) (e.g. <strong>public</strong>)<br />2) Дополнительный модификатор(ы) (optional specifier) (e.g. <strong>final</strong>)<br />3) Тип возвращаемого значения (return type) (e.g. <strong>void</strong>) - <em>required<br /></em>4) имя метода (e.g. <strong>nap</strong>) - <em>required</em><br />5) список аргументов (e.g. <strong>int minutes</strong>) или пустые скобки - <em>required</em><br />6) список исключений (e.g. <strong>throws InterruptedException</strong>)<br />7) тело метода в фигурных скобках - <em>required, если не abstract и не interface</em>',true,'');
INSERT INTO Question (id,realmId,type,text) OVERRIDING SYSTEM VALUE VALUES (321,4,0,'Дополнительные модификаторы метода в Java могут идти в любом порядке (но не все комбинации допустимы)');
INSERT INTO Question (id,realmId,type,text) OVERRIDING SYSTEM VALUE VALUES (322,4,2,'Перечислите дополнительные модификаторы метода в Java');
	INSERT INTO Answer (id,questionId,text,correct,comment) OVERRIDING SYSTEM VALUE VALUES (725,322,'static<br />abstract<br />final<br />synchronized<br />native<br />strictfp',true,'');
INSERT INTO Question (id,realmId,type,text) OVERRIDING SYSTEM VALUE VALUES (323,4,0,'Java позволяет дополнительным модификаторам появляться перед модификаторами доступа.');
INSERT INTO Question (id,realmId,type,text) OVERRIDING SYSTEM VALUE VALUES (324,4,1,'Укажите, какие строки скомпилируются.');
	INSERT INTO Answer (id,questionId,text,correct,comment) OVERRIDING SYSTEM VALUE VALUES (726,324,'<p>public void walk1() {}</p>',true,'');
	INSERT INTO Answer (id,questionId,text,correct,comment) OVERRIDING SYSTEM VALUE VALUES (727,324,'<p>public final void walk2() {}</p>',true,'');
	INSERT INTO Answer (id,questionId,text,correct,comment) OVERRIDING SYSTEM VALUE VALUES (728,324,'<p>public static final void walk3() {}</p>',true,'');
	INSERT INTO Answer (id,questionId,text,correct,comment) OVERRIDING SYSTEM VALUE VALUES (729,324,'<p>public final static void walk4() {}</p>',true,'');
	INSERT INTO Answer (id,questionId,text,correct,comment) OVERRIDING SYSTEM VALUE VALUES (730,324,'<p>public modifier void walk5() {}</p>',false,'');
	INSERT INTO Answer (id,questionId,text,correct,comment) OVERRIDING SYSTEM VALUE VALUES (731,324,'<p>public void final walk6() {}</p>',false,'');
	INSERT INTO Answer (id,questionId,text,correct,comment) OVERRIDING SYSTEM VALUE VALUES (732,324,'<p>final public void walk7() {}</p>',true,'доп. модификаторы могут быть перед модификаторами доступа');
INSERT INTO Question (id,realmId,type,text) OVERRIDING SYSTEM VALUE VALUES (325,4,1,'Какие строчки из нижеприведенных скомпилируются?');
	INSERT INTO Answer (id,questionId,text,correct,comment) OVERRIDING SYSTEM VALUE VALUES (736,325,'public String walk4() { }',false,'');
	INSERT INTO Answer (id,questionId,text,correct,comment) OVERRIDING SYSTEM VALUE VALUES (737,325,'public walk5() { }',false,'');
	INSERT INTO Answer (id,questionId,text,correct,comment) OVERRIDING SYSTEM VALUE VALUES (738,325,'String walk6(int a) { if (a == 4) return ""; }',false,'return внутри условия, поэтому есть вероятность, что он не выполнится. Компилятор&nbsp;отслеживает такую ситуацию');
	INSERT INTO Answer (id,questionId,text,correct,comment) OVERRIDING SYSTEM VALUE VALUES (733,325,'public void walk1() { }',true,'');
	INSERT INTO Answer (id,questionId,text,correct,comment) OVERRIDING SYSTEM VALUE VALUES (734,325,'public void walk2() { return; }',true,'');
	INSERT INTO Answer (id,questionId,text,correct,comment) OVERRIDING SYSTEM VALUE VALUES (735,325,'public String walk3() { return ""; }',true,'');
INSERT INTO Question (id,realmId,type,text) OVERRIDING SYSTEM VALUE VALUES (326,4,1,'Какие строки из нижеследующих скомпилируются?');
	INSERT INTO Answer (id,questionId,text,correct,comment) OVERRIDING SYSTEM VALUE VALUES (739,326,'public void walk1() { }',true,'');
	INSERT INTO Answer (id,questionId,text,correct,comment) OVERRIDING SYSTEM VALUE VALUES (740,326,'public void walk2 { }',false,'');
	INSERT INTO Answer (id,questionId,text,correct,comment) OVERRIDING SYSTEM VALUE VALUES (741,326,'public void walk3(int a) { }',true,'');
	INSERT INTO Answer (id,questionId,text,correct,comment) OVERRIDING SYSTEM VALUE VALUES (742,326,'public void walk4(int a; int b) { }',false,'');
	INSERT INTO Answer (id,questionId,text,correct,comment) OVERRIDING SYSTEM VALUE VALUES (743,326,'public void walk5(int a, int b) { }',true,'');
INSERT INTO Question (id,realmId,type,text) OVERRIDING SYSTEM VALUE VALUES (327,4,2,'Приведите пример метода, который может породить исключения');
	INSERT INTO Answer (id,questionId,text,correct,comment) OVERRIDING SYSTEM VALUE VALUES (744,327,'public void twoExceptions() throws <br />&nbsp;&nbsp;&nbsp; IllegalArgumentException, InterruptedException { }',true,'');
INSERT INTO Question (id,realmId,type,text) OVERRIDING SYSTEM VALUE VALUES (328,4,2,'Какие ограничения накладываются на аргументы типа vararg?');
	INSERT INTO Answer (id,questionId,text,correct,comment) OVERRIDING SYSTEM VALUE VALUES (745,328,'1) только один аргумент такого типа в сигнатуре метода<br />2) располагается строго на последнем месте',true,'');
INSERT INTO Question (id,realmId,type,text) OVERRIDING SYSTEM VALUE VALUES (329,4,1,'Какие строки из нижеперечисленных скомпилируются?');
	INSERT INTO Answer (id,questionId,text,correct,comment) OVERRIDING SYSTEM VALUE VALUES (746,329,'public void walk1(int... nums) { }',true,'');
	INSERT INTO Answer (id,questionId,text,correct,comment) OVERRIDING SYSTEM VALUE VALUES (747,329,'public void walk2(int start, int... nums) { }',true,'');
	INSERT INTO Answer (id,questionId,text,correct,comment) OVERRIDING SYSTEM VALUE VALUES (748,329,'public void walk3(int... nums, int start) { }',false,'варарг должен быть только один&nbsp; и на последнем месте');
	INSERT INTO Answer (id,questionId,text,correct,comment) OVERRIDING SYSTEM VALUE VALUES (749,329,'public void walk4(int... start, int... nums) { }',false,'варарг должен быть только один&nbsp; и на последнем месте');
INSERT INTO Question (id,realmId,type,text) OVERRIDING SYSTEM VALUE VALUES (330,4,2,'Что позволяет осуществить тип аргумента vararg?');
	INSERT INTO Answer (id,questionId,text,correct,comment) OVERRIDING SYSTEM VALUE VALUES (750,330,'<strong>1</strong>) позволяет подать в метод массив:<strong><br /><br /></strong>void walk(int start, int... nums) {}<br />...<br />walk(1, new int[]{6,7}); // start = 1, nums = [6,7]<br /><strong><br />2</strong>) позволяет вместо массива отправить в метод произвольное число элементов массива:<br /><br />void walk(int start, int... nums) {}<br />...<br />walk(1, 2, 3, 4, 5); // start = 1, nums = [2,3,4,5]<br /><br /><strong>3</strong>) позволяет вообще не указывать vararg-аргумент:<br /><br />void walk(int start, int... nums) {}<br />...<br />walk(1); // start = 1, nums = []<br /><br /><strong>4</strong>) позволяет передавать <strong>null</strong>. В этом случае при вызове метода возможен RuntimeException',true,'');
INSERT INTO Question (id,realmId,type,text) OVERRIDING SYSTEM VALUE VALUES (331,4,2,'<p>Назовите принципы доступа к protected-членам класса.</p>');
	INSERT INTO Answer (id,questionId,text,correct,comment) OVERRIDING SYSTEM VALUE VALUES (751,331,'<p>1) код в классе имеет доступ ко всем <span style="text-decoration: underline;">собственным</span> (this) членам, которые объявлены <strong>protected</strong> в классе-предке.<br /><br />2) общее правило: если в коде класса (в т.ч. в static-методах) используется объект, доступный по ссылке типа данного класса, то имеется доступ ко всем членам объекта, к которым был бы доступ на уровне this.<br /><br />3) если в коде класса есть ссылка на объект-потомок данного класса, то есть доступ к protected-членам, но, естественно, нет доступа к членам, которые объявлены private в данном классе (поскольку сам объект-потомок не имеет к ним доступ).<br /><br /><br />package pond.swan;<br />import pond.shore.Bird;<br />public class Swan extends Bird { //subclass of bird</p>
<p>&nbsp;private String privTest;<br />&nbsp;<br />&nbsp;public void swim() {<br />&nbsp;&nbsp;floatInWater(); // floatInWater() is protected in superclass<br />&nbsp;&nbsp;System.out.println(text); // text is protected in superclass<br />&nbsp;&nbsp;System.out.println(privTest); // own private field<br />&nbsp;}</p>
<p>&nbsp;public void helpOtherSwanSwim() {<br />&nbsp;&nbsp;Swan other = new Swan();<br />&nbsp;&nbsp;other.floatInWater(); <br />&nbsp;&nbsp;System.out.println(other.text);<br />&nbsp;&nbsp;System.out.println(other.privTest);<br />&nbsp;}</p>
<p>&nbsp;public void helpOtherBirdSwim() {<br />&nbsp;&nbsp;Bird other = new Bird();<br />&nbsp;&nbsp;other.floatInWater(); // DOES NOT COMPILE<br />&nbsp;&nbsp;System.out.println(other.text); // DOES NOT COMPILE<br />&nbsp;}</p>
<p>&nbsp;public void helpChild() {<br />&nbsp;&nbsp;BlackSwan bs = new BlackSwan();<br />&nbsp;&nbsp;bs.floatInWater(); <br />&nbsp;&nbsp;System.out.println(bs.text);<br />&nbsp;&nbsp;System.out.println(bs.privTest); // DOES NOT COMPILE - private in Swan<br />&nbsp;&nbsp;System.out.println(bs.ownPrivateFiled); // DOES NOT COMPILE - private in BlackSwan<br />&nbsp;}<br />}</p>',true,'');
INSERT INTO Question (id,realmId,type,text) OVERRIDING SYSTEM VALUE VALUES (332,4,2,'Каковы основные общие выгоды от использования static-методов и полей?');
	INSERT INTO Answer (id,questionId,text,correct,comment) OVERRIDING SYSTEM VALUE VALUES (752,332,'1) Возможность выполнять код, который не требует создания объекта (например, разнообразные утилиты)<br />2) Возможность иметь некоторую конфигурацию состояния, доступ к которой есть у всех экземпляров класса (например, счетчики).',true,'');
INSERT INTO Question (id,realmId,type,text) OVERRIDING SYSTEM VALUE VALUES (333,4,0,'Чтобы вызвать static-метод, можно использовать не только имя класса, но и любую ссылку типа данного класса. Содержимое ссылки значения не имеет.');
INSERT INTO Question (id,realmId,type,text) OVERRIDING SYSTEM VALUE VALUES (334,4,1,'Каким будет вывод следующего кода?<br /><br />public class Koala {<br />&nbsp;public static int count = 0; // static variable<br />}<br />...<br />Koala k = new Koala();<br />System.out.println(k.count);<br />k = null;<br />System.out.println(k.count);');
	INSERT INTO Answer (id,questionId,text,correct,comment) OVERRIDING SYSTEM VALUE VALUES (753,334,'0<br />0',true,'для обращения к статичным членам класса важен только тип ссылки, а ее содержимое');
	INSERT INTO Answer (id,questionId,text,correct,comment) OVERRIDING SYSTEM VALUE VALUES (754,334,'0<br />null',false,'');
	INSERT INTO Answer (id,questionId,text,correct,comment) OVERRIDING SYSTEM VALUE VALUES (755,334,'0<br />&lt;RuntimeException&gt;',false,'исключения не будет, т.к. идет обращение к статичному полю класса, которое не зависит от объекта, на котором вызывается.');
	INSERT INTO Answer (id,questionId,text,correct,comment) OVERRIDING SYSTEM VALUE VALUES (756,334,'Код не скомпилируется.',false,'');
INSERT INTO Question (id,realmId,type,text) OVERRIDING SYSTEM VALUE VALUES (335,4,2,'Каков будет результат работы следующего кода?<br /><br />public class Koala {<br />&nbsp;public static int count = 0;<br />}<br />...<br />Koala.count = 4;<br />Koala koala1 = new Koala();<br />Koala koala2 = new Koala();<br />koala1.count = 6;<br />koala2.count = 5;<br />System.out.println(Koala.count);');
	INSERT INTO Answer (id,questionId,text,correct,comment) OVERRIDING SYSTEM VALUE VALUES (757,335,'5<br />count - статическая переменная класса, а не поле экземпляра',true,'');
INSERT INTO Question (id,realmId,type,text) OVERRIDING SYSTEM VALUE VALUES (336,4,0,'Доступ к членам экземпляра отсутствует из static-методов:<br /><br />public class Static {<br />&nbsp;private String name = "Static class";<br />&nbsp;public static void first() { }<br />&nbsp;public static void second() { }<br />&nbsp;public void third() { System.out.println(name); }<br />&nbsp;public static void main(String args[]) {<br />&nbsp;&nbsp;first();<br />&nbsp;&nbsp;second();<br />&nbsp;&nbsp;third(); // DOES NOT COMPILE<br />&nbsp;} <br />}<br /><br />а вот доступ к статичным членам из методов экземпляра имеется:<br /><br />public class Test {<br />&nbsp;&nbsp;&nbsp; public static void main(String... args) {}<br />&nbsp;&nbsp;&nbsp; <br />&nbsp;&nbsp;&nbsp; public void test() {<br />&nbsp;&nbsp;&nbsp;&nbsp;&nbsp;&nbsp;&nbsp; main("asd");<br />&nbsp;&nbsp;&nbsp; }<br />}');
INSERT INTO Question (id,realmId,type,text) OVERRIDING SYSTEM VALUE VALUES (337,4,0,'Обычный пример использования статичных полей - подсчет числа экземпляров.<br /><br />public class Counter {<br />&nbsp; private static int count;<br />&nbsp; public Counter() { count++; }<br />}');
INSERT INTO Question (id,realmId,type,text) OVERRIDING SYSTEM VALUE VALUES (338,4,2,'Можно ли объявить статичную переменную как final и не присвоить ей значение?');
	INSERT INTO Answer (id,questionId,text,correct,comment) OVERRIDING SYSTEM VALUE VALUES (758,338,'Да, если присвоить значение в static initializer. Иначе - ошибка компиляции.',true,'');
INSERT INTO Question (id,realmId,type,text) OVERRIDING SYSTEM VALUE VALUES (339,4,1,'Какие строки из нижеприведенного примера НЕ скомпилируются?<br /><br />14: private static int one;<br />15: private static final int two;<br />16: private static final int three = 3;<br />17: private static final int four;<br />18: static {<br />19:&nbsp;&nbsp;&nbsp;&nbsp; one = 1;<br />20:&nbsp;&nbsp;&nbsp;&nbsp; two = 2;<br />21:&nbsp;&nbsp;&nbsp;&nbsp; three = 3;<br />22:&nbsp;&nbsp;&nbsp;&nbsp; two = 4;<br />23: }');
	INSERT INTO Answer (id,questionId,text,correct,comment) OVERRIDING SYSTEM VALUE VALUES (759,339,'Все скомпилируются.',false,'');
	INSERT INTO Answer (id,questionId,text,correct,comment) OVERRIDING SYSTEM VALUE VALUES (760,339,'14',false,'');
	INSERT INTO Answer (id,questionId,text,correct,comment) OVERRIDING SYSTEM VALUE VALUES (761,339,'17',true,'финальная переменная объявлена, но нигде не присваивается');
	INSERT INTO Answer (id,questionId,text,correct,comment) OVERRIDING SYSTEM VALUE VALUES (762,339,'16',false,'присваивание при объявлении - корректно');
	INSERT INTO Answer (id,questionId,text,correct,comment) OVERRIDING SYSTEM VALUE VALUES (763,339,'21',true,'финальная переменная уже была присвоена при объявлении');
	INSERT INTO Answer (id,questionId,text,correct,comment) OVERRIDING SYSTEM VALUE VALUES (764,339,'22',true,'финальная переменная уже была присвоена двумя строкам выше');
INSERT INTO Question (id,realmId,type,text) OVERRIDING SYSTEM VALUE VALUES (340,4,0,'Замечания по использованию инициализаторов в классе.<br /><br />1) instance initizlizer не надо использовать <span style="text-decoration: underline;">никогда</span>. Это резко снижает читаемость кода, при том что с помощью конструкторов можно сделать все то же самое, что и с помощью инициализатора.<br /><br />2) static initializer надо использовать только в одном случае: когда инициализация какого-либо статического поля занимает более одной строки (например, инициализация коллекции). Кроме того, если в классе появляется static initializer, надо для удобства перенести в него всю инициализацию статических полей; это, по меньшей мере, сделает очевидным порядок инициализации.');
INSERT INTO Question (id,realmId,type,text) OVERRIDING SYSTEM VALUE VALUES (341,4,2,'Каков смысл статического импорта? Приведите синтаксис и примеры применения.');
	INSERT INTO Answer (id,questionId,text,correct,comment) OVERRIDING SYSTEM VALUE VALUES (765,341,'<p>Статический импорт (static import) нужен, чтобы импортировать статические члены какого-либо класса и использовать их напрямую, без имени класса.<br /><br />Синтаксис:<br />import static package.ClassName.methodName<br />import static package.ClassName.fieldName<br />import static package.ClassName.*<br /><br />Пример:<br /><br />import java.util.List;<br />import static java.util.Arrays.<strong>asList</strong>;</p>
<p>public class StaticImports {<br />&nbsp;public static void main(String[] args) {<br />&nbsp;&nbsp;List&lt;String&gt; list = <strong>asList</strong>("one", "two");<br />&nbsp;} <br />}<br /><br />Часто static import используется для импорта большого количества констант какого-либо класса.</p>',true,'');
INSERT INTO Question (id,realmId,type,text) OVERRIDING SYSTEM VALUE VALUES (342,4,0,'Static imports надо использовать с осторожностью. В&nbsp;крупном проекте большое количество импортов приводит к тому, что начинается путаница, из какого класса какой метод импортируетсяю');
INSERT INTO Question (id,realmId,type,text) OVERRIDING SYSTEM VALUE VALUES (343,4,1,'Что произойдет, если объявлен import static некоторого метода, причем метод с таким же именем объявлен в коде класса?');
	INSERT INTO Answer (id,questionId,text,correct,comment) OVERRIDING SYSTEM VALUE VALUES (768,343,'Будет выполняться метод, объявленный&nbsp;в классе.',true,'');
	INSERT INTO Answer (id,questionId,text,correct,comment) OVERRIDING SYSTEM VALUE VALUES (766,343,'Ошибка компиляции',false,'');
	INSERT INTO Answer (id,questionId,text,correct,comment) OVERRIDING SYSTEM VALUE VALUES (767,343,'Будет выполняться импортированный метод.',false,'');
INSERT INTO Question (id,realmId,type,text) OVERRIDING SYSTEM VALUE VALUES (344,4,1,'Что можно сказать о следующем коде?<br /><br />1: import static java.util.Arrays.asList;<br />2: static import java.util.Arrays.*;<br />3: public class BadStaticImports {<br />4:&nbsp;&nbsp;&nbsp;&nbsp; public static void main(String[] args) {<br />5:&nbsp;&nbsp;&nbsp;&nbsp;&nbsp;&nbsp;&nbsp;&nbsp; Arrays.asList("one");<br />6:&nbsp;&nbsp;&nbsp;&nbsp; } <br />7: }');
	INSERT INTO Answer (id,questionId,text,correct,comment) OVERRIDING SYSTEM VALUE VALUES (769,344,'Скомпилируется без проблем.',false,'');
	INSERT INTO Answer (id,questionId,text,correct,comment) OVERRIDING SYSTEM VALUE VALUES (770,344,'Ошибка компиляции в строке 2.',false,'');
	INSERT INTO Answer (id,questionId,text,correct,comment) OVERRIDING SYSTEM VALUE VALUES (771,344,'Ошибка компиляции в строках 2 и 5.',true,'Ошибка в строке 2 - из-за неверного порядка ключевых слов static и import.<br /><br />Ошибка в строке 5 - из-за того, что явно указывается класс Arrays, который не был импортирован. Если бы вызывалось просто asList, то ошибки бы не было.');
INSERT INTO Question (id,realmId,type,text) OVERRIDING SYSTEM VALUE VALUES (345,4,0,'Как говорит учебник:<br />В конструкции import static, так же как в обычном импорте, нельзя явно импортировать два метода/поля с одинаковым именем.<br /><br />Как на практике:<br />- Импортировать два статичных метода или две статичных переменных с одним именем - МОЖНО!<br />- если переменные, то при попытке использования - ошибка компиляции<br />- если wildcard, то при попытке использования переменной - ошибка компиляции<br />- если методы, то при попытке использования - берется первый из указанных<br />- если wildcard, то при попытке использования метода - берется первый из указанных');
INSERT INTO Question (id,realmId,type,text) OVERRIDING SYSTEM VALUE VALUES (346,4,0,'Java использует передачу по значению (pass-vy-value), а не по ссылке. Это означает, что при передаче переменной в метод создается ее копия, которая ссылается на тот же объект или на такой же примитив. Таким образом, если в метод передается примитив, то переменной в вызывающем методе ничего не угрожает, а если передается объект, то ссылка в вызывающем методе будет продолжать указывать на тот же объект, что бы ни&nbsp;случилось. Однако само состояние объекта может измениться.');
INSERT INTO Question (id,realmId,type,text) OVERRIDING SYSTEM VALUE VALUES (347,4,0,'Запрещено иметь в одном классе несколько методов с одинаковыми именем и сигнатурой. Даже если при этом имеются массовые отличия в модификаторах/возвращаемых типах.');
INSERT INTO Question (id,realmId,type,text) OVERRIDING SYSTEM VALUE VALUES (348,4,2,'Можно ли сделать перезагруженные методы, один из которых принимает на вход массив, а другой - vararg?');
	INSERT INTO Answer (id,questionId,text,correct,comment) OVERRIDING SYSTEM VALUE VALUES (772,348,'Нельзя, будет ошибка компиляции. Хотя байт-код, в который компилируются методы, принимающие массив и vararg, различается,&nbsp;список аргументов&nbsp;в контексте перезагрузки считается одинаковым.',true,'');
INSERT INTO Question (id,realmId,type,text) OVERRIDING SYSTEM VALUE VALUES (349,4,2,'Что будет, если в перегруженных методах набор аргументов одинаковый, но их порядок разный?');
	INSERT INTO Answer (id,questionId,text,correct,comment) OVERRIDING SYSTEM VALUE VALUES (773,349,'Такая перегрузка корректна.',true,'');
INSERT INTO Question (id,realmId,type,text) OVERRIDING SYSTEM VALUE VALUES (350,4,2,'Что будет, если есть два перегруженных метода, один из которых принимает примитивный аргумент, а второй - обертку?');
	INSERT INTO Answer (id,questionId,text,correct,comment) OVERRIDING SYSTEM VALUE VALUES (774,350,'Код скомпилируется нормально. При вызове этих методов запустится тот из них, который соответствует поданному аргументу. Если бы метода для примитивного типа в коде не было, то запустился бы метод с объектом обертки (посредством autoboxing).',true,'');
INSERT INTO Question (id,realmId,type,text) OVERRIDING SYSTEM VALUE VALUES (351,4,2,'Что напечатается после выполнения следующего кода?<br /><br />public class ReferenceTypes {<br />&nbsp;&nbsp;&nbsp; public void fly(String s) {<br />&nbsp;&nbsp;&nbsp;&nbsp;&nbsp;&nbsp;&nbsp; System.out.print("string ");<br />&nbsp;&nbsp;&nbsp; }<br />&nbsp;&nbsp;&nbsp; public void fly(Object o) {<br />&nbsp;&nbsp;&nbsp;&nbsp;&nbsp;&nbsp;&nbsp; System.out.print("object ");<br />&nbsp;&nbsp;&nbsp; }<br />&nbsp;&nbsp;&nbsp; public static void main(String[] args) {<br />&nbsp;&nbsp;&nbsp;&nbsp;&nbsp;&nbsp;&nbsp; ReferenceTypes r = new ReferenceTypes();<br />&nbsp;&nbsp;&nbsp;&nbsp;&nbsp;&nbsp;&nbsp; r.fly("test");<br />&nbsp;&nbsp;&nbsp;&nbsp;&nbsp;&nbsp;&nbsp; r.fly(56);<br />&nbsp;&nbsp;&nbsp; } <br />}');
	INSERT INTO Answer (id,questionId,text,correct,comment) OVERRIDING SYSTEM VALUE VALUES (775,351,'string object<br /><br />Первый вызов fly предсказуемо&nbsp;запускает метод fly(String).<br />Второй вызов пытается найти метод с сигнатурой int, не находит, производит autoboxing, ищет метод для Integer, не находит, ищет метод для класса-предка Integer, находит fly(Object) и запускает его.',true,'');
INSERT INTO Question (id,realmId,type,text) OVERRIDING SYSTEM VALUE VALUES (352,4,0,'Общий принцип, характерный для перегруженных методов: если несколько методов могут выполниться для заданного аргумента, выполнится тот, который ближе всего соответствует типу этого аргумента.');
INSERT INTO Question (id,realmId,type,text) OVERRIDING SYSTEM VALUE VALUES (353,4,1,'В каком порядке компилятор будет искать подходящий перегруженный метод для вызова glide(1,2)?');
	INSERT INTO Answer (id,questionId,text,correct,comment) OVERRIDING SYSTEM VALUE VALUES (776,353,'public String glide(int i, int j) {}<br />public String glide(long i, long j) {}<br />public String glide(Integer i, Integer j) {}<br />public String glide(int... nums) {}',true,'vararg идет на последнем месте, т.к. он появился в языке сравнительно недавно, и из соображений обратной совместимости применяется в последнюю очередь');
	INSERT INTO Answer (id,questionId,text,correct,comment) OVERRIDING SYSTEM VALUE VALUES (777,353,'public String glide(int... nums) {}<br />public String glide(int i, int j) {}<br />public String glide(long i, long j) {}<br />public String glide(Integer i, Integer j) {}',false,'');
	INSERT INTO Answer (id,questionId,text,correct,comment) OVERRIDING SYSTEM VALUE VALUES (778,353,'public String glide(int i, int j) {}<br />public String glide(Integer i, Integer j) {}<br />public String glide(long i, long j) {}<br />public String glide(int... nums) {}',false,'более широкий примитивный тип с точки зрения компилятора "ближе" заданному аргументу, чем его обертка.');
	INSERT INTO Answer (id,questionId,text,correct,comment) OVERRIDING SYSTEM VALUE VALUES (779,353,'public String glide(long i, long j) {}<br />public String glide(int i, int j) {}<br />public String glide(Integer i, Integer j) {}<br />public String glide(int... nums) {}',false,'');
INSERT INTO Question (id,realmId,type,text) OVERRIDING SYSTEM VALUE VALUES (354,4,2,'Какой результат будет у следующего кода?<br /><br />public class Glider2 {<br />&nbsp;&nbsp;&nbsp; public static String glide(String s) {<br />&nbsp;&nbsp;&nbsp;&nbsp;&nbsp;&nbsp;&nbsp; return "1";<br />&nbsp;&nbsp;&nbsp; }<br />&nbsp;&nbsp;&nbsp; public static String glide(String... s) {<br />&nbsp;&nbsp;&nbsp;&nbsp;&nbsp;&nbsp;&nbsp; return "2";<br />&nbsp;&nbsp;&nbsp; }<br />&nbsp;&nbsp;&nbsp; public static String glide(Object o) {<br />&nbsp;&nbsp;&nbsp;&nbsp;&nbsp;&nbsp;&nbsp; return "3";<br />&nbsp;&nbsp;&nbsp; }<br />&nbsp;&nbsp;&nbsp; public static String glide(String s, String t) {<br />&nbsp;&nbsp;&nbsp;&nbsp;&nbsp;&nbsp;&nbsp; return "4";<br />&nbsp;&nbsp;&nbsp; }<br />&nbsp;&nbsp;&nbsp; public static void main(String[] args) {<br />&nbsp;&nbsp;&nbsp;&nbsp;&nbsp;&nbsp;&nbsp; System.out.print(glide("a"));<br />&nbsp;&nbsp;&nbsp;&nbsp;&nbsp;&nbsp;&nbsp; System.out.print(glide("a", "b"));<br />&nbsp;&nbsp;&nbsp;&nbsp;&nbsp;&nbsp;&nbsp; System.out.print(glide("a", "b", "c"));<br />&nbsp;&nbsp;&nbsp; } <br />}');
	INSERT INTO Answer (id,questionId,text,correct,comment) OVERRIDING SYSTEM VALUE VALUES (780,354,'142',true,'');
INSERT INTO Question (id,realmId,type,text) OVERRIDING SYSTEM VALUE VALUES (355,4,0,'В процессе подбора подходящего метода, если не нашлось идеального совпадения, &nbsp;Java делает только одно существенное преобразование поданного аргумента. Например, int можно преобразовать в Integer или в long, но нельзя в Long (для этого потребуется 2 преобразования):<br /><br />public class TooManyConversions {<br />&nbsp;&nbsp;&nbsp; public static void play(Long l) { }<br />&nbsp;&nbsp;&nbsp; public static void play(Long... l) { }<br />&nbsp;&nbsp;&nbsp; public static void main(String[] args) {<br />&nbsp;&nbsp;&nbsp;&nbsp;&nbsp;&nbsp;&nbsp; play(4); // DOES NOT COMPILE<br />&nbsp;&nbsp;&nbsp;&nbsp;&nbsp;&nbsp;&nbsp; play(4L); // calls the Long version<br />&nbsp;&nbsp;&nbsp; } <br />}<br /><br />Подача Integer в метод с аргументом Object не требует отдельного преобразования, т.к. Integer уже является Object.');
INSERT INTO Question (id,realmId,type,text) OVERRIDING SYSTEM VALUE VALUES (356,4,2,'Какой Java-код был бы эквивалентом конструктору по умолчанию для класса ClassName?');
	INSERT INTO Answer (id,questionId,text,correct,comment) OVERRIDING SYSTEM VALUE VALUES (781,356,'public ClassName() {}',true,'');
INSERT INTO Question (id,realmId,type,text) OVERRIDING SYSTEM VALUE VALUES (357,4,0,'Конструктор по умолчанию генерируется, только если в коде класса явно не указано ни одного конструктора!');
INSERT INTO Question (id,realmId,type,text) OVERRIDING SYSTEM VALUE VALUES (358,4,1,'В каких классах из нижеуказанных генерируется конструктор по умолчанию?');
	INSERT INTO Answer (id,questionId,text,correct,comment) OVERRIDING SYSTEM VALUE VALUES (784,358,'class Rabbit3 {<br />&nbsp;&nbsp;&nbsp; public Rabbit3(boolean b) { }<br />}',false,'');
	INSERT INTO Answer (id,questionId,text,correct,comment) OVERRIDING SYSTEM VALUE VALUES (785,358,'class Rabbit4 {<br />&nbsp;&nbsp;&nbsp; private Rabbit4() { }<br />}',false,'');
	INSERT INTO Answer (id,questionId,text,correct,comment) OVERRIDING SYSTEM VALUE VALUES (782,358,'class Rabbit1 {<br />}',true,'');
	INSERT INTO Answer (id,questionId,text,correct,comment) OVERRIDING SYSTEM VALUE VALUES (783,358,'class Rabbit2 {<br />&nbsp;&nbsp;&nbsp; public Rabbit2() { }<br />}',false,'');
INSERT INTO Question (id,realmId,type,text) OVERRIDING SYSTEM VALUE VALUES (359,4,0,'Конструктор с модификатором private используется, когда в классе имеются только статичные методы (создание экземпляров не нужно) или когда создание экзмепляров должно контролироваться только самим классом.');
INSERT INTO Question (id,realmId,type,text) OVERRIDING SYSTEM VALUE VALUES (360,4,2,'Скомпилируется ли следующий код?<br /><br />public class Hamster {<br />&nbsp;&nbsp;&nbsp; public Hamster(int weight) { <br />&nbsp;&nbsp;&nbsp;&nbsp; Hamster(weight, "brown");<br />&nbsp;&nbsp;&nbsp; }<br />&nbsp;&nbsp;&nbsp; public Hamster(int weight, String color) { }<br />}');
	INSERT INTO Answer (id,questionId,text,correct,comment) OVERRIDING SYSTEM VALUE VALUES (786,360,'Не скомпилируется. Конструктор нельзя вызывать подобно методу. Имя конструктора может идти только за ключевым словом <strong>new</strong>.',true,'');
INSERT INTO Question (id,realmId,type,text) OVERRIDING SYSTEM VALUE VALUES (361,4,2,'Скомпилируется ли следующий код?<br /><br />public class Hamster {<br />&nbsp;&nbsp;&nbsp; public Hamster(int weight) {<br />&nbsp;&nbsp;&nbsp;&nbsp;&nbsp;&nbsp;&nbsp; new Hamster(weight, "brown");<br />&nbsp;&nbsp;&nbsp; }<br />&nbsp;&nbsp;&nbsp; public Hamster(int weight, String color) { }<br />}');
	INSERT INTO Answer (id,questionId,text,correct,comment) OVERRIDING SYSTEM VALUE VALUES (787,361,'скомпилируется, но смысла большого в себе не несет',true,'');
INSERT INTO Question (id,realmId,type,text) OVERRIDING SYSTEM VALUE VALUES (362,4,2,'Как вызвать один конструктор из другого?');
	INSERT INTO Answer (id,questionId,text,correct,comment) OVERRIDING SYSTEM VALUE VALUES (788,362,'С помощью ключевого слова <strong>this</strong>.<br /><br />public class Hamster {<br />&nbsp;&nbsp;&nbsp; public Hamster(int weight) {&nbsp; <br />&nbsp;&nbsp;&nbsp;&nbsp;&nbsp;&nbsp;&nbsp; this(weight, "brown");<br />&nbsp;&nbsp;&nbsp; }<br />&nbsp;&nbsp;&nbsp; public Hamster(int weight, String color) { }<br />}<br /><br />Однако для успешной компиляции конструкция с this() должна быть первым&nbsp;выражением в конструкторе (комментарии не в счет)! Из этого следует, что дважды this() вызвать не получится.',true,'');
INSERT INTO Question (id,realmId,type,text) OVERRIDING SYSTEM VALUE VALUES (363,4,0,'<p>Цепочка конструкторов (constructor chaining):<br /><br />public class Mouse {<br />&nbsp;&nbsp;&nbsp; private int numTeeth;<br />&nbsp;&nbsp;&nbsp; private int numWhiskers;<br />&nbsp;&nbsp;&nbsp; private int weight;</p>
<p>&nbsp;&nbsp;&nbsp; public Mouse(int weight) {<br />&nbsp;&nbsp;&nbsp;&nbsp;&nbsp;&nbsp;&nbsp; this(weight, 16);<br />&nbsp;&nbsp;&nbsp; }<br />&nbsp;&nbsp;&nbsp; public Mouse(int weight, int numTeeth) {<br />&nbsp;&nbsp;&nbsp;&nbsp;&nbsp;&nbsp;&nbsp; this(weight, numTeeth, 6);<br />&nbsp;&nbsp;&nbsp; }<br />&nbsp;&nbsp;&nbsp; public Mouse(int weight, int numTeeth, int numWhiskers) {<br />&nbsp;&nbsp;&nbsp;&nbsp;&nbsp;&nbsp;&nbsp; this.weight = weight;<br />&nbsp;&nbsp;&nbsp;&nbsp;&nbsp;&nbsp;&nbsp; this.numTeeth = numTeeth;<br />&nbsp;&nbsp;&nbsp;&nbsp;&nbsp;&nbsp;&nbsp; this.numWhiskers = numWhiskers;<br />&nbsp;&nbsp;&nbsp; }<br />}</p>');
INSERT INTO Question (id,realmId,type,text) OVERRIDING SYSTEM VALUE VALUES (364,4,0,'Финальные&nbsp;поля экземпляра могут быть присвоены в конструкторе.');
INSERT INTO Question (id,realmId,type,text) OVERRIDING SYSTEM VALUE VALUES (365,4,2,'Опишите порядок инициализации при создании экземпляра класса.');
	INSERT INTO Answer (id,questionId,text,correct,comment) OVERRIDING SYSTEM VALUE VALUES (789,365,'<strong>1</strong>. Если есть родительский класс - инициализировать сперва его.<br /><strong>2</strong>. Статические переменные&nbsp;и статические инициализаторы - в том порядке, в котором встречаются в файле.<br /><strong>3</strong>. Переменные экземпляра и инициализаторы экземпляра - в том порядке, в котором встречаются в файле.<br /><strong>4</strong>. Конструктор.',true,'');
INSERT INTO Question (id,realmId,type,text) OVERRIDING SYSTEM VALUE VALUES (366,4,0,'В классе может быть несколько&nbsp;инициализаторов - как статических, так и экземпляра!');
INSERT INTO Question (id,realmId,type,text) OVERRIDING SYSTEM VALUE VALUES (367,4,2,'Каким будет вывод следующего кода?<br /><br />public class InitializationOrderSimple {<br />&nbsp;&nbsp;&nbsp; private String name = "Torchie";<br />&nbsp;&nbsp;&nbsp; { System.out.println(name); }<br />&nbsp;&nbsp;&nbsp; private static int COUNT = 0;<br />&nbsp;&nbsp;&nbsp; static { System.out.println(COUNT); }<br />&nbsp;&nbsp;&nbsp; static { COUNT += 10; System.out.println(COUNT); }<br />&nbsp;&nbsp;&nbsp; public InitializationOrderSimple() {<br />&nbsp;&nbsp;&nbsp;&nbsp;&nbsp;&nbsp;&nbsp; System.out.println("constructor");<br />&nbsp;&nbsp;&nbsp; } <br />}<br />...<br />public class CallInitializationOrderSimple {<br />&nbsp;&nbsp;&nbsp; public static void main(String[] args) {<br />&nbsp;&nbsp;&nbsp;&nbsp;&nbsp;&nbsp;&nbsp; InitializationOrderSimple init = new InitializationOrderSimple();<br />&nbsp;&nbsp;&nbsp; } <br />}');
	INSERT INTO Answer (id,questionId,text,correct,comment) OVERRIDING SYSTEM VALUE VALUES (790,367,'0<br />10<br />Torchie<br />constructor',true,'');
INSERT INTO Question (id,realmId,type,text) OVERRIDING SYSTEM VALUE VALUES (368,4,2,'Каким будет вывод следующего кода?<br /><br />public class InitializationOrder {<br />&nbsp;&nbsp;&nbsp; private String name = "Torchie";<br />&nbsp;&nbsp;&nbsp; { System.out.println(name); }<br />&nbsp;&nbsp;&nbsp; private static int COUNT = 0;<br />&nbsp;&nbsp;&nbsp; static { System.out.println(COUNT); }<br />&nbsp;&nbsp;&nbsp; { COUNT++; System.out.println(COUNT); }<br />&nbsp;&nbsp;&nbsp; public InitializationOrder() {<br />&nbsp;&nbsp;&nbsp;&nbsp;&nbsp;&nbsp;&nbsp; System.out.println("constructor");<br />&nbsp;&nbsp;&nbsp; }<br />&nbsp;&nbsp;&nbsp; public static void main(String[] args) {<br />&nbsp;&nbsp;&nbsp;&nbsp;&nbsp;&nbsp;&nbsp; System.out.println("read to construct");<br />&nbsp;&nbsp;&nbsp;&nbsp;&nbsp;&nbsp;&nbsp; new InitializationOrder();<br />&nbsp;&nbsp;&nbsp; }<br />}');
	INSERT INTO Answer (id,questionId,text,correct,comment) OVERRIDING SYSTEM VALUE VALUES (791,368,'0<br />read to construct<br />Torchie<br />1<br />constructor',true,'');
INSERT INTO Question (id,realmId,type,text) OVERRIDING SYSTEM VALUE VALUES (369,4,2,'Каким будет вывод следующего кода?<br /><br />public class YetMoreInitializationOrder {<br />&nbsp;&nbsp;&nbsp; static { add(2); }<br />&nbsp;&nbsp;&nbsp; static void add(int num) { System.out.print(num + " "); }<br />&nbsp;&nbsp;&nbsp; YetMoreInitializationOrder() { add(5); }<br />&nbsp;&nbsp;&nbsp; static { add(4); }<br />&nbsp;&nbsp;&nbsp; { add(6); }<br />&nbsp;&nbsp;&nbsp; static { new YetMoreInitializationOrder(); }<br />&nbsp;&nbsp;&nbsp; { add(8); }<br />&nbsp;&nbsp;&nbsp; public static void main(String[] args) { } <br />}');
	INSERT INTO Answer (id,questionId,text,correct,comment) OVERRIDING SYSTEM VALUE VALUES (792,369,'2 4 6 8 5',true,'');
INSERT INTO Question (id,realmId,type,text) OVERRIDING SYSTEM VALUE VALUES (370,4,2,'Назовите основные правила для JavaBean.');
	INSERT INTO Answer (id,questionId,text,correct,comment) OVERRIDING SYSTEM VALUE VALUES (793,370,'- Все поля - private<br />- Геттер начинается с get. Для boolean более употребителен префикс is.<br />- Сеттер начинается с set.<br />- За префиксами геттера/сеттера - camelCase, причем первый символ имени поля - заглавный.',true,'');
INSERT INTO Question (id,realmId,type,text) OVERRIDING SYSTEM VALUE VALUES (371,4,0,'Самый простой способ сделать неизменяемый класс - это не объявлять в нем сеттеры и заполнять все поля при конструировании экземпляра.<br /><br />Однако если поля класса - объектные, то геттеры должны возвращать копию объекта либо неизменяемый объект, производный от исходного (например, toString() для StringBuilder).');
INSERT INTO Question (id,realmId,type,text) OVERRIDING SYSTEM VALUE VALUES (372,4,0,'Лямбда-выражение - это блок кода, который можно куда-либо передавать. Его можно рассматривать как анонимный метод, который имеет тело и параметры, но не имеет имени.');
INSERT INTO Question (id,realmId,type,text) OVERRIDING SYSTEM VALUE VALUES (373,4,2,'Как читается следующая лямда?<br /><br />a -&gt; a.canHop()');
	INSERT INTO Answer (id,questionId,text,correct,comment) OVERRIDING SYSTEM VALUE VALUES (794,373,'a - входной параметр<br /><br />a.canHop() - результат этого метода должен вернуться из лямбды.',true,'');
INSERT INTO Question (id,realmId,type,text) OVERRIDING SYSTEM VALUE VALUES (374,4,2,'Пусть мы имеем интерфейс:<br /><br />public interface CheckTrait {<br />&nbsp;&nbsp;&nbsp; boolean test(Animal a);<br />}<br /><br />&nbsp;и класс, его реализующий:<br /><br />public class CheckIfHopper implements CheckTrait {<br />&nbsp;&nbsp;&nbsp; public boolean test(Animal a) {<br />&nbsp;&nbsp;&nbsp;&nbsp;&nbsp;&nbsp;&nbsp; return a.canHop();<br />&nbsp;&nbsp;&nbsp; }<br />}<br /><br />а также, печатающий метод:<br /><br />print(List&lt;Animal&gt; animals, CheckTrait checker)<br /><br />Как в этом случае следует интерпретировать следующее выражение?<br /><br />print(animals, a -&gt; a.canHop());');
	INSERT INTO Answer (id,questionId,text,correct,comment) OVERRIDING SYSTEM VALUE VALUES (795,374,'Java полагается на контекст, в котором оказывается лямбда. В данном случае происходит маппинг лямбды на интерфейс CheckTrait, которого ожидает метод print. Метод интерфейса принимает на вход Animal, значит, <strong>a</strong> - это экземпляр Animal. Метод интерфейса возвращает boolean, значит, лямбда возвращает boolean.<br />Вероятно, компилятор генерит анонимный класс, идентичный по функциональности классу CheckIfHopper.<br /><br /><br />Важно! Интерфейс должен быть <strong>функциональным</strong>, иначе схема не сработает.',true,'');
INSERT INTO Question (id,realmId,type,text) OVERRIDING SYSTEM VALUE VALUES (375,4,2,'Укажите <span style="text-decoration: underline;">полный синтаксис</span> для простой лямбды, принимающей один параметр и возвращающей значение какого-либо метода этого параметра.');
	INSERT INTO Answer (id,questionId,text,correct,comment) OVERRIDING SYSTEM VALUE VALUES (796,375,'(Animal a) -&gt; { return a.canHop(); }',true,'');
INSERT INTO Question (id,realmId,type,text) OVERRIDING SYSTEM VALUE VALUES (376,4,2,'Когда в лямбде могут быть опущены фигурные скобки, двоеточие и ключевое слово return?');
	INSERT INTO Answer (id,questionId,text,correct,comment) OVERRIDING SYSTEM VALUE VALUES (797,376,'Когда в&nbsp;&nbsp;в теле лямбды только одно выражение.<br />(скобки, двоеточие и return либо все присутствуют, либо все отсутствуют, частично опускать нельзя)',true,'');
INSERT INTO Question (id,realmId,type,text) OVERRIDING SYSTEM VALUE VALUES (377,4,0,'При написании лямбды разработчик не обязан использовать в теле все параметры.');
INSERT INTO Question (id,realmId,type,text) OVERRIDING SYSTEM VALUE VALUES (378,4,2,'Когда в лямбде могут быть опущены скобки вокруг параметров?');
	INSERT INTO Answer (id,questionId,text,correct,comment) OVERRIDING SYSTEM VALUE VALUES (798,378,'- Строго один параметр<br />- Тип параметра не указан<br />(скобки в этом случае можно и не опускать)',true,'');
INSERT INTO Question (id,realmId,type,text) OVERRIDING SYSTEM VALUE VALUES (379,4,1,'Укажите, какие из нижеприведенных лямбд корректны.');
	INSERT INTO Answer (id,questionId,text,correct,comment) OVERRIDING SYSTEM VALUE VALUES (800,379,'print(a -&gt; a.startsWith("test"));',true,'');
	INSERT INTO Answer (id,questionId,text,correct,comment) OVERRIDING SYSTEM VALUE VALUES (801,379,'print((a) -&gt; a.startsWith("test"));',true,'');
	INSERT INTO Answer (id,questionId,text,correct,comment) OVERRIDING SYSTEM VALUE VALUES (802,379,'print((String a) -&gt; a.startsWith("test"));',true,'');
	INSERT INTO Answer (id,questionId,text,correct,comment) OVERRIDING SYSTEM VALUE VALUES (803,379,'print((a, b) -&gt; a.startsWith("test"));',true,'2 входных параметра. Можно не использовать все параметры.');
	INSERT INTO Answer (id,questionId,text,correct,comment) OVERRIDING SYSTEM VALUE VALUES (804,379,'print((String a, String b) -&gt; a.startsWith("test"));',true,'2 входных параметра. Можно не использовать все параметры.');
	INSERT INTO Answer (id,questionId,text,correct,comment) OVERRIDING SYSTEM VALUE VALUES (805,379,'print(a, b -&gt; a.startsWith("test"));',false,'нет скобок вокруг нескольких параметров');
	INSERT INTO Answer (id,questionId,text,correct,comment) OVERRIDING SYSTEM VALUE VALUES (806,379,'print(a -&gt; { a.startsWith("test"); });',false,'нет ключевого слова return');
	INSERT INTO Answer (id,questionId,text,correct,comment) OVERRIDING SYSTEM VALUE VALUES (807,379,'print(a -&gt; { return a.startsWith("test") });',false,'нет двоеточия перед фигурной скобкой');
	INSERT INTO Answer (id,questionId,text,correct,comment) OVERRIDING SYSTEM VALUE VALUES (799,379,'print(() -&gt; true);',true,'Допустимо иметь 0 параметров. Данная лямбда будет всегда возвращать true.');
INSERT INTO Question (id,realmId,type,text) OVERRIDING SYSTEM VALUE VALUES (380,4,2,'К каким переменным есть доступ из кода лямбды?');
	INSERT INTO Answer (id,questionId,text,correct,comment) OVERRIDING SYSTEM VALUE VALUES (808,380,'- к статическим&nbsp;полям класса<br />- к полям экземпляра<br />- к финальным переменным - в т.ч. локальным и аргумантам метода.<br />- к аргументам метода и локальным переменным - <span style="text-decoration: underline;">если они не переприсваивались</span>!',true,'');
INSERT INTO Question (id,realmId,type,text) OVERRIDING SYSTEM VALUE VALUES (381,4,2,'Скомпилируется ли следующая лямбда?<br /><br />(a, b) -&gt; { int a = 0; return 5;}');
	INSERT INTO Answer (id,questionId,text,correct,comment) OVERRIDING SYSTEM VALUE VALUES (809,381,'Нет, т.к. идет попытка переприсвоить переменную <strong>a</strong>. С т.з. Java это повторное объявление локальной переменной.',true,'');
INSERT INTO Question (id,realmId,type,text) OVERRIDING SYSTEM VALUE VALUES (382,4,2,'Что такое функциональный интерфейс (на уровне OCA)?');
	INSERT INTO Answer (id,questionId,text,correct,comment) OVERRIDING SYSTEM VALUE VALUES (810,382,'Это интерфейс с единственным методом.',true,'');
INSERT INTO Question (id,realmId,type,text) OVERRIDING SYSTEM VALUE VALUES (383,4,2,'Что Вы можете рассказать об интерфейсе java.util.function.Predicate&lt;T&gt;?');
	INSERT INTO Answer (id,questionId,text,correct,comment) OVERRIDING SYSTEM VALUE VALUES (811,383,'Это функциональный интерфейс с методом test , возвращающим булево значение от одного аргумента).',true,'');
INSERT INTO Question (id,realmId,type,text) OVERRIDING SYSTEM VALUE VALUES (384,4,0,'<em>интерфейс java.util.Collection<span style="text-decoration: underline;">&lt;E&gt;</span></em><br /><br />default&nbsp;boolean <strong>removeIf</strong>(Predicate&lt;? super E&gt; <em>filter</em>)<br /><br />удаляет все элементы коллекции, удовлетворяющие заданному предикату.<br /><br />возвращает true, если было произведено хоть одно удаление<br />');
INSERT INTO Question (id,realmId,type,text) OVERRIDING SYSTEM VALUE VALUES (385,4,2,'Напишите код в функциональном стиле, удаляющий из списка строк <strong>lines</strong> элементы, начинающиеся с символа ''1''');
	INSERT INTO Answer (id,questionId,text,correct,comment) OVERRIDING SYSTEM VALUE VALUES (812,385,'lines.removeIf(s -&gt; s.charAt(0) == ''1'');',true,'');
INSERT INTO Question (id,realmId,type,text) OVERRIDING SYSTEM VALUE VALUES (386,4,0,'На экзамене OCA будут только лямбды, использующие интерфейс Predicate.');
INSERT INTO Question (id,realmId,type,text) OVERRIDING SYSTEM VALUE VALUES (387,4,1,'<p>Which of the following can fill in the blank in this code to make it compile? (Choose all that apply)</p>
<p>public class Ant {<br />&nbsp;&nbsp;&nbsp; _____ void method() { }<br />}</p>');
	INSERT INTO Answer (id,questionId,text,correct,comment) OVERRIDING SYSTEM VALUE VALUES (816,387,'Public',false,'');
	INSERT INTO Answer (id,questionId,text,correct,comment) OVERRIDING SYSTEM VALUE VALUES (817,387,'String',false,'');
	INSERT INTO Answer (id,questionId,text,correct,comment) OVERRIDING SYSTEM VALUE VALUES (818,387,'zzz:',false,'метки нельзя указывать перед методами');
	INSERT INTO Answer (id,questionId,text,correct,comment) OVERRIDING SYSTEM VALUE VALUES (813,387,'default',false,'');
	INSERT INTO Answer (id,questionId,text,correct,comment) OVERRIDING SYSTEM VALUE VALUES (814,387,'final',true,'');
	INSERT INTO Answer (id,questionId,text,correct,comment) OVERRIDING SYSTEM VALUE VALUES (815,387,'private',true,'');
INSERT INTO Question (id,realmId,type,text) OVERRIDING SYSTEM VALUE VALUES (388,4,1,'Which of the following compile? (Choose all that apply)');
	INSERT INTO Answer (id,questionId,text,correct,comment) OVERRIDING SYSTEM VALUE VALUES (819,388,'final static void method4() { }',true,'');
	INSERT INTO Answer (id,questionId,text,correct,comment) OVERRIDING SYSTEM VALUE VALUES (820,388,'public final int void method() { }',false,'');
	INSERT INTO Answer (id,questionId,text,correct,comment) OVERRIDING SYSTEM VALUE VALUES (821,388,'private void int method() { }',false,'');
	INSERT INTO Answer (id,questionId,text,correct,comment) OVERRIDING SYSTEM VALUE VALUES (822,388,'static final void method3() { }',true,'');
	INSERT INTO Answer (id,questionId,text,correct,comment) OVERRIDING SYSTEM VALUE VALUES (823,388,'void final method() {}',false,'');
	INSERT INTO Answer (id,questionId,text,correct,comment) OVERRIDING SYSTEM VALUE VALUES (824,388,'void public method() { }',false,'');
INSERT INTO Question (id,realmId,type,text) OVERRIDING SYSTEM VALUE VALUES (389,4,1,'Which of the following methods compile? (Choose all that apply)');
	INSERT INTO Answer (id,questionId,text,correct,comment) OVERRIDING SYSTEM VALUE VALUES (825,389,'public void methodA() { return;}',true,'');
	INSERT INTO Answer (id,questionId,text,correct,comment) OVERRIDING SYSTEM VALUE VALUES (826,389,'public void methodB() { return null;}',false,'');
	INSERT INTO Answer (id,questionId,text,correct,comment) OVERRIDING SYSTEM VALUE VALUES (827,389,'public void methodD() {}',true,'');
	INSERT INTO Answer (id,questionId,text,correct,comment) OVERRIDING SYSTEM VALUE VALUES (828,389,'public int methodD() { return 9;}',true,'');
	INSERT INTO Answer (id,questionId,text,correct,comment) OVERRIDING SYSTEM VALUE VALUES (829,389,'public int methodE() { return 9.0;}',false,'');
	INSERT INTO Answer (id,questionId,text,correct,comment) OVERRIDING SYSTEM VALUE VALUES (830,389,'public int methodF() { return;}',false,'');
	INSERT INTO Answer (id,questionId,text,correct,comment) OVERRIDING SYSTEM VALUE VALUES (831,389,'public int methodG()',false,'');
INSERT INTO Question (id,realmId,type,text) OVERRIDING SYSTEM VALUE VALUES (390,4,1,'Which of the following compile? (Choose all that apply)');
	INSERT INTO Answer (id,questionId,text,correct,comment) OVERRIDING SYSTEM VALUE VALUES (832,390,'public void moreA(int... nums) {}',true,'');
	INSERT INTO Answer (id,questionId,text,correct,comment) OVERRIDING SYSTEM VALUE VALUES (833,390,'public void moreB(String values, int... nums) {}',true,'');
	INSERT INTO Answer (id,questionId,text,correct,comment) OVERRIDING SYSTEM VALUE VALUES (834,390,'public void moreC(int... nums, String values) {}',false,'');
	INSERT INTO Answer (id,questionId,text,correct,comment) OVERRIDING SYSTEM VALUE VALUES (835,390,'public void moreD(String... values, int... nums) {}',false,'');
	INSERT INTO Answer (id,questionId,text,correct,comment) OVERRIDING SYSTEM VALUE VALUES (836,390,'public void moreE(String[] values, ...int nums) {}',false,'');
	INSERT INTO Answer (id,questionId,text,correct,comment) OVERRIDING SYSTEM VALUE VALUES (837,390,'public void moreF(String... values, int[] nums) {}',false,'');
	INSERT INTO Answer (id,questionId,text,correct,comment) OVERRIDING SYSTEM VALUE VALUES (838,390,'public void moreG(String[] values, int[] nums) {}',true,'');
INSERT INTO Question (id,realmId,type,text) OVERRIDING SYSTEM VALUE VALUES (391,4,1,'<p>Given the following method, which of the method calls return 2? (Choose all that apply)</p>
<p>public int howMany(boolean b, boolean... b2) {<br />&nbsp;&nbsp;&nbsp; return b2.length;<br />}</p>');
	INSERT INTO Answer (id,questionId,text,correct,comment) OVERRIDING SYSTEM VALUE VALUES (839,391,'howMany();',false,'');
	INSERT INTO Answer (id,questionId,text,correct,comment) OVERRIDING SYSTEM VALUE VALUES (840,391,'howMany(true);',false,'');
	INSERT INTO Answer (id,questionId,text,correct,comment) OVERRIDING SYSTEM VALUE VALUES (841,391,'howMany(true, true);',false,'');
	INSERT INTO Answer (id,questionId,text,correct,comment) OVERRIDING SYSTEM VALUE VALUES (842,391,'howMany(true, true, true);',true,'');
	INSERT INTO Answer (id,questionId,text,correct,comment) OVERRIDING SYSTEM VALUE VALUES (843,391,'howMany(true, {true});',false,'');
	INSERT INTO Answer (id,questionId,text,correct,comment) OVERRIDING SYSTEM VALUE VALUES (844,391,'howMany(true, {true, true});',false,'');
	INSERT INTO Answer (id,questionId,text,correct,comment) OVERRIDING SYSTEM VALUE VALUES (845,391,'howMany(true, new boolean[2]);',true,'');
INSERT INTO Question (id,realmId,type,text) OVERRIDING SYSTEM VALUE VALUES (392,4,2,'Что будет, если в vararg передать null?<br />Если ничего не передать?<br />Если несколько null-ов?');
	INSERT INTO Answer (id,questionId,text,correct,comment) OVERRIDING SYSTEM VALUE VALUES (846,392,'Если передать null, то vararg-аргумент будет равен null.<br />Если ничего не передать, то vararg-аргумент станет пустым массивом<br />Если передать несколько null-ов, то в случае с объектным vararg''ом будет массив null-ов, а с примитивным - ошибка компиляции.',true,'');
INSERT INTO Question (id,realmId,type,text) OVERRIDING SYSTEM VALUE VALUES (393,4,1,'Which of the following are true? (Choose all that apply)');
	INSERT INTO Answer (id,questionId,text,correct,comment) OVERRIDING SYSTEM VALUE VALUES (848,393,'A public class that has private fields and package private methods is not visible to classes outside the package.',false,'');
	INSERT INTO Answer (id,questionId,text,correct,comment) OVERRIDING SYSTEM VALUE VALUES (849,393,'You can use access modifiers so only some of the classes in a package see a particular package private class.',false,'');
	INSERT INTO Answer (id,questionId,text,correct,comment) OVERRIDING SYSTEM VALUE VALUES (850,393,'You can use access modifiers to allow read access to all methods, but not any instance variables.',true,'');
	INSERT INTO Answer (id,questionId,text,correct,comment) OVERRIDING SYSTEM VALUE VALUES (851,393,'You can use access modifiers to restrict read access to all classes that begin with the word Test.',false,'');
	INSERT INTO Answer (id,questionId,text,correct,comment) OVERRIDING SYSTEM VALUE VALUES (847,393,'Package private access is more lenient (мягкий, гибкий)&nbsp;than protected access.',false,'');
INSERT INTO Question (id,realmId,type,text) OVERRIDING SYSTEM VALUE VALUES (394,4,1,'<p>Given the following my.school.Classroom and my.city.School class definitions, which line numbers in main() generate a compiler error? (Choose all that apply)</p>
<p>1: package my.school;<br />2: public class Classroom {<br />3:&nbsp;&nbsp;&nbsp;&nbsp; private int roomNumber;<br />4:&nbsp;&nbsp;&nbsp;&nbsp; protected String teacherName;<br />5:&nbsp;&nbsp;&nbsp;&nbsp; static int globalKey = 54321;<br />6:&nbsp;&nbsp;&nbsp;&nbsp; public int floor = 3;<br />7:&nbsp;&nbsp;&nbsp;&nbsp; Classroom(int r, String t) {<br />8:&nbsp;&nbsp;&nbsp;&nbsp;&nbsp;&nbsp;&nbsp;&nbsp; roomNumber = r;<br />9:&nbsp;&nbsp;&nbsp;&nbsp;&nbsp;&nbsp;&nbsp;&nbsp; teacherName = t; } }</p>
<p>1: package my.city;<br />2: import my.school.*;<br />3: public class School {<br />4:&nbsp;&nbsp;&nbsp;&nbsp; public static void main(String[] args) {<br />5:&nbsp;&nbsp;&nbsp;&nbsp;&nbsp;&nbsp;&nbsp;&nbsp; System.out.println(Classroom.globalKey);<br />6:&nbsp;&nbsp;&nbsp;&nbsp;&nbsp;&nbsp;&nbsp;&nbsp; Classroom room = new Classroom(101, "Mrs. Anderson");<br />7:&nbsp;&nbsp;&nbsp;&nbsp;&nbsp;&nbsp;&nbsp;&nbsp; System.out.println(room.roomNumber);<br />8:&nbsp;&nbsp;&nbsp;&nbsp;&nbsp;&nbsp;&nbsp;&nbsp; System.out.println(room.floor);<br />9:&nbsp;&nbsp;&nbsp;&nbsp;&nbsp;&nbsp;&nbsp;&nbsp; System.out.println(room.teacherName); } }</p>');
	INSERT INTO Answer (id,questionId,text,correct,comment) OVERRIDING SYSTEM VALUE VALUES (852,394,'None, the code compiles fine.',false,'');
	INSERT INTO Answer (id,questionId,text,correct,comment) OVERRIDING SYSTEM VALUE VALUES (853,394,'Line 5',true,'');
	INSERT INTO Answer (id,questionId,text,correct,comment) OVERRIDING SYSTEM VALUE VALUES (854,394,'Line 6',true,'');
	INSERT INTO Answer (id,questionId,text,correct,comment) OVERRIDING SYSTEM VALUE VALUES (855,394,'Line 7',true,'');
	INSERT INTO Answer (id,questionId,text,correct,comment) OVERRIDING SYSTEM VALUE VALUES (856,394,'Line 8',false,'');
	INSERT INTO Answer (id,questionId,text,correct,comment) OVERRIDING SYSTEM VALUE VALUES (857,394,'Line 9',true,'');
INSERT INTO Question (id,realmId,type,text) OVERRIDING SYSTEM VALUE VALUES (395,4,1,'Which of the following are true? (Choose all that apply)');
	INSERT INTO Answer (id,questionId,text,correct,comment) OVERRIDING SYSTEM VALUE VALUES (858,395,'Encapsulation uses package private instance variables.',false,'');
	INSERT INTO Answer (id,questionId,text,correct,comment) OVERRIDING SYSTEM VALUE VALUES (859,395,'Encapsulation uses private instance variables.',true,'');
	INSERT INTO Answer (id,questionId,text,correct,comment) OVERRIDING SYSTEM VALUE VALUES (860,395,'Encapsulation allows setters.',true,'');
	INSERT INTO Answer (id,questionId,text,correct,comment) OVERRIDING SYSTEM VALUE VALUES (861,395,'Immutability uses package private instance variables.',false,'');
	INSERT INTO Answer (id,questionId,text,correct,comment) OVERRIDING SYSTEM VALUE VALUES (862,395,'Immutability uses private instance variables.',true,'');
	INSERT INTO Answer (id,questionId,text,correct,comment) OVERRIDING SYSTEM VALUE VALUES (863,395,'Immutability allows setters.',false,'');
INSERT INTO Question (id,realmId,type,text) OVERRIDING SYSTEM VALUE VALUES (396,4,1,'Which are methods using JavaBeans naming conventions for accessors and mutators? (Choose all that apply)');
	INSERT INTO Answer (id,questionId,text,correct,comment) OVERRIDING SYSTEM VALUE VALUES (864,396,'public boolean getCanSwim() { return canSwim;}',true,'');
	INSERT INTO Answer (id,questionId,text,correct,comment) OVERRIDING SYSTEM VALUE VALUES (865,396,'public boolean canSwim() { return numberWings;}',false,'');
	INSERT INTO Answer (id,questionId,text,correct,comment) OVERRIDING SYSTEM VALUE VALUES (866,396,'public int getNumWings() { return numWings;}',true,'');
	INSERT INTO Answer (id,questionId,text,correct,comment) OVERRIDING SYSTEM VALUE VALUES (867,396,'public int numWings() { return numberWings;}',false,'');
	INSERT INTO Answer (id,questionId,text,correct,comment) OVERRIDING SYSTEM VALUE VALUES (868,396,'public void setCanSwim(boolean b) { canSwim = b;}',true,'');
INSERT INTO Question (id,realmId,type,text) OVERRIDING SYSTEM VALUE VALUES (397,4,1,'<p>What is the output of the following code?</p>
<p>1: package rope;<br />2: public class Rope {<br />3:&nbsp;&nbsp;&nbsp;&nbsp; public static int LENGTH = 5;<br />4:&nbsp;&nbsp;&nbsp;&nbsp; static {<br />5:&nbsp;&nbsp;&nbsp;&nbsp;&nbsp;&nbsp;&nbsp;&nbsp; LENGTH = 10;<br />6:&nbsp;&nbsp;&nbsp;&nbsp; }<br />7:&nbsp;&nbsp;&nbsp;&nbsp; public static void swing() {<br />8:&nbsp;&nbsp;&nbsp;&nbsp;&nbsp;&nbsp;&nbsp;&nbsp; System.out.print("swing ");<br />9:&nbsp;&nbsp;&nbsp;&nbsp; }<br />10: }</p>
<p>1: import rope.*;<br />2: import static rope.Rope.*;<br />3: public class Chimp {<br />4:&nbsp;&nbsp;&nbsp;&nbsp; public static void main(String[] args) {<br />5:&nbsp;&nbsp;&nbsp;&nbsp;&nbsp;&nbsp;&nbsp;&nbsp; Rope.swing();<br />6:&nbsp;&nbsp;&nbsp;&nbsp;&nbsp;&nbsp;&nbsp;&nbsp; new Rope().swing();<br />7:&nbsp;&nbsp;&nbsp;&nbsp;&nbsp;&nbsp;&nbsp;&nbsp; System.out.println(LENGTH);<br />8:&nbsp;&nbsp;&nbsp;&nbsp; }<br />9: }</p>');
	INSERT INTO Answer (id,questionId,text,correct,comment) OVERRIDING SYSTEM VALUE VALUES (869,397,'swing swing 5',false,'');
	INSERT INTO Answer (id,questionId,text,correct,comment) OVERRIDING SYSTEM VALUE VALUES (870,397,'swing swing 10',true,'');
	INSERT INTO Answer (id,questionId,text,correct,comment) OVERRIDING SYSTEM VALUE VALUES (871,397,'Compiler error on line 2 of Chimp.',false,'');
	INSERT INTO Answer (id,questionId,text,correct,comment) OVERRIDING SYSTEM VALUE VALUES (872,397,'Compiler error on line 5 of Chimp.',false,'');
	INSERT INTO Answer (id,questionId,text,correct,comment) OVERRIDING SYSTEM VALUE VALUES (873,397,'Compiler error on line 6 of Chimp.',false,'');
	INSERT INTO Answer (id,questionId,text,correct,comment) OVERRIDING SYSTEM VALUE VALUES (874,397,'Compiler error on line 7 of Chimp.',false,'');
INSERT INTO Question (id,realmId,type,text) OVERRIDING SYSTEM VALUE VALUES (398,4,1,'<p>Which are true of the following code? (Choose all that apply)</p>
<p>1: public class Rope {<br />2:&nbsp;&nbsp;&nbsp;&nbsp; public static void swing() {<br />3:&nbsp;&nbsp;&nbsp;&nbsp;&nbsp;&nbsp;&nbsp;&nbsp; System.out.print("swing ");<br />4:&nbsp;&nbsp;&nbsp;&nbsp; }<br />5:&nbsp;&nbsp;&nbsp;&nbsp; public void climb() {<br />6:&nbsp;&nbsp;&nbsp;&nbsp;&nbsp;&nbsp;&nbsp;&nbsp; System.out.println("climb ");<br />7:&nbsp;&nbsp;&nbsp;&nbsp; }<br />8:&nbsp;&nbsp;&nbsp;&nbsp; public static void play() {<br />9:&nbsp;&nbsp;&nbsp;&nbsp;&nbsp;&nbsp;&nbsp;&nbsp; swing();<br />10:&nbsp;&nbsp;&nbsp;&nbsp;&nbsp;&nbsp;&nbsp; climb();<br />11:&nbsp;&nbsp;&nbsp; }<br />12:&nbsp;&nbsp;&nbsp; public static void main(String[] args) {<br />13:&nbsp;&nbsp;&nbsp;&nbsp;&nbsp;&nbsp;&nbsp; Rope rope = new Rope();<br />14:&nbsp;&nbsp;&nbsp;&nbsp;&nbsp;&nbsp;&nbsp; rope.play();<br />15:&nbsp;&nbsp;&nbsp;&nbsp;&nbsp;&nbsp;&nbsp; Rope rope2 = null;<br />16:&nbsp;&nbsp;&nbsp;&nbsp;&nbsp;&nbsp;&nbsp; rope2.play();<br />17:&nbsp;&nbsp;&nbsp; }<br />18: }</p>');
	INSERT INTO Answer (id,questionId,text,correct,comment) OVERRIDING SYSTEM VALUE VALUES (880,398,'If the lines with compile errors are removed, the code throws a NullPointerException.',false,'');
	INSERT INTO Answer (id,questionId,text,correct,comment) OVERRIDING SYSTEM VALUE VALUES (875,398,'The code compiles as is.',false,'');
	INSERT INTO Answer (id,questionId,text,correct,comment) OVERRIDING SYSTEM VALUE VALUES (876,398,'There is exactly one compiler error in the code.',true,'');
	INSERT INTO Answer (id,questionId,text,correct,comment) OVERRIDING SYSTEM VALUE VALUES (877,398,'There are exactly two compiler errors in the code.',false,'');
	INSERT INTO Answer (id,questionId,text,correct,comment) OVERRIDING SYSTEM VALUE VALUES (878,398,'If the lines with compiler errors are removed, the output is climb climb.',false,'');
	INSERT INTO Answer (id,questionId,text,correct,comment) OVERRIDING SYSTEM VALUE VALUES (879,398,'If the lines with compiler errors are removed, the output is swing swing.',true,'');
INSERT INTO Question (id,realmId,type,text) OVERRIDING SYSTEM VALUE VALUES (399,4,1,'<p>What is the output of the following code?</p>
<p>import rope.*;<br />import static rope.Rope.*;<br />public class RopeSwing {<br />&nbsp;&nbsp;&nbsp; private static Rope rope1 = new Rope();</p>
<p>&nbsp;&nbsp;&nbsp; private static Rope rope2 = new Rope();<br />&nbsp;&nbsp;&nbsp; {<br />&nbsp;&nbsp;&nbsp;&nbsp;&nbsp;&nbsp;&nbsp; System.out.println(rope1.length);<br />&nbsp;&nbsp;&nbsp; }<br />&nbsp;&nbsp;&nbsp; public static void main(String[] args) {<br />&nbsp;&nbsp;&nbsp;&nbsp;&nbsp;&nbsp;&nbsp; rope1.length = 2;<br />&nbsp;&nbsp;&nbsp;&nbsp;&nbsp;&nbsp;&nbsp; rope2.length = 8;<br />&nbsp;&nbsp;&nbsp;&nbsp;&nbsp;&nbsp;&nbsp; System.out.println(rope1.length);<br />&nbsp;&nbsp;&nbsp; }<br />}</p>
<p>package rope;<br />public class Rope {<br />&nbsp;&nbsp;&nbsp; public static int length = 0;<br />}</p>');
	INSERT INTO Answer (id,questionId,text,correct,comment) OVERRIDING SYSTEM VALUE VALUES (881,399,'02',false,'');
	INSERT INTO Answer (id,questionId,text,correct,comment) OVERRIDING SYSTEM VALUE VALUES (882,399,'08',false,'');
	INSERT INTO Answer (id,questionId,text,correct,comment) OVERRIDING SYSTEM VALUE VALUES (883,399,'2',false,'');
	INSERT INTO Answer (id,questionId,text,correct,comment) OVERRIDING SYSTEM VALUE VALUES (884,399,'8',true,'');
	INSERT INTO Answer (id,questionId,text,correct,comment) OVERRIDING SYSTEM VALUE VALUES (885,399,'The code does not compile.',false,'');
	INSERT INTO Answer (id,questionId,text,correct,comment) OVERRIDING SYSTEM VALUE VALUES (886,399,'An exception is thrown.',false,'');
INSERT INTO Question (id,realmId,type,text) OVERRIDING SYSTEM VALUE VALUES (400,4,1,'<p>How many compiler errors are in the following code?</p>
<p>1: public class RopeSwing {<br />2:&nbsp;&nbsp;&nbsp;&nbsp; private static final String leftRope;<br />3:&nbsp;&nbsp;&nbsp;&nbsp; private static final String rightRope;<br />4:&nbsp;&nbsp;&nbsp;&nbsp; private static final String bench;<br />5:&nbsp;&nbsp;&nbsp;&nbsp; private static final String name = "name";<br />6:&nbsp;&nbsp;&nbsp;&nbsp; static {<br />7:&nbsp;&nbsp;&nbsp;&nbsp;&nbsp;&nbsp;&nbsp;&nbsp; leftRope = "left";<br />8:&nbsp;&nbsp;&nbsp;&nbsp;&nbsp;&nbsp;&nbsp;&nbsp; rightRope = "right";<br />9:&nbsp;&nbsp;&nbsp;&nbsp; }<br />10:&nbsp;&nbsp;&nbsp;&nbsp; static {<br />11:&nbsp;&nbsp;&nbsp;&nbsp;&nbsp;&nbsp;&nbsp;&nbsp; name = "name";<br />12:&nbsp;&nbsp;&nbsp;&nbsp;&nbsp;&nbsp;&nbsp;&nbsp; rightRope = "right";<br />13:&nbsp;&nbsp;&nbsp;&nbsp; }<br />14:&nbsp;&nbsp;&nbsp;&nbsp; public static void main(String[] args) {<br />15:&nbsp;&nbsp;&nbsp;&nbsp;&nbsp;&nbsp;&nbsp;&nbsp; bench = "bench";<br />16:&nbsp;&nbsp;&nbsp;&nbsp; }<br />17: }</p>');
	INSERT INTO Answer (id,questionId,text,correct,comment) OVERRIDING SYSTEM VALUE VALUES (887,400,'0',false,'');
	INSERT INTO Answer (id,questionId,text,correct,comment) OVERRIDING SYSTEM VALUE VALUES (888,400,'1',false,'');
	INSERT INTO Answer (id,questionId,text,correct,comment) OVERRIDING SYSTEM VALUE VALUES (889,400,'2',false,'');
	INSERT INTO Answer (id,questionId,text,correct,comment) OVERRIDING SYSTEM VALUE VALUES (890,400,'3',false,'');
	INSERT INTO Answer (id,questionId,text,correct,comment) OVERRIDING SYSTEM VALUE VALUES (891,400,'4',true,'Ошибки: <br />- в строке 4: статическая финальная переменная должна быть инициализирована в момент объявления или в static-initializer<br />- в строке 11: name уже было инициализировано в момент объявления<br />- в строке 12: rightRope уже было инициализовано в&nbsp; первом static-initializer<br />- в строке 15: финальные переменные нельзя присвоить в методе.');
	INSERT INTO Answer (id,questionId,text,correct,comment) OVERRIDING SYSTEM VALUE VALUES (892,400,'5',false,'');
INSERT INTO Question (id,realmId,type,text) OVERRIDING SYSTEM VALUE VALUES (401,4,1,'<p>Which of the following can replace line 2 to make this code compile? (Choose all that apply)</p>
<p>1: import java.util.*;<br />2: // INSERT CODE HERE<br />3: public class Imports {<br />4:&nbsp;&nbsp;&nbsp;&nbsp; public void method(ArrayList&lt;String&gt; list) {<br />5:&nbsp;&nbsp;&nbsp;&nbsp;&nbsp;&nbsp;&nbsp;&nbsp; sort(list);<br />6:&nbsp;&nbsp;&nbsp;&nbsp; }<br />7: }</p>');
	INSERT INTO Answer (id,questionId,text,correct,comment) OVERRIDING SYSTEM VALUE VALUES (896,401,'static import java.util.Collections;',false,'');
	INSERT INTO Answer (id,questionId,text,correct,comment) OVERRIDING SYSTEM VALUE VALUES (897,401,'static import java.util.Collections.*;',false,'');
	INSERT INTO Answer (id,questionId,text,correct,comment) OVERRIDING SYSTEM VALUE VALUES (898,401,'static import java.util.Collections.sort(ArrayList&lt;String&gt;);',false,'');
	INSERT INTO Answer (id,questionId,text,correct,comment) OVERRIDING SYSTEM VALUE VALUES (893,401,'import static java.util.Collections;',false,'');
	INSERT INTO Answer (id,questionId,text,correct,comment) OVERRIDING SYSTEM VALUE VALUES (894,401,'import static java.util.Collections.*;',true,'');
	INSERT INTO Answer (id,questionId,text,correct,comment) OVERRIDING SYSTEM VALUE VALUES (895,401,'import static java.util.Collections.sort(ArrayList&lt;String&gt;);',false,'');
INSERT INTO Question (id,realmId,type,text) OVERRIDING SYSTEM VALUE VALUES (402,4,1,'<p>What is the result of the following statements?</p>
<p>1: public class Test {<br />2:&nbsp;&nbsp;&nbsp;&nbsp; public void print(byte x) {<br />3:&nbsp;&nbsp;&nbsp;&nbsp;&nbsp;&nbsp;&nbsp;&nbsp; System.out.print("byte");<br />4:&nbsp;&nbsp;&nbsp;&nbsp; }<br />5:&nbsp;&nbsp;&nbsp;&nbsp; public void print(int x) {<br />6:&nbsp;&nbsp;&nbsp;&nbsp;&nbsp;&nbsp;&nbsp;&nbsp; System.out.print("int");<br />7:&nbsp;&nbsp;&nbsp;&nbsp; }<br />8:&nbsp;&nbsp;&nbsp;&nbsp; public void print(float x) {<br />9:&nbsp;&nbsp;&nbsp;&nbsp;&nbsp;&nbsp;&nbsp;&nbsp; System.out.print("float");<br />10:&nbsp;&nbsp;&nbsp; }<br />11:&nbsp;&nbsp;&nbsp; public void print(Object x) {<br />12:&nbsp;&nbsp;&nbsp;&nbsp;&nbsp;&nbsp;&nbsp; System.out.print("Object");<br />13:&nbsp;&nbsp;&nbsp; }<br />14:&nbsp;&nbsp;&nbsp; public static void main(String[] args) {<br />15:&nbsp;&nbsp;&nbsp;&nbsp;&nbsp;&nbsp;&nbsp; Test t = new Test();<br />16:&nbsp;&nbsp;&nbsp;&nbsp;&nbsp;&nbsp;&nbsp; short s = 123;<br />17:&nbsp;&nbsp;&nbsp;&nbsp;&nbsp;&nbsp;&nbsp; t.print(s);<br />18:&nbsp;&nbsp;&nbsp;&nbsp;&nbsp;&nbsp;&nbsp; t.print(true);<br />19:&nbsp;&nbsp;&nbsp;&nbsp;&nbsp;&nbsp;&nbsp; t.print(6.789);<br />20:&nbsp;&nbsp;&nbsp; }<br />21: }</p>');
	INSERT INTO Answer (id,questionId,text,correct,comment) OVERRIDING SYSTEM VALUE VALUES (899,402,'bytefloatObject',false,'');
	INSERT INTO Answer (id,questionId,text,correct,comment) OVERRIDING SYSTEM VALUE VALUES (900,402,'intfloatObject',false,'');
	INSERT INTO Answer (id,questionId,text,correct,comment) OVERRIDING SYSTEM VALUE VALUES (901,402,'byteObjectfloat',false,'');
	INSERT INTO Answer (id,questionId,text,correct,comment) OVERRIDING SYSTEM VALUE VALUES (902,402,'intObjectfloat',false,'');
	INSERT INTO Answer (id,questionId,text,correct,comment) OVERRIDING SYSTEM VALUE VALUES (903,402,'intObjectObject',true,'для true и 6.789 нет подходящих методов, поэтому они преобразуются в обертки и идут под метод, принимающий Object в качестве параметра');
	INSERT INTO Answer (id,questionId,text,correct,comment) OVERRIDING SYSTEM VALUE VALUES (904,402,'byteObjectObject',false,'');
INSERT INTO Question (id,realmId,type,text) OVERRIDING SYSTEM VALUE VALUES (403,4,1,'<p>What is the result of the following program?</p>
<p>1: public class Squares {<br />2:&nbsp;&nbsp;&nbsp;&nbsp; public static long square(int x) {<br />3:&nbsp;&nbsp;&nbsp;&nbsp;&nbsp;&nbsp;&nbsp;&nbsp; long y = x * (long) x;<br />4:&nbsp;&nbsp;&nbsp;&nbsp;&nbsp;&nbsp;&nbsp;&nbsp; x = -1;<br />5:&nbsp;&nbsp;&nbsp;&nbsp;&nbsp;&nbsp;&nbsp;&nbsp; return y;<br />6:&nbsp;&nbsp;&nbsp;&nbsp; }<br />7:&nbsp;&nbsp;&nbsp;&nbsp; public static void main(String[] args) {<br />8:&nbsp;&nbsp;&nbsp;&nbsp;&nbsp;&nbsp;&nbsp;&nbsp; int value = 9;<br />9:&nbsp;&nbsp;&nbsp;&nbsp;&nbsp;&nbsp;&nbsp;&nbsp; long result = square(value);<br />10:&nbsp;&nbsp;&nbsp;&nbsp;&nbsp;&nbsp;&nbsp;&nbsp; System.out.println(value);<br />11: } }</p>');
	INSERT INTO Answer (id,questionId,text,correct,comment) OVERRIDING SYSTEM VALUE VALUES (905,403,'-1',false,'');
	INSERT INTO Answer (id,questionId,text,correct,comment) OVERRIDING SYSTEM VALUE VALUES (906,403,'9',true,'');
	INSERT INTO Answer (id,questionId,text,correct,comment) OVERRIDING SYSTEM VALUE VALUES (907,403,'81',false,'');
	INSERT INTO Answer (id,questionId,text,correct,comment) OVERRIDING SYSTEM VALUE VALUES (908,403,'Compiler error on line 9.',false,'');
	INSERT INTO Answer (id,questionId,text,correct,comment) OVERRIDING SYSTEM VALUE VALUES (909,403,'Compiler error on a different line.',false,'');
INSERT INTO Question (id,realmId,type,text) OVERRIDING SYSTEM VALUE VALUES (404,4,1,'<p>Which of the following are output by the following code? (Choose all that apply)</p>
<p>public class StringBuilders {<br />&nbsp;&nbsp;&nbsp; public static StringBuilder work(StringBuilder a,<br />StringBuilder b) {<br />&nbsp;&nbsp;&nbsp;&nbsp;&nbsp;&nbsp;&nbsp; a = new StringBuilder("a");<br />&nbsp;&nbsp;&nbsp;&nbsp;&nbsp;&nbsp;&nbsp; b.append("b");<br />&nbsp;&nbsp;&nbsp;&nbsp;&nbsp;&nbsp;&nbsp; return a;<br />&nbsp;&nbsp;&nbsp; }<br />&nbsp;&nbsp;&nbsp; public static void main(String[] args) {<br />&nbsp;&nbsp;&nbsp;&nbsp;&nbsp;&nbsp;&nbsp; StringBuilder s1 = new StringBuilder("s1");<br />&nbsp;&nbsp;&nbsp;&nbsp;&nbsp;&nbsp;&nbsp; StringBuilder s2 = new StringBuilder("s2");<br />&nbsp;&nbsp;&nbsp;&nbsp;&nbsp;&nbsp;&nbsp; StringBuilder s3 = work(s1, s2);<br />&nbsp;&nbsp;&nbsp;&nbsp;&nbsp;&nbsp;&nbsp; System.out.println("s1 = " + s1);<br />&nbsp;&nbsp;&nbsp;&nbsp;&nbsp;&nbsp;&nbsp; System.out.println("s2 = " + s2);<br />&nbsp;&nbsp;&nbsp;&nbsp;&nbsp;&nbsp;&nbsp; System.out.println("s3 = " + s3);<br />&nbsp;&nbsp;&nbsp; }<br />}</p>');
	INSERT INTO Answer (id,questionId,text,correct,comment) OVERRIDING SYSTEM VALUE VALUES (912,404,'s2 = s2',false,'');
	INSERT INTO Answer (id,questionId,text,correct,comment) OVERRIDING SYSTEM VALUE VALUES (913,404,'s2 = s2b',true,'');
	INSERT INTO Answer (id,questionId,text,correct,comment) OVERRIDING SYSTEM VALUE VALUES (914,404,'s3 = a',true,'');
	INSERT INTO Answer (id,questionId,text,correct,comment) OVERRIDING SYSTEM VALUE VALUES (915,404,'s3 = null',false,'');
	INSERT INTO Answer (id,questionId,text,correct,comment) OVERRIDING SYSTEM VALUE VALUES (916,404,'The code does not compile.',false,'');
	INSERT INTO Answer (id,questionId,text,correct,comment) OVERRIDING SYSTEM VALUE VALUES (910,404,'s1 = a',false,'');
	INSERT INTO Answer (id,questionId,text,correct,comment) OVERRIDING SYSTEM VALUE VALUES (911,404,'s1 = s1',true,'');
INSERT INTO Question (id,realmId,type,text) OVERRIDING SYSTEM VALUE VALUES (405,4,1,'Which of the following are true? (Choose 2)');
	INSERT INTO Answer (id,questionId,text,correct,comment) OVERRIDING SYSTEM VALUE VALUES (917,405,'this() can be called from anywhere in a constructor.',false,'');
	INSERT INTO Answer (id,questionId,text,correct,comment) OVERRIDING SYSTEM VALUE VALUES (918,405,'this() can be called from any instance method in the class.',false,'');
	INSERT INTO Answer (id,questionId,text,correct,comment) OVERRIDING SYSTEM VALUE VALUES (919,405,'this.variableName can be called from any instance method in the class.',true,'');
	INSERT INTO Answer (id,questionId,text,correct,comment) OVERRIDING SYSTEM VALUE VALUES (920,405,'this.variableName can be called from any static method in the class.',false,'');
	INSERT INTO Answer (id,questionId,text,correct,comment) OVERRIDING SYSTEM VALUE VALUES (921,405,'You must include a default constructor in the code if the compiler does not include one.',false,'');
	INSERT INTO Answer (id,questionId,text,correct,comment) OVERRIDING SYSTEM VALUE VALUES (922,405,'You can call the default constructor written by the compiler using this().',false,'если есть любой другой конструктор (в частности, тот, из которого мы вызываем this()), то конструктора по умолчанию компилятор уже не создаст');
	INSERT INTO Answer (id,questionId,text,correct,comment) OVERRIDING SYSTEM VALUE VALUES (923,405,'You can access a private constructor with the main() method.',true,'имеется в виду private конструктор того же класса');
INSERT INTO Question (id,realmId,type,text) OVERRIDING SYSTEM VALUE VALUES (406,4,1,'Which of these classes compile and use a default constructor? (Choose all that apply)');
	INSERT INTO Answer (id,questionId,text,correct,comment) OVERRIDING SYSTEM VALUE VALUES (928,406,'public class Bird { Bird(String name) {} }',false,'');
	INSERT INTO Answer (id,questionId,text,correct,comment) OVERRIDING SYSTEM VALUE VALUES (929,406,'public class Bird { private Bird(int age) {} }',false,'');
	INSERT INTO Answer (id,questionId,text,correct,comment) OVERRIDING SYSTEM VALUE VALUES (930,406,'public class Bird { void Bird() { } }',true,'');
	INSERT INTO Answer (id,questionId,text,correct,comment) OVERRIDING SYSTEM VALUE VALUES (924,406,'public class Bird { }',true,'');
	INSERT INTO Answer (id,questionId,text,correct,comment) OVERRIDING SYSTEM VALUE VALUES (925,406,'public class Bird { public bird() {} }',false,'');
	INSERT INTO Answer (id,questionId,text,correct,comment) OVERRIDING SYSTEM VALUE VALUES (926,406,'public class Bird { public bird(String name) {} }',false,'');
	INSERT INTO Answer (id,questionId,text,correct,comment) OVERRIDING SYSTEM VALUE VALUES (927,406,'public class Bird { public Bird() {} }',false,'');
INSERT INTO Question (id,realmId,type,text) OVERRIDING SYSTEM VALUE VALUES (407,4,1,'<p>Which code can be inserted to have the code print 2?</p>
<p>public class BirdSeed {<br />&nbsp;&nbsp;&nbsp; private int numberBags;<br />&nbsp;&nbsp;&nbsp; boolean call;</p>
<p>&nbsp;public BirdSeed() {<br />&nbsp;&nbsp;&nbsp;&nbsp;&nbsp;&nbsp;&nbsp; // LINE 1<br />&nbsp;&nbsp;&nbsp;&nbsp;&nbsp;&nbsp;&nbsp; call = false;<br />&nbsp;&nbsp;&nbsp;&nbsp;&nbsp;&nbsp;&nbsp; // LINE 2<br />&nbsp;&nbsp;&nbsp; }<br />&nbsp;&nbsp;&nbsp; public BirdSeed(int numberBags) {<br />&nbsp;&nbsp;&nbsp;&nbsp;&nbsp;&nbsp;&nbsp; this.numberBags = numberBags;<br />&nbsp;&nbsp;&nbsp; }<br />&nbsp;&nbsp;&nbsp; public static void main(String[] args) {<br />&nbsp;&nbsp;&nbsp;&nbsp;&nbsp;&nbsp;&nbsp; BirdSeed seed = new BirdSeed();<br />&nbsp;&nbsp;&nbsp;&nbsp;&nbsp;&nbsp;&nbsp; System.out.println(seed.numberBags);<br />} }</p>');
	INSERT INTO Answer (id,questionId,text,correct,comment) OVERRIDING SYSTEM VALUE VALUES (931,407,'Replace line 1 with BirdSeed(2);',false,'');
	INSERT INTO Answer (id,questionId,text,correct,comment) OVERRIDING SYSTEM VALUE VALUES (932,407,'Replace line 2 with BirdSeed(2);',false,'');
	INSERT INTO Answer (id,questionId,text,correct,comment) OVERRIDING SYSTEM VALUE VALUES (933,407,'Replace line 1 with new BirdSeed(2);',false,'');
	INSERT INTO Answer (id,questionId,text,correct,comment) OVERRIDING SYSTEM VALUE VALUES (934,407,'Replace line 2 with new BirdSeed(2);',false,'');
	INSERT INTO Answer (id,questionId,text,correct,comment) OVERRIDING SYSTEM VALUE VALUES (935,407,'Replace line 1 with this(2);',true,'');
	INSERT INTO Answer (id,questionId,text,correct,comment) OVERRIDING SYSTEM VALUE VALUES (936,407,'Replace line 2 with this(2);',false,'');
INSERT INTO Question (id,realmId,type,text) OVERRIDING SYSTEM VALUE VALUES (408,4,1,'<p>Which of the following complete the constructor so that this code prints out 50? (Choose all that apply)</p>
<p>public class Cheetah {<br />&nbsp;&nbsp;&nbsp; int numSpots;<br />&nbsp;&nbsp;&nbsp; public Cheetah(int numSpots) {<br />&nbsp;&nbsp;&nbsp;&nbsp;&nbsp;&nbsp;&nbsp; // INSERT CODE HERE<br />&nbsp;&nbsp;&nbsp; }<br />&nbsp;&nbsp;&nbsp; public static void main(String[] args) {<br />&nbsp;&nbsp;&nbsp;&nbsp;&nbsp;&nbsp;&nbsp; System.out.println(new Cheetah(50).numSpots);<br />&nbsp;&nbsp;&nbsp; }<br />}</p>');
	INSERT INTO Answer (id,questionId,text,correct,comment) OVERRIDING SYSTEM VALUE VALUES (937,408,'numSpots = numSpots;',false,'');
	INSERT INTO Answer (id,questionId,text,correct,comment) OVERRIDING SYSTEM VALUE VALUES (938,408,'numSpots = this.numSpots;',false,'');
	INSERT INTO Answer (id,questionId,text,correct,comment) OVERRIDING SYSTEM VALUE VALUES (939,408,'this.numSpots = numSpots;',true,'');
	INSERT INTO Answer (id,questionId,text,correct,comment) OVERRIDING SYSTEM VALUE VALUES (940,408,'numSpots = super.numSpots;',false,'');
	INSERT INTO Answer (id,questionId,text,correct,comment) OVERRIDING SYSTEM VALUE VALUES (941,408,'super.numSpots = numSpots;',false,'');
	INSERT INTO Answer (id,questionId,text,correct,comment) OVERRIDING SYSTEM VALUE VALUES (942,408,'None of the above.',false,'');
INSERT INTO Question (id,realmId,type,text) OVERRIDING SYSTEM VALUE VALUES (409,4,1,'<p>What is the result of the following?</p>
<p>1: public class Order {<br />2:&nbsp;&nbsp;&nbsp;&nbsp; static String result = "";<br />3:&nbsp;&nbsp;&nbsp;&nbsp; { result += "c"; }<br />4:&nbsp;&nbsp;&nbsp;&nbsp; static<br />5:&nbsp;&nbsp;&nbsp;&nbsp; { result += "u"; }<br />6:&nbsp;&nbsp;&nbsp;&nbsp; { result += "r"; }<br />7: }</p>
<p>1: public class OrderDriver {<br />2:&nbsp;&nbsp;&nbsp;&nbsp; public static void main(String[] args) {<br />3:&nbsp;&nbsp;&nbsp;&nbsp;&nbsp;&nbsp;&nbsp;&nbsp; System.out.print(Order.result + " ");<br />4:&nbsp;&nbsp;&nbsp;&nbsp;&nbsp;&nbsp;&nbsp;&nbsp; System.out.print(Order.result + " ");<br />5:&nbsp;&nbsp;&nbsp;&nbsp;&nbsp;&nbsp;&nbsp;&nbsp; new Order();<br />6:&nbsp;&nbsp;&nbsp;&nbsp;&nbsp;&nbsp;&nbsp;&nbsp; new Order();<br />7:&nbsp;&nbsp;&nbsp;&nbsp;&nbsp;&nbsp;&nbsp;&nbsp; System.out.print(Order.result + " ");<br />8:&nbsp;&nbsp;&nbsp;&nbsp; }<br />9: }</p>');
	INSERT INTO Answer (id,questionId,text,correct,comment) OVERRIDING SYSTEM VALUE VALUES (944,409,'ucrcr',false,'');
	INSERT INTO Answer (id,questionId,text,correct,comment) OVERRIDING SYSTEM VALUE VALUES (945,409,'u ucrcr',false,'');
	INSERT INTO Answer (id,questionId,text,correct,comment) OVERRIDING SYSTEM VALUE VALUES (946,409,'u u curcur',false,'');
	INSERT INTO Answer (id,questionId,text,correct,comment) OVERRIDING SYSTEM VALUE VALUES (947,409,'u u ucrcr',true,'');
	INSERT INTO Answer (id,questionId,text,correct,comment) OVERRIDING SYSTEM VALUE VALUES (948,409,'ur ur urc',false,'');
	INSERT INTO Answer (id,questionId,text,correct,comment) OVERRIDING SYSTEM VALUE VALUES (949,409,'The code does not compile.',false,'');
	INSERT INTO Answer (id,questionId,text,correct,comment) OVERRIDING SYSTEM VALUE VALUES (943,409,'curur',false,'');
INSERT INTO Question (id,realmId,type,text) OVERRIDING SYSTEM VALUE VALUES (410,4,1,'<p>What is the result of the following?</p>
<p>1: public class Order {<br />2:&nbsp;&nbsp;&nbsp;&nbsp; String value = "t";<br />3:&nbsp;&nbsp;&nbsp;&nbsp; { value += "a"; }<br />4:&nbsp;&nbsp;&nbsp;&nbsp; { value += "c"; }<br />5:&nbsp;&nbsp;&nbsp;&nbsp; public Order() {<br />6:&nbsp;&nbsp;&nbsp;&nbsp;&nbsp;&nbsp;&nbsp;&nbsp; value += "b";<br />7:&nbsp;&nbsp;&nbsp;&nbsp; }<br />8:&nbsp;&nbsp;&nbsp;&nbsp; public Order(String s) {<br />9:&nbsp;&nbsp;&nbsp;&nbsp;&nbsp;&nbsp;&nbsp;&nbsp; value += s;<br />10:&nbsp;&nbsp;&nbsp; }<br />11:&nbsp;&nbsp;&nbsp; public static void main(String[] args) {<br />12:&nbsp;&nbsp;&nbsp;&nbsp;&nbsp;&nbsp;&nbsp; Order order = new Order("f");<br />13:&nbsp;&nbsp;&nbsp;&nbsp;&nbsp;&nbsp;&nbsp; order = new Order();<br />14:&nbsp;&nbsp;&nbsp;&nbsp;&nbsp;&nbsp;&nbsp; System.out.println(order.value);<br />15: } }</p>');
	INSERT INTO Answer (id,questionId,text,correct,comment) OVERRIDING SYSTEM VALUE VALUES (950,410,'tacb',true,'');
	INSERT INTO Answer (id,questionId,text,correct,comment) OVERRIDING SYSTEM VALUE VALUES (951,410,'tacf',false,'');
	INSERT INTO Answer (id,questionId,text,correct,comment) OVERRIDING SYSTEM VALUE VALUES (952,410,'tacbf',false,'');
	INSERT INTO Answer (id,questionId,text,correct,comment) OVERRIDING SYSTEM VALUE VALUES (953,410,'tacfb',false,'');
	INSERT INTO Answer (id,questionId,text,correct,comment) OVERRIDING SYSTEM VALUE VALUES (954,410,'tacftacb',false,'');
	INSERT INTO Answer (id,questionId,text,correct,comment) OVERRIDING SYSTEM VALUE VALUES (955,410,'The code does not compile.',false,'');
	INSERT INTO Answer (id,questionId,text,correct,comment) OVERRIDING SYSTEM VALUE VALUES (956,410,'An exception is thrown.',false,'');
INSERT INTO Question (id,realmId,type,text) OVERRIDING SYSTEM VALUE VALUES (411,4,1,'<p>Which of the following will compile when inserted in the following code? (Choose all that apply)</p>
<p>public class Order3 {<br />&nbsp;&nbsp;&nbsp; final String value1 = "1";<br />&nbsp;&nbsp;&nbsp; static String value2 = "2";<br />&nbsp;&nbsp;&nbsp; String value3 = "3";<br />&nbsp;&nbsp;&nbsp; {<br />&nbsp;&nbsp;&nbsp;&nbsp;&nbsp;&nbsp;&nbsp; // CODE SNIPPET 1<br />&nbsp;&nbsp;&nbsp; }<br />&nbsp;&nbsp;&nbsp; static {<br />&nbsp;&nbsp;&nbsp;&nbsp;&nbsp;&nbsp;&nbsp; // CODE SNIPPET 2<br />&nbsp;&nbsp;&nbsp; }<br />}</p>');
	INSERT INTO Answer (id,questionId,text,correct,comment) OVERRIDING SYSTEM VALUE VALUES (960,411,'value1 = "g"; instead of // CODE SNIPPET 2',false,'');
	INSERT INTO Answer (id,questionId,text,correct,comment) OVERRIDING SYSTEM VALUE VALUES (961,411,'value2 = "h"; instead of // CODE SNIPPET 2',true,'');
	INSERT INTO Answer (id,questionId,text,correct,comment) OVERRIDING SYSTEM VALUE VALUES (962,411,'value3 = "i"; instead of // CODE SNIPPET 2',false,'');
	INSERT INTO Answer (id,questionId,text,correct,comment) OVERRIDING SYSTEM VALUE VALUES (957,411,'value1 = "d"; instead of // CODE SNIPPET 1',false,'');
	INSERT INTO Answer (id,questionId,text,correct,comment) OVERRIDING SYSTEM VALUE VALUES (958,411,'value2 = "e"; instead of // CODE SNIPPET 1',true,'');
	INSERT INTO Answer (id,questionId,text,correct,comment) OVERRIDING SYSTEM VALUE VALUES (959,411,'value3 = "f"; instead of // CODE SNIPPET 1',true,'');
INSERT INTO Question (id,realmId,type,text) OVERRIDING SYSTEM VALUE VALUES (412,4,1,'<p>Which of the following are true about the following code? (Choose all that apply)</p>
<p>public class Create {<br />&nbsp;&nbsp;&nbsp; Create() {<br />&nbsp;&nbsp;&nbsp;&nbsp;&nbsp;&nbsp;&nbsp; System.out.print("1 ");<br />&nbsp;&nbsp;&nbsp; }<br />&nbsp;&nbsp;&nbsp; Create(int num) {<br />&nbsp;&nbsp;&nbsp;&nbsp;&nbsp;&nbsp;&nbsp; System.out.print("2 ");<br />&nbsp;&nbsp;&nbsp; }<br />&nbsp;&nbsp;&nbsp; Create(Integer num) {<br />&nbsp;&nbsp;&nbsp;&nbsp;&nbsp;&nbsp;&nbsp; System.out.print("3 ");<br />&nbsp;&nbsp;&nbsp; }<br />&nbsp;&nbsp;&nbsp; Create(Object num) {<br />&nbsp;&nbsp;&nbsp;&nbsp;&nbsp;&nbsp;&nbsp; System.out.print("4 ");<br />&nbsp;&nbsp;&nbsp; }<br />&nbsp;&nbsp;&nbsp; Create(int... nums) {<br />&nbsp;&nbsp;&nbsp;&nbsp;&nbsp;&nbsp;&nbsp; System.out.print("5 ");<br />&nbsp;&nbsp;&nbsp; }<br />&nbsp;&nbsp;&nbsp; public static void main(String[] args) {<br />&nbsp;&nbsp;&nbsp;&nbsp;&nbsp;&nbsp;&nbsp; new Create(100);<br />&nbsp;&nbsp;&nbsp;&nbsp;&nbsp;&nbsp;&nbsp; new Create(100L);<br />&nbsp;&nbsp;&nbsp; }<br />}</p>');
	INSERT INTO Answer (id,questionId,text,correct,comment) OVERRIDING SYSTEM VALUE VALUES (963,412,'The code prints out 2 4 .',true,'');
	INSERT INTO Answer (id,questionId,text,correct,comment) OVERRIDING SYSTEM VALUE VALUES (964,412,'The code prints out 3 4 .',false,'');
	INSERT INTO Answer (id,questionId,text,correct,comment) OVERRIDING SYSTEM VALUE VALUES (965,412,'The code prints out 4 2 .',false,'');
	INSERT INTO Answer (id,questionId,text,correct,comment) OVERRIDING SYSTEM VALUE VALUES (966,412,'The code prints out 4 4 .',false,'');
	INSERT INTO Answer (id,questionId,text,correct,comment) OVERRIDING SYSTEM VALUE VALUES (967,412,'The code prints 3 4 if you remove the constructor Create(int num).',true,'');
	INSERT INTO Answer (id,questionId,text,correct,comment) OVERRIDING SYSTEM VALUE VALUES (968,412,'The code prints 4 4 if you remove the constructor Create(int num).',false,'');
	INSERT INTO Answer (id,questionId,text,correct,comment) OVERRIDING SYSTEM VALUE VALUES (969,412,'The code prints 5 4 if you remove the constructor Create(int num).',false,'');
INSERT INTO Question (id,realmId,type,text) OVERRIDING SYSTEM VALUE VALUES (413,4,1,'What is the result of the following class?<br /><br />1: import java.util.function.*;<br />2:<br />3: public class Panda {<br />4:&nbsp;&nbsp;&nbsp;&nbsp; int age;<br />5:&nbsp;&nbsp;&nbsp;&nbsp; public static void main(String[] args) {<br />6:&nbsp;&nbsp;&nbsp;&nbsp;&nbsp;&nbsp;&nbsp;&nbsp; Panda p1 = new Panda();<br />7:&nbsp;&nbsp;&nbsp;&nbsp;&nbsp;&nbsp;&nbsp;&nbsp; p1.age = 1;<br />8:&nbsp;&nbsp;&nbsp;&nbsp;&nbsp;&nbsp;&nbsp;&nbsp; check(p1, p -&gt; p.age &lt; 5);<br />9:&nbsp;&nbsp;&nbsp;&nbsp; }<br />10:&nbsp;&nbsp;&nbsp; private static void check(Panda panda, Predicate&lt;Panda&gt; pred) {<br />11:&nbsp;&nbsp;&nbsp;&nbsp;&nbsp;&nbsp;&nbsp; String result = pred.test(panda) ? "match" : "not match";<br />12:&nbsp;&nbsp;&nbsp;&nbsp;&nbsp;&nbsp;&nbsp; System.out.print(result);<br />13: } }');
	INSERT INTO Answer (id,questionId,text,correct,comment) OVERRIDING SYSTEM VALUE VALUES (970,413,'match',true,'');
	INSERT INTO Answer (id,questionId,text,correct,comment) OVERRIDING SYSTEM VALUE VALUES (971,413,'not match',false,'');
	INSERT INTO Answer (id,questionId,text,correct,comment) OVERRIDING SYSTEM VALUE VALUES (972,413,'Compiler error on line 8.',false,'');
	INSERT INTO Answer (id,questionId,text,correct,comment) OVERRIDING SYSTEM VALUE VALUES (973,413,'Compiler error on line 10.',false,'');
	INSERT INTO Answer (id,questionId,text,correct,comment) OVERRIDING SYSTEM VALUE VALUES (974,413,'Compiler error on line 11.',false,'');
	INSERT INTO Answer (id,questionId,text,correct,comment) OVERRIDING SYSTEM VALUE VALUES (975,413,'A runtime exception is thrown.',false,'');
INSERT INTO Question (id,realmId,type,text) OVERRIDING SYSTEM VALUE VALUES (414,4,1,'<p>What is the result of the following code?</p>
<p>1: interface Climb {<br />2:&nbsp;&nbsp;&nbsp;&nbsp; boolean isTooHigh(int height, int limit);<br />3: }<br />4:<br />5: public class Climber {<br />6:&nbsp;&nbsp;&nbsp;&nbsp; public static void main(String[] args) {<br />7:&nbsp;&nbsp;&nbsp;&nbsp; check((h, l) -&gt; h.append(l).isEmpty(), 5);<br />8:&nbsp;&nbsp;&nbsp;&nbsp; }<br />9:&nbsp;&nbsp;&nbsp;&nbsp; private static void check(Climb climb, int height) {<br />10:&nbsp;&nbsp;&nbsp;&nbsp;&nbsp;&nbsp;&nbsp; if (climb.isTooHigh(height, 10))<br />11:&nbsp;&nbsp;&nbsp;&nbsp;&nbsp;&nbsp;&nbsp;&nbsp;&nbsp;&nbsp;&nbsp; System.out.println("too high");<br />12:&nbsp;&nbsp;&nbsp;&nbsp;&nbsp;&nbsp;&nbsp; else<br />13:&nbsp;&nbsp;&nbsp;&nbsp;&nbsp;&nbsp;&nbsp;&nbsp;&nbsp;&nbsp;&nbsp; System.out.println("ok");<br />14:&nbsp;&nbsp;&nbsp; }<br />15: }</p>');
	INSERT INTO Answer (id,questionId,text,correct,comment) OVERRIDING SYSTEM VALUE VALUES (976,414,'ok',false,'');
	INSERT INTO Answer (id,questionId,text,correct,comment) OVERRIDING SYSTEM VALUE VALUES (977,414,'too high',false,'');
	INSERT INTO Answer (id,questionId,text,correct,comment) OVERRIDING SYSTEM VALUE VALUES (978,414,'Compiler error on line 7.',true,'Интерфейс Climb, на который мапится лямбда, принимает на вход два параметра int, а в лямбде на одном из параметров производится попытка выполнить метод append.');
	INSERT INTO Answer (id,questionId,text,correct,comment) OVERRIDING SYSTEM VALUE VALUES (979,414,'Compiler error on line 10.',false,'');
	INSERT INTO Answer (id,questionId,text,correct,comment) OVERRIDING SYSTEM VALUE VALUES (980,414,'Compiler error on a different line.',false,'');
	INSERT INTO Answer (id,questionId,text,correct,comment) OVERRIDING SYSTEM VALUE VALUES (981,414,'A runtime exception is thrown.',false,'');
INSERT INTO Question (id,realmId,type,text) OVERRIDING SYSTEM VALUE VALUES (415,4,1,'<p>Which of the following lambda expressions can fill in the blank? (Choose all that apply)</p>
<p>List&lt;String&gt; list = new ArrayList&lt;&gt;();<br />list.removeIf(___________________);</p>');
	INSERT INTO Answer (id,questionId,text,correct,comment) OVERRIDING SYSTEM VALUE VALUES (982,415,'s -&gt; s.isEmpty()',true,'');
	INSERT INTO Answer (id,questionId,text,correct,comment) OVERRIDING SYSTEM VALUE VALUES (983,415,'s -&gt; {s.isEmpty()}',false,'');
	INSERT INTO Answer (id,questionId,text,correct,comment) OVERRIDING SYSTEM VALUE VALUES (984,415,'s -&gt; {s.isEmpty();}',false,'');
	INSERT INTO Answer (id,questionId,text,correct,comment) OVERRIDING SYSTEM VALUE VALUES (985,415,'s -&gt; {return s.isEmpty();}',true,'');
	INSERT INTO Answer (id,questionId,text,correct,comment) OVERRIDING SYSTEM VALUE VALUES (986,415,'String s -&gt; s.isEmpty()',false,'');
	INSERT INTO Answer (id,questionId,text,correct,comment) OVERRIDING SYSTEM VALUE VALUES (987,415,'(String s) -&gt; s.isEmpty()',true,'');
INSERT INTO Question (id,realmId,type,text) OVERRIDING SYSTEM VALUE VALUES (416,4,1,'<p>Which lambda can replace the MySecret class to return the same value? (Choose all that apply)</p>
<p>interface Secret {<br />&nbsp;&nbsp;&nbsp; String magic(double d);<br />}</p>
<p>class MySecret implements Secret {<br />&nbsp;&nbsp;&nbsp; public String magic(double d) {<br />&nbsp;&nbsp;&nbsp;&nbsp;&nbsp;&nbsp;&nbsp; return "Poof";<br />&nbsp;&nbsp;&nbsp; }<br />}</p>');
	INSERT INTO Answer (id,questionId,text,correct,comment) OVERRIDING SYSTEM VALUE VALUES (992,416,'caller((e) -&gt; { String e = ""; return "Poof" });',false,'');
	INSERT INTO Answer (id,questionId,text,correct,comment) OVERRIDING SYSTEM VALUE VALUES (993,416,'caller((e) -&gt; { String f = ""; return "Poof"; });',true,'');
	INSERT INTO Answer (id,questionId,text,correct,comment) OVERRIDING SYSTEM VALUE VALUES (988,416,'caller((e) -&gt; "Poof");',true,'');
	INSERT INTO Answer (id,questionId,text,correct,comment) OVERRIDING SYSTEM VALUE VALUES (989,416,'caller((e) -&gt; {"Poof"});',false,'');
	INSERT INTO Answer (id,questionId,text,correct,comment) OVERRIDING SYSTEM VALUE VALUES (990,416,'caller((e) -&gt; { String e = ""; "Poof" });',false,'');
	INSERT INTO Answer (id,questionId,text,correct,comment) OVERRIDING SYSTEM VALUE VALUES (991,416,'caller((e) -&gt; { String e = ""; return "Poof"; });',false,'');
INSERT INTO Question (id,realmId,type,text) OVERRIDING SYSTEM VALUE VALUES (417,4,0,'Нельзя наследовать&nbsp;от класса с модификатором final.');
INSERT INTO Question (id,realmId,type,text) OVERRIDING SYSTEM VALUE VALUES (418,4,2,'Укажите общий синтаксис объявления класса (не внутреннего).');
	INSERT INTO Answer (id,questionId,text,correct,comment) OVERRIDING SYSTEM VALUE VALUES (994,418,'[public] [abstract|final] class ClassName [extends OtherClass] {}<br /><br />модификатор доступа и опциональные модификаторы могут меняться местами',true,'');
INSERT INTO Question (id,realmId,type,text) OVERRIDING SYSTEM VALUE VALUES (419,4,0,'Правила применения модификаторов доступа и принципов распределения по файлам идентичны для классов и интерфейсов.');
INSERT INTO Question (id,realmId,type,text) OVERRIDING SYSTEM VALUE VALUES (420,4,2,'От какого класса наследуют все остальные классы Java?');
	INSERT INTO Answer (id,questionId,text,correct,comment) OVERRIDING SYSTEM VALUE VALUES (995,420,'java.lang.Object',true,'');
INSERT INTO Question (id,realmId,type,text) OVERRIDING SYSTEM VALUE VALUES (421,4,0,'В Java первой строкой <strong>любого</strong> конструктора идет либо <strong>this</strong>(...), либо <strong>super</strong>(...). Даже если в коде не видно super(), он незримо присутствует в байт-коде.<br /><br />Как и в случае с this(), super() может встречаться только однажды и только первой строкой конструктора.<br /><br />Если вызовы this() в конструкторах приводят к зацикливанию (рекурсии), то это отслеживается на этапе компиляции.');
INSERT INTO Question (id,realmId,type,text) OVERRIDING SYSTEM VALUE VALUES (422,4,0,'Если у родительского класса определено несколько конструкторов, доступных для потомков, то потомок может вызвать любой из этих конструкторов в своем конструкторе. Аргументы конструктора-потомка не обязаны соответствовать аргументам конструктора-родителя.');
INSERT INTO Question (id,realmId,type,text) OVERRIDING SYSTEM VALUE VALUES (423,4,2,'Напишите код произвольного класса (без конструкторов, методов и полей), который соответствует байт-коду.');
	INSERT INTO Answer (id,questionId,text,correct,comment) OVERRIDING SYSTEM VALUE VALUES (996,423,'public class Donkey {<br />&nbsp;&nbsp;&nbsp; public Donkey() {<br />&nbsp;&nbsp;&nbsp;&nbsp;&nbsp;&nbsp;&nbsp; super();<br />&nbsp;&nbsp;&nbsp; }<br />}',true,'');
INSERT INTO Question (id,realmId,type,text) OVERRIDING SYSTEM VALUE VALUES (424,4,0,'Опасная ситуация на экзамене: если у родительского класса нет дефолтного конструктора, а дочерний класс объявлен без конструкторов (т.е. с дефолтным), будет ошибка компиляции.');
INSERT INTO Question (id,realmId,type,text) OVERRIDING SYSTEM VALUE VALUES (425,4,0,'В Java родительский конструктор всегда выполняется ДО дочернего.');
INSERT INTO Question (id,realmId,type,text) OVERRIDING SYSTEM VALUE VALUES (426,4,2,'<p>Каким будет вывод следующего кода?<br /><br />class Primate {<br />&nbsp;&nbsp;&nbsp; public Primate() {<br />&nbsp;&nbsp;&nbsp;&nbsp;&nbsp;&nbsp;&nbsp; System.out.println("Primate");<br />&nbsp;&nbsp;&nbsp; }<br />}</p>
<p>class Ape extends Primate {<br />&nbsp;&nbsp;&nbsp; public Ape() {<br />&nbsp;&nbsp;&nbsp;&nbsp;&nbsp;&nbsp;&nbsp; System.out.println("Ape");<br />&nbsp;&nbsp;&nbsp; }<br />}</p>
<p>public class Chimpanzee extends Ape {<br />&nbsp;&nbsp;&nbsp; public static void main(String[] args) {<br />&nbsp;&nbsp;&nbsp;&nbsp;&nbsp;&nbsp;&nbsp; new Chimpanzee();<br />&nbsp;&nbsp;&nbsp; }<br />}</p>');
	INSERT INTO Answer (id,questionId,text,correct,comment) OVERRIDING SYSTEM VALUE VALUES (997,426,'Primate<br />Ape',true,'');
INSERT INTO Question (id,realmId,type,text) OVERRIDING SYSTEM VALUE VALUES (427,4,0,'Если родительский класс находится в том же пакете, что и дочерний, то у дочернего имеется доступ к package-private членам родительского.');
INSERT INTO Question (id,realmId,type,text) OVERRIDING SYSTEM VALUE VALUES (428,4,0,'Если некоторый член родительского класса не переопределен в дочернем, то к нему можно обращаться как через this, так и через super.<br /><br />Члены класса - как методы, так и поля, не "перетираются" при переопределении методов или при объявлении полей с такими же именами в&nbsp;дочернем классе.&nbsp;Если доступ позволяет, к ним можно обращаться через super.');
INSERT INTO Question (id,realmId,type,text) OVERRIDING SYSTEM VALUE VALUES (429,4,2,'Скомпилируется ли следующий конструктор?<br /><br />public Rabbit(int age) {<br />&nbsp;&nbsp;&nbsp; super();<br />&nbsp;&nbsp;&nbsp; super.setAge(10);<br />}');
	INSERT INTO Answer (id,questionId,text,correct,comment) OVERRIDING SYSTEM VALUE VALUES (998,429,'Да. Первая строка вызывает конструктор родительского класса, значит, на момент выполнения второй строки объект родительского уже готов, и к его членам можно обращаться посредством <strong>super</strong>.',true,'');
INSERT INTO Question (id,realmId,type,text) OVERRIDING SYSTEM VALUE VALUES (430,4,2,'Перечислите правила (ограничения) при переопределении/скрывании метода.');
	INSERT INTO Answer (id,questionId,text,correct,comment) OVERRIDING SYSTEM VALUE VALUES (999,430,'<strong>0</strong>. Метод не должен быть private.<strong><br />1</strong>. Метод в дочернем классе должен иметь такое же имя и сигнатуру, как и в родительском.<br /><strong>2</strong>. Метод в дочернем классе должен иметь такой же или более широкий модификатор доступа.<br /><strong>3</strong>. Проверяемые (checked) исключения, выбрасываемые методом в дочернем классе, должны совпадать с исключениями родительского класса, либо быть их потомками, либо вообще отсутствовать. Иными словами, список выбрасываемых методом-потомком исключений не может расширяться.<br /><strong>4</strong>. Если метод возвращает значение, оно должно быть того же типа, что и в родительском классе, или быть потомком этого типа (<em>covariant return types</em>). Внимание! Примитивные типы (например, short&gt;int&gt;long) не состоят в отношениях наследования и не могут быть ковариантами.<br /><strong>5</strong>. Методы с той же сигнатурой в родительском и дочернем классе должны быть либо оба <strong>static</strong>, либо оба non-<strong>static</strong>.',true,'');
INSERT INTO Question (id,realmId,type,text) OVERRIDING SYSTEM VALUE VALUES (431,4,0,'Если метод в дочернем классе по имени и сигнатуре совпадает с методом родительского класса, но имеет другой возвращаемый тип, то будет ошибка компиляции.');
INSERT INTO Question (id,realmId,type,text) OVERRIDING SYSTEM VALUE VALUES (432,4,0,'Если метод явным образом выбрасывает исключение (посредством ключевого слова <strong>throw</strong>), то <strong>return</strong> указывать не нужно - и даже запрещено (<em>unreachable code</em>).');
INSERT INTO Question (id,realmId,type,text) OVERRIDING SYSTEM VALUE VALUES (433,4,0,'private-метод в родительском классе и non-private-метод с той же сигнатурой в дочернем не связаны никакими иерархическими отношениями.');
INSERT INTO Question (id,realmId,type,text) OVERRIDING SYSTEM VALUE VALUES (434,4,2,'Что такое <em>method hiding</em>?');
	INSERT INTO Answer (id,questionId,text,correct,comment) OVERRIDING SYSTEM VALUE VALUES (1000,434,'Это когда в дочернем классе определяется статичный метод с такой же сигнатурой, как и в родительском (<em>hidden method</em>). Скрывание метода похоже на переопределение.',true,'');
INSERT INTO Question (id,realmId,type,text) OVERRIDING SYSTEM VALUE VALUES (435,4,2,'Опишите отличие между переопределением (overriding) и скрыванием (hiding)/');
	INSERT INTO Answer (id,questionId,text,correct,comment) OVERRIDING SYSTEM VALUE VALUES (1001,435,'Переопределение возможно только для <span style="text-decoration: underline;">методов</span> <span style="text-decoration: underline;">экземпляра</span>. Если на объекте вызывается метод, то отработает его самая последняя переопределенная версия, даже если метод вызвался в контексте класса предка (например, из унаследованного, не переопределенного метода или по ссылке типа класса-предка). Единственное исключение - явный вызов родительской версии метода посредством ключевого слова <strong>super</strong>.<br />Скрывание говорит о том, что определенный в потомке&nbsp;метод "скрывает" родительский при вызове, но если контекст родительский, то и метод возьмется из родителя.<br />Опыт показывает, что для методов экземпляра характерно переопределение, а для переменных экземпляра, а также для любых статических членов - скрывание.<br />Однако есть и базовое отличие между скрыванием методов и полей - у последних допускается сужение доступа. Это может привести к тому, что потомок не сможет напрямую обратиться к полю, которое помечено public у его "деда", но заперто на private у "отца".',true,'');
INSERT INTO Question (id,realmId,type,text) OVERRIDING SYSTEM VALUE VALUES (436,4,0,'Методы, помеченные final, нельзя переопределить. Или скрыть!');
INSERT INTO Question (id,realmId,type,text) OVERRIDING SYSTEM VALUE VALUES (437,4,0,'Через <strong>super</strong> можно обратиться не только к методу, но и к переменной родителя.');
INSERT INTO Question (id,realmId,type,text) OVERRIDING SYSTEM VALUE VALUES (438,4,0,'Не надо использовать скрывание переменных в практическом программировании.');
INSERT INTO Question (id,realmId,type,text) OVERRIDING SYSTEM VALUE VALUES (439,4,2,'Что такое абстрактный класс и абстрактный метод?');
	INSERT INTO Answer (id,questionId,text,correct,comment) OVERRIDING SYSTEM VALUE VALUES (1002,439,'Абстрактный класс - это класс, который нельзя инстанциировать и который может (но не обязан) иметь абстрактные методы.<br />Абстрактный метод - это метод экземпляра без реализации, который должен переопределяться в потомках. Не имеет фигурных скобок, двоеточие ставится сразу за закрывающей круглой скобкой.<br />Абстрактные класс и метод помечаются модификатором <strong>abstract</strong>.<br />Статических абстрактных методов <span style="text-decoration: underline;">не бывает</span>. (ошибка компиляции)',true,'');
INSERT INTO Question (id,realmId,type,text) OVERRIDING SYSTEM VALUE VALUES (440,4,0,'Создатели экзамена&nbsp;очень любят вопросы, где в коде есть абстрактные методы в классах, не помеченных abstract. А еще они любят абстрактные методы с реализацией.');
INSERT INTO Question (id,realmId,type,text) OVERRIDING SYSTEM VALUE VALUES (441,4,0,'<strong>abstract</strong> и <strong>final</strong> - несовместимые модификаторы, так же как <strong>abstract</strong> и <strong>private</strong>');
INSERT INTO Question (id,realmId,type,text) OVERRIDING SYSTEM VALUE VALUES (442,4,2,'Что такое (concrete class)?');
	INSERT INTO Answer (id,questionId,text,correct,comment) OVERRIDING SYSTEM VALUE VALUES (1003,442,'<em>Concrete class</em> - это первый неабстрактный класс в иерархии. Т.е. в этом классе имплементированы все абстрактные методы.',true,'');
INSERT INTO Question (id,realmId,type,text) OVERRIDING SYSTEM VALUE VALUES (443,4,2,'<p>Скомпилируется ли следующий код?<br /><br />public abstract class Animal {<br />&nbsp;&nbsp;&nbsp; public abstract String getName();<br />}</p>
<p>public class Bird extends Animal { }</p>
<p>public class Flamingo extends Bird {<br />&nbsp;&nbsp;&nbsp; public String getName() {<br />&nbsp;&nbsp;&nbsp;&nbsp;&nbsp; return "Flamingo";<br />&nbsp;&nbsp; }<br />}</p>');
	INSERT INTO Answer (id,questionId,text,correct,comment) OVERRIDING SYSTEM VALUE VALUES (1004,443,'Нет. Класс Bird - это concrete class, он обязан имплементировать метод getName().',true,'');
INSERT INTO Question (id,realmId,type,text) OVERRIDING SYSTEM VALUE VALUES (444,4,2,'<p>Скомпилируется ли следующий код?<br /><br />public abstract class Animal {<br />&nbsp;&nbsp;&nbsp; public abstract String getName();<br />}<br />public abstract class BigCat extends Animal {<br />&nbsp;&nbsp;&nbsp; public String getName() {<br />&nbsp;&nbsp;&nbsp;&nbsp;&nbsp; return "BigCat";<br />&nbsp;&nbsp;&nbsp; }<br />&nbsp;&nbsp;&nbsp; public abstract void roar();<br />}</p>
<p>public class Lion extends BigCat {<br />&nbsp;&nbsp;&nbsp; public void roar() {<br />&nbsp;&nbsp;&nbsp;&nbsp;&nbsp; System.out.println("The Lion lets out a loud ROAR!");<br />&nbsp;&nbsp;&nbsp; }<br />}</p>');
	INSERT INTO Answer (id,questionId,text,correct,comment) OVERRIDING SYSTEM VALUE VALUES (1005,444,'Да. Concrete class не обязан имплементировать абстрактный метод, если это уже сделано в промежуточном абстрактном предке.',true,'');
INSERT INTO Question (id,realmId,type,text) OVERRIDING SYSTEM VALUE VALUES (445,4,2,'Можно ли объявить абстрактным метод, который имеет реализацию в родителе?');
	INSERT INTO Answer (id,questionId,text,correct,comment) OVERRIDING SYSTEM VALUE VALUES (1006,445,'Да, можно.',true,'');
INSERT INTO Question (id,realmId,type,text) OVERRIDING SYSTEM VALUE VALUES (446,4,0,'При переопределении абстрактного метода ссылаться на родительскую версию посредством <strong>super</strong> - нельзя (как и на любой другой абстрактный метод в родителе).');
INSERT INTO Question (id,realmId,type,text) OVERRIDING SYSTEM VALUE VALUES (447,4,0,'5 законов абстрактных классов:<br /><br /><strong>1</strong>. Нельзя инстанциировать<br /><strong>2</strong>. Может содержать 0+ абстрактных методов<br /><strong>3</strong>. Не может быть protected, private (как любой класс), final.<br /><strong>4</strong>. Абстрактный наследник наследует все абстрактные методы родителя.<br /><strong>5</strong>. Первый неабстрактный класс в иерархии должен реализовать все абстрактные методы.<br /><br />5 законов абстрактных методов:<br /><br /><strong>1</strong>. Могут быть только в абстрактных классах<br /><strong>2</strong>. Не могут быть private или final<br /><strong>3</strong>. Не могут иметь имплементации (точка с запятой вместо фигурных скобок)<br /><strong>4</strong>. Подчиняются всем правилам переопределения: имя/сигнатура, запрет снижения видимости.');
INSERT INTO Question (id,realmId,type,text) OVERRIDING SYSTEM VALUE VALUES (448,4,2,'Что такое интерфейс?');
	INSERT INTO Answer (id,questionId,text,correct,comment) OVERRIDING SYSTEM VALUE VALUES (1007,448,'Интерфейс это абстрактный тип данных, определяющий список абстрактных <span style="text-decoration: underline;">public</span>-методов, которые обязаны быть реализованы любым конкретным классом, имплементирующим интерфейс. (абстрактный класс не обязан делать реализацию)',true,'');
INSERT INTO Question (id,realmId,type,text) OVERRIDING SYSTEM VALUE VALUES (449,4,2,'Что может содержать интерфейс?');
	INSERT INTO Answer (id,questionId,text,correct,comment) OVERRIDING SYSTEM VALUE VALUES (1008,449,'- определения методов экземпляра (все они abstract и public, даже если не указано явно)<br />- константы (все они public static final, даже если не указано явно)<br />- методы по умолчанию (default)<br />- статичные методы (public, даже если не указано явно)',true,'');
INSERT INTO Question (id,realmId,type,text) OVERRIDING SYSTEM VALUE VALUES (450,4,0,'Класс может имплементировать несколько интерфейсов - через запятую.');
INSERT INTO Question (id,realmId,type,text) OVERRIDING SYSTEM VALUE VALUES (451,4,0,'5 правил определения интерфейсов:<br /><br /><strong>1</strong>. Интерфейс не может быть инстанциирован напрямую.<br /><strong>2</strong>. Интерфейс не обязан иметь методы.<br /><strong>3</strong>. Интерфейс не может быть определен как final.<br /><strong>4</strong>. Интерфейсы верхнего уровня, как и классы, могут иметь модификатор доступа public или default. Автоматически имеют модификатор abstract, что не рекомендуется указывать явно.<br /><strong>5</strong>. Все non-default&nbsp; методы интерфейса не могут иметь мофидикаторов private, protected, final.');
INSERT INTO Question (id,realmId,type,text) OVERRIDING SYSTEM VALUE VALUES (452,4,2,'Каковы правила наследования интерфейсов?');
	INSERT INTO Answer (id,questionId,text,correct,comment) OVERRIDING SYSTEM VALUE VALUES (1009,452,'1. Используется ключевое слово <strong>extends</strong>.<br />2. Можно наследовать нескольким интерфейсам (через запятую).',true,'');
INSERT INTO Question (id,realmId,type,text) OVERRIDING SYSTEM VALUE VALUES (453,4,0,'Если класс имплементирует два интерфейса с одинаковым методом, то ему достаточно реализовать этот метод.<br /><br />Если методы с одним именем, но разной сигнатурой - это расценивается как overloading.<br /><br />Если имя метода и сигнатура совпадают, но тип возвращаемого значения отличается - могут сработать ковариантные типы (если возвращаемые значения из одной иерархии). Тогда имплементирующий класс должен реализовать метод с более узким классом.<br /><br />Если типы несовместимы - ошибка компиляции');
INSERT INTO Question (id,realmId,type,text) OVERRIDING SYSTEM VALUE VALUES (454,4,0,'<p>При наследовании интерфейсов ковариантные типы - работают!<br /><br />interface Int1 {<br />&nbsp;&nbsp;&nbsp; Object get();<br />}</p>
<p>interface Int2 extends Int1{<br />&nbsp;&nbsp;&nbsp; String get();<br />}<br /><br />Классу, имплементирующему оба интерфейса, достаточно будет реализовать String get().</p>');
INSERT INTO Question (id,realmId,type,text) OVERRIDING SYSTEM VALUE VALUES (455,4,0,'У класса, имплементирующего интерфейс и не&nbsp;реализующего хотя бы один абстрактный метод, будет ошибка компиляции в строке определения класса.');
INSERT INTO Question (id,realmId,type,text) OVERRIDING SYSTEM VALUE VALUES (456,4,0,'Поскольку переменные интерфейса всегда final, они должны быть определены в момент объявления.');
INSERT INTO Question (id,realmId,type,text) OVERRIDING SYSTEM VALUE VALUES (457,4,2,'Почему не скомпилируются строки данного интерфейса?<br /><br />public interface CanDig {<br />&nbsp;&nbsp;&nbsp; private int MAXIMUM_DEPTH = 100;<br />&nbsp;&nbsp;&nbsp; protected abstract boolean UNDERWATER = false;<br />&nbsp;&nbsp;&nbsp; public static String TYPE;<br />}');
	INSERT INTO Answer (id,questionId,text,correct,comment) OVERRIDING SYSTEM VALUE VALUES (1010,457,'1-я строка - потому что <strong>private.<br /></strong>2-я строка<strong> - </strong>потому что <strong>protected</strong> и <strong>abstract</strong>.<br />3-я строка - потому что не определена финальная переменная.',true,'');
INSERT INTO Question (id,realmId,type,text) OVERRIDING SYSTEM VALUE VALUES (458,4,2,'Что такое метод по умолчанию в интерфейсе?');
	INSERT INTO Answer (id,questionId,text,correct,comment) OVERRIDING SYSTEM VALUE VALUES (1011,458,'Методы по умолчанию (default methods) - это методы, объявленные в интерфейсе с помощью ключевого слова default c обязательным наличием тела метода; это методы с реализацией по умолчанию, их можно переопределять. Они, разумеется, public.',true,'');
INSERT INTO Question (id,realmId,type,text) OVERRIDING SYSTEM VALUE VALUES (459,4,0,'Одно из оснований введения в Java интерфейсных методов по умолчанию - облегчение разработки и обеспечение оратной совместимости. Теперь в широко используемый интерфейс можно добавить метод с реализацией по умолчанию, и остальные разработчики не обязаны менять свой код, имплементируя новый метод.');
INSERT INTO Question (id,realmId,type,text) OVERRIDING SYSTEM VALUE VALUES (460,4,0,'4 правила методов по умолчанию:<br /><br /><strong>1</strong>. Может быть объявлен только внутри интерфейса.<br /><strong>2</strong>. Должен иметь модификатор <strong>default</strong> и тело метода.<br /><strong>3</strong>. Не может быть <strong>static</strong>, <strong>final</strong> или <strong>abstract</strong>.<br />4. Является <strong>public</strong> и не может быть помечен как <strong>private</strong> или <strong>protected</strong>.');
INSERT INTO Question (id,realmId,type,text) OVERRIDING SYSTEM VALUE VALUES (461,4,0,'У интерфейса не может быть статичных <span style="text-decoration: underline;">дефолтных</span> методов (а обычные могут быть статичными)');
INSERT INTO Question (id,realmId,type,text) OVERRIDING SYSTEM VALUE VALUES (462,4,2,'Можно ли помечать абстрактными унаследованные методы с реализацией?');
	INSERT INTO Answer (id,questionId,text,correct,comment) OVERRIDING SYSTEM VALUE VALUES (1012,462,'Да. Если абстрактный класс наследует конкретный метод от другого класса или дефолтный метод от интерфейса, он может объявить его абстрактным. Аналогично интерфейс, наследующий дефолтный метод, может объявить его абстрактным.<br />',true,'');
INSERT INTO Question (id,realmId,type,text) OVERRIDING SYSTEM VALUE VALUES (463,4,0,'Если класс реализует несколько интерфейсов с одинаковым методом, и хотя бы в одном метод абстрактный, то надо обеспечить его реализацию (дефолтные методы из других интерфейсов не подтянутся). Аналогично при наследовании абстрактного метода из абстрактного класса его придется переопределять даже при наличии дефолтного в интерфейсе.<br /><br />И еще . Нельзя имплементировать два интерфейса с одним и тем же дефолтным методом и не переопределить его. Либо упомянутые интерфейсы должны наследовать один от другого.');
INSERT INTO Question (id,realmId,type,text) OVERRIDING SYSTEM VALUE VALUES (464,4,0,'При наследовании интерфейсов ковариантные типы в дефолтных методах работают. (равно как и при реализации метода интерфейса).');
INSERT INTO Question (id,realmId,type,text) OVERRIDING SYSTEM VALUE VALUES (465,4,2,'Чем отличается статический метод в интерфейсе от статического метода в классе?');
	INSERT INTO Answer (id,questionId,text,correct,comment) OVERRIDING SYSTEM VALUE VALUES (1013,465,'1. Всегда public.<br />2. Не наследуется классами, реализующими интерфейс - требуется явно ссылаться на имя интерфейса. Доступа к методу нет, даже если переменная типа интерфейса или если статический метод вызывается из метода экземпляра.',true,'');
INSERT INTO Question (id,realmId,type,text) OVERRIDING SYSTEM VALUE VALUES (466,4,0,'Переменные в интерфейсе доступны не только с имени интерфейса, но и с ссылки на объект, реализующий интерфейс.');
INSERT INTO Question (id,realmId,type,text) OVERRIDING SYSTEM VALUE VALUES (467,4,2,'Может ли один класс имплементировать два интерфейса, если в каждом из них оъявлен один и тот же статический метод?');
	INSERT INTO Answer (id,questionId,text,correct,comment) OVERRIDING SYSTEM VALUE VALUES (1014,467,'Да. Статические методы интерфейсов не наследуются классами, поэтому конфликта не будет.',true,'');
INSERT INTO Question (id,realmId,type,text) OVERRIDING SYSTEM VALUE VALUES (468,4,2,'Опишите явление полиморфизма.');
	INSERT INTO Answer (id,questionId,text,correct,comment) OVERRIDING SYSTEM VALUE VALUES (1015,468,'Полиморфизм - это, по сути, способность одного и то же объекта выступать в разных обличьях. Это значит, что ссылаться на один и тот же объект могут ссылки разных классов и интерфейсов, если они есть в дереве наследования/имплементации. Эти ссылки будут иметь доступ к тем членам класса, о которых они знают. Если при этом речь идет о методе экземпляра, то всегда будет вызываться последний переопределенный.<br /><br />Характерной чертой полиморфизма явлется способность присваивать объект ссылке, вышестоящей в иерархии (кастинг не нужен) или нижестоящей (кастинг требуется). С этой способностью связан принцип "полиморфных параметров", когда благодаря неявному кастингу мы можем подавать объект в метод, который ожидает тип суперкласса или интерфейса).',true,'');
INSERT INTO Question (id,realmId,type,text) OVERRIDING SYSTEM VALUE VALUES (469,4,0,'4 правила кастинга ссылочных типов:<br /><br /><strong>1</strong>. Кастинг объекта к вышестоящему классу происходит неявно.<br /><strong>2</strong>. Кастинг объекта к нижестоящему классу должен быть указан явно.<br /><strong>3</strong>. Кастинг объектов из разных ветвей иерархии (т.е. если попасть от одного к другому можно только, продвинувшись по дереву наследования вверх и вниз) не допускается компилятором.<br /><strong>4</strong>. Даже если код компилируется нормально, во время выполнения может быть ошибка применения кастинга.');
INSERT INTO Question (id,realmId,type,text) OVERRIDING SYSTEM VALUE VALUES (470,4,2,'Как обезопасить себя от ClassCastException в рантайме?');
	INSERT INTO Answer (id,questionId,text,correct,comment) OVERRIDING SYSTEM VALUE VALUES (1016,470,'Использовать <strong>instanceof</strong>:<br /><br />if(rodent instanceof Capybara) {<br />&nbsp;&nbsp;&nbsp; Capybara capybara = (Capybara)rodent;<br />}',true,'');
INSERT INTO Question (id,realmId,type,text) OVERRIDING SYSTEM VALUE VALUES (471,4,2,'Что такое виртуальные методы в Java?');
	INSERT INTO Answer (id,questionId,text,correct,comment) OVERRIDING SYSTEM VALUE VALUES (1017,471,'Виртуальный метод (<em>virtual method</em>) - это метод, реализация которого не установлена до момента старта программы. Фактически - это все не-финальные, не-статические и не-приватные методы в Java. Компилятор не может предсказать, какой именно реализованный метод будет запущен при обращении к нему по ссылке. По факту - самый ближний переопределенный метод в классе.',true,'');
INSERT INTO Question (id,realmId,type,text) OVERRIDING SYSTEM VALUE VALUES (472,4,1,'What modifiers are implicitly applied to all interface methods? (Choose all that apply)');
	INSERT INTO Answer (id,questionId,text,correct,comment) OVERRIDING SYSTEM VALUE VALUES (1018,472,'protected',false,'');
	INSERT INTO Answer (id,questionId,text,correct,comment) OVERRIDING SYSTEM VALUE VALUES (1019,472,'public',true,'');
	INSERT INTO Answer (id,questionId,text,correct,comment) OVERRIDING SYSTEM VALUE VALUES (1020,472,'static',false,'');
	INSERT INTO Answer (id,questionId,text,correct,comment) OVERRIDING SYSTEM VALUE VALUES (1021,472,'void',false,'');
	INSERT INTO Answer (id,questionId,text,correct,comment) OVERRIDING SYSTEM VALUE VALUES (1022,472,'abstract',false,'');
	INSERT INTO Answer (id,questionId,text,correct,comment) OVERRIDING SYSTEM VALUE VALUES (1023,472,'default',false,'');
INSERT INTO Question (id,realmId,type,text) OVERRIDING SYSTEM VALUE VALUES (473,4,1,'What is the output of the following code?<br /><br />1: class Mammal {<br />2:&nbsp;&nbsp;&nbsp;&nbsp; public Mammal(int age) {<br />3:&nbsp;&nbsp;&nbsp;&nbsp;&nbsp;&nbsp;&nbsp;&nbsp; System.out.print("Mammal");<br />4:&nbsp;&nbsp;&nbsp;&nbsp; }<br />5: }<br />6: public class Platypus extends Mammal {<br />7:&nbsp;&nbsp;&nbsp;&nbsp; public Platypus() {<br />8:&nbsp;&nbsp;&nbsp;&nbsp;&nbsp;&nbsp;&nbsp;&nbsp; System.out.print("Platypus");<br />9:&nbsp;&nbsp;&nbsp;&nbsp; }<br />10:&nbsp;&nbsp;&nbsp;&nbsp; public static void main(String[] args) {<br />11:&nbsp;&nbsp;&nbsp;&nbsp;&nbsp;&nbsp;&nbsp; new Mammal(5);<br />12:&nbsp;&nbsp;&nbsp; }<br />13:}');
	INSERT INTO Answer (id,questionId,text,correct,comment) OVERRIDING SYSTEM VALUE VALUES (1024,473,'Platypus',false,'');
	INSERT INTO Answer (id,questionId,text,correct,comment) OVERRIDING SYSTEM VALUE VALUES (1025,473,'Mammal',false,'');
	INSERT INTO Answer (id,questionId,text,correct,comment) OVERRIDING SYSTEM VALUE VALUES (1026,473,'PlatypusMammal',false,'');
	INSERT INTO Answer (id,questionId,text,correct,comment) OVERRIDING SYSTEM VALUE VALUES (1027,473,'MammalPlatypus',false,'');
	INSERT INTO Answer (id,questionId,text,correct,comment) OVERRIDING SYSTEM VALUE VALUES (1028,473,'The code will not compile because of line 7.',true,'У дочернего класса нет вызова конструктора родительского, в котором нет конструктора по умолчанию.');
	INSERT INTO Answer (id,questionId,text,correct,comment) OVERRIDING SYSTEM VALUE VALUES (1029,473,'The code will not compile because of line 11.',false,'');
INSERT INTO Question (id,realmId,type,text) OVERRIDING SYSTEM VALUE VALUES (474,4,1,'Which of the following statements can be inserted in the blank line so that the code will compile successfully? (Choose all that apply)<br /><br />public interface CanHop {}<br />public class Frog implements CanHop {<br />&nbsp;&nbsp;&nbsp; public static void main(String[] args) {<br />&nbsp;&nbsp;&nbsp;&nbsp;&nbsp;&nbsp;&nbsp; _________ frog = new TurtleFrog();<br />&nbsp;&nbsp;&nbsp; }<br />}<br />public class BrazilianHornedFrog extends Frog {}<br />public class TurtleFrog extends Frog {}');
	INSERT INTO Answer (id,questionId,text,correct,comment) OVERRIDING SYSTEM VALUE VALUES (1030,474,'Frog',true,'');
	INSERT INTO Answer (id,questionId,text,correct,comment) OVERRIDING SYSTEM VALUE VALUES (1031,474,'TurtleFrog',true,'');
	INSERT INTO Answer (id,questionId,text,correct,comment) OVERRIDING SYSTEM VALUE VALUES (1032,474,'BrazilianHornedFrog',false,'');
	INSERT INTO Answer (id,questionId,text,correct,comment) OVERRIDING SYSTEM VALUE VALUES (1033,474,'CanHop',true,'');
	INSERT INTO Answer (id,questionId,text,correct,comment) OVERRIDING SYSTEM VALUE VALUES (1034,474,'Object',true,'');
	INSERT INTO Answer (id,questionId,text,correct,comment) OVERRIDING SYSTEM VALUE VALUES (1035,474,'Long',false,'');
INSERT INTO Question (id,realmId,type,text) OVERRIDING SYSTEM VALUE VALUES (475,4,1,'Which statement(s) are correct about the following code? (Choose all that apply)<br /><br />public class Rodent {<br />&nbsp;&nbsp;&nbsp; protected static Integer chew() throws Exception {<br />&nbsp;&nbsp;&nbsp;&nbsp;&nbsp;&nbsp;&nbsp; System.out.println("Rodent is chewing");<br />&nbsp;&nbsp;&nbsp;&nbsp;&nbsp;&nbsp;&nbsp; return 1;<br />&nbsp;&nbsp;&nbsp; }<br />}<br />public class Beaver extends Rodent {<br />&nbsp;&nbsp;&nbsp; public Number chew() throws RuntimeException {<br />&nbsp;&nbsp;&nbsp;&nbsp;&nbsp;&nbsp;&nbsp; System.out.println("Beaver is chewing on wood");<br />&nbsp;&nbsp;&nbsp;&nbsp;&nbsp;&nbsp;&nbsp; return 2;<br />&nbsp;&nbsp;&nbsp; }<br />}');
	INSERT INTO Answer (id,questionId,text,correct,comment) OVERRIDING SYSTEM VALUE VALUES (1040,475,'It fails to compile because of a static modifier mismatch between the two methods.',true,'');
	INSERT INTO Answer (id,questionId,text,correct,comment) OVERRIDING SYSTEM VALUE VALUES (1036,475,'It will compile without issue.',false,'');
	INSERT INTO Answer (id,questionId,text,correct,comment) OVERRIDING SYSTEM VALUE VALUES (1037,475,'It fails to compile because the type of the exception the method throws is a subclass of the type of exception the parent method throws.',false,'');
	INSERT INTO Answer (id,questionId,text,correct,comment) OVERRIDING SYSTEM VALUE VALUES (1038,475,'It fails to compile because the return types are not covariant.',true,'При скрывании метода действуют те же правила, что при переопределении: нельзя ослаблять доступ, должны быть ковариантные типы, нельзя выбрасывать больше исключений');
	INSERT INTO Answer (id,questionId,text,correct,comment) OVERRIDING SYSTEM VALUE VALUES (1039,475,'It fails to compile because the method is protected in the parent class and public in the subclass.',false,'');
INSERT INTO Question (id,realmId,type,text) OVERRIDING SYSTEM VALUE VALUES (476,4,1,'Which of the following may only be hidden and not overridden? (Choose all that apply)');
	INSERT INTO Answer (id,questionId,text,correct,comment) OVERRIDING SYSTEM VALUE VALUES (1041,476,'private instance methods',true,'private-члены считаются скрытыми изначально');
	INSERT INTO Answer (id,questionId,text,correct,comment) OVERRIDING SYSTEM VALUE VALUES (1042,476,'protected instance methods',false,'');
	INSERT INTO Answer (id,questionId,text,correct,comment) OVERRIDING SYSTEM VALUE VALUES (1043,476,'public instance methods',false,'');
	INSERT INTO Answer (id,questionId,text,correct,comment) OVERRIDING SYSTEM VALUE VALUES (1044,476,'static methods',true,'');
	INSERT INTO Answer (id,questionId,text,correct,comment) OVERRIDING SYSTEM VALUE VALUES (1045,476,'public variables',true,'');
	INSERT INTO Answer (id,questionId,text,correct,comment) OVERRIDING SYSTEM VALUE VALUES (1046,476,'private variables',true,'private-члены считаются скрытыми изначально');
INSERT INTO Question (id,realmId,type,text) OVERRIDING SYSTEM VALUE VALUES (477,4,1,'Choose the correct statement about the following code:<br /><br />1: interface HasExoskeleton {<br />2:&nbsp;&nbsp;&nbsp;&nbsp; abstract int getNumberOfSections();<br />3: }<br />4: abstract class Insect implements HasExoskeleton {<br />5:&nbsp;&nbsp;&nbsp;&nbsp; abstract int getNumberOfLegs();<br />6: }<br />7: public class Beetle extends Insect {<br />8:&nbsp;&nbsp;&nbsp;&nbsp; int getNumberOfLegs() { return 6; }<br />9: }');
	INSERT INTO Answer (id,questionId,text,correct,comment) OVERRIDING SYSTEM VALUE VALUES (1047,477,'It compiles and runs without issue.',false,'');
	INSERT INTO Answer (id,questionId,text,correct,comment) OVERRIDING SYSTEM VALUE VALUES (1048,477,'The code will not compile because of line 2.',false,'');
	INSERT INTO Answer (id,questionId,text,correct,comment) OVERRIDING SYSTEM VALUE VALUES (1049,477,'The code will not compile because of line 4.',false,'');
	INSERT INTO Answer (id,questionId,text,correct,comment) OVERRIDING SYSTEM VALUE VALUES (1050,477,'The code will not compile because of line 7.',true,'');
	INSERT INTO Answer (id,questionId,text,correct,comment) OVERRIDING SYSTEM VALUE VALUES (1051,477,'It compiles but throws an exception at runtime.',false,'');
INSERT INTO Question (id,realmId,type,text) OVERRIDING SYSTEM VALUE VALUES (478,4,1,'Which of the following statements about polymorphism are true? (Choose all that apply)');
	INSERT INTO Answer (id,questionId,text,correct,comment) OVERRIDING SYSTEM VALUE VALUES (1056,478,'By defining a public instance method in the superclass, you guarantee that the specific method will be called in the parent class at runtime.',false,'');
	INSERT INTO Answer (id,questionId,text,correct,comment) OVERRIDING SYSTEM VALUE VALUES (1052,478,'A reference to an object may be cast to a subclass of the object without an explicit cast.',false,'');
	INSERT INTO Answer (id,questionId,text,correct,comment) OVERRIDING SYSTEM VALUE VALUES (1053,478,'If a method takes a superclass of three objects, then any of those classes may be passed as a parameter to the method.',true,'');
	INSERT INTO Answer (id,questionId,text,correct,comment) OVERRIDING SYSTEM VALUE VALUES (1054,478,'A method that takes a parameter with type java.lang.Object will take any reference.',true,'');
	INSERT INTO Answer (id,questionId,text,correct,comment) OVERRIDING SYSTEM VALUE VALUES (1055,478,'All cast exceptions can be detected at compile-time.',false,'');
INSERT INTO Question (id,realmId,type,text) OVERRIDING SYSTEM VALUE VALUES (479,4,1,'Choose the correct statement about the following code:<br /><br />1: public interface Herbivore {<br />2:&nbsp;&nbsp;&nbsp;&nbsp; int amount = 10;<br />3:&nbsp;&nbsp;&nbsp;&nbsp; public static void eatGrass();<br />4:&nbsp;&nbsp;&nbsp;&nbsp; public int chew() {<br />5:&nbsp;&nbsp;&nbsp;&nbsp;&nbsp;&nbsp;&nbsp;&nbsp; return 13;<br />6:&nbsp;&nbsp;&nbsp;&nbsp; }<br />7: }');
	INSERT INTO Answer (id,questionId,text,correct,comment) OVERRIDING SYSTEM VALUE VALUES (1057,479,'It compiles and runs without issue.',false,'');
	INSERT INTO Answer (id,questionId,text,correct,comment) OVERRIDING SYSTEM VALUE VALUES (1058,479,'The code will not compile because of line 2.',false,'');
	INSERT INTO Answer (id,questionId,text,correct,comment) OVERRIDING SYSTEM VALUE VALUES (1059,479,'The code will not compile because of line 3.',false,'');
	INSERT INTO Answer (id,questionId,text,correct,comment) OVERRIDING SYSTEM VALUE VALUES (1060,479,'The code will not compile because of line 4.',false,'');
	INSERT INTO Answer (id,questionId,text,correct,comment) OVERRIDING SYSTEM VALUE VALUES (1061,479,'The code will not compile because of lines 2 and 3.',false,'');
	INSERT INTO Answer (id,questionId,text,correct,comment) OVERRIDING SYSTEM VALUE VALUES (1062,479,'The code will not compile because of lines 3 and 4.',true,'');
INSERT INTO Question (id,realmId,type,text) OVERRIDING SYSTEM VALUE VALUES (480,4,1,'Choose the correct statement about the following code:<br /><br />1: public interface CanFly {<br />2:&nbsp;&nbsp;&nbsp;&nbsp; void fly();<br />3: }<br />4: interface HasWings {<br />5:&nbsp;&nbsp;&nbsp;&nbsp; public abstract Object getWindSpan();<br />6: }<br />7: abstract class Falcon implements CanFly, HasWings {<br />8: }');
	INSERT INTO Answer (id,questionId,text,correct,comment) OVERRIDING SYSTEM VALUE VALUES (1063,480,'It compiles without issue.',true,'');
	INSERT INTO Answer (id,questionId,text,correct,comment) OVERRIDING SYSTEM VALUE VALUES (1064,480,'The code will not compile because of line 2.',false,'');
	INSERT INTO Answer (id,questionId,text,correct,comment) OVERRIDING SYSTEM VALUE VALUES (1065,480,'The code will not compile because of line 4.',false,'');
	INSERT INTO Answer (id,questionId,text,correct,comment) OVERRIDING SYSTEM VALUE VALUES (1066,480,'The code will not compile because of line 5.',false,'');
	INSERT INTO Answer (id,questionId,text,correct,comment) OVERRIDING SYSTEM VALUE VALUES (1067,480,'The code will not compile because of lines 2 and 5.',false,'');
	INSERT INTO Answer (id,questionId,text,correct,comment) OVERRIDING SYSTEM VALUE VALUES (1068,480,'The code will not compile because the class Falcon doesn&rsquo;t implement the interface methods.',false,'');
INSERT INTO Question (id,realmId,type,text) OVERRIDING SYSTEM VALUE VALUES (481,4,1,'Which statements are true for both abstract classes and interfaces? (Choose all that apply)');
	INSERT INTO Answer (id,questionId,text,correct,comment) OVERRIDING SYSTEM VALUE VALUES (1072,481,'Both can contain default methods.',false,'');
	INSERT INTO Answer (id,questionId,text,correct,comment) OVERRIDING SYSTEM VALUE VALUES (1073,481,'Both can contain static methods.',true,'');
	INSERT INTO Answer (id,questionId,text,correct,comment) OVERRIDING SYSTEM VALUE VALUES (1074,481,'Neither can be instantiated directly.',true,'');
	INSERT INTO Answer (id,questionId,text,correct,comment) OVERRIDING SYSTEM VALUE VALUES (1075,481,'Both inherit java.lang.Object.',false,'');
	INSERT INTO Answer (id,questionId,text,correct,comment) OVERRIDING SYSTEM VALUE VALUES (1069,481,'All methods within them are assumed to be abstract.',false,'');
	INSERT INTO Answer (id,questionId,text,correct,comment) OVERRIDING SYSTEM VALUE VALUES (1070,481,'Both can contain public static final variables.',true,'');
	INSERT INTO Answer (id,questionId,text,correct,comment) OVERRIDING SYSTEM VALUE VALUES (1071,481,'Both can be extended using the extends keyword.',true,'');
INSERT INTO Question (id,realmId,type,text) OVERRIDING SYSTEM VALUE VALUES (482,4,1,'What modifiers are assumed for all interface variables? (Choose all that apply)');
	INSERT INTO Answer (id,questionId,text,correct,comment) OVERRIDING SYSTEM VALUE VALUES (1076,482,'public',true,'');
	INSERT INTO Answer (id,questionId,text,correct,comment) OVERRIDING SYSTEM VALUE VALUES (1077,482,'protected',false,'');
	INSERT INTO Answer (id,questionId,text,correct,comment) OVERRIDING SYSTEM VALUE VALUES (1078,482,'private',false,'');
	INSERT INTO Answer (id,questionId,text,correct,comment) OVERRIDING SYSTEM VALUE VALUES (1079,482,'static',true,'');
	INSERT INTO Answer (id,questionId,text,correct,comment) OVERRIDING SYSTEM VALUE VALUES (1080,482,'final',true,'');
	INSERT INTO Answer (id,questionId,text,correct,comment) OVERRIDING SYSTEM VALUE VALUES (1081,482,'abstract',false,'');
INSERT INTO Question (id,realmId,type,text) OVERRIDING SYSTEM VALUE VALUES (483,4,1,'<p>What is the output of the following code?</p>
<p>1: interface Nocturnal {<br />2:&nbsp;&nbsp;&nbsp;&nbsp; default boolean isBlind() { return true; }<br />3: }<br />4: public class Owl implements Nocturnal {<br />5:&nbsp;&nbsp;&nbsp;&nbsp; public boolean isBlind() { return false; }<br />6:&nbsp;&nbsp;&nbsp;&nbsp; public static void main(String[] args) {<br />7:&nbsp;&nbsp;&nbsp;&nbsp;&nbsp;&nbsp;&nbsp;&nbsp; Nocturnal nocturnal = (Nocturnal)new Owl();<br />8:&nbsp;&nbsp;&nbsp;&nbsp;&nbsp;&nbsp;&nbsp;&nbsp; System.out.println(nocturnal.isBlind());<br />9:&nbsp;&nbsp;&nbsp;&nbsp; }<br />10:}</p>');
	INSERT INTO Answer (id,questionId,text,correct,comment) OVERRIDING SYSTEM VALUE VALUES (1082,483,'true',false,'');
	INSERT INTO Answer (id,questionId,text,correct,comment) OVERRIDING SYSTEM VALUE VALUES (1083,483,'false',true,'');
	INSERT INTO Answer (id,questionId,text,correct,comment) OVERRIDING SYSTEM VALUE VALUES (1084,483,'The code will not compile because of line 2.',false,'');
	INSERT INTO Answer (id,questionId,text,correct,comment) OVERRIDING SYSTEM VALUE VALUES (1085,483,'The code will not compile because of line 5.',false,'');
	INSERT INTO Answer (id,questionId,text,correct,comment) OVERRIDING SYSTEM VALUE VALUES (1086,483,'The code will not compile because of line 7.',false,'');
	INSERT INTO Answer (id,questionId,text,correct,comment) OVERRIDING SYSTEM VALUE VALUES (1087,483,'The code will not compile because of line 8.',false,'');
INSERT INTO Question (id,realmId,type,text) OVERRIDING SYSTEM VALUE VALUES (484,4,1,'<p>What is the output of the following code?</p>
<p>1: class Arthropod {<br />2:&nbsp;&nbsp;&nbsp;&nbsp; public void printName(double input) { System.out<br />&nbsp;&nbsp;&nbsp; .print("Arthropod"); }<br />3: }<br />4: public class Spider extends Arthropod {<br />5:&nbsp;&nbsp;&nbsp;&nbsp; public void printName(int input) { System.out.print("Spider"); }<br />6:&nbsp;&nbsp;&nbsp;&nbsp; public static void main(String[] args) {<br />7:&nbsp;&nbsp;&nbsp;&nbsp;&nbsp;&nbsp;&nbsp;&nbsp; Spider spider = new Spider();<br />8:&nbsp;&nbsp;&nbsp;&nbsp;&nbsp;&nbsp;&nbsp;&nbsp; spider.printName(4);<br />9:&nbsp;&nbsp;&nbsp;&nbsp;&nbsp;&nbsp;&nbsp;&nbsp; spider.printName(9.0);<br />10:&nbsp;&nbsp;&nbsp; }<br />11: }</p>');
	INSERT INTO Answer (id,questionId,text,correct,comment) OVERRIDING SYSTEM VALUE VALUES (1088,484,'SpiderArthropod',true,'');
	INSERT INTO Answer (id,questionId,text,correct,comment) OVERRIDING SYSTEM VALUE VALUES (1089,484,'ArthropodSpider',false,'');
	INSERT INTO Answer (id,questionId,text,correct,comment) OVERRIDING SYSTEM VALUE VALUES (1090,484,'SpiderSpider',false,'');
	INSERT INTO Answer (id,questionId,text,correct,comment) OVERRIDING SYSTEM VALUE VALUES (1091,484,'ArthropodArthropod',false,'');
	INSERT INTO Answer (id,questionId,text,correct,comment) OVERRIDING SYSTEM VALUE VALUES (1092,484,'The code will not compile because of line 5.',false,'');
	INSERT INTO Answer (id,questionId,text,correct,comment) OVERRIDING SYSTEM VALUE VALUES (1093,484,'The code will not compile because of line 9.',false,'');
INSERT INTO Question (id,realmId,type,text) OVERRIDING SYSTEM VALUE VALUES (485,4,1,'<p>Which statements are true about the following code? (Choose all that apply)</p>
<p>1: interface HasVocalCords {<br />2:&nbsp;&nbsp;&nbsp;&nbsp; public abstract void makeSound();<br />3: }<br />4: public interface CanBark extends HasVocalCords {<br />5:&nbsp;&nbsp;&nbsp;&nbsp; public void bark();<br />6: }</p>');
	INSERT INTO Answer (id,questionId,text,correct,comment) OVERRIDING SYSTEM VALUE VALUES (1094,485,'The CanBark interface doesn&rsquo;t compile.',false,'');
	INSERT INTO Answer (id,questionId,text,correct,comment) OVERRIDING SYSTEM VALUE VALUES (1095,485,'A class that implements HasVocalCords must override the makeSound() method.',false,'Не обязан, т.к. может быть абстрактным.');
	INSERT INTO Answer (id,questionId,text,correct,comment) OVERRIDING SYSTEM VALUE VALUES (1096,485,'A class that implements CanBark inherits both the makeSound() and bark() methods.',true,'');
	INSERT INTO Answer (id,questionId,text,correct,comment) OVERRIDING SYSTEM VALUE VALUES (1097,485,'A class that implements CanBark only inherits the bark() method.',false,'');
	INSERT INTO Answer (id,questionId,text,correct,comment) OVERRIDING SYSTEM VALUE VALUES (1098,485,'An interface cannot extend another interface.',false,'');
INSERT INTO Question (id,realmId,type,text) OVERRIDING SYSTEM VALUE VALUES (486,4,1,'Which of the following is true about a concrete subclass? (Choose all that apply)');
	INSERT INTO Answer (id,questionId,text,correct,comment) OVERRIDING SYSTEM VALUE VALUES (1099,486,'A concrete subclass can be declared as abstract.',false,'');
	INSERT INTO Answer (id,questionId,text,correct,comment) OVERRIDING SYSTEM VALUE VALUES (1100,486,'A concrete subclass must implement all inherited abstract methods.',true,'');
	INSERT INTO Answer (id,questionId,text,correct,comment) OVERRIDING SYSTEM VALUE VALUES (1101,486,'A concrete subclass must implement all methods defined in an inherited interface.',false,'Не обязан, т.к. методы интерфейса уже могли быть имплементированы в родительском классе; к тому же, у интерфейса есть дефолтные методы, которые не требуется переопределять.');
	INSERT INTO Answer (id,questionId,text,correct,comment) OVERRIDING SYSTEM VALUE VALUES (1102,486,'A concrete subclass cannot be marked as final.',false,'');
	INSERT INTO Answer (id,questionId,text,correct,comment) OVERRIDING SYSTEM VALUE VALUES (1103,486,'Abstract methods cannot be overridden by a concrete subclass.',false,'');
INSERT INTO Question (id,realmId,type,text) OVERRIDING SYSTEM VALUE VALUES (487,4,1,'<p>What is the output of the following code?</p>
<p>1: abstract class Reptile {<br />2:&nbsp;&nbsp;&nbsp;&nbsp; public final void layEggs() { System.out.println("Reptile laying eggs");<br />&nbsp;&nbsp; }<br />3:&nbsp;&nbsp;&nbsp;&nbsp; public static void main(String[] args) {<br />4:&nbsp;&nbsp;&nbsp;&nbsp;&nbsp;&nbsp;&nbsp;&nbsp; Reptile reptile = new Lizard();<br />5:&nbsp;&nbsp;&nbsp;&nbsp;&nbsp;&nbsp;&nbsp;&nbsp; reptile.layEggs();<br />6:&nbsp;&nbsp;&nbsp;&nbsp; }<br />7: }<br />8: public class Lizard extends Reptile {<br />9:&nbsp;&nbsp;&nbsp;&nbsp; public void layEggs() { System.out.println("Lizard laying eggs"); }<br />10: }</p>');
	INSERT INTO Answer (id,questionId,text,correct,comment) OVERRIDING SYSTEM VALUE VALUES (1104,487,'Reptile laying eggs',false,'');
	INSERT INTO Answer (id,questionId,text,correct,comment) OVERRIDING SYSTEM VALUE VALUES (1105,487,'Lizard laying eggs',false,'');
	INSERT INTO Answer (id,questionId,text,correct,comment) OVERRIDING SYSTEM VALUE VALUES (1106,487,'The code will not compile because of line 4.',false,'');
	INSERT INTO Answer (id,questionId,text,correct,comment) OVERRIDING SYSTEM VALUE VALUES (1107,487,'The code will not compile because of line 5.',false,'');
	INSERT INTO Answer (id,questionId,text,correct,comment) OVERRIDING SYSTEM VALUE VALUES (1108,487,'The code will not compile because of line 9.',true,'Нельзя переопределять финальный метод.');
INSERT INTO Question (id,realmId,type,text) OVERRIDING SYSTEM VALUE VALUES (488,4,1,'<p>What is the output of the following code?</p>
<p>1: public abstract class Whale {<br />2:&nbsp;&nbsp;&nbsp;&nbsp; public abstract void dive() {};<br />3:&nbsp;&nbsp;&nbsp;&nbsp; public static void main(String[] args) {<br />4:&nbsp;&nbsp;&nbsp;&nbsp;&nbsp;&nbsp;&nbsp;&nbsp; Whale whale = new Orca();<br />5:&nbsp;&nbsp;&nbsp;&nbsp;&nbsp;&nbsp;&nbsp;&nbsp; whale.dive();<br />6:&nbsp;&nbsp;&nbsp;&nbsp; }<br />7: }<br />8: class Orca extends Whale {<br />9:&nbsp;&nbsp;&nbsp;&nbsp; public void dive(int depth) { System.out.println("Orca diving"); }<br />10: }</p>');
	INSERT INTO Answer (id,questionId,text,correct,comment) OVERRIDING SYSTEM VALUE VALUES (1109,488,'Orca diving',false,'');
	INSERT INTO Answer (id,questionId,text,correct,comment) OVERRIDING SYSTEM VALUE VALUES (1110,488,'The code will not compile because of line 2.',true,'у абстрактного метода не может быть тела');
	INSERT INTO Answer (id,questionId,text,correct,comment) OVERRIDING SYSTEM VALUE VALUES (1111,488,'The code will not compile because of line 8.',true,'класс не имплеметирует метод dive()');
	INSERT INTO Answer (id,questionId,text,correct,comment) OVERRIDING SYSTEM VALUE VALUES (1112,488,'The code will not compile because of line 9.',false,'');
	INSERT INTO Answer (id,questionId,text,correct,comment) OVERRIDING SYSTEM VALUE VALUES (1113,488,'The output cannot be determined from the code provided.',false,'');
INSERT INTO Question (id,realmId,type,text) OVERRIDING SYSTEM VALUE VALUES (489,4,1,'<p>What is the output of the following code? (Choose all that apply)</p>
<p>1: interface Aquatic {<br />2:&nbsp;&nbsp;&nbsp;&nbsp; public default int getNumberOfGills(int input) { return 2; }<br />3: }<br />4: public class ClownFish implements Aquatic {<br />5:&nbsp;&nbsp;&nbsp;&nbsp; public String getNumberOfGills() { return "4"; }<br />6:&nbsp;&nbsp;&nbsp;&nbsp; public String getNumberOfGills(int input) { return "6"; }<br />7:&nbsp;&nbsp;&nbsp;&nbsp; public static void main(String[] args) {<br />8:&nbsp;&nbsp;&nbsp;&nbsp;&nbsp;&nbsp;&nbsp;&nbsp; System.out.println(new ClownFish().getNumberOfGills(-1));<br />9:&nbsp;&nbsp;&nbsp;&nbsp; }<br />10: }</p>');
	INSERT INTO Answer (id,questionId,text,correct,comment) OVERRIDING SYSTEM VALUE VALUES (1114,489,'2',false,'');
	INSERT INTO Answer (id,questionId,text,correct,comment) OVERRIDING SYSTEM VALUE VALUES (1115,489,'4',false,'');
	INSERT INTO Answer (id,questionId,text,correct,comment) OVERRIDING SYSTEM VALUE VALUES (1116,489,'6',false,'');
	INSERT INTO Answer (id,questionId,text,correct,comment) OVERRIDING SYSTEM VALUE VALUES (1117,489,'The code will not compile because of line 5.',false,'');
	INSERT INTO Answer (id,questionId,text,correct,comment) OVERRIDING SYSTEM VALUE VALUES (1118,489,'The code will not compile because of line 6.',true,'');
	INSERT INTO Answer (id,questionId,text,correct,comment) OVERRIDING SYSTEM VALUE VALUES (1119,489,'The code will not compile because of line 8.',false,'');
INSERT INTO Question (id,realmId,type,text) OVERRIDING SYSTEM VALUE VALUES (490,4,1,'<p>Which of the following statements can be inserted in the blank so that the code will compile successfully? (Choose all that apply)</p>
<p>public class Snake {}<br />public class Cobra extends Snake {}<br />public class GardenSnake {}<br />public class SnakeHandler {<br />&nbsp;&nbsp;&nbsp; private Snake snake;<br />&nbsp;&nbsp;&nbsp; public void setSnake(Snake snake) { this.snake = snake; }<br />&nbsp;&nbsp;&nbsp; public static void main(String[] args) {<br />&nbsp;&nbsp;&nbsp;&nbsp;&nbsp;&nbsp;&nbsp; new SnakeHandler().setSnake(________);<br />&nbsp;&nbsp;&nbsp; }<br />}</p>');
	INSERT INTO Answer (id,questionId,text,correct,comment) OVERRIDING SYSTEM VALUE VALUES (1120,490,'new Cobra()',true,'');
	INSERT INTO Answer (id,questionId,text,correct,comment) OVERRIDING SYSTEM VALUE VALUES (1121,490,'new GardenSnake()',false,'');
	INSERT INTO Answer (id,questionId,text,correct,comment) OVERRIDING SYSTEM VALUE VALUES (1122,490,'new Snake()',true,'');
	INSERT INTO Answer (id,questionId,text,correct,comment) OVERRIDING SYSTEM VALUE VALUES (1123,490,'new Object()',false,'');
	INSERT INTO Answer (id,questionId,text,correct,comment) OVERRIDING SYSTEM VALUE VALUES (1124,490,'new String("Snake")',false,'');
	INSERT INTO Answer (id,questionId,text,correct,comment) OVERRIDING SYSTEM VALUE VALUES (1125,490,'null',true,'');
INSERT INTO Question (id,realmId,type,text) OVERRIDING SYSTEM VALUE VALUES (491,4,1,'<p>What is the result of the following code?</p>
<p>1: public abstract class Bird {<br />2:&nbsp;&nbsp;&nbsp;&nbsp; private void fly() { System.out.println("Bird is flying"); }<br />3:&nbsp;&nbsp;&nbsp;&nbsp; public static void main(String[] args) {<br />4:&nbsp;&nbsp;&nbsp;&nbsp;&nbsp;&nbsp;&nbsp;&nbsp; Bird bird = new Pelican();<br />5:&nbsp;&nbsp;&nbsp;&nbsp;&nbsp;&nbsp;&nbsp;&nbsp; bird.fly();<br />6:&nbsp;&nbsp;&nbsp;&nbsp; }<br />7: }<br />8: class Pelican extends Bird {<br />9:&nbsp;&nbsp;&nbsp;&nbsp; protected void fly() { System.out.println("Pelican is flying"); }<br />10: }</p>');
	INSERT INTO Answer (id,questionId,text,correct,comment) OVERRIDING SYSTEM VALUE VALUES (1126,491,'Bird is flying',true,'Метод fly() в Bird объявлен private, это означает, что его нельзя переопределить, только скрыть. А скрытие означает, что запустится тот метод, который актуален для контекста вызова (полиморфизм не работает). В данном случае контекст вызова - Bird, т.к. используется ссылка этого типа.');
	INSERT INTO Answer (id,questionId,text,correct,comment) OVERRIDING SYSTEM VALUE VALUES (1127,491,'Pelican is flying',false,'');
	INSERT INTO Answer (id,questionId,text,correct,comment) OVERRIDING SYSTEM VALUE VALUES (1128,491,'The code will not compile because of line 4.',false,'');
	INSERT INTO Answer (id,questionId,text,correct,comment) OVERRIDING SYSTEM VALUE VALUES (1129,491,'The code will not compile because of line 5.',false,'');
	INSERT INTO Answer (id,questionId,text,correct,comment) OVERRIDING SYSTEM VALUE VALUES (1130,491,'The code will not compile because of line 9.',false,'');
INSERT INTO ThemeQuestion (themeId,questionId) VALUES (0,286);
INSERT INTO ThemeQuestion (themeId,questionId) VALUES (6,101);
INSERT INTO ThemeQuestion (themeId,questionId) VALUES (6,102);
INSERT INTO ThemeQuestion (themeId,questionId) VALUES (6,103);
INSERT INTO ThemeQuestion (themeId,questionId) VALUES (6,104);
INSERT INTO ThemeQuestion (themeId,questionId) VALUES (6,105);
INSERT INTO ThemeQuestion (themeId,questionId) VALUES (6,106);
INSERT INTO ThemeQuestion (themeId,questionId) VALUES (6,107);
INSERT INTO ThemeQuestion (themeId,questionId) VALUES (6,108);
INSERT INTO ThemeQuestion (themeId,questionId) VALUES (6,109);
INSERT INTO ThemeQuestion (themeId,questionId) VALUES (6,110);
INSERT INTO ThemeQuestion (themeId,questionId) VALUES (6,111);
INSERT INTO ThemeQuestion (themeId,questionId) VALUES (6,112);
INSERT INTO ThemeQuestion (themeId,questionId) VALUES (6,113);
INSERT INTO ThemeQuestion (themeId,questionId) VALUES (6,114);
INSERT INTO ThemeQuestion (themeId,questionId) VALUES (6,115);
INSERT INTO ThemeQuestion (themeId,questionId) VALUES (6,116);
INSERT INTO ThemeQuestion (themeId,questionId) VALUES (6,117);
INSERT INTO ThemeQuestion (themeId,questionId) VALUES (6,118);
INSERT INTO ThemeQuestion (themeId,questionId) VALUES (6,119);
INSERT INTO ThemeQuestion (themeId,questionId) VALUES (6,121);
INSERT INTO ThemeQuestion (themeId,questionId) VALUES (6,122);
INSERT INTO ThemeQuestion (themeId,questionId) VALUES (6,123);
INSERT INTO ThemeQuestion (themeId,questionId) VALUES (6,124);
INSERT INTO ThemeQuestion (themeId,questionId) VALUES (6,125);
INSERT INTO ThemeQuestion (themeId,questionId) VALUES (6,126);
INSERT INTO ThemeQuestion (themeId,questionId) VALUES (6,127);
INSERT INTO ThemeQuestion (themeId,questionId) VALUES (6,128);
INSERT INTO ThemeQuestion (themeId,questionId) VALUES (6,129);
INSERT INTO ThemeQuestion (themeId,questionId) VALUES (6,130);
INSERT INTO ThemeQuestion (themeId,questionId) VALUES (6,132);
INSERT INTO ThemeQuestion (themeId,questionId) VALUES (6,133);
INSERT INTO ThemeQuestion (themeId,questionId) VALUES (6,134);
INSERT INTO ThemeQuestion (themeId,questionId) VALUES (6,135);
INSERT INTO ThemeQuestion (themeId,questionId) VALUES (6,136);
INSERT INTO ThemeQuestion (themeId,questionId) VALUES (6,137);
INSERT INTO ThemeQuestion (themeId,questionId) VALUES (6,138);
INSERT INTO ThemeQuestion (themeId,questionId) VALUES (6,139);
INSERT INTO ThemeQuestion (themeId,questionId) VALUES (6,140);
INSERT INTO ThemeQuestion (themeId,questionId) VALUES (6,141);
INSERT INTO ThemeQuestion (themeId,questionId) VALUES (6,142);
INSERT INTO ThemeQuestion (themeId,questionId) VALUES (6,144);
INSERT INTO ThemeQuestion (themeId,questionId) VALUES (6,145);
INSERT INTO ThemeQuestion (themeId,questionId) VALUES (6,146);
INSERT INTO ThemeQuestion (themeId,questionId) VALUES (6,150);
INSERT INTO ThemeQuestion (themeId,questionId) VALUES (6,151);
INSERT INTO ThemeQuestion (themeId,questionId) VALUES (6,152);
INSERT INTO ThemeQuestion (themeId,questionId) VALUES (6,153);
INSERT INTO ThemeQuestion (themeId,questionId) VALUES (6,154);
INSERT INTO ThemeQuestion (themeId,questionId) VALUES (7,155);
INSERT INTO ThemeQuestion (themeId,questionId) VALUES (7,156);
INSERT INTO ThemeQuestion (themeId,questionId) VALUES (7,157);
INSERT INTO ThemeQuestion (themeId,questionId) VALUES (7,158);
INSERT INTO ThemeQuestion (themeId,questionId) VALUES (7,159);
INSERT INTO ThemeQuestion (themeId,questionId) VALUES (7,160);
INSERT INTO ThemeQuestion (themeId,questionId) VALUES (7,161);
INSERT INTO ThemeQuestion (themeId,questionId) VALUES (7,162);
INSERT INTO ThemeQuestion (themeId,questionId) VALUES (7,163);
INSERT INTO ThemeQuestion (themeId,questionId) VALUES (1,386);
INSERT INTO ThemeQuestion (themeId,questionId) VALUES (7,164);
INSERT INTO ThemeQuestion (themeId,questionId) VALUES (7,165);
INSERT INTO ThemeQuestion (themeId,questionId) VALUES (7,166);
INSERT INTO ThemeQuestion (themeId,questionId) VALUES (7,167);
INSERT INTO ThemeQuestion (themeId,questionId) VALUES (7,168);
INSERT INTO ThemeQuestion (themeId,questionId) VALUES (7,169);
INSERT INTO ThemeQuestion (themeId,questionId) VALUES (7,170);
INSERT INTO ThemeQuestion (themeId,questionId) VALUES (7,171);
INSERT INTO ThemeQuestion (themeId,questionId) VALUES (7,172);
INSERT INTO ThemeQuestion (themeId,questionId) VALUES (7,173);
INSERT INTO ThemeQuestion (themeId,questionId) VALUES (7,174);
INSERT INTO ThemeQuestion (themeId,questionId) VALUES (8,175);
INSERT INTO ThemeQuestion (themeId,questionId) VALUES (8,176);
INSERT INTO ThemeQuestion (themeId,questionId) VALUES (8,177);
INSERT INTO ThemeQuestion (themeId,questionId) VALUES (8,178);
INSERT INTO ThemeQuestion (themeId,questionId) VALUES (8,179);
INSERT INTO ThemeQuestion (themeId,questionId) VALUES (8,180);
INSERT INTO ThemeQuestion (themeId,questionId) VALUES (1,440);
INSERT INTO ThemeQuestion (themeId,questionId) VALUES (8,181);
INSERT INTO ThemeQuestion (themeId,questionId) VALUES (8,182);
INSERT INTO ThemeQuestion (themeId,questionId) VALUES (8,183);
INSERT INTO ThemeQuestion (themeId,questionId) VALUES (8,184);
INSERT INTO ThemeQuestion (themeId,questionId) VALUES (8,185);
INSERT INTO ThemeQuestion (themeId,questionId) VALUES (8,186);
INSERT INTO ThemeQuestion (themeId,questionId) VALUES (8,187);
INSERT INTO ThemeQuestion (themeId,questionId) VALUES (8,188);
INSERT INTO ThemeQuestion (themeId,questionId) VALUES (8,189);
INSERT INTO ThemeQuestion (themeId,questionId) VALUES (8,190);
INSERT INTO ThemeQuestion (themeId,questionId) VALUES (8,191);
INSERT INTO ThemeQuestion (themeId,questionId) VALUES (8,192);
INSERT INTO ThemeQuestion (themeId,questionId) VALUES (8,193);
INSERT INTO ThemeQuestion (themeId,questionId) VALUES (8,194);
INSERT INTO ThemeQuestion (themeId,questionId) VALUES (8,195);
INSERT INTO ThemeQuestion (themeId,questionId) VALUES (8,196);
INSERT INTO ThemeQuestion (themeId,questionId) VALUES (8,197);
INSERT INTO ThemeQuestion (themeId,questionId) VALUES (8,198);
INSERT INTO ThemeQuestion (themeId,questionId) VALUES (8,199);
INSERT INTO ThemeQuestion (themeId,questionId) VALUES (8,200);
INSERT INTO ThemeQuestion (themeId,questionId) VALUES (8,201);
INSERT INTO ThemeQuestion (themeId,questionId) VALUES (8,202);
INSERT INTO ThemeQuestion (themeId,questionId) VALUES (8,203);
INSERT INTO ThemeQuestion (themeId,questionId) VALUES (8,204);
INSERT INTO ThemeQuestion (themeId,questionId) VALUES (8,205);
INSERT INTO ThemeQuestion (themeId,questionId) VALUES (8,206);
INSERT INTO ThemeQuestion (themeId,questionId) VALUES (8,207);
INSERT INTO ThemeQuestion (themeId,questionId) VALUES (8,208);
INSERT INTO ThemeQuestion (themeId,questionId) VALUES (8,209);
INSERT INTO ThemeQuestion (themeId,questionId) VALUES (8,210);
INSERT INTO ThemeQuestion (themeId,questionId) VALUES (8,211);
INSERT INTO ThemeQuestion (themeId,questionId) VALUES (8,212);
INSERT INTO ThemeQuestion (themeId,questionId) VALUES (8,213);
INSERT INTO ThemeQuestion (themeId,questionId) VALUES (8,214);
INSERT INTO ThemeQuestion (themeId,questionId) VALUES (8,215);
INSERT INTO ThemeQuestion (themeId,questionId) VALUES (8,216);
INSERT INTO ThemeQuestion (themeId,questionId) VALUES (8,217);
INSERT INTO ThemeQuestion (themeId,questionId) VALUES (8,218);
INSERT INTO ThemeQuestion (themeId,questionId) VALUES (8,219);
INSERT INTO ThemeQuestion (themeId,questionId) VALUES (8,220);
INSERT INTO ThemeQuestion (themeId,questionId) VALUES (8,221);
INSERT INTO ThemeQuestion (themeId,questionId) VALUES (8,222);
INSERT INTO ThemeQuestion (themeId,questionId) VALUES (8,223);
INSERT INTO ThemeQuestion (themeId,questionId) VALUES (8,225);
INSERT INTO ThemeQuestion (themeId,questionId) VALUES (8,226);
INSERT INTO ThemeQuestion (themeId,questionId) VALUES (8,227);
INSERT INTO ThemeQuestion (themeId,questionId) VALUES (8,228);
INSERT INTO ThemeQuestion (themeId,questionId) VALUES (8,230);
INSERT INTO ThemeQuestion (themeId,questionId) VALUES (8,231);
INSERT INTO ThemeQuestion (themeId,questionId) VALUES (8,232);
INSERT INTO ThemeQuestion (themeId,questionId) VALUES (8,233);
INSERT INTO ThemeQuestion (themeId,questionId) VALUES (8,234);
INSERT INTO ThemeQuestion (themeId,questionId) VALUES (8,235);
INSERT INTO ThemeQuestion (themeId,questionId) VALUES (8,236);
INSERT INTO ThemeQuestion (themeId,questionId) VALUES (8,237);
INSERT INTO ThemeQuestion (themeId,questionId) VALUES (8,238);
INSERT INTO ThemeQuestion (themeId,questionId) VALUES (8,239);
INSERT INTO ThemeQuestion (themeId,questionId) VALUES (8,240);
INSERT INTO ThemeQuestion (themeId,questionId) VALUES (8,241);
INSERT INTO ThemeQuestion (themeId,questionId) VALUES (8,242);
INSERT INTO ThemeQuestion (themeId,questionId) VALUES (8,243);
INSERT INTO ThemeQuestion (themeId,questionId) VALUES (8,244);
INSERT INTO ThemeQuestion (themeId,questionId) VALUES (8,245);
INSERT INTO ThemeQuestion (themeId,questionId) VALUES (8,246);
INSERT INTO ThemeQuestion (themeId,questionId) VALUES (8,247);
INSERT INTO ThemeQuestion (themeId,questionId) VALUES (8,248);
INSERT INTO ThemeQuestion (themeId,questionId) VALUES (8,249);
INSERT INTO ThemeQuestion (themeId,questionId) VALUES (8,250);
INSERT INTO ThemeQuestion (themeId,questionId) VALUES (8,251);
INSERT INTO ThemeQuestion (themeId,questionId) VALUES (8,252);
INSERT INTO ThemeQuestion (themeId,questionId) VALUES (8,253);
INSERT INTO ThemeQuestion (themeId,questionId) VALUES (8,254);
INSERT INTO ThemeQuestion (themeId,questionId) VALUES (8,255);
INSERT INTO ThemeQuestion (themeId,questionId) VALUES (8,256);
INSERT INTO ThemeQuestion (themeId,questionId) VALUES (8,257);
INSERT INTO ThemeQuestion (themeId,questionId) VALUES (8,258);
INSERT INTO ThemeQuestion (themeId,questionId) VALUES (8,259);
INSERT INTO ThemeQuestion (themeId,questionId) VALUES (8,261);
INSERT INTO ThemeQuestion (themeId,questionId) VALUES (9,224);
INSERT INTO ThemeQuestion (themeId,questionId) VALUES (8,262);
INSERT INTO ThemeQuestion (themeId,questionId) VALUES (8,263);
INSERT INTO ThemeQuestion (themeId,questionId) VALUES (8,264);
INSERT INTO ThemeQuestion (themeId,questionId) VALUES (8,265);
INSERT INTO ThemeQuestion (themeId,questionId) VALUES (8,266);
INSERT INTO ThemeQuestion (themeId,questionId) VALUES (8,267);
INSERT INTO ThemeQuestion (themeId,questionId) VALUES (8,268);
INSERT INTO ThemeQuestion (themeId,questionId) VALUES (8,270);
INSERT INTO ThemeQuestion (themeId,questionId) VALUES (8,271);
INSERT INTO ThemeQuestion (themeId,questionId) VALUES (8,272);
INSERT INTO ThemeQuestion (themeId,questionId) VALUES (8,273);
INSERT INTO ThemeQuestion (themeId,questionId) VALUES (8,274);
INSERT INTO ThemeQuestion (themeId,questionId) VALUES (8,275);
INSERT INTO ThemeQuestion (themeId,questionId) VALUES (8,276);
INSERT INTO ThemeQuestion (themeId,questionId) VALUES (8,277);
INSERT INTO ThemeQuestion (themeId,questionId) VALUES (8,278);
INSERT INTO ThemeQuestion (themeId,questionId) VALUES (8,279);
INSERT INTO ThemeQuestion (themeId,questionId) VALUES (8,280);
INSERT INTO ThemeQuestion (themeId,questionId) VALUES (8,281);
INSERT INTO ThemeQuestion (themeId,questionId) VALUES (8,282);
INSERT INTO ThemeQuestion (themeId,questionId) VALUES (8,283);
INSERT INTO ThemeQuestion (themeId,questionId) VALUES (8,284);
INSERT INTO ThemeQuestion (themeId,questionId) VALUES (9,260);
INSERT INTO ThemeQuestion (themeId,questionId) VALUES (8,312);
INSERT INTO ThemeQuestion (themeId,questionId) VALUES (10,285);
INSERT INTO ThemeQuestion (themeId,questionId) VALUES (10,287);
INSERT INTO ThemeQuestion (themeId,questionId) VALUES (10,288);
INSERT INTO ThemeQuestion (themeId,questionId) VALUES (10,289);
INSERT INTO ThemeQuestion (themeId,questionId) VALUES (10,290);
INSERT INTO ThemeQuestion (themeId,questionId) VALUES (10,291);
INSERT INTO ThemeQuestion (themeId,questionId) VALUES (10,292);
INSERT INTO ThemeQuestion (themeId,questionId) VALUES (10,293);
INSERT INTO ThemeQuestion (themeId,questionId) VALUES (10,294);
INSERT INTO ThemeQuestion (themeId,questionId) VALUES (10,295);
INSERT INTO ThemeQuestion (themeId,questionId) VALUES (10,296);
INSERT INTO ThemeQuestion (themeId,questionId) VALUES (10,297);
INSERT INTO ThemeQuestion (themeId,questionId) VALUES (10,298);
INSERT INTO ThemeQuestion (themeId,questionId) VALUES (10,299);
INSERT INTO ThemeQuestion (themeId,questionId) VALUES (10,300);
INSERT INTO ThemeQuestion (themeId,questionId) VALUES (10,301);
INSERT INTO ThemeQuestion (themeId,questionId) VALUES (10,302);
INSERT INTO ThemeQuestion (themeId,questionId) VALUES (10,303);
INSERT INTO ThemeQuestion (themeId,questionId) VALUES (10,304);
INSERT INTO ThemeQuestion (themeId,questionId) VALUES (10,305);
INSERT INTO ThemeQuestion (themeId,questionId) VALUES (10,306);
INSERT INTO ThemeQuestion (themeId,questionId) VALUES (10,307);
INSERT INTO ThemeQuestion (themeId,questionId) VALUES (10,308);
INSERT INTO ThemeQuestion (themeId,questionId) VALUES (10,309);
INSERT INTO ThemeQuestion (themeId,questionId) VALUES (10,310);
INSERT INTO ThemeQuestion (themeId,questionId) VALUES (10,311);
INSERT INTO ThemeQuestion (themeId,questionId) VALUES (10,313);
INSERT INTO ThemeQuestion (themeId,questionId) VALUES (10,314);
INSERT INTO ThemeQuestion (themeId,questionId) VALUES (10,315);
INSERT INTO ThemeQuestion (themeId,questionId) VALUES (10,316);
INSERT INTO ThemeQuestion (themeId,questionId) VALUES (10,317);
INSERT INTO ThemeQuestion (themeId,questionId) VALUES (10,318);
INSERT INTO ThemeQuestion (themeId,questionId) VALUES (10,319);
INSERT INTO ThemeQuestion (themeId,questionId) VALUES (11,320);
INSERT INTO ThemeQuestion (themeId,questionId) VALUES (11,321);
INSERT INTO ThemeQuestion (themeId,questionId) VALUES (11,322);
INSERT INTO ThemeQuestion (themeId,questionId) VALUES (11,323);
INSERT INTO ThemeQuestion (themeId,questionId) VALUES (11,324);
INSERT INTO ThemeQuestion (themeId,questionId) VALUES (11,325);
INSERT INTO ThemeQuestion (themeId,questionId) VALUES (11,326);
INSERT INTO ThemeQuestion (themeId,questionId) VALUES (11,327);
INSERT INTO ThemeQuestion (themeId,questionId) VALUES (11,328);
INSERT INTO ThemeQuestion (themeId,questionId) VALUES (11,329);
INSERT INTO ThemeQuestion (themeId,questionId) VALUES (11,330);
INSERT INTO ThemeQuestion (themeId,questionId) VALUES (11,331);
INSERT INTO ThemeQuestion (themeId,questionId) VALUES (11,332);
INSERT INTO ThemeQuestion (themeId,questionId) VALUES (11,333);
INSERT INTO ThemeQuestion (themeId,questionId) VALUES (11,334);
INSERT INTO ThemeQuestion (themeId,questionId) VALUES (11,335);
INSERT INTO ThemeQuestion (themeId,questionId) VALUES (11,336);
INSERT INTO ThemeQuestion (themeId,questionId) VALUES (11,337);
INSERT INTO ThemeQuestion (themeId,questionId) VALUES (11,338);
INSERT INTO ThemeQuestion (themeId,questionId) VALUES (11,339);
INSERT INTO ThemeQuestion (themeId,questionId) VALUES (11,340);
INSERT INTO ThemeQuestion (themeId,questionId) VALUES (11,341);
INSERT INTO ThemeQuestion (themeId,questionId) VALUES (11,342);
INSERT INTO ThemeQuestion (themeId,questionId) VALUES (11,343);
INSERT INTO ThemeQuestion (themeId,questionId) VALUES (11,344);
INSERT INTO ThemeQuestion (themeId,questionId) VALUES (11,345);
INSERT INTO ThemeQuestion (themeId,questionId) VALUES (11,346);
INSERT INTO ThemeQuestion (themeId,questionId) VALUES (11,347);
INSERT INTO ThemeQuestion (themeId,questionId) VALUES (11,348);
INSERT INTO ThemeQuestion (themeId,questionId) VALUES (11,349);
INSERT INTO ThemeQuestion (themeId,questionId) VALUES (11,350);
INSERT INTO ThemeQuestion (themeId,questionId) VALUES (11,351);
INSERT INTO ThemeQuestion (themeId,questionId) VALUES (11,352);
INSERT INTO ThemeQuestion (themeId,questionId) VALUES (11,353);
INSERT INTO ThemeQuestion (themeId,questionId) VALUES (11,354);
INSERT INTO ThemeQuestion (themeId,questionId) VALUES (11,355);
INSERT INTO ThemeQuestion (themeId,questionId) VALUES (11,356);
INSERT INTO ThemeQuestion (themeId,questionId) VALUES (11,357);
INSERT INTO ThemeQuestion (themeId,questionId) VALUES (11,358);
INSERT INTO ThemeQuestion (themeId,questionId) VALUES (11,359);
INSERT INTO ThemeQuestion (themeId,questionId) VALUES (11,360);
INSERT INTO ThemeQuestion (themeId,questionId) VALUES (11,361);
INSERT INTO ThemeQuestion (themeId,questionId) VALUES (11,362);
INSERT INTO ThemeQuestion (themeId,questionId) VALUES (11,363);
INSERT INTO ThemeQuestion (themeId,questionId) VALUES (11,364);
INSERT INTO ThemeQuestion (themeId,questionId) VALUES (11,365);
INSERT INTO ThemeQuestion (themeId,questionId) VALUES (11,366);
INSERT INTO ThemeQuestion (themeId,questionId) VALUES (11,367);
INSERT INTO ThemeQuestion (themeId,questionId) VALUES (11,368);
INSERT INTO ThemeQuestion (themeId,questionId) VALUES (11,369);
INSERT INTO ThemeQuestion (themeId,questionId) VALUES (11,370);
INSERT INTO ThemeQuestion (themeId,questionId) VALUES (11,371);
INSERT INTO ThemeQuestion (themeId,questionId) VALUES (11,372);
INSERT INTO ThemeQuestion (themeId,questionId) VALUES (11,373);
INSERT INTO ThemeQuestion (themeId,questionId) VALUES (11,374);
INSERT INTO ThemeQuestion (themeId,questionId) VALUES (11,375);
INSERT INTO ThemeQuestion (themeId,questionId) VALUES (11,376);
INSERT INTO ThemeQuestion (themeId,questionId) VALUES (11,377);
INSERT INTO ThemeQuestion (themeId,questionId) VALUES (11,378);
INSERT INTO ThemeQuestion (themeId,questionId) VALUES (11,379);
INSERT INTO ThemeQuestion (themeId,questionId) VALUES (11,380);
INSERT INTO ThemeQuestion (themeId,questionId) VALUES (11,381);
INSERT INTO ThemeQuestion (themeId,questionId) VALUES (11,382);
INSERT INTO ThemeQuestion (themeId,questionId) VALUES (11,383);
INSERT INTO ThemeQuestion (themeId,questionId) VALUES (11,384);
INSERT INTO ThemeQuestion (themeId,questionId) VALUES (11,385);
INSERT INTO ThemeQuestion (themeId,questionId) VALUES (11,392);
INSERT INTO ThemeQuestion (themeId,questionId) VALUES (12,387);
INSERT INTO ThemeQuestion (themeId,questionId) VALUES (12,388);
INSERT INTO ThemeQuestion (themeId,questionId) VALUES (12,389);
INSERT INTO ThemeQuestion (themeId,questionId) VALUES (12,390);
INSERT INTO ThemeQuestion (themeId,questionId) VALUES (12,391);
INSERT INTO ThemeQuestion (themeId,questionId) VALUES (12,393);
INSERT INTO ThemeQuestion (themeId,questionId) VALUES (12,394);
INSERT INTO ThemeQuestion (themeId,questionId) VALUES (12,395);
INSERT INTO ThemeQuestion (themeId,questionId) VALUES (12,396);
INSERT INTO ThemeQuestion (themeId,questionId) VALUES (12,397);
INSERT INTO ThemeQuestion (themeId,questionId) VALUES (12,398);
INSERT INTO ThemeQuestion (themeId,questionId) VALUES (12,399);
INSERT INTO ThemeQuestion (themeId,questionId) VALUES (12,400);
INSERT INTO ThemeQuestion (themeId,questionId) VALUES (12,401);
INSERT INTO ThemeQuestion (themeId,questionId) VALUES (12,402);
INSERT INTO ThemeQuestion (themeId,questionId) VALUES (12,403);
INSERT INTO ThemeQuestion (themeId,questionId) VALUES (12,404);
INSERT INTO ThemeQuestion (themeId,questionId) VALUES (12,405);
INSERT INTO ThemeQuestion (themeId,questionId) VALUES (12,406);
INSERT INTO ThemeQuestion (themeId,questionId) VALUES (12,407);
INSERT INTO ThemeQuestion (themeId,questionId) VALUES (12,408);
INSERT INTO ThemeQuestion (themeId,questionId) VALUES (12,409);
INSERT INTO ThemeQuestion (themeId,questionId) VALUES (12,410);
INSERT INTO ThemeQuestion (themeId,questionId) VALUES (12,411);
INSERT INTO ThemeQuestion (themeId,questionId) VALUES (12,412);
INSERT INTO ThemeQuestion (themeId,questionId) VALUES (12,413);
INSERT INTO ThemeQuestion (themeId,questionId) VALUES (12,414);
INSERT INTO ThemeQuestion (themeId,questionId) VALUES (12,415);
INSERT INTO ThemeQuestion (themeId,questionId) VALUES (12,416);
INSERT INTO ThemeQuestion (themeId,questionId) VALUES (13,417);
INSERT INTO ThemeQuestion (themeId,questionId) VALUES (13,418);
INSERT INTO ThemeQuestion (themeId,questionId) VALUES (13,419);
INSERT INTO ThemeQuestion (themeId,questionId) VALUES (13,420);
INSERT INTO ThemeQuestion (themeId,questionId) VALUES (13,421);
INSERT INTO ThemeQuestion (themeId,questionId) VALUES (13,422);
INSERT INTO ThemeQuestion (themeId,questionId) VALUES (13,423);
INSERT INTO ThemeQuestion (themeId,questionId) VALUES (13,424);
INSERT INTO ThemeQuestion (themeId,questionId) VALUES (13,425);
INSERT INTO ThemeQuestion (themeId,questionId) VALUES (13,426);
INSERT INTO ThemeQuestion (themeId,questionId) VALUES (13,427);
INSERT INTO ThemeQuestion (themeId,questionId) VALUES (13,428);
INSERT INTO ThemeQuestion (themeId,questionId) VALUES (13,429);
INSERT INTO ThemeQuestion (themeId,questionId) VALUES (13,430);
INSERT INTO ThemeQuestion (themeId,questionId) VALUES (13,431);
INSERT INTO ThemeQuestion (themeId,questionId) VALUES (13,432);
INSERT INTO ThemeQuestion (themeId,questionId) VALUES (13,433);
INSERT INTO ThemeQuestion (themeId,questionId) VALUES (13,434);
INSERT INTO ThemeQuestion (themeId,questionId) VALUES (13,435);
INSERT INTO ThemeQuestion (themeId,questionId) VALUES (13,436);
INSERT INTO ThemeQuestion (themeId,questionId) VALUES (13,437);
INSERT INTO ThemeQuestion (themeId,questionId) VALUES (13,438);
INSERT INTO ThemeQuestion (themeId,questionId) VALUES (13,439);
INSERT INTO ThemeQuestion (themeId,questionId) VALUES (13,441);
INSERT INTO ThemeQuestion (themeId,questionId) VALUES (13,442);
INSERT INTO ThemeQuestion (themeId,questionId) VALUES (13,443);
INSERT INTO ThemeQuestion (themeId,questionId) VALUES (13,444);
INSERT INTO ThemeQuestion (themeId,questionId) VALUES (13,445);
INSERT INTO ThemeQuestion (themeId,questionId) VALUES (13,446);
INSERT INTO ThemeQuestion (themeId,questionId) VALUES (13,447);
INSERT INTO ThemeQuestion (themeId,questionId) VALUES (13,448);
INSERT INTO ThemeQuestion (themeId,questionId) VALUES (13,449);
INSERT INTO ThemeQuestion (themeId,questionId) VALUES (13,450);
INSERT INTO ThemeQuestion (themeId,questionId) VALUES (13,451);
INSERT INTO ThemeQuestion (themeId,questionId) VALUES (13,452);
INSERT INTO ThemeQuestion (themeId,questionId) VALUES (13,453);
INSERT INTO ThemeQuestion (themeId,questionId) VALUES (13,454);
INSERT INTO ThemeQuestion (themeId,questionId) VALUES (13,455);
INSERT INTO ThemeQuestion (themeId,questionId) VALUES (13,456);
INSERT INTO ThemeQuestion (themeId,questionId) VALUES (13,457);
INSERT INTO ThemeQuestion (themeId,questionId) VALUES (13,458);
INSERT INTO ThemeQuestion (themeId,questionId) VALUES (13,459);
INSERT INTO ThemeQuestion (themeId,questionId) VALUES (13,460);
INSERT INTO ThemeQuestion (themeId,questionId) VALUES (13,461);
INSERT INTO ThemeQuestion (themeId,questionId) VALUES (13,462);
INSERT INTO ThemeQuestion (themeId,questionId) VALUES (13,463);
INSERT INTO ThemeQuestion (themeId,questionId) VALUES (13,464);
INSERT INTO ThemeQuestion (themeId,questionId) VALUES (13,465);
INSERT INTO ThemeQuestion (themeId,questionId) VALUES (13,466);
INSERT INTO ThemeQuestion (themeId,questionId) VALUES (13,467);
INSERT INTO ThemeQuestion (themeId,questionId) VALUES (13,468);
INSERT INTO ThemeQuestion (themeId,questionId) VALUES (13,469);
INSERT INTO ThemeQuestion (themeId,questionId) VALUES (13,470);
INSERT INTO ThemeQuestion (themeId,questionId) VALUES (13,471);
INSERT INTO ThemeQuestion (themeId,questionId) VALUES (14,472);
INSERT INTO ThemeQuestion (themeId,questionId) VALUES (14,473);
INSERT INTO ThemeQuestion (themeId,questionId) VALUES (14,474);
INSERT INTO ThemeQuestion (themeId,questionId) VALUES (14,475);
INSERT INTO ThemeQuestion (themeId,questionId) VALUES (14,476);
INSERT INTO ThemeQuestion (themeId,questionId) VALUES (14,477);
INSERT INTO ThemeQuestion (themeId,questionId) VALUES (14,478);
INSERT INTO ThemeQuestion (themeId,questionId) VALUES (14,479);
INSERT INTO ThemeQuestion (themeId,questionId) VALUES (14,480);
INSERT INTO ThemeQuestion (themeId,questionId) VALUES (14,481);
INSERT INTO ThemeQuestion (themeId,questionId) VALUES (14,482);
INSERT INTO ThemeQuestion (themeId,questionId) VALUES (14,483);
INSERT INTO ThemeQuestion (themeId,questionId) VALUES (14,484);
INSERT INTO ThemeQuestion (themeId,questionId) VALUES (14,485);
INSERT INTO ThemeQuestion (themeId,questionId) VALUES (14,486);
INSERT INTO ThemeQuestion (themeId,questionId) VALUES (14,487);
INSERT INTO ThemeQuestion (themeId,questionId) VALUES (14,488);
INSERT INTO ThemeQuestion (themeId,questionId) VALUES (14,489);
INSERT INTO ThemeQuestion (themeId,questionId) VALUES (14,490);
INSERT INTO ThemeQuestion (themeId,questionId) VALUES (14,491);
INSERT INTO ThemeQuestion (themeId,questionId) VALUES (0,2);
INSERT INTO ThemeQuestion (themeId,questionId) VALUES (0,3);
INSERT INTO ThemeQuestion (themeId,questionId) VALUES (0,4);
INSERT INTO ThemeQuestion (themeId,questionId) VALUES (0,6);
INSERT INTO ThemeQuestion (themeId,questionId) VALUES (0,7);
INSERT INTO ThemeQuestion (themeId,questionId) VALUES (0,8);
INSERT INTO ThemeQuestion (themeId,questionId) VALUES (0,10);
INSERT INTO ThemeQuestion (themeId,questionId) VALUES (0,11);
INSERT INTO ThemeQuestion (themeId,questionId) VALUES (0,12);
INSERT INTO ThemeQuestion (themeId,questionId) VALUES (0,13);
INSERT INTO ThemeQuestion (themeId,questionId) VALUES (0,14);
INSERT INTO ThemeQuestion (themeId,questionId) VALUES (0,16);
INSERT INTO ThemeQuestion (themeId,questionId) VALUES (0,17);
INSERT INTO ThemeQuestion (themeId,questionId) VALUES (0,18);
INSERT INTO ThemeQuestion (themeId,questionId) VALUES (0,19);
INSERT INTO ThemeQuestion (themeId,questionId) VALUES (0,20);
INSERT INTO ThemeQuestion (themeId,questionId) VALUES (0,21);
INSERT INTO ThemeQuestion (themeId,questionId) VALUES (0,22);
INSERT INTO ThemeQuestion (themeId,questionId) VALUES (0,23);
INSERT INTO ThemeQuestion (themeId,questionId) VALUES (0,24);
INSERT INTO ThemeQuestion (themeId,questionId) VALUES (0,27);
INSERT INTO ThemeQuestion (themeId,questionId) VALUES (0,29);
INSERT INTO ThemeQuestion (themeId,questionId) VALUES (0,30);
INSERT INTO ThemeQuestion (themeId,questionId) VALUES (0,31);
INSERT INTO ThemeQuestion (themeId,questionId) VALUES (0,32);
INSERT INTO ThemeQuestion (themeId,questionId) VALUES (0,33);
INSERT INTO ThemeQuestion (themeId,questionId) VALUES (0,34);
INSERT INTO ThemeQuestion (themeId,questionId) VALUES (0,35);
INSERT INTO ThemeQuestion (themeId,questionId) VALUES (0,36);
INSERT INTO ThemeQuestion (themeId,questionId) VALUES (0,37);
INSERT INTO ThemeQuestion (themeId,questionId) VALUES (1,0);
INSERT INTO ThemeQuestion (themeId,questionId) VALUES (0,38);
INSERT INTO ThemeQuestion (themeId,questionId) VALUES (0,39);
INSERT INTO ThemeQuestion (themeId,questionId) VALUES (0,40);
INSERT INTO ThemeQuestion (themeId,questionId) VALUES (0,43);
INSERT INTO ThemeQuestion (themeId,questionId) VALUES (0,44);
INSERT INTO ThemeQuestion (themeId,questionId) VALUES (0,45);
INSERT INTO ThemeQuestion (themeId,questionId) VALUES (0,46);
INSERT INTO ThemeQuestion (themeId,questionId) VALUES (0,47);
INSERT INTO ThemeQuestion (themeId,questionId) VALUES (0,48);
INSERT INTO ThemeQuestion (themeId,questionId) VALUES (0,49);
INSERT INTO ThemeQuestion (themeId,questionId) VALUES (0,50);
INSERT INTO ThemeQuestion (themeId,questionId) VALUES (0,51);
INSERT INTO ThemeQuestion (themeId,questionId) VALUES (0,52);
INSERT INTO ThemeQuestion (themeId,questionId) VALUES (0,53);
INSERT INTO ThemeQuestion (themeId,questionId) VALUES (0,54);
INSERT INTO ThemeQuestion (themeId,questionId) VALUES (0,55);
INSERT INTO ThemeQuestion (themeId,questionId) VALUES (0,56);
INSERT INTO ThemeQuestion (themeId,questionId) VALUES (1,19);
INSERT INTO ThemeQuestion (themeId,questionId) VALUES (0,57);
INSERT INTO ThemeQuestion (themeId,questionId) VALUES (0,58);
INSERT INTO ThemeQuestion (themeId,questionId) VALUES (0,59);
INSERT INTO ThemeQuestion (themeId,questionId) VALUES (0,60);
INSERT INTO ThemeQuestion (themeId,questionId) VALUES (0,61);
INSERT INTO ThemeQuestion (themeId,questionId) VALUES (0,62);
INSERT INTO ThemeQuestion (themeId,questionId) VALUES (0,63);
INSERT INTO ThemeQuestion (themeId,questionId) VALUES (0,64);
INSERT INTO ThemeQuestion (themeId,questionId) VALUES (1,28);
INSERT INTO ThemeQuestion (themeId,questionId) VALUES (0,67);
INSERT INTO ThemeQuestion (themeId,questionId) VALUES (0,68);
INSERT INTO ThemeQuestion (themeId,questionId) VALUES (0,69);
INSERT INTO ThemeQuestion (themeId,questionId) VALUES (0,70);
INSERT INTO ThemeQuestion (themeId,questionId) VALUES (0,71);
INSERT INTO ThemeQuestion (themeId,questionId) VALUES (0,72);
INSERT INTO ThemeQuestion (themeId,questionId) VALUES (0,74);
INSERT INTO ThemeQuestion (themeId,questionId) VALUES (0,75);
INSERT INTO ThemeQuestion (themeId,questionId) VALUES (0,76);
INSERT INTO ThemeQuestion (themeId,questionId) VALUES (0,77);
INSERT INTO ThemeQuestion (themeId,questionId) VALUES (1,58);
INSERT INTO ThemeQuestion (themeId,questionId) VALUES (1,64);
INSERT INTO ThemeQuestion (themeId,questionId) VALUES (1,73);
INSERT INTO ThemeQuestion (themeId,questionId) VALUES (2,78);
INSERT INTO ThemeQuestion (themeId,questionId) VALUES (2,79);
INSERT INTO ThemeQuestion (themeId,questionId) VALUES (2,80);
INSERT INTO ThemeQuestion (themeId,questionId) VALUES (2,81);
INSERT INTO ThemeQuestion (themeId,questionId) VALUES (2,82);
INSERT INTO ThemeQuestion (themeId,questionId) VALUES (2,83);
INSERT INTO ThemeQuestion (themeId,questionId) VALUES (2,84);
INSERT INTO ThemeQuestion (themeId,questionId) VALUES (2,85);
INSERT INTO ThemeQuestion (themeId,questionId) VALUES (2,86);
INSERT INTO ThemeQuestion (themeId,questionId) VALUES (2,87);
INSERT INTO ThemeQuestion (themeId,questionId) VALUES (2,88);
INSERT INTO ThemeQuestion (themeId,questionId) VALUES (2,89);
INSERT INTO ThemeQuestion (themeId,questionId) VALUES (2,90);
INSERT INTO ThemeQuestion (themeId,questionId) VALUES (2,91);
INSERT INTO ThemeQuestion (themeId,questionId) VALUES (2,92);
INSERT INTO ThemeQuestion (themeId,questionId) VALUES (2,93);
INSERT INTO ThemeQuestion (themeId,questionId) VALUES (1,131);
INSERT INTO ThemeQuestion (themeId,questionId) VALUES (2,94);
INSERT INTO ThemeQuestion (themeId,questionId) VALUES (2,95);
INSERT INTO ThemeQuestion (themeId,questionId) VALUES (2,96);
INSERT INTO ThemeQuestion (themeId,questionId) VALUES (2,97);
INSERT INTO ThemeQuestion (themeId,questionId) VALUES (2,98);
INSERT INTO ThemeQuestion (themeId,questionId) VALUES (2,99);
INSERT INTO ThemeQuestion (themeId,questionId) VALUES (2,100);
INSERT INTO ThemeQuestion (themeId,questionId) VALUES (1,143);
INSERT INTO ThemeQuestion (themeId,questionId) VALUES (1,147);
INSERT INTO ThemeQuestion (themeId,questionId) VALUES (4,65);
INSERT INTO ThemeQuestion (themeId,questionId) VALUES (1,213);
INSERT INTO ThemeQuestion (themeId,questionId) VALUES (5,66);
INSERT INTO ThemeQuestion (themeId,questionId) VALUES (3,148);
INSERT INTO ThemeQuestion (themeId,questionId) VALUES (3,149);
INSERT INTO ThemeQuestion (themeId,questionId) VALUES (1,229);
INSERT INTO Image (id,filename,extension) OVERRIDING SYSTEM VALUE VALUES (0,'endermen','jpg');
INSERT INTO Image (id,filename,extension) OVERRIDING SYSTEM VALUE VALUES (1,'ferrari','jpeg');
INSERT INTO Image (id,filename,extension) OVERRIDING SYSTEM VALUE VALUES (2,'NIIAS','png');
INSERT INTO Image (id,filename,extension) OVERRIDING SYSTEM VALUE VALUES (3,'Usersd.gorsheninPicturestest','jpg');
INSERT INTO UserAnswer (id,questionId,correct) OVERRIDING SYSTEM VALUE VALUES (0,2,false);
INSERT INTO UserAnswer (id,questionId,correct) OVERRIDING SYSTEM VALUE VALUES (1,67,false);
INSERT INTO UserAnswer (id,questionId,correct) OVERRIDING SYSTEM VALUE VALUES (2,6,true);
INSERT INTO UserAnswer (id,questionId,correct) OVERRIDING SYSTEM VALUE VALUES (3,70,false);
INSERT INTO UserAnswer (id,questionId,correct) OVERRIDING SYSTEM VALUE VALUES (4,74,true);
INSERT INTO UserAnswer (id,questionId,correct) OVERRIDING SYSTEM VALUE VALUES (5,10,true);
INSERT INTO UserAnswer (id,questionId,correct) OVERRIDING SYSTEM VALUE VALUES (6,11,true);
INSERT INTO UserAnswer (id,questionId,correct) OVERRIDING SYSTEM VALUE VALUES (7,12,false);
INSERT INTO UserAnswer (id,questionId,correct) OVERRIDING SYSTEM VALUE VALUES (8,13,true);
INSERT INTO UserAnswer (id,questionId,correct) OVERRIDING SYSTEM VALUE VALUES (9,16,true);
INSERT INTO UserAnswer (id,questionId,correct) OVERRIDING SYSTEM VALUE VALUES (10,17,true);
INSERT INTO UserAnswer (id,questionId,correct) OVERRIDING SYSTEM VALUE VALUES (11,19,true);
INSERT INTO UserAnswer (id,questionId,correct) OVERRIDING SYSTEM VALUE VALUES (12,20,true);
INSERT INTO UserAnswer (id,questionId,correct) OVERRIDING SYSTEM VALUE VALUES (13,30,false);
INSERT INTO UserAnswer (id,questionId,correct) OVERRIDING SYSTEM VALUE VALUES (14,31,true);
INSERT INTO UserAnswer (id,questionId,correct) OVERRIDING SYSTEM VALUE VALUES (15,33,true);
INSERT INTO UserAnswer (id,questionId,correct) OVERRIDING SYSTEM VALUE VALUES (16,35,false);
INSERT INTO UserAnswer (id,questionId,correct) OVERRIDING SYSTEM VALUE VALUES (17,36,true);
INSERT INTO UserAnswer (id,questionId,correct) OVERRIDING SYSTEM VALUE VALUES (18,37,false);
INSERT INTO UserAnswer (id,questionId,correct) OVERRIDING SYSTEM VALUE VALUES (19,38,false);
INSERT INTO UserAnswer (id,questionId,correct) OVERRIDING SYSTEM VALUE VALUES (20,39,false);
INSERT INTO UserAnswer (id,questionId,correct) OVERRIDING SYSTEM VALUE VALUES (21,40,true);
INSERT INTO UserAnswer (id,questionId,correct) OVERRIDING SYSTEM VALUE VALUES (22,45,true);
INSERT INTO UserAnswer (id,questionId,correct) OVERRIDING SYSTEM VALUE VALUES (23,51,false);
INSERT INTO UserAnswer (id,questionId,correct) OVERRIDING SYSTEM VALUE VALUES (24,52,true);
INSERT INTO UserAnswer (id,questionId,correct) OVERRIDING SYSTEM VALUE VALUES (25,54,false);
INSERT INTO UserAnswer (id,questionId,correct) OVERRIDING SYSTEM VALUE VALUES (26,57,false);
INSERT INTO UserAnswer (id,questionId,correct) OVERRIDING SYSTEM VALUE VALUES (27,58,true);
INSERT INTO UserAnswer (id,questionId,correct) OVERRIDING SYSTEM VALUE VALUES (28,60,true);
INSERT INTO UserAnswer (id,questionId,correct) OVERRIDING SYSTEM VALUE VALUES (29,62,false);
INSERT INTO UserAnswer (id,questionId,correct) OVERRIDING SYSTEM VALUE VALUES (30,63,true);
INSERT INTO UserAnswer (id,questionId,correct) OVERRIDING SYSTEM VALUE VALUES (31,2,false);
INSERT INTO UserAnswer (id,questionId,correct) OVERRIDING SYSTEM VALUE VALUES (32,67,false);
INSERT INTO UserAnswer (id,questionId,correct) OVERRIDING SYSTEM VALUE VALUES (33,70,false);
INSERT INTO UserAnswer (id,questionId,correct) OVERRIDING SYSTEM VALUE VALUES (34,6,false);
INSERT INTO UserAnswer (id,questionId,correct) OVERRIDING SYSTEM VALUE VALUES (35,10,false);
INSERT INTO UserAnswer (id,questionId,correct) OVERRIDING SYSTEM VALUE VALUES (36,74,true);
INSERT INTO UserAnswer (id,questionId,correct) OVERRIDING SYSTEM VALUE VALUES (37,11,true);
INSERT INTO UserAnswer (id,questionId,correct) OVERRIDING SYSTEM VALUE VALUES (38,12,false);
INSERT INTO UserAnswer (id,questionId,correct) OVERRIDING SYSTEM VALUE VALUES (39,13,true);
INSERT INTO UserAnswer (id,questionId,correct) OVERRIDING SYSTEM VALUE VALUES (40,16,true);
INSERT INTO UserAnswer (id,questionId,correct) OVERRIDING SYSTEM VALUE VALUES (41,17,true);
INSERT INTO UserAnswer (id,questionId,correct) OVERRIDING SYSTEM VALUE VALUES (42,19,true);
INSERT INTO UserAnswer (id,questionId,correct) OVERRIDING SYSTEM VALUE VALUES (43,20,true);
INSERT INTO UserAnswer (id,questionId,correct) OVERRIDING SYSTEM VALUE VALUES (44,30,false);
INSERT INTO UserAnswer (id,questionId,correct) OVERRIDING SYSTEM VALUE VALUES (45,31,true);
INSERT INTO UserAnswer (id,questionId,correct) OVERRIDING SYSTEM VALUE VALUES (46,33,false);
INSERT INTO UserAnswer (id,questionId,correct) OVERRIDING SYSTEM VALUE VALUES (47,35,true);
INSERT INTO UserAnswer (id,questionId,correct) OVERRIDING SYSTEM VALUE VALUES (48,36,true);
INSERT INTO UserAnswer (id,questionId,correct) OVERRIDING SYSTEM VALUE VALUES (49,37,true);
INSERT INTO UserAnswer (id,questionId,correct) OVERRIDING SYSTEM VALUE VALUES (50,38,true);
INSERT INTO UserAnswer (id,questionId,correct) OVERRIDING SYSTEM VALUE VALUES (51,39,false);
INSERT INTO UserAnswer (id,questionId,correct) OVERRIDING SYSTEM VALUE VALUES (52,40,true);
INSERT INTO UserAnswer (id,questionId,correct) OVERRIDING SYSTEM VALUE VALUES (53,45,true);
INSERT INTO UserAnswer (id,questionId,correct) OVERRIDING SYSTEM VALUE VALUES (54,51,false);
INSERT INTO UserAnswer (id,questionId,correct) OVERRIDING SYSTEM VALUE VALUES (55,52,true);
INSERT INTO UserAnswer (id,questionId,correct) OVERRIDING SYSTEM VALUE VALUES (56,54,true);
INSERT INTO UserAnswer (id,questionId,correct) OVERRIDING SYSTEM VALUE VALUES (57,57,false);
INSERT INTO UserAnswer (id,questionId,correct) OVERRIDING SYSTEM VALUE VALUES (58,58,false);
INSERT INTO UserAnswer (id,questionId,correct) OVERRIDING SYSTEM VALUE VALUES (59,60,true);
INSERT INTO UserAnswer (id,questionId,correct) OVERRIDING SYSTEM VALUE VALUES (60,62,false);
INSERT INTO UserAnswer (id,questionId,correct) OVERRIDING SYSTEM VALUE VALUES (61,63,false);
INSERT INTO UserAnswer (id,questionId,correct) OVERRIDING SYSTEM VALUE VALUES (62,2,true);
INSERT INTO UserAnswer (id,questionId,correct) OVERRIDING SYSTEM VALUE VALUES (63,67,true);
INSERT INTO UserAnswer (id,questionId,correct) OVERRIDING SYSTEM VALUE VALUES (64,70,true);
INSERT INTO UserAnswer (id,questionId,correct) OVERRIDING SYSTEM VALUE VALUES (65,6,true);
INSERT INTO UserAnswer (id,questionId,correct) OVERRIDING SYSTEM VALUE VALUES (66,10,true);
INSERT INTO UserAnswer (id,questionId,correct) OVERRIDING SYSTEM VALUE VALUES (67,74,true);
INSERT INTO UserAnswer (id,questionId,correct) OVERRIDING SYSTEM VALUE VALUES (68,11,true);
INSERT INTO UserAnswer (id,questionId,correct) OVERRIDING SYSTEM VALUE VALUES (69,12,true);
INSERT INTO UserAnswer (id,questionId,correct) OVERRIDING SYSTEM VALUE VALUES (70,13,true);
INSERT INTO UserAnswer (id,questionId,correct) OVERRIDING SYSTEM VALUE VALUES (71,16,true);
INSERT INTO UserAnswer (id,questionId,correct) OVERRIDING SYSTEM VALUE VALUES (72,17,true);
INSERT INTO UserAnswer (id,questionId,correct) OVERRIDING SYSTEM VALUE VALUES (73,19,true);
INSERT INTO UserAnswer (id,questionId,correct) OVERRIDING SYSTEM VALUE VALUES (74,20,true);
INSERT INTO UserAnswer (id,questionId,correct) OVERRIDING SYSTEM VALUE VALUES (75,30,false);
INSERT INTO UserAnswer (id,questionId,correct) OVERRIDING SYSTEM VALUE VALUES (76,31,true);
INSERT INTO UserAnswer (id,questionId,correct) OVERRIDING SYSTEM VALUE VALUES (77,33,false);
INSERT INTO UserAnswer (id,questionId,correct) OVERRIDING SYSTEM VALUE VALUES (78,35,true);
INSERT INTO UserAnswer (id,questionId,correct) OVERRIDING SYSTEM VALUE VALUES (79,36,true);
INSERT INTO UserAnswer (id,questionId,correct) OVERRIDING SYSTEM VALUE VALUES (80,37,true);
INSERT INTO UserAnswer (id,questionId,correct) OVERRIDING SYSTEM VALUE VALUES (81,38,true);
INSERT INTO UserAnswer (id,questionId,correct) OVERRIDING SYSTEM VALUE VALUES (82,39,false);
INSERT INTO UserAnswer (id,questionId,correct) OVERRIDING SYSTEM VALUE VALUES (83,40,true);
INSERT INTO UserAnswer (id,questionId,correct) OVERRIDING SYSTEM VALUE VALUES (84,45,false);
INSERT INTO UserAnswer (id,questionId,correct) OVERRIDING SYSTEM VALUE VALUES (85,51,true);
INSERT INTO UserAnswer (id,questionId,correct) OVERRIDING SYSTEM VALUE VALUES (86,52,true);
INSERT INTO UserAnswer (id,questionId,correct) OVERRIDING SYSTEM VALUE VALUES (87,54,false);
INSERT INTO UserAnswer (id,questionId,correct) OVERRIDING SYSTEM VALUE VALUES (88,57,false);
INSERT INTO UserAnswer (id,questionId,correct) OVERRIDING SYSTEM VALUE VALUES (89,58,true);
INSERT INTO UserAnswer (id,questionId,correct) OVERRIDING SYSTEM VALUE VALUES (90,60,false);
INSERT INTO UserAnswer (id,questionId,correct) OVERRIDING SYSTEM VALUE VALUES (91,62,false);
INSERT INTO UserAnswer (id,questionId,correct) OVERRIDING SYSTEM VALUE VALUES (92,63,true);
INSERT INTO UserAnswer (id,questionId,correct) OVERRIDING SYSTEM VALUE VALUES (93,2,true);
INSERT INTO UserAnswer (id,questionId,correct) OVERRIDING SYSTEM VALUE VALUES (94,67,true);
INSERT INTO UserAnswer (id,questionId,correct) OVERRIDING SYSTEM VALUE VALUES (95,6,true);
INSERT INTO UserAnswer (id,questionId,correct) OVERRIDING SYSTEM VALUE VALUES (96,70,false);
INSERT INTO UserAnswer (id,questionId,correct) OVERRIDING SYSTEM VALUE VALUES (97,10,true);
INSERT INTO UserAnswer (id,questionId,correct) OVERRIDING SYSTEM VALUE VALUES (98,74,true);
INSERT INTO UserAnswer (id,questionId,correct) OVERRIDING SYSTEM VALUE VALUES (99,11,true);
INSERT INTO UserAnswer (id,questionId,correct) OVERRIDING SYSTEM VALUE VALUES (100,12,true);
INSERT INTO UserAnswer (id,questionId,correct) OVERRIDING SYSTEM VALUE VALUES (101,13,true);
INSERT INTO UserAnswer (id,questionId,correct) OVERRIDING SYSTEM VALUE VALUES (102,16,true);
INSERT INTO UserAnswer (id,questionId,correct) OVERRIDING SYSTEM VALUE VALUES (103,17,true);
INSERT INTO UserAnswer (id,questionId,correct) OVERRIDING SYSTEM VALUE VALUES (104,19,true);
INSERT INTO UserAnswer (id,questionId,correct) OVERRIDING SYSTEM VALUE VALUES (105,20,true);
INSERT INTO UserAnswer (id,questionId,correct) OVERRIDING SYSTEM VALUE VALUES (106,30,false);
INSERT INTO UserAnswer (id,questionId,correct) OVERRIDING SYSTEM VALUE VALUES (107,31,true);
INSERT INTO UserAnswer (id,questionId,correct) OVERRIDING SYSTEM VALUE VALUES (108,33,true);
INSERT INTO UserAnswer (id,questionId,correct) OVERRIDING SYSTEM VALUE VALUES (109,35,true);
INSERT INTO UserAnswer (id,questionId,correct) OVERRIDING SYSTEM VALUE VALUES (110,36,true);
INSERT INTO UserAnswer (id,questionId,correct) OVERRIDING SYSTEM VALUE VALUES (111,37,true);
INSERT INTO UserAnswer (id,questionId,correct) OVERRIDING SYSTEM VALUE VALUES (112,38,true);
INSERT INTO UserAnswer (id,questionId,correct) OVERRIDING SYSTEM VALUE VALUES (113,39,false);
INSERT INTO UserAnswer (id,questionId,correct) OVERRIDING SYSTEM VALUE VALUES (114,40,true);
INSERT INTO UserAnswer (id,questionId,correct) OVERRIDING SYSTEM VALUE VALUES (115,45,true);
INSERT INTO UserAnswer (id,questionId,correct) OVERRIDING SYSTEM VALUE VALUES (116,51,true);
INSERT INTO UserAnswer (id,questionId,correct) OVERRIDING SYSTEM VALUE VALUES (117,52,true);
INSERT INTO UserAnswer (id,questionId,correct) OVERRIDING SYSTEM VALUE VALUES (118,54,false);
INSERT INTO UserAnswer (id,questionId,correct) OVERRIDING SYSTEM VALUE VALUES (119,57,true);
INSERT INTO UserAnswer (id,questionId,correct) OVERRIDING SYSTEM VALUE VALUES (120,58,true);
INSERT INTO UserAnswer (id,questionId,correct) OVERRIDING SYSTEM VALUE VALUES (121,60,false);
INSERT INTO UserAnswer (id,questionId,correct) OVERRIDING SYSTEM VALUE VALUES (122,62,false);
INSERT INTO UserAnswer (id,questionId,correct) OVERRIDING SYSTEM VALUE VALUES (123,63,true);
INSERT INTO UserAnswer (id,questionId,correct) OVERRIDING SYSTEM VALUE VALUES (124,96,false);
INSERT INTO UserAnswer (id,questionId,correct) OVERRIDING SYSTEM VALUE VALUES (125,97,true);
INSERT INTO UserAnswer (id,questionId,correct) OVERRIDING SYSTEM VALUE VALUES (126,98,true);
INSERT INTO UserAnswer (id,questionId,correct) OVERRIDING SYSTEM VALUE VALUES (127,99,true);
INSERT INTO UserAnswer (id,questionId,correct) OVERRIDING SYSTEM VALUE VALUES (128,100,true);
INSERT INTO UserAnswer (id,questionId,correct) OVERRIDING SYSTEM VALUE VALUES (129,78,true);
INSERT INTO UserAnswer (id,questionId,correct) OVERRIDING SYSTEM VALUE VALUES (130,79,true);
INSERT INTO UserAnswer (id,questionId,correct) OVERRIDING SYSTEM VALUE VALUES (131,80,true);
INSERT INTO UserAnswer (id,questionId,correct) OVERRIDING SYSTEM VALUE VALUES (132,81,true);
INSERT INTO UserAnswer (id,questionId,correct) OVERRIDING SYSTEM VALUE VALUES (133,82,true);
INSERT INTO UserAnswer (id,questionId,correct) OVERRIDING SYSTEM VALUE VALUES (134,83,true);
INSERT INTO UserAnswer (id,questionId,correct) OVERRIDING SYSTEM VALUE VALUES (135,84,true);
INSERT INTO UserAnswer (id,questionId,correct) OVERRIDING SYSTEM VALUE VALUES (136,85,true);
INSERT INTO UserAnswer (id,questionId,correct) OVERRIDING SYSTEM VALUE VALUES (137,86,true);
INSERT INTO UserAnswer (id,questionId,correct) OVERRIDING SYSTEM VALUE VALUES (138,87,true);
INSERT INTO UserAnswer (id,questionId,correct) OVERRIDING SYSTEM VALUE VALUES (139,88,true);
INSERT INTO UserAnswer (id,questionId,correct) OVERRIDING SYSTEM VALUE VALUES (140,89,true);
INSERT INTO UserAnswer (id,questionId,correct) OVERRIDING SYSTEM VALUE VALUES (141,90,true);
INSERT INTO UserAnswer (id,questionId,correct) OVERRIDING SYSTEM VALUE VALUES (142,91,true);
INSERT INTO UserAnswer (id,questionId,correct) OVERRIDING SYSTEM VALUE VALUES (143,92,true);
INSERT INTO UserAnswer (id,questionId,correct) OVERRIDING SYSTEM VALUE VALUES (144,93,true);
INSERT INTO UserAnswer (id,questionId,correct) OVERRIDING SYSTEM VALUE VALUES (145,94,true);
INSERT INTO UserAnswer (id,questionId,correct) OVERRIDING SYSTEM VALUE VALUES (146,95,false);
INSERT INTO UserAnswer (id,questionId,correct) OVERRIDING SYSTEM VALUE VALUES (147,128,true);
INSERT INTO UserAnswer (id,questionId,correct) OVERRIDING SYSTEM VALUE VALUES (148,129,false);
INSERT INTO UserAnswer (id,questionId,correct) OVERRIDING SYSTEM VALUE VALUES (149,132,false);
INSERT INTO UserAnswer (id,questionId,correct) OVERRIDING SYSTEM VALUE VALUES (150,135,false);
INSERT INTO UserAnswer (id,questionId,correct) OVERRIDING SYSTEM VALUE VALUES (151,136,false);
INSERT INTO UserAnswer (id,questionId,correct) OVERRIDING SYSTEM VALUE VALUES (152,140,false);
INSERT INTO UserAnswer (id,questionId,correct) OVERRIDING SYSTEM VALUE VALUES (153,141,true);
INSERT INTO UserAnswer (id,questionId,correct) OVERRIDING SYSTEM VALUE VALUES (154,142,true);
INSERT INTO UserAnswer (id,questionId,correct) OVERRIDING SYSTEM VALUE VALUES (155,145,true);
INSERT INTO UserAnswer (id,questionId,correct) OVERRIDING SYSTEM VALUE VALUES (156,146,false);
INSERT INTO UserAnswer (id,questionId,correct) OVERRIDING SYSTEM VALUE VALUES (157,151,false);
INSERT INTO UserAnswer (id,questionId,correct) OVERRIDING SYSTEM VALUE VALUES (158,152,true);
INSERT INTO UserAnswer (id,questionId,correct) OVERRIDING SYSTEM VALUE VALUES (159,153,false);
INSERT INTO UserAnswer (id,questionId,correct) OVERRIDING SYSTEM VALUE VALUES (160,154,false);
INSERT INTO UserAnswer (id,questionId,correct) OVERRIDING SYSTEM VALUE VALUES (161,103,false);
INSERT INTO UserAnswer (id,questionId,correct) OVERRIDING SYSTEM VALUE VALUES (162,104,false);
INSERT INTO UserAnswer (id,questionId,correct) OVERRIDING SYSTEM VALUE VALUES (163,106,false);
INSERT INTO UserAnswer (id,questionId,correct) OVERRIDING SYSTEM VALUE VALUES (164,107,true);
INSERT INTO UserAnswer (id,questionId,correct) OVERRIDING SYSTEM VALUE VALUES (165,108,true);
INSERT INTO UserAnswer (id,questionId,correct) OVERRIDING SYSTEM VALUE VALUES (166,109,true);
INSERT INTO UserAnswer (id,questionId,correct) OVERRIDING SYSTEM VALUE VALUES (167,110,true);
INSERT INTO UserAnswer (id,questionId,correct) OVERRIDING SYSTEM VALUE VALUES (168,111,false);
INSERT INTO UserAnswer (id,questionId,correct) OVERRIDING SYSTEM VALUE VALUES (169,114,true);
INSERT INTO UserAnswer (id,questionId,correct) OVERRIDING SYSTEM VALUE VALUES (170,115,true);
INSERT INTO UserAnswer (id,questionId,correct) OVERRIDING SYSTEM VALUE VALUES (171,117,false);
INSERT INTO UserAnswer (id,questionId,correct) OVERRIDING SYSTEM VALUE VALUES (172,119,false);
INSERT INTO UserAnswer (id,questionId,correct) OVERRIDING SYSTEM VALUE VALUES (173,123,false);
INSERT INTO UserAnswer (id,questionId,correct) OVERRIDING SYSTEM VALUE VALUES (174,125,true);
INSERT INTO UserAnswer (id,questionId,correct) OVERRIDING SYSTEM VALUE VALUES (175,2,true);
INSERT INTO UserAnswer (id,questionId,correct) OVERRIDING SYSTEM VALUE VALUES (176,67,true);
INSERT INTO UserAnswer (id,questionId,correct) OVERRIDING SYSTEM VALUE VALUES (177,6,true);
INSERT INTO UserAnswer (id,questionId,correct) OVERRIDING SYSTEM VALUE VALUES (178,70,true);
INSERT INTO UserAnswer (id,questionId,correct) OVERRIDING SYSTEM VALUE VALUES (179,74,true);
INSERT INTO UserAnswer (id,questionId,correct) OVERRIDING SYSTEM VALUE VALUES (180,10,true);
INSERT INTO UserAnswer (id,questionId,correct) OVERRIDING SYSTEM VALUE VALUES (181,11,true);
INSERT INTO UserAnswer (id,questionId,correct) OVERRIDING SYSTEM VALUE VALUES (182,12,false);
INSERT INTO UserAnswer (id,questionId,correct) OVERRIDING SYSTEM VALUE VALUES (183,13,true);
INSERT INTO UserAnswer (id,questionId,correct) OVERRIDING SYSTEM VALUE VALUES (184,16,true);
INSERT INTO UserAnswer (id,questionId,correct) OVERRIDING SYSTEM VALUE VALUES (185,17,true);
INSERT INTO UserAnswer (id,questionId,correct) OVERRIDING SYSTEM VALUE VALUES (186,19,true);
INSERT INTO UserAnswer (id,questionId,correct) OVERRIDING SYSTEM VALUE VALUES (187,20,true);
INSERT INTO UserAnswer (id,questionId,correct) OVERRIDING SYSTEM VALUE VALUES (188,30,false);
INSERT INTO UserAnswer (id,questionId,correct) OVERRIDING SYSTEM VALUE VALUES (189,31,true);
INSERT INTO UserAnswer (id,questionId,correct) OVERRIDING SYSTEM VALUE VALUES (190,33,true);
INSERT INTO UserAnswer (id,questionId,correct) OVERRIDING SYSTEM VALUE VALUES (191,35,true);
INSERT INTO UserAnswer (id,questionId,correct) OVERRIDING SYSTEM VALUE VALUES (192,36,true);
INSERT INTO UserAnswer (id,questionId,correct) OVERRIDING SYSTEM VALUE VALUES (193,37,true);
INSERT INTO UserAnswer (id,questionId,correct) OVERRIDING SYSTEM VALUE VALUES (194,38,true);
INSERT INTO UserAnswer (id,questionId,correct) OVERRIDING SYSTEM VALUE VALUES (195,39,true);
INSERT INTO UserAnswer (id,questionId,correct) OVERRIDING SYSTEM VALUE VALUES (196,40,true);
INSERT INTO UserAnswer (id,questionId,correct) OVERRIDING SYSTEM VALUE VALUES (197,45,false);
INSERT INTO UserAnswer (id,questionId,correct) OVERRIDING SYSTEM VALUE VALUES (198,51,true);
INSERT INTO UserAnswer (id,questionId,correct) OVERRIDING SYSTEM VALUE VALUES (199,52,true);
INSERT INTO UserAnswer (id,questionId,correct) OVERRIDING SYSTEM VALUE VALUES (200,54,true);
INSERT INTO UserAnswer (id,questionId,correct) OVERRIDING SYSTEM VALUE VALUES (201,57,false);
INSERT INTO UserAnswer (id,questionId,correct) OVERRIDING SYSTEM VALUE VALUES (202,58,true);
INSERT INTO UserAnswer (id,questionId,correct) OVERRIDING SYSTEM VALUE VALUES (203,60,true);
INSERT INTO UserAnswer (id,questionId,correct) OVERRIDING SYSTEM VALUE VALUES (204,62,false);
INSERT INTO UserAnswer (id,questionId,correct) OVERRIDING SYSTEM VALUE VALUES (205,63,true);
INSERT INTO UserAnswer (id,questionId,correct) OVERRIDING SYSTEM VALUE VALUES (206,96,true);
INSERT INTO UserAnswer (id,questionId,correct) OVERRIDING SYSTEM VALUE VALUES (207,97,true);
INSERT INTO UserAnswer (id,questionId,correct) OVERRIDING SYSTEM VALUE VALUES (208,98,true);
INSERT INTO UserAnswer (id,questionId,correct) OVERRIDING SYSTEM VALUE VALUES (209,99,false);
INSERT INTO UserAnswer (id,questionId,correct) OVERRIDING SYSTEM VALUE VALUES (210,100,false);
INSERT INTO UserAnswer (id,questionId,correct) OVERRIDING SYSTEM VALUE VALUES (211,78,true);
INSERT INTO UserAnswer (id,questionId,correct) OVERRIDING SYSTEM VALUE VALUES (212,79,true);
INSERT INTO UserAnswer (id,questionId,correct) OVERRIDING SYSTEM VALUE VALUES (213,80,true);
INSERT INTO UserAnswer (id,questionId,correct) OVERRIDING SYSTEM VALUE VALUES (214,81,true);
INSERT INTO UserAnswer (id,questionId,correct) OVERRIDING SYSTEM VALUE VALUES (215,82,true);
INSERT INTO UserAnswer (id,questionId,correct) OVERRIDING SYSTEM VALUE VALUES (216,83,false);
INSERT INTO UserAnswer (id,questionId,correct) OVERRIDING SYSTEM VALUE VALUES (217,84,true);
INSERT INTO UserAnswer (id,questionId,correct) OVERRIDING SYSTEM VALUE VALUES (218,85,true);
INSERT INTO UserAnswer (id,questionId,correct) OVERRIDING SYSTEM VALUE VALUES (219,86,true);
INSERT INTO UserAnswer (id,questionId,correct) OVERRIDING SYSTEM VALUE VALUES (220,87,true);
INSERT INTO UserAnswer (id,questionId,correct) OVERRIDING SYSTEM VALUE VALUES (221,88,true);
INSERT INTO UserAnswer (id,questionId,correct) OVERRIDING SYSTEM VALUE VALUES (222,89,false);
INSERT INTO UserAnswer (id,questionId,correct) OVERRIDING SYSTEM VALUE VALUES (223,90,true);
INSERT INTO UserAnswer (id,questionId,correct) OVERRIDING SYSTEM VALUE VALUES (224,91,true);
INSERT INTO UserAnswer (id,questionId,correct) OVERRIDING SYSTEM VALUE VALUES (225,92,true);
INSERT INTO UserAnswer (id,questionId,correct) OVERRIDING SYSTEM VALUE VALUES (226,93,true);
INSERT INTO UserAnswer (id,questionId,correct) OVERRIDING SYSTEM VALUE VALUES (227,94,true);
INSERT INTO UserAnswer (id,questionId,correct) OVERRIDING SYSTEM VALUE VALUES (228,95,true);
INSERT INTO UserAnswer (id,questionId,correct) OVERRIDING SYSTEM VALUE VALUES (229,128,true);
INSERT INTO UserAnswer (id,questionId,correct) OVERRIDING SYSTEM VALUE VALUES (230,129,false);
INSERT INTO UserAnswer (id,questionId,correct) OVERRIDING SYSTEM VALUE VALUES (231,132,true);
INSERT INTO UserAnswer (id,questionId,correct) OVERRIDING SYSTEM VALUE VALUES (232,135,false);
INSERT INTO UserAnswer (id,questionId,correct) OVERRIDING SYSTEM VALUE VALUES (233,136,false);
INSERT INTO UserAnswer (id,questionId,correct) OVERRIDING SYSTEM VALUE VALUES (234,140,true);
INSERT INTO UserAnswer (id,questionId,correct) OVERRIDING SYSTEM VALUE VALUES (235,141,false);
INSERT INTO UserAnswer (id,questionId,correct) OVERRIDING SYSTEM VALUE VALUES (236,142,true);
INSERT INTO UserAnswer (id,questionId,correct) OVERRIDING SYSTEM VALUE VALUES (237,145,true);
INSERT INTO UserAnswer (id,questionId,correct) OVERRIDING SYSTEM VALUE VALUES (238,146,true);
INSERT INTO UserAnswer (id,questionId,correct) OVERRIDING SYSTEM VALUE VALUES (239,151,false);
INSERT INTO UserAnswer (id,questionId,correct) OVERRIDING SYSTEM VALUE VALUES (240,152,false);
INSERT INTO UserAnswer (id,questionId,correct) OVERRIDING SYSTEM VALUE VALUES (241,153,true);
INSERT INTO UserAnswer (id,questionId,correct) OVERRIDING SYSTEM VALUE VALUES (242,154,false);
INSERT INTO UserAnswer (id,questionId,correct) OVERRIDING SYSTEM VALUE VALUES (243,103,false);
INSERT INTO UserAnswer (id,questionId,correct) OVERRIDING SYSTEM VALUE VALUES (244,104,false);
INSERT INTO UserAnswer (id,questionId,correct) OVERRIDING SYSTEM VALUE VALUES (245,106,false);
INSERT INTO UserAnswer (id,questionId,correct) OVERRIDING SYSTEM VALUE VALUES (246,107,true);
INSERT INTO UserAnswer (id,questionId,correct) OVERRIDING SYSTEM VALUE VALUES (247,108,true);
INSERT INTO UserAnswer (id,questionId,correct) OVERRIDING SYSTEM VALUE VALUES (248,109,true);
INSERT INTO UserAnswer (id,questionId,correct) OVERRIDING SYSTEM VALUE VALUES (249,110,true);
INSERT INTO UserAnswer (id,questionId,correct) OVERRIDING SYSTEM VALUE VALUES (250,111,false);
INSERT INTO UserAnswer (id,questionId,correct) OVERRIDING SYSTEM VALUE VALUES (251,114,true);
INSERT INTO UserAnswer (id,questionId,correct) OVERRIDING SYSTEM VALUE VALUES (252,115,true);
INSERT INTO UserAnswer (id,questionId,correct) OVERRIDING SYSTEM VALUE VALUES (253,117,false);
INSERT INTO UserAnswer (id,questionId,correct) OVERRIDING SYSTEM VALUE VALUES (254,119,true);
INSERT INTO UserAnswer (id,questionId,correct) OVERRIDING SYSTEM VALUE VALUES (255,123,false);
INSERT INTO UserAnswer (id,questionId,correct) OVERRIDING SYSTEM VALUE VALUES (256,125,true);
INSERT INTO UserAnswer (id,questionId,correct) OVERRIDING SYSTEM VALUE VALUES (257,160,true);
INSERT INTO UserAnswer (id,questionId,correct) OVERRIDING SYSTEM VALUE VALUES (258,161,true);
INSERT INTO UserAnswer (id,questionId,correct) OVERRIDING SYSTEM VALUE VALUES (259,162,true);
INSERT INTO UserAnswer (id,questionId,correct) OVERRIDING SYSTEM VALUE VALUES (260,163,false);
INSERT INTO UserAnswer (id,questionId,correct) OVERRIDING SYSTEM VALUE VALUES (261,164,false);
INSERT INTO UserAnswer (id,questionId,correct) OVERRIDING SYSTEM VALUE VALUES (262,165,true);
INSERT INTO UserAnswer (id,questionId,correct) OVERRIDING SYSTEM VALUE VALUES (263,166,true);
INSERT INTO UserAnswer (id,questionId,correct) OVERRIDING SYSTEM VALUE VALUES (264,167,true);
INSERT INTO UserAnswer (id,questionId,correct) OVERRIDING SYSTEM VALUE VALUES (265,168,true);
INSERT INTO UserAnswer (id,questionId,correct) OVERRIDING SYSTEM VALUE VALUES (266,169,false);
INSERT INTO UserAnswer (id,questionId,correct) OVERRIDING SYSTEM VALUE VALUES (267,170,true);
INSERT INTO UserAnswer (id,questionId,correct) OVERRIDING SYSTEM VALUE VALUES (268,171,true);
INSERT INTO UserAnswer (id,questionId,correct) OVERRIDING SYSTEM VALUE VALUES (269,172,true);
INSERT INTO UserAnswer (id,questionId,correct) OVERRIDING SYSTEM VALUE VALUES (270,173,true);
INSERT INTO UserAnswer (id,questionId,correct) OVERRIDING SYSTEM VALUE VALUES (271,174,true);
INSERT INTO UserAnswer (id,questionId,correct) OVERRIDING SYSTEM VALUE VALUES (272,155,false);
INSERT INTO UserAnswer (id,questionId,correct) OVERRIDING SYSTEM VALUE VALUES (273,156,true);
INSERT INTO UserAnswer (id,questionId,correct) OVERRIDING SYSTEM VALUE VALUES (274,157,true);
INSERT INTO UserAnswer (id,questionId,correct) OVERRIDING SYSTEM VALUE VALUES (275,158,true);
INSERT INTO UserAnswer (id,questionId,correct) OVERRIDING SYSTEM VALUE VALUES (276,159,false);
INSERT INTO UserAnswer (id,questionId,correct) OVERRIDING SYSTEM VALUE VALUES (277,242,false);
INSERT INTO UserAnswer (id,questionId,correct) OVERRIDING SYSTEM VALUE VALUES (278,199,false);
INSERT INTO UserAnswer (id,questionId,correct) OVERRIDING SYSTEM VALUE VALUES (279,257,false);
INSERT INTO UserAnswer (id,questionId,correct) OVERRIDING SYSTEM VALUE VALUES (280,258,false);
INSERT INTO UserAnswer (id,questionId,correct) OVERRIDING SYSTEM VALUE VALUES (281,259,true);
INSERT INTO UserAnswer (id,questionId,correct) OVERRIDING SYSTEM VALUE VALUES (282,262,false);
INSERT INTO UserAnswer (id,questionId,correct) OVERRIDING SYSTEM VALUE VALUES (283,264,false);
INSERT INTO UserAnswer (id,questionId,correct) OVERRIDING SYSTEM VALUE VALUES (284,267,false);
INSERT INTO UserAnswer (id,questionId,correct) OVERRIDING SYSTEM VALUE VALUES (285,268,true);
INSERT INTO UserAnswer (id,questionId,correct) OVERRIDING SYSTEM VALUE VALUES (286,278,false);
INSERT INTO UserAnswer (id,questionId,correct) OVERRIDING SYSTEM VALUE VALUES (287,280,false);
INSERT INTO UserAnswer (id,questionId,correct) OVERRIDING SYSTEM VALUE VALUES (288,283,true);
INSERT INTO UserAnswer (id,questionId,correct) OVERRIDING SYSTEM VALUE VALUES (289,175,false);
INSERT INTO UserAnswer (id,questionId,correct) OVERRIDING SYSTEM VALUE VALUES (290,176,true);
INSERT INTO UserAnswer (id,questionId,correct) OVERRIDING SYSTEM VALUE VALUES (291,177,true);
INSERT INTO UserAnswer (id,questionId,correct) OVERRIDING SYSTEM VALUE VALUES (292,178,false);
INSERT INTO UserAnswer (id,questionId,correct) OVERRIDING SYSTEM VALUE VALUES (293,179,true);
INSERT INTO UserAnswer (id,questionId,correct) OVERRIDING SYSTEM VALUE VALUES (294,180,true);
INSERT INTO UserAnswer (id,questionId,correct) OVERRIDING SYSTEM VALUE VALUES (295,181,true);
INSERT INTO UserAnswer (id,questionId,correct) OVERRIDING SYSTEM VALUE VALUES (296,312,true);
INSERT INTO UserAnswer (id,questionId,correct) OVERRIDING SYSTEM VALUE VALUES (297,185,false);
INSERT INTO UserAnswer (id,questionId,correct) OVERRIDING SYSTEM VALUE VALUES (298,188,false);
INSERT INTO UserAnswer (id,questionId,correct) OVERRIDING SYSTEM VALUE VALUES (299,196,true);
INSERT INTO UserAnswer (id,questionId,correct) OVERRIDING SYSTEM VALUE VALUES (300,198,true);
INSERT INTO UserAnswer (id,questionId,correct) OVERRIDING SYSTEM VALUE VALUES (301,199,false);
INSERT INTO UserAnswer (id,questionId,correct) OVERRIDING SYSTEM VALUE VALUES (302,201,false);
INSERT INTO UserAnswer (id,questionId,correct) OVERRIDING SYSTEM VALUE VALUES (303,206,false);
INSERT INTO UserAnswer (id,questionId,correct) OVERRIDING SYSTEM VALUE VALUES (304,207,false);
INSERT INTO UserAnswer (id,questionId,correct) OVERRIDING SYSTEM VALUE VALUES (305,210,true);
INSERT INTO UserAnswer (id,questionId,correct) OVERRIDING SYSTEM VALUE VALUES (306,211,true);
INSERT INTO UserAnswer (id,questionId,correct) OVERRIDING SYSTEM VALUE VALUES (307,212,true);
INSERT INTO UserAnswer (id,questionId,correct) OVERRIDING SYSTEM VALUE VALUES (308,215,true);
INSERT INTO UserAnswer (id,questionId,correct) OVERRIDING SYSTEM VALUE VALUES (309,216,false);
INSERT INTO UserAnswer (id,questionId,correct) OVERRIDING SYSTEM VALUE VALUES (310,220,false);
INSERT INTO UserAnswer (id,questionId,correct) OVERRIDING SYSTEM VALUE VALUES (311,222,true);
INSERT INTO UserAnswer (id,questionId,correct) OVERRIDING SYSTEM VALUE VALUES (312,225,false);
INSERT INTO UserAnswer (id,questionId,correct) OVERRIDING SYSTEM VALUE VALUES (313,226,true);
INSERT INTO UserAnswer (id,questionId,correct) OVERRIDING SYSTEM VALUE VALUES (314,232,true);
INSERT INTO UserAnswer (id,questionId,correct) OVERRIDING SYSTEM VALUE VALUES (315,233,false);
INSERT INTO UserAnswer (id,questionId,correct) OVERRIDING SYSTEM VALUE VALUES (316,234,false);
INSERT INTO UserAnswer (id,questionId,correct) OVERRIDING SYSTEM VALUE VALUES (317,235,false);
INSERT INTO UserAnswer (id,questionId,correct) OVERRIDING SYSTEM VALUE VALUES (318,236,false);
INSERT INTO UserAnswer (id,questionId,correct) OVERRIDING SYSTEM VALUE VALUES (319,239,true);
INSERT INTO UserAnswer (id,questionId,correct) OVERRIDING SYSTEM VALUE VALUES (320,240,true);
INSERT INTO UserAnswer (id,questionId,correct) OVERRIDING SYSTEM VALUE VALUES (321,242,true);
INSERT INTO UserAnswer (id,questionId,correct) OVERRIDING SYSTEM VALUE VALUES (322,248,false);
INSERT INTO UserAnswer (id,questionId,correct) OVERRIDING SYSTEM VALUE VALUES (323,250,false);
INSERT INTO UserAnswer (id,questionId,correct) OVERRIDING SYSTEM VALUE VALUES (324,251,true);
INSERT INTO UserAnswer (id,questionId,correct) OVERRIDING SYSTEM VALUE VALUES (325,252,true);
INSERT INTO UserAnswer (id,questionId,correct) OVERRIDING SYSTEM VALUE VALUES (326,253,false);
INSERT INTO UserAnswer (id,questionId,correct) OVERRIDING SYSTEM VALUE VALUES (327,254,false);
INSERT INTO UserAnswer (id,questionId,correct) OVERRIDING SYSTEM VALUE VALUES (328,320,false);
INSERT INTO UserAnswer (id,questionId,correct) OVERRIDING SYSTEM VALUE VALUES (329,322,false);
INSERT INTO UserAnswer (id,questionId,correct) OVERRIDING SYSTEM VALUE VALUES (330,324,true);
INSERT INTO UserAnswer (id,questionId,correct) OVERRIDING SYSTEM VALUE VALUES (331,325,true);
INSERT INTO UserAnswer (id,questionId,correct) OVERRIDING SYSTEM VALUE VALUES (332,326,true);
INSERT INTO UserAnswer (id,questionId,correct) OVERRIDING SYSTEM VALUE VALUES (333,327,false);
INSERT INTO UserAnswer (id,questionId,correct) OVERRIDING SYSTEM VALUE VALUES (334,328,true);
INSERT INTO UserAnswer (id,questionId,correct) OVERRIDING SYSTEM VALUE VALUES (335,329,true);
INSERT INTO UserAnswer (id,questionId,correct) OVERRIDING SYSTEM VALUE VALUES (336,330,false);
INSERT INTO ThemeExam (id,themeId,percentage,date) OVERRIDING SYSTEM VALUE VALUES (0,0,58.06451612903226,TIMESTAMP '2018-07-29 00:05:46');
INSERT INTO ThemeExam (id,themeId,percentage,date) OVERRIDING SYSTEM VALUE VALUES (1,0,74.19354838709677,TIMESTAMP '2018-08-24 10:43:21');
INSERT INTO ThemeExam (id,themeId,percentage,date) OVERRIDING SYSTEM VALUE VALUES (2,6,0.0,TIMESTAMP '2018-08-25 16:30:41');
INSERT INTO ThemeExam (id,themeId,percentage,date) OVERRIDING SYSTEM VALUE VALUES (3,0,80.64516129032258,TIMESTAMP '2018-09-05 18:52:04');
INSERT INTO ThemeExam (id,themeId,percentage,date) OVERRIDING SYSTEM VALUE VALUES (4,2,91.30434782608695,TIMESTAMP '2018-09-08 17:34:40');
INSERT INTO ThemeExam (id,themeId,percentage,date) OVERRIDING SYSTEM VALUE VALUES (5,6,42.857142857142854,TIMESTAMP '2018-09-11 11:32:45');
INSERT INTO ThemeExam (id,themeId,percentage,date) OVERRIDING SYSTEM VALUE VALUES (6,0,83.87096774193549,TIMESTAMP '2018-10-10 14:41:47');
INSERT INTO ThemeExam (id,themeId,percentage,date) OVERRIDING SYSTEM VALUE VALUES (7,2,82.6086956521739,TIMESTAMP '2018-10-10 15:08:50');
INSERT INTO ThemeExam (id,themeId,percentage,date) OVERRIDING SYSTEM VALUE VALUES (8,6,53.57142857142857,TIMESTAMP '2018-10-11 12:54:35');
INSERT INTO ThemeExam (id,themeId,percentage,date) OVERRIDING SYSTEM VALUE VALUES (9,7,75.0,TIMESTAMP '2018-10-11 14:59:25');
INSERT INTO ThemeExam (id,themeId,percentage,date) OVERRIDING SYSTEM VALUE VALUES (10,8,46.93877551020408,TIMESTAMP '2018-10-17 16:20:17');
INSERT INTO ThemeExam (id,themeId,percentage,date) OVERRIDING SYSTEM VALUE VALUES (11,11,55.55555555555556,TIMESTAMP '2018-10-17 16:53:02');
