DROP TABLE Realm IF EXISTS;
CREATE TABLE Realm (id INTEGER GENERATED ALWAYS AS IDENTITY PRIMARY KEY, text VARCHAR(20), description VARCHAR(2000));
DROP TABLE Theme IF EXISTS;
CREATE TABLE Theme (id INTEGER GENERATED ALWAYS AS IDENTITY PRIMARY KEY, realmId int, text VARCHAR(2000), number DOUBLE);
DROP TABLE Question IF EXISTS;
CREATE TABLE Question (id INTEGER GENERATED ALWAYS AS IDENTITY PRIMARY KEY, realmId int, type int, text VARCHAR(2000));
	DROP TABLE Answer IF EXISTS;
	CREATE TABLE Answer (id INTEGER GENERATED ALWAYS AS IDENTITY PRIMARY KEY, questionId int, correct boolean, text VARCHAR(2000), comment VARCHAR(2000));
DROP TABLE ThemeQuestion IF EXISTS;
CREATE TABLE ThemeQuestion (themeId int, questionId int, PRIMARY KEY(themeId, questionId));
DROP TABLE Image IF EXISTS;
CREATE TABLE Image (id INTEGER GENERATED ALWAYS AS IDENTITY PRIMARY KEY, filename VARCHAR(2000), extension VARCHAR(10));
DROP TABLE UserAnswer IF EXISTS;
CREATE TABLE UserAnswer (id INTEGER GENERATED ALWAYS AS IDENTITY PRIMARY KEY, questionId int, correct boolean);
DROP TABLE ThemeExam IF EXISTS;
CREATE TABLE ThemeExam (id INTEGER GENERATED ALWAYS AS IDENTITY PRIMARY KEY, themeId int, percentage DOUBLE, date TIMESTAMP);
INSERT INTO Realm (id,text,description) OVERRIDING SYSTEM VALUE VALUES (0,'java','Java');
INSERT INTO Realm (id,text,description) OVERRIDING SYSTEM VALUE VALUES (1,'kotlin','Kotlin');
INSERT INTO Realm (id,text,description) OVERRIDING SYSTEM VALUE VALUES (2,'sql','SQL');
INSERT INTO Realm (id,text,description) OVERRIDING SYSTEM VALUE VALUES (3,'minecraft','MINECRAFT');
INSERT INTO Realm (id,text,description) OVERRIDING SYSTEM VALUE VALUES (4,'oca_1','Сертификат OCA I');
INSERT INTO Realm (id,text,description) OVERRIDING SYSTEM VALUE VALUES (5,'test','ТЕСТ');
INSERT INTO Realm (id,text,description) OVERRIDING SYSTEM VALUE VALUES (6,'common','Общие вопросы');
INSERT INTO Realm (id,text,description) OVERRIDING SYSTEM VALUE VALUES (7,'history','История');
INSERT INTO Theme (id,realmId,text,number) OVERRIDING SYSTEM VALUE VALUES (0,4,'Основы',1.0);
INSERT INTO Theme (id,realmId,text,number) OVERRIDING SYSTEM VALUE VALUES (1,4,'Особенности экзамена',0.0);
INSERT INTO Theme (id,realmId,text,number) OVERRIDING SYSTEM VALUE VALUES (2,4,'Задания к теме',1.1);
INSERT INTO Theme (id,realmId,text,number) OVERRIDING SYSTEM VALUE VALUES (3,0,'вавап',4.0);
INSERT INTO Theme (id,realmId,text,number) OVERRIDING SYSTEM VALUE VALUES (4,0,'К собеседованию',100.0);
INSERT INTO Theme (id,realmId,text,number) OVERRIDING SYSTEM VALUE VALUES (5,4,'Пополняемые тесты',0.0);
INSERT INTO Question (id,realmId,type,text) OVERRIDING SYSTEM VALUE VALUES (0,4,0,'Тесты экзамена предполагают обычно 5 или 6 ответов, со множественным выбором.');
INSERT INTO Question (id,realmId,type,text) OVERRIDING SYSTEM VALUE VALUES (1,4,0,'Нельзя реализовать в классе два интерфейса с общим дефолтным методом, если не переопределить этот метод в классе.');
INSERT INTO Question (id,realmId,type,text) OVERRIDING SYSTEM VALUE VALUES (2,4,2,'<p>Перечислите 3 вида комментариев в Java</p>');
	INSERT INTO Answer (id,questionId,text,correct,comment) OVERRIDING SYSTEM VALUE VALUES (79,2,'<p>1. Комменарий до конца строки:<br />// comment until end of line<br />2. Многострочный комментарий (звездочки на промежуточных строках необязательны):<br />/*&nbsp; Multiple<br />[*] line<br />comment */<br />3. Комментарий Javadoc<br />/**<br />[*] Javadoc multiple-line comment<br />[*] @author Jeanne and Scott<br />*/</p>',true,'');
INSERT INTO Question (id,realmId,type,text) OVERRIDING SYSTEM VALUE VALUES (3,4,0,'Особенности комментариев. <br />- Любые символы между /* и */ - часть многострочного комментария <br />- Любые символы после // - часть однострочного комментария <br />- Вкладывать многострочные комментарии друг в друга нельзя - компилятор реагирует на первый закрывающий, и последующие закрывающие остаются неинтерпретируемыми:<br />/* * /* ferret */ */ (для компилятора то же самое, что просто */)');
INSERT INTO Question (id,realmId,type,text) OVERRIDING SYSTEM VALUE VALUES (4,4,0,'В одном файле может быть определено несколько классов. Только один из них может быть объявлен как <strong>public</strong>, и в этом случае имя файла должно совпадать с именем класса.');
INSERT INTO Question (id,realmId,type,text) OVERRIDING SYSTEM VALUE VALUES (5,7,1,'В каком веке родился <strong>Александр</strong> Македонский?');
	INSERT INTO Answer (id,questionId,text,correct,comment) OVERRIDING SYSTEM VALUE VALUES (75,5,'III до н.э.',true,'');
	INSERT INTO Answer (id,questionId,text,correct,comment) OVERRIDING SYSTEM VALUE VALUES (76,5,'II н.э.',false,'');
	INSERT INTO Answer (id,questionId,text,correct,comment) OVERRIDING SYSTEM VALUE VALUES (77,5,'II до н.э.',false,'');
	INSERT INTO Answer (id,questionId,text,correct,comment) OVERRIDING SYSTEM VALUE VALUES (78,5,'XX век',false,'');
INSERT INTO Question (id,realmId,type,text) OVERRIDING SYSTEM VALUE VALUES (6,4,2,'Как скомпилировать и запустить java-файл из командной строки?');
	INSERT INTO Answer (id,questionId,text,correct,comment) OVERRIDING SYSTEM VALUE VALUES (80,6,'$ javac Zoo.java <br />$ java Zoo',true,'');
INSERT INTO Question (id,realmId,type,text) OVERRIDING SYSTEM VALUE VALUES (7,4,0,'Очень полезно следовать следующим правилам именования: <br />1. Один файл - один класс <br />2. Имя класса = имя файла');
INSERT INTO Question (id,realmId,type,text) OVERRIDING SYSTEM VALUE VALUES (8,4,0,'Если в классе <strong>Test.java</strong> нет <strong>static</strong>-метода <em>main</em>(), то при попытке запуска <strong>Test.class</strong> будет ошибка (например, <em>Main method not found in class...</em>).');
INSERT INTO Question (id,realmId,type,text) OVERRIDING SYSTEM VALUE VALUES (9,2,0,'Какой оператор1?');
	INSERT INTO Answer (id,questionId,text,correct,comment) OVERRIDING SYSTEM VALUE VALUES (65,9,'SELECT FROM',true,'');
	INSERT INTO Answer (id,questionId,text,correct,comment) OVERRIDING SYSTEM VALUE VALUES (66,9,'GOPRKD',false,'');
	INSERT INTO Answer (id,questionId,text,correct,comment) OVERRIDING SYSTEM VALUE VALUES (67,9,'UPDATE SET',true,'');
INSERT INTO Question (id,realmId,type,text) OVERRIDING SYSTEM VALUE VALUES (10,4,2,'Как можно корректно задать строковый параметр метода <em>main()?</em>');
	INSERT INTO Answer (id,questionId,text,correct,comment) OVERRIDING SYSTEM VALUE VALUES (81,10,'String[] args<br />String args[]<br />String... args',true,'');
INSERT INTO Question (id,realmId,type,text) OVERRIDING SYSTEM VALUE VALUES (11,4,1,'Сколько wildcard-звездочек может быть в строке импорта?');
	INSERT INTO Answer (id,questionId,text,correct,comment) OVERRIDING SYSTEM VALUE VALUES (83,11,'Сколько угодно:<br /><strong>import java.nio.*.*;</strong>',false,'');
	INSERT INTO Answer (id,questionId,text,correct,comment) OVERRIDING SYSTEM VALUE VALUES (84,11,'Только одна, в любом месте импорта:<br /><strong>import java.nio.*.Files;</strong>',false,'');
	INSERT INTO Answer (id,questionId,text,correct,comment) OVERRIDING SYSTEM VALUE VALUES (85,11,'Только одна,&nbsp;в конце импорта:<br /><strong>import java.nio.file.*;</strong>',true,'');
INSERT INTO Question (id,realmId,type,text) OVERRIDING SYSTEM VALUE VALUES (12,4,2,'Как задать строковые параметры при старте программы из командной строки?');
	INSERT INTO Answer (id,questionId,text,correct,comment) OVERRIDING SYSTEM VALUE VALUES (82,12,'$ javac Zoo.java<br />$ java Zoo Bronx Сat<br />$ java Zoo "San Diego" Gon',true,'');
INSERT INTO Question (id,realmId,type,text) OVERRIDING SYSTEM VALUE VALUES (13,4,2,'Может ли обычный импорт импортировать методы и поля класса?<br /><strong>import java.nio.files.Paths.*;</strong>');
	INSERT INTO Answer (id,questionId,text,correct,comment) OVERRIDING SYSTEM VALUE VALUES (86,13,'Нет.',true,'');
INSERT INTO Question (id,realmId,type,text) OVERRIDING SYSTEM VALUE VALUES (14,4,0,'<p>Прямой импорт нескольких классов с одинаковыми именами не скомпилируется:<br />import java.util.<strong>Date;</strong><br />import java.sql.<strong>Date; </strong>// <em>DOES NOT COMPILE</em><br /><br />Импорт с wildcald скомпилируется:<br />import java.util.*;<br />import java.sql.*;<br />...<br /><em>но если в коде будет ссылка на тип, который есть в обоих пакетах, также будет ошибка:</em><br />...<br />public class Test {<br />&nbsp;&nbsp;&nbsp; Date date; // <em>DOES NOT COMPILE</em><br />}</p>');
INSERT INTO Question (id,realmId,type,text) OVERRIDING SYSTEM VALUE VALUES (15,3,1,'Minecraft - это очень классная игра?');
	INSERT INTO Answer (id,questionId,text,correct,comment) OVERRIDING SYSTEM VALUE VALUES (7,15,'Да',true,'');
	INSERT INTO Answer (id,questionId,text,correct,comment) OVERRIDING SYSTEM VALUE VALUES (8,15,'Нет',false,'');
	INSERT INTO Answer (id,questionId,text,correct,comment) OVERRIDING SYSTEM VALUE VALUES (9,15,'Конечно',true,'');
INSERT INTO Question (id,realmId,type,text) OVERRIDING SYSTEM VALUE VALUES (16,4,2,'<p>Почему<br /><em><br />import java.util.Date;</em><br /><em>import java.sql.Date;</em><br /><br />не скомпилируется, а <br /><em><br />import java.util.*;<br /></em><em>import java.sql.Date;<br /><br /></em>скомпилируется?<br /><br /></p>');
	INSERT INTO Answer (id,questionId,text,correct,comment) OVERRIDING SYSTEM VALUE VALUES (12,16,'<p>Потому что эксплицитное указание имени класса имеет преимущество над любым wildcard-выражением.</p>',true,'');
INSERT INTO Question (id,realmId,type,text) OVERRIDING SYSTEM VALUE VALUES (17,4,2,'<p>Как быть, если в коде одновременно нужно использовать классы с одинаковым именем из разных пакетов?</p>');
	INSERT INTO Answer (id,questionId,text,correct,comment) OVERRIDING SYSTEM VALUE VALUES (14,17,'<p>Использовать полное (fully qualified) имя класса.</p>',true,'');
INSERT INTO Question (id,realmId,type,text) OVERRIDING SYSTEM VALUE VALUES (18,4,0,'Classpath можно задать в командной строке:<br /><br />1. Windows<br /><br />java -cp ".;C:\temp\someOtherLocation;c:\temp\myJar.jar" myPackage.MyClass<br /><br />2. Linux<br /><br />java -cp ".:/tmp/someOtherLocation:/tmp/myJar.jar" myPackage.MyClass<br /><br />. (точка) означает, что текущая папка включается в Classpath. <br /><br />Можно использовать wildcard, чтобы включить все jar-файлы в конкретной папке:<br /><br />java -cp "C:\temp\directoryWithJars\*" myPackage.MyClass');
	INSERT INTO Answer (id,questionId,text,correct,comment) OVERRIDING SYSTEM VALUE VALUES (16,18,'sdf',false,'');
INSERT INTO Question (id,realmId,type,text) OVERRIDING SYSTEM VALUE VALUES (19,4,1,'Отметьте фрагменты кода, которые скомпилируются.');
	INSERT INTO Answer (id,questionId,text,correct,comment) OVERRIDING SYSTEM VALUE VALUES (19,19,'6: public void method(ArrayList list) {<br />7:&nbsp;&nbsp;&nbsp;&nbsp;&nbsp; if (list.isEmpty()) { System.out.println("e");<br />8:&nbsp;&nbsp;&nbsp;&nbsp;&nbsp; } else { System.out.println("n");<br />9:&nbsp;&nbsp;&nbsp;&nbsp;&nbsp; } }',true,'');
	INSERT INTO Answer (id,questionId,text,correct,comment) OVERRIDING SYSTEM VALUE VALUES (22,19,'1: public class LineNumbers {<br />2:&nbsp;&nbsp;&nbsp;&nbsp;&nbsp; public void method(ArrayList list) {<br />3:&nbsp;&nbsp;&nbsp;&nbsp;&nbsp;&nbsp;&nbsp;&nbsp;&nbsp; if (list.isEmpty()) { System.out.println("e");<br />4:&nbsp;&nbsp;&nbsp;&nbsp;&nbsp;&nbsp;&nbsp;&nbsp;&nbsp; } else { System.out.println("n");<br />5:&nbsp;&nbsp;&nbsp;&nbsp; } } }',false,'');
INSERT INTO Question (id,realmId,type,text) OVERRIDING SYSTEM VALUE VALUES (20,4,2,'<p>Может ли имя метода совпадать с именем конструктора (класса).</p>');
	INSERT INTO Answer (id,questionId,text,correct,comment) OVERRIDING SYSTEM VALUE VALUES (57,20,'<p>Да</p>',true,'');
INSERT INTO Question (id,realmId,type,text) OVERRIDING SYSTEM VALUE VALUES (21,4,0,'<strong>Указания по запуску классов в пакетах из командной строки.</strong><br /><br />Пусть есть два класса:<br /><br />C:\temp\packagea\<strong>ClassA</strong>.java<br /><em>package packagea;</em><br /><em>public class ClassA {</em><br /><em>}</em><br /><br />C:\temp\packageb\<strong>ClassB</strong>.java<br /><br />package packageb;<br />import packagea.ClassA;<br />public class ClassB {<br />&nbsp;public static void main(String[] args) {<br />&nbsp;&nbsp;ClassA a;<br />&nbsp;&nbsp;System.out.println("Got it");<br />&nbsp;}<br />}<br /><br />Для компиляции:<br /><br /><em>cd c:\temp</em><br /><em>javac packagea/ClassA.java packageb/ClassB.java</em><br /><br />Для запуска:<br /><br /><em>java packageb.ClassB<br /><br /></em>ClassPath будет отсчитываться от папки вызова java-утилит');
INSERT INTO Question (id,realmId,type,text) OVERRIDING SYSTEM VALUE VALUES (22,4,0,'<p>Порядок определения членов класса важен!<br /><br />public class Name {<br />&nbsp;&nbsp;&nbsp; String first = "Theodore";<br />&nbsp;&nbsp;&nbsp; String last = "Moose";<br />&nbsp;&nbsp;&nbsp; String full = first + last;<br />}<br /><br /></p>');
INSERT INTO Question (id,realmId,type,text) OVERRIDING SYSTEM VALUE VALUES (23,4,0,'Если пакет не указан, то говорят о пакете по умолчанию (<em>default package</em>). Создавать классы в пакете по умолчанию следует только для тестовых и отладочных целей.');
INSERT INTO Question (id,realmId,type,text) OVERRIDING SYSTEM VALUE VALUES (24,4,0,'Основная цель конструктора - инициализация полей класса.');
INSERT INTO Question (id,realmId,type,text) OVERRIDING SYSTEM VALUE VALUES (25,6,1,'Что такое Apple?');
	INSERT INTO Answer (id,questionId,text,correct,comment) OVERRIDING SYSTEM VALUE VALUES (32,25,'Это бренд техники.',true,'');
	INSERT INTO Answer (id,questionId,text,correct,comment) OVERRIDING SYSTEM VALUE VALUES (33,25,'Это операционная система.',false,'');
	INSERT INTO Answer (id,questionId,text,correct,comment) OVERRIDING SYSTEM VALUE VALUES (30,25,'Это телефоны.',false,'');
	INSERT INTO Answer (id,questionId,text,correct,comment) OVERRIDING SYSTEM VALUE VALUES (31,25,'Это яблоко.',true,'');
INSERT INTO Question (id,realmId,type,text) OVERRIDING SYSTEM VALUE VALUES (26,6,1,'Как правильно пишется слово ш..колад?');
	INSERT INTO Answer (id,questionId,text,correct,comment) OVERRIDING SYSTEM VALUE VALUES (34,26,'Шакалад',false,'');
	INSERT INTO Answer (id,questionId,text,correct,comment) OVERRIDING SYSTEM VALUE VALUES (35,26,'Шоколад',true,'');
	INSERT INTO Answer (id,questionId,text,correct,comment) OVERRIDING SYSTEM VALUE VALUES (36,26,'Шиколад',false,'');
	INSERT INTO Answer (id,questionId,text,correct,comment) OVERRIDING SYSTEM VALUE VALUES (59,26,'Шуколад',false,'');
INSERT INTO Question (id,realmId,type,text) OVERRIDING SYSTEM VALUE VALUES (27,4,0,'Блок кода (<em>code block</em>) - код в фигурных скобках.');
INSERT INTO Question (id,realmId,type,text) OVERRIDING SYSTEM VALUE VALUES (28,4,0,'Если в вопросе экзамена не идет речь об импорте, строки импорта могут быть опущены, но подразумевается, что они есть (нумерация строк не начинается с единицы).<br /><br />Аналогичным образом отсутствие метода <em>main()</em> не является признаком ошибочности - он так же опускается.');
INSERT INTO Question (id,realmId,type,text) OVERRIDING SYSTEM VALUE VALUES (29,4,0,'Инициализатор экземпляра (<em>instance initializer</em>) может быть только один в классе.');
INSERT INTO Question (id,realmId,type,text) OVERRIDING SYSTEM VALUE VALUES (30,4,2,'Каков порядок выполнения кода в классе?');
	INSERT INTO Answer (id,questionId,text,correct,comment) OVERRIDING SYSTEM VALUE VALUES (40,30,'* Поля и инициализатор экземпляра выполняются в том порядке, в каком они идут в файле.<br />* Конструктор выполняется после всех полей&nbsp;экземпляра и инициализатора экземпляра.',true,'');
INSERT INTO Question (id,realmId,type,text) OVERRIDING SYSTEM VALUE VALUES (31,4,2,'<p>Скомпилируется ли следующий код?<br /><br />class Clazz {<br />&nbsp;{ System.out.println(name); }<br />&nbsp;private String name = "Fluffy";<br />}</p>');
	INSERT INTO Answer (id,questionId,text,correct,comment) OVERRIDING SYSTEM VALUE VALUES (43,31,'<p>Нет. Нельзя ссылаться на переменную, которая еще не инициализирована.</p>',true,'');
INSERT INTO Question (id,realmId,type,text) OVERRIDING SYSTEM VALUE VALUES (32,4,0,'<p>Все в Java сводитсяк 8 примитивным типам данных, т.к. объектные типы сводятся к набору примитивных.</p>');
INSERT INTO Question (id,realmId,type,text) OVERRIDING SYSTEM VALUE VALUES (33,4,2,'Перечислите примитивные типы данных в Java.');
	INSERT INTO Answer (id,questionId,text,correct,comment) OVERRIDING SYSTEM VALUE VALUES (50,33,'boolean, byte, short, int, long, float, double, char',true,'');
INSERT INTO Question (id,realmId,type,text) OVERRIDING SYSTEM VALUE VALUES (34,4,0,'Названия пакетов подчиняются тем же правилам именования, что и переменные.');
INSERT INTO Question (id,realmId,type,text) OVERRIDING SYSTEM VALUE VALUES (35,4,2,'Назовите разрядность и диапазон типа <strong>int</strong>');
	INSERT INTO Answer (id,questionId,text,correct,comment) OVERRIDING SYSTEM VALUE VALUES (52,35,'<p>32 бит, [-2 147 483 648, 2 147 483 647]</p>',true,'');
INSERT INTO Question (id,realmId,type,text) OVERRIDING SYSTEM VALUE VALUES (36,4,1,'Что будет напечатано после выполнения следующего кода?<br /><br />public class Egg {<br />&nbsp;&nbsp;&nbsp;&nbsp;&nbsp;&nbsp;&nbsp; public Egg() {<br />&nbsp;&nbsp;&nbsp;&nbsp;&nbsp;&nbsp;&nbsp;&nbsp;&nbsp;&nbsp;&nbsp;&nbsp;&nbsp;&nbsp;&nbsp; number = 5;<br />&nbsp;&nbsp;&nbsp;&nbsp;&nbsp;&nbsp;&nbsp; }<br />&nbsp;&nbsp;&nbsp;&nbsp;&nbsp;&nbsp;&nbsp; public static void main(String[] args) {<br />&nbsp;&nbsp;&nbsp;&nbsp;&nbsp;&nbsp;&nbsp;&nbsp;&nbsp;&nbsp;&nbsp;&nbsp;&nbsp;&nbsp;&nbsp; Egg egg = new Egg();<br />&nbsp;&nbsp;&nbsp;&nbsp;&nbsp;&nbsp;&nbsp;&nbsp;&nbsp;&nbsp;&nbsp;&nbsp;&nbsp;&nbsp;&nbsp; System.out.println(egg.number);<br />&nbsp;&nbsp;&nbsp;&nbsp;&nbsp;&nbsp;&nbsp; }<br />&nbsp;&nbsp;&nbsp;&nbsp;&nbsp;&nbsp;&nbsp; private int number = 3;<br />&nbsp;&nbsp;&nbsp;&nbsp;&nbsp;&nbsp;&nbsp; { number = 4; } <br />}');
	INSERT INTO Answer (id,questionId,text,correct,comment) OVERRIDING SYSTEM VALUE VALUES (53,36,'<p>3</p>',false,'');
	INSERT INTO Answer (id,questionId,text,correct,comment) OVERRIDING SYSTEM VALUE VALUES (54,36,'<p>4</p>',false,'');
	INSERT INTO Answer (id,questionId,text,correct,comment) OVERRIDING SYSTEM VALUE VALUES (55,36,'<p>5</p>',true,'');
INSERT INTO Question (id,realmId,type,text) OVERRIDING SYSTEM VALUE VALUES (37,4,2,'Назовите разрядность и диапазон типа <strong>byte</strong>');
	INSERT INTO Answer (id,questionId,text,correct,comment) OVERRIDING SYSTEM VALUE VALUES (87,37,'8 бит, [-128,&nbsp;127]',true,'');
INSERT INTO Question (id,realmId,type,text) OVERRIDING SYSTEM VALUE VALUES (38,4,2,'Назовите разрядность и диапазон типа <strong>long</strong>');
	INSERT INTO Answer (id,questionId,text,correct,comment) OVERRIDING SYSTEM VALUE VALUES (64,38,'<p>64 бит, [-9 223 372 036 854 775 808, 9 223 372 036 854 775 807]</p>',true,'');
INSERT INTO Question (id,realmId,type,text) OVERRIDING SYSTEM VALUE VALUES (39,4,2,'Назовите разрядность и диапазон типа <strong>short</strong>');
	INSERT INTO Answer (id,questionId,text,correct,comment) OVERRIDING SYSTEM VALUE VALUES (88,39,'16 бит, [-32 768, 32 767]',true,'');
INSERT INTO Question (id,realmId,type,text) OVERRIDING SYSTEM VALUE VALUES (40,4,2,'Чем конструктор отличается от метода?');
	INSERT INTO Answer (id,questionId,text,correct,comment) OVERRIDING SYSTEM VALUE VALUES (68,40,'у конструктора нет типа возвращаемого значения',true,'');
INSERT INTO Question (id,realmId,type,text) OVERRIDING SYSTEM VALUE VALUES (41,3,1,'Какой дроп у Крипера?');
	INSERT INTO Answer (id,questionId,text,correct,comment) OVERRIDING SYSTEM VALUE VALUES (71,41,'порох',true,'');
	INSERT INTO Answer (id,questionId,text,correct,comment) OVERRIDING SYSTEM VALUE VALUES (72,41,'Фейерверки',false,'');
	INSERT INTO Answer (id,questionId,text,correct,comment) OVERRIDING SYSTEM VALUE VALUES (73,41,'Динамит(ТНТ)',false,'');
	INSERT INTO Answer (id,questionId,text,correct,comment) OVERRIDING SYSTEM VALUE VALUES (74,41,'Пластинки',true,'');
INSERT INTO Question (id,realmId,type,text) OVERRIDING SYSTEM VALUE VALUES (42,6,0,'''''''');
INSERT INTO Question (id,realmId,type,text) OVERRIDING SYSTEM VALUE VALUES (43,4,0,'Wildcard при импорте распространяется только на классы, вложенные пакеты не просматриваются:<br />
<p><strong>import java.nio.*;</strong></p>
не импортирует класс java.nio.file.Files');
INSERT INTO Question (id,realmId,type,text) OVERRIDING SYSTEM VALUE VALUES (44,4,0,'Чтобы узнать минимальные и максимальные значения примитивных типов данных, можно обратиться к соответствующим константам классов-оберток. Например, <strong>Integer.MAX_VALUE</strong>');
INSERT INTO Question (id,realmId,type,text) OVERRIDING SYSTEM VALUE VALUES (45,4,2,'Приведите примеры&nbsp;числовых десятичных литералов Java.');
	INSERT INTO Answer (id,questionId,text,correct,comment) OVERRIDING SYSTEM VALUE VALUES (89,45,'<strong>int</strong>: 13244<br /><strong>long</strong>: 565L, 576l<br /><strong>float</strong>: -23.4F, -23.4f, 6F<br /><strong>double</strong>: 9.8, 10D, -11.1d',true,'');
INSERT INTO Question (id,realmId,type,text) OVERRIDING SYSTEM VALUE VALUES (46,4,0,'При присваивании переменным того же типа, но меньшей размерности происходит имплицитный кастинг, если число позволяет, но при передаче в метод, ожидающий меньшей размерности, кастинг потребуется явный:<br />...<br />&nbsp;&nbsp;&nbsp; static void aaa(byte b) {}<br />&nbsp;&nbsp;&nbsp; static void bbb(float f) {}<br />&nbsp;&nbsp;&nbsp;&nbsp;<br />&nbsp;&nbsp;&nbsp; public static void main(String args[]) {<br />&nbsp;&nbsp;&nbsp;&nbsp;&nbsp;&nbsp;&nbsp; aaa(1); //DOESNT COMPILE!<br />&nbsp;&nbsp;&nbsp;&nbsp;&nbsp;&nbsp;&nbsp; bbb(5.5); //DOESNT COMPILE!<br />&nbsp;&nbsp;&nbsp; }<br />...');
INSERT INTO Question (id,realmId,type,text) OVERRIDING SYSTEM VALUE VALUES (47,4,0,'Если с целочисленным параметром вызывается метод, для которого есть перезагрузки с float и double - запустится метод с float:<br />...<br />&nbsp;&nbsp;&nbsp; static void ccc(double d) { System.out.println("ccc double");}<br />&nbsp;&nbsp;&nbsp; static void ccc(float f) { System.out.println("ccc float");}<br />&nbsp;&nbsp;&nbsp; <br />&nbsp;&nbsp;&nbsp; public static void main(String args[]) {<br />&nbsp;&nbsp;&nbsp;&nbsp;&nbsp;&nbsp;&nbsp; ccc(6);<br />&nbsp;&nbsp;&nbsp; }<br />...<br />&gt;&gt;&gt; ccc float');
INSERT INTO Question (id,realmId,type,text) OVERRIDING SYSTEM VALUE VALUES (48,4,0,'Если byte передается в метод, у которого есть перезагрузки с int и short, запустится short:<br />...<br />&nbsp;&nbsp;&nbsp; static void ccc(int d) { System.out.println("ccc int");}<br />&nbsp;&nbsp;&nbsp; static void ccc(short d) { System.out.println("ccc short");}<br />&nbsp;&nbsp;&nbsp;&nbsp;<br />&nbsp;&nbsp;&nbsp; public static void main(String args[]) {<br />&nbsp;&nbsp;&nbsp;&nbsp;&nbsp;&nbsp;&nbsp; byte b = 6;<br />&nbsp;&nbsp;&nbsp;&nbsp;&nbsp;&nbsp;&nbsp; ccc(b);<br />&nbsp;&nbsp;&nbsp; }<br />...<br />&gt;&gt;&gt; ccc short');
INSERT INTO Question (id,realmId,type,text) OVERRIDING SYSTEM VALUE VALUES (49,4,0,'Возможно присваивать&nbsp;числовой литерал переменным меньшей размерности (short, byte) - при условии, что&nbsp;допустим имплицитный кастинг:<br />byte b = 13;<br />byte c = 133; //DOESN''T COMPILE<br /><br />Однако при передаче целочисленного литерала в метод, который принимает параметр меньшей размерности, требуется явный кастинг:<br /><br />&nbsp;&nbsp;&nbsp; static void ccc(short d) { }<br /><br />&nbsp;&nbsp;&nbsp; public static void main(String args[]) {<br />&nbsp;&nbsp;&nbsp;&nbsp;&nbsp;&nbsp;&nbsp; ccc(3);&nbsp;//DOESN''T COMPILE<br />&nbsp;&nbsp;&nbsp; }');
INSERT INTO Question (id,realmId,type,text) OVERRIDING SYSTEM VALUE VALUES (50,4,0,'Литерал double нельзя присвоить переменной float.<br /><br />float b = 13.8; //DOESN''T COMPILE<br /><br />Также&nbsp;для передачи double-литерала в метод, который принимает параметр float, потребуется явный кастинг:<br /><br />&nbsp;&nbsp;&nbsp; static void ccc(float f) { }<br /><br />&nbsp;&nbsp;&nbsp; public static void main(String args[]) {<br />&nbsp;&nbsp;&nbsp;&nbsp;&nbsp;&nbsp;&nbsp; ccc(3.5);&nbsp;//DOESN''T COMPILE<br />&nbsp;&nbsp;&nbsp; }');
INSERT INTO Question (id,realmId,type,text) OVERRIDING SYSTEM VALUE VALUES (51,4,1,'Какие строки из перечисленных скомпилируются?');
	INSERT INTO Answer (id,questionId,text,correct,comment) OVERRIDING SYSTEM VALUE VALUES (90,51,'long max = 3123456789;',false,'');
	INSERT INTO Answer (id,questionId,text,correct,comment) OVERRIDING SYSTEM VALUE VALUES (91,51,'long max = 3123456789.5;',false,'');
	INSERT INTO Answer (id,questionId,text,correct,comment) OVERRIDING SYSTEM VALUE VALUES (92,51,'long max = 3123456789L;',true,'');
	INSERT INTO Answer (id,questionId,text,correct,comment) OVERRIDING SYSTEM VALUE VALUES (93,51,'long max = 3123456789l;',true,'');
INSERT INTO Question (id,realmId,type,text) OVERRIDING SYSTEM VALUE VALUES (52,4,2,'Перечислите недесятичные числовые литералы в Java.');
	INSERT INTO Answer (id,questionId,text,correct,comment) OVERRIDING SYSTEM VALUE VALUES (94,52,'1. Восьмеричный (<em>octal</em>) - с префиксом "0": <strong>017</strong><br />2. Шестнадцатиричный (<em>hexadecimal</em>) - с префиксом "0x" или "0X": <strong>0xFF<br /></strong>3. Двоичный (<em>binary</em>):&nbsp; - с префиксом "0b" или "0B": <strong>0b10</strong>',true,'');
INSERT INTO Question (id,realmId,type,text) OVERRIDING SYSTEM VALUE VALUES (53,4,0,'В Java 7 добавлена возможность задавать разделитель разрядов в литералах: 1_000_000. Разделитель можно использовать везде, кроме<br />- начала литерала;<br />- конца литерала;<br />- перед десятичной точкой;<br />- после десятичной точки.');
INSERT INTO Question (id,realmId,type,text) OVERRIDING SYSTEM VALUE VALUES (54,4,1,'Какие присваивания литералов скомпилируются корректно?');
	INSERT INTO Answer (id,questionId,text,correct,comment) OVERRIDING SYSTEM VALUE VALUES (96,54,'int j = 01627_3;',true,'восьмеричный&nbsp;литерал с корректным разделителем разрядов');
	INSERT INTO Answer (id,questionId,text,correct,comment) OVERRIDING SYSTEM VALUE VALUES (97,54,'int k = 0XC____AFE;',true,'шестнадцатиричный&nbsp;литерал с корректным разделителем разрядов');
	INSERT INTO Answer (id,questionId,text,correct,comment) OVERRIDING SYSTEM VALUE VALUES (98,54,'float m = 13.34234;',false,'Попытка присвоить double-литерал float-переменной');
	INSERT INTO Answer (id,questionId,text,correct,comment) OVERRIDING SYSTEM VALUE VALUES (99,54,'float n = -9.342__3_4f;',true,'float-литерал с корректным разделителем разрядов');
	INSERT INTO Answer (id,questionId,text,correct,comment) OVERRIDING SYSTEM VALUE VALUES (100,54,'double o = __190.0;',false,'разделитель разрядов не может быть в начале литерала');
	INSERT INTO Answer (id,questionId,text,correct,comment) OVERRIDING SYSTEM VALUE VALUES (101,54,'byte p = 198_;',false,'- разделитель разрядов не может быть в&nbsp;конце литерала<br />- 198 находится за пределами диапазона byte');
	INSERT INTO Answer (id,questionId,text,correct,comment) OVERRIDING SYSTEM VALUE VALUES (102,54,'double q = 1_00_0_._0_0;',false,'разделитель разрядов не может быть перед или после десятичной точки');
	INSERT INTO Answer (id,questionId,text,correct,comment) OVERRIDING SYSTEM VALUE VALUES (103,54,'float r = 1_00_0.5_5_6F;',true,'float-литерал с корректным (хоть и странным) использованием разделителя разрядов');
	INSERT INTO Answer (id,questionId,text,correct,comment) OVERRIDING SYSTEM VALUE VALUES (95,54,'int i = 1_000_00;',true,'целочисленный литерал с корректным разделителем разрядов');
INSERT INTO Question (id,realmId,type,text) OVERRIDING SYSTEM VALUE VALUES (55,4,0,'Примитивным типам нельзя присваивать <strong>null</strong>.');
INSERT INTO Question (id,realmId,type,text) OVERRIDING SYSTEM VALUE VALUES (56,4,0,'Можно объявлять и инициализировать несколько переменных <strong>одного типа</strong> в одном выражении:<br />String s3 = "yes", s4 = "no";');
INSERT INTO Question (id,realmId,type,text) OVERRIDING SYSTEM VALUE VALUES (57,4,1,'Выберите строки, которые скомпилируются.');
	INSERT INTO Answer (id,questionId,text,correct,comment) OVERRIDING SYSTEM VALUE VALUES (112,57,'int i1; int i2;',true,'в одной строке может быть несколько отдельных выражений, разделенных точкой с запятой');
	INSERT INTO Answer (id,questionId,text,correct,comment) OVERRIDING SYSTEM VALUE VALUES (104,57,'String d, f;',true,'');
	INSERT INTO Answer (id,questionId,text,correct,comment) OVERRIDING SYSTEM VALUE VALUES (105,57,'<div>String d1, f1;</div>
<div>d1 = "asd", f1 = "dfg";</div>',false,'');
	INSERT INTO Answer (id,questionId,text,correct,comment) OVERRIDING SYSTEM VALUE VALUES (106,57,'<div>String d1 = "asd", f1 = "dfg";</div>
<div>&nbsp;</div>',true,'');
	INSERT INTO Answer (id,questionId,text,correct,comment) OVERRIDING SYSTEM VALUE VALUES (107,57,'String s1, s2, s3="ext";',true,'');
	INSERT INTO Answer (id,questionId,text,correct,comment) OVERRIDING SYSTEM VALUE VALUES (109,57,'int num, String value;',false,'разные типы объявляемых переменных;&nbsp;<span style="line-height: 18.2000007629395px;">более одного раза упоминается тип</span>');
	INSERT INTO Answer (id,questionId,text,correct,comment) OVERRIDING SYSTEM VALUE VALUES (110,57,'String s1 = "1", s2;',true,'');
	INSERT INTO Answer (id,questionId,text,correct,comment) OVERRIDING SYSTEM VALUE VALUES (111,57,'<div>double d1, double d2;</div>
<div>&nbsp;</div>',false,'<span style="line-height: 18.2000007629395px;">более одного раза упоминается тип</span>');
INSERT INTO Question (id,realmId,type,text) OVERRIDING SYSTEM VALUE VALUES (58,4,2,'Сколько переменных объявлено и инициализировано в следующем фрагменте кода?<br /><br />int i1, i2, i3 = 0;');
	INSERT INTO Answer (id,questionId,text,correct,comment) OVERRIDING SYSTEM VALUE VALUES (108,58,'Одна переменная объявлена и инициализирована (i3), другие две (i1 и i2) - только объявлены',true,'');
INSERT INTO Question (id,realmId,type,text) OVERRIDING SYSTEM VALUE VALUES (59,4,0,'Именование переменных, методов, классов, полей в Java подчиняется одним и тем же правилам.');
INSERT INTO Question (id,realmId,type,text) OVERRIDING SYSTEM VALUE VALUES (60,4,2,'Назовите три правила корректного именования идентификаторов в Java.');
	INSERT INTO Answer (id,questionId,text,correct,comment) OVERRIDING SYSTEM VALUE VALUES (113,60,'- Первым символом имени должна быть буква или символ <strong>$</strong> или <strong>_</strong>;<br />- Последующими символами могут быть цифрами;<br />- Нельзя использовать в качестве имени зарезервированное слово (keyword).',true,'');
INSERT INTO Question (id,realmId,type,text) OVERRIDING SYSTEM VALUE VALUES (61,4,0,'<strong>const</strong> и <strong>goto</strong> - зарезервированные слова в Java, но в языке они не используются');
INSERT INTO Question (id,realmId,type,text) OVERRIDING SYSTEM VALUE VALUES (62,4,2,'Перечислите ключевые слова Java.');
	INSERT INTO Answer (id,questionId,text,correct,comment) OVERRIDING SYSTEM VALUE VALUES (114,62,'abstract assert boolean break <br />byte case catch <br />char class const<br />continue default do <br />double else enum extends <br />false final finally float <br />for goto if <br />implements import instanceof <br />int interface long native <br />new null package <br />private protected public <br />return short static<br />strictfp super switch <br />synchronized this throw <br />throws transient true try<br />void volatile while',true,'');
INSERT INTO Question (id,realmId,type,text) OVERRIDING SYSTEM VALUE VALUES (63,4,1,'Отметьте корректные идентификаторы.');
	INSERT INTO Answer (id,questionId,text,correct,comment) OVERRIDING SYSTEM VALUE VALUES (115,63,'okidentifier',true,'');
	INSERT INTO Answer (id,questionId,text,correct,comment) OVERRIDING SYSTEM VALUE VALUES (116,63,'$OK2Identifier',true,'');
	INSERT INTO Answer (id,questionId,text,correct,comment) OVERRIDING SYSTEM VALUE VALUES (117,63,'_alsoOK1d3ntifi3r',true,'');
	INSERT INTO Answer (id,questionId,text,correct,comment) OVERRIDING SYSTEM VALUE VALUES (118,63,'__SStillOkbutKnotsonice$',true,'');
	INSERT INTO Answer (id,questionId,text,correct,comment) OVERRIDING SYSTEM VALUE VALUES (119,63,'3DPointClass',false,'Идентификатор не может начинаться с номера');
	INSERT INTO Answer (id,questionId,text,correct,comment) OVERRIDING SYSTEM VALUE VALUES (120,63,'hollywood@vine',false,'@ - не входит в число допустимых символов');
	INSERT INTO Answer (id,questionId,text,correct,comment) OVERRIDING SYSTEM VALUE VALUES (121,63,'*$coffee',false,'*&nbsp;- не входит в число допустимых символов');
	INSERT INTO Answer (id,questionId,text,correct,comment) OVERRIDING SYSTEM VALUE VALUES (122,63,'public',false,'ключевое слово');
INSERT INTO Question (id,realmId,type,text) OVERRIDING SYSTEM VALUE VALUES (64,4,0,'На экзамене имеет смысл проверять корректность идентификаторов. Если имя идентификатора не соответствует правилам, можно сразу выбирать пункт "Doesn''t not compile".<br /><br />Также следует проверить области видимости переменных, чтобы не думать над отвлекающим сложным вопросом, а сразу отвечать "Doesn''t compile"');
INSERT INTO Question (id,realmId,type,text) OVERRIDING SYSTEM VALUE VALUES (65,0,0,'В идентификаторах Java могут использоваться все буквы Unicode (~45000 штук), а также несколько сотен не-арабских цифр.');
INSERT INTO Question (id,realmId,type,text) OVERRIDING SYSTEM VALUE VALUES (66,4,1,'Какие фрагменты кода из нижеперечисленных скомпилируются?');
	INSERT INTO Answer (id,questionId,text,correct,comment) OVERRIDING SYSTEM VALUE VALUES (128,66,'<p>public class Mouse {<br />&nbsp;static int MAX_LENGTH = 5;<br />&nbsp;int length;</p>
<p>&nbsp;public void grow(int inches) {<br />&nbsp;&nbsp;if (length &lt; MAX_LENGTH) {<br />&nbsp;&nbsp;&nbsp;int newSize = length + inches;<br />&nbsp;&nbsp;&nbsp;length = newSize;<br />&nbsp;&nbsp;}<br />&nbsp;}<br />}</p>',true,'');
	INSERT INTO Answer (id,questionId,text,correct,comment) OVERRIDING SYSTEM VALUE VALUES (123,66,'4: public int notValid() {<br />5:&nbsp;&nbsp; int y = 10;<br />6:&nbsp;&nbsp; int x;<br />7:&nbsp;&nbsp; int reply = x + y; // DOES NOT COMPILE<br />8:&nbsp;&nbsp; return reply;<br />9: }',false,'Не инициализирована переменная <strong>x</strong>');
	INSERT INTO Answer (id,questionId,text,correct,comment) OVERRIDING SYSTEM VALUE VALUES (124,66,'public int valid() {<br />&nbsp; int y = 10;<br />&nbsp; int x;&nbsp;<br />&nbsp; x = 3;<br />&nbsp; int reply = x + y;<br />&nbsp; return reply;<br />}',true,'');
	INSERT INTO Answer (id,questionId,text,correct,comment) OVERRIDING SYSTEM VALUE VALUES (125,66,'public void findAnswer(boolean check) {<br />&nbsp;int answer;<br />&nbsp;int onlyOneBranch;<br />&nbsp;if (check) {<br />&nbsp;&nbsp;onlyOneBranch = 1;<br />&nbsp;&nbsp;answer = 1;<br />&nbsp;} else {<br />&nbsp;&nbsp;answer = 2;<br />&nbsp;}<br />&nbsp;System.out.println(answer);<br />&nbsp;System.out.println(onlyOneBranch);<br />}',false,'Переменная <strong>onlyOneBranch</strong> может оказаться неинициализорованной в случае check==false');
	INSERT INTO Answer (id,questionId,text,correct,comment) OVERRIDING SYSTEM VALUE VALUES (127,66,'public void eatIfHungry(boolean hungry) {<br />&nbsp;if (hungry) {<br />&nbsp;&nbsp;int bitesOfCheese = 1;<br />&nbsp;&nbsp;{<br />&nbsp;&nbsp;&nbsp;boolean teenyBit = true;<br />&nbsp;&nbsp;&nbsp;System.out.println(bitesOfCheese);<br />&nbsp;&nbsp;}<br />&nbsp;}<br />&nbsp;System.out.println(teenyBit);<br />}',false,'Переменная <strong>teenyBit</strong> не видна за пределами своего блока.');
INSERT INTO Question (id,realmId,type,text) OVERRIDING SYSTEM VALUE VALUES (67,4,2,'Назовите все значения по умолчанию для переменных разных типов.');
	INSERT INTO Answer (id,questionId,text,correct,comment) OVERRIDING SYSTEM VALUE VALUES (126,67,'<strong>boolean: <em>false</em><br />byte, short, int, long: </strong><strong><em>0<br /></em>float, double: <em>0.0</em><br />char: </strong><strong><em>''\u0000''</em><br /></strong><strong>Объектные: <em>null</em></strong>',true,'');
INSERT INTO Question (id,realmId,type,text) OVERRIDING SYSTEM VALUE VALUES (68,4,0,'<p>Во фрагменте</p>
<p>&nbsp;public void eat(int piecesOfCheese) {<br />&nbsp;&nbsp;int bitesOfCheese = 1;<br />&nbsp;}</p>
<p>ровно две локальные переменные.</p>');
INSERT INTO Question (id,realmId,type,text) OVERRIDING SYSTEM VALUE VALUES (69,4,0,'Комментарии могут располагаться в любом месте кода');
INSERT INTO Question (id,realmId,type,text) OVERRIDING SYSTEM VALUE VALUES (70,4,2,'Укажите основные элементы файла с java-программой и их расположение друг отностительно друга.');
	INSERT INTO Answer (id,questionId,text,correct,comment) OVERRIDING SYSTEM VALUE VALUES (129,70,'<strong>Объявление пакета</strong>: первая строка<br /><strong>Объявление импорта</strong>:&nbsp; сразу после объявления пакета<br /><strong>Объявление класса</strong>:&nbsp; сразу после объявления импорта<br /><strong>Объявление поля класса</strong>: в любом месте внутри класса, но не внутри вложенных блоков<br /><strong>Объявление&nbsp;метода класса</strong>: в любом месте внутри класса, но не внутри вложенных блоков',true,'');
INSERT INTO Question (id,realmId,type,text) OVERRIDING SYSTEM VALUE VALUES (71,4,0,'В одном&nbsp;файле может быть объявлено несколько классов, но только один из них может быть <strong>public</strong>, причем в этом случае имя файла должно совпадать с именем класса. В файле может и не быть public-классов.');
INSERT INTO Question (id,realmId,type,text) OVERRIDING SYSTEM VALUE VALUES (72,4,0,'Метод <strong>System.gc()</strong> не запускает сборку мусора, а только рекомендует виртуальной машине ее запустить. Рекомендация может быть проигнорирована.');
INSERT INTO Question (id,realmId,type,text) OVERRIDING SYSTEM VALUE VALUES (73,4,0,'Отвечать на вопрос на тему сборки мусора лучше всего с карандашом и бумагой - если искать решение в уме, то легко ошибиться.');
INSERT INTO Question (id,realmId,type,text) OVERRIDING SYSTEM VALUE VALUES (74,4,2,'Какие объекты и в какой момент станут доступны для сборщика мусора?<br /><br />1: public class Scope {<br />2: &nbsp;public static void main(String[] args) {<br />3: &nbsp;&nbsp;String one, two;<br />4: &nbsp;&nbsp;one = new String("a");<br />5: &nbsp;&nbsp;two = new String("b");<br />6: &nbsp;&nbsp;one = two;<br />7: &nbsp;&nbsp;String three = one;<br />8: &nbsp;&nbsp;one = null;<br />9: } }');
	INSERT INTO Answer (id,questionId,text,correct,comment) OVERRIDING SYSTEM VALUE VALUES (130,74,'"a" - после строки 6;<br />"b" - после отработки всего метода.',true,'');
INSERT INTO Question (id,realmId,type,text) OVERRIDING SYSTEM VALUE VALUES (75,4,0,'Метод <strong>finalize()</strong> вызывается у объекта, когда он попадает в сборку мусора, причем если произошел сбой в работе gc и объект уничтожается повторно спустя некоторе время, вызов метода происходит только единожды - при первой попытке удаления. Таким образом, метод finalize() лучше не использовать, полагаться на него нельзя: либо он вообще не вызовется (JVM не сочтет необходимым вызывать gc), либо вызовется некорректно.');
INSERT INTO Question (id,realmId,type,text) OVERRIDING SYSTEM VALUE VALUES (76,4,0,'<p>Категорически нельзя делать следующее:</p>
<p>public class Finalizer {<br />&nbsp;private static List objects = new ArrayList();<br />&nbsp;protected void finalize() {<br />&nbsp;&nbsp;objects.add(this); // Don''t do this<br />&nbsp;} <br />}</p>
<p>При первой попытке удаления JVM поймет, что в статической переменной осталась ссылка на объект, и не удалит его. При повторном удалении (например, когда Finalizer.objects станет null) метод finalize(), в котором может быть какая-то важная логика, просто не будет запущен.</p>');
INSERT INTO Question (id,realmId,type,text) OVERRIDING SYSTEM VALUE VALUES (77,4,0,'Инкапсуляция - защита данных от нежелательного доступа/модификации.');
INSERT INTO Question (id,realmId,type,text) OVERRIDING SYSTEM VALUE VALUES (78,4,1,'Укажите корректные идентификаторы Java.');
	INSERT INTO Answer (id,questionId,text,correct,comment) OVERRIDING SYSTEM VALUE VALUES (131,78,'A$B',true,'');
	INSERT INTO Answer (id,questionId,text,correct,comment) OVERRIDING SYSTEM VALUE VALUES (132,78,'_helloWorld',true,'');
	INSERT INTO Answer (id,questionId,text,correct,comment) OVERRIDING SYSTEM VALUE VALUES (133,78,'true',false,'');
	INSERT INTO Answer (id,questionId,text,correct,comment) OVERRIDING SYSTEM VALUE VALUES (134,78,'java.lang',false,'в идентификаторах не может использоваться символ "."');
	INSERT INTO Answer (id,questionId,text,correct,comment) OVERRIDING SYSTEM VALUE VALUES (135,78,'Public',true,'');
	INSERT INTO Answer (id,questionId,text,correct,comment) OVERRIDING SYSTEM VALUE VALUES (136,78,'1980_s',false,'первым символом должна быть буква, $ или _');
INSERT INTO Question (id,realmId,type,text) OVERRIDING SYSTEM VALUE VALUES (79,4,1,'Каким будет вывод следующей программы?<br /><br />1: public class WaterBottle {<br />2: &nbsp;private String brand;<br />3: &nbsp;private boolean empty;<br />4: &nbsp;&nbsp;public static void main(String[] args) {<br />5: &nbsp;&nbsp;&nbsp;WaterBottle wb = new WaterBottle();<br />6: &nbsp;&nbsp;&nbsp;System.out.print("Empty = " + wb.empty);<br />7: &nbsp;&nbsp;&nbsp;System.out.print(", Brand = " + wb.brand);<br />8: } }');
	INSERT INTO Answer (id,questionId,text,correct,comment) OVERRIDING SYSTEM VALUE VALUES (137,79,'Ошибка компиляции в строке 6',false,'');
	INSERT INTO Answer (id,questionId,text,correct,comment) OVERRIDING SYSTEM VALUE VALUES (138,79,'Ошибка компиляции в строке 7',false,'');
	INSERT INTO Answer (id,questionId,text,correct,comment) OVERRIDING SYSTEM VALUE VALUES (139,79,'Вывода не будет',false,'');
	INSERT INTO Answer (id,questionId,text,correct,comment) OVERRIDING SYSTEM VALUE VALUES (140,79,'Empty = false, Brand = null',true,'');
	INSERT INTO Answer (id,questionId,text,correct,comment) OVERRIDING SYSTEM VALUE VALUES (141,79,'Empty = false, Brand =',false,'');
	INSERT INTO Answer (id,questionId,text,correct,comment) OVERRIDING SYSTEM VALUE VALUES (142,79,'Empty = null, Brand = null',false,'');
INSERT INTO Question (id,realmId,type,text) OVERRIDING SYSTEM VALUE VALUES (80,4,1,'<p>Which of the following are true? (Choose all that apply)</p>
<p>4: short numPets = 5;<br />5: int numGrains = 5.6;<br />6: String name = "Scruffy";<br />7: numPets.length();<br />8: numGrains.length();<br />9: name.length();</p>');
	INSERT INTO Answer (id,questionId,text,correct,comment) OVERRIDING SYSTEM VALUE VALUES (144,80,'<p>Line 5 generates a compiler error.</p>',true,'');
	INSERT INTO Answer (id,questionId,text,correct,comment) OVERRIDING SYSTEM VALUE VALUES (145,80,'<p>Line 6 generates a compiler error.</p>',false,'');
	INSERT INTO Answer (id,questionId,text,correct,comment) OVERRIDING SYSTEM VALUE VALUES (146,80,'<p>Line 7 generates a compiler error.</p>',true,'');
	INSERT INTO Answer (id,questionId,text,correct,comment) OVERRIDING SYSTEM VALUE VALUES (147,80,'<p>Line 8 generates a compiler error.</p>',true,'');
	INSERT INTO Answer (id,questionId,text,correct,comment) OVERRIDING SYSTEM VALUE VALUES (148,80,'<p>Line 9 generates a compiler error.</p>',false,'');
	INSERT INTO Answer (id,questionId,text,correct,comment) OVERRIDING SYSTEM VALUE VALUES (149,80,'<p>The code compiles as is.</p>',false,'');
	INSERT INTO Answer (id,questionId,text,correct,comment) OVERRIDING SYSTEM VALUE VALUES (143,80,'<p>Line 4 generates a compiler error.</p>',false,'');
INSERT INTO Question (id,realmId,type,text) OVERRIDING SYSTEM VALUE VALUES (81,4,1,'<p>Given the following class, which of the following is true? (Choose all that apply)</p>
1: public class Snake {<br />2:<br />3: &nbsp;public void shed(boolean time) {<br />4:<br />5: &nbsp;&nbsp;if (time) {<br />6:<br />7: &nbsp;&nbsp;}<br />8: &nbsp;&nbsp;System.out.println(result);<br />9:<br />10: }<br />11:}');
	INSERT INTO Answer (id,questionId,text,correct,comment) OVERRIDING SYSTEM VALUE VALUES (150,81,'If String result = "done"; is inserted on line 2, the code will compile.',true,'');
	INSERT INTO Answer (id,questionId,text,correct,comment) OVERRIDING SYSTEM VALUE VALUES (151,81,'If String result = "done"; is inserted on line 4, the code will compile.',true,'');
	INSERT INTO Answer (id,questionId,text,correct,comment) OVERRIDING SYSTEM VALUE VALUES (152,81,'If String result = "done"; is inserted on line 6, the code will compile.',false,'');
	INSERT INTO Answer (id,questionId,text,correct,comment) OVERRIDING SYSTEM VALUE VALUES (153,81,'If String result = "done"; is inserted on line 9, the code will compile.',false,'');
	INSERT INTO Answer (id,questionId,text,correct,comment) OVERRIDING SYSTEM VALUE VALUES (154,81,'None of the above changes will make the code compile.',false,'');
INSERT INTO Question (id,realmId,type,text) OVERRIDING SYSTEM VALUE VALUES (82,4,1,'<p>Given the following classes, which of the following can independently replace INSERT IMPORTS HERE to make the code compile? (Choose all that apply)<br /><br />package aquarium;<br />public class Tank { }</p>
<p>package aquarium.jellies;<br />public class Jelly { }</p>
<p>package visitor;<br />INSERT IMPORTS HERE<br />public class AquariumVisitor {<br />&nbsp;public void admire(Jelly jelly) { } }</p>');
	INSERT INTO Answer (id,questionId,text,correct,comment) OVERRIDING SYSTEM VALUE VALUES (160,82,'None of these can make the code compile.',false,'');
	INSERT INTO Answer (id,questionId,text,correct,comment) OVERRIDING SYSTEM VALUE VALUES (155,82,'import aquarium.*;',false,'импортирует только классы&nbsp;из aquarium, игнорируя aquarium.jellies');
	INSERT INTO Answer (id,questionId,text,correct,comment) OVERRIDING SYSTEM VALUE VALUES (156,82,'import aquarium.*.Jelly;',false,'неверный импорт: <em>wildcards</em> могут использоваться только в конце строки импорта.');
	INSERT INTO Answer (id,questionId,text,correct,comment) OVERRIDING SYSTEM VALUE VALUES (157,82,'import aquarium.jellies.Jelly;',true,'');
	INSERT INTO Answer (id,questionId,text,correct,comment) OVERRIDING SYSTEM VALUE VALUES (158,82,'import aquarium.jellies.*;',true,'');
	INSERT INTO Answer (id,questionId,text,correct,comment) OVERRIDING SYSTEM VALUE VALUES (159,82,'import aquarium.jellies.Jelly.*;',false,'неверный импорт: нельзя импортировать члены класса регулярным импортом');
INSERT INTO Question (id,realmId,type,text) OVERRIDING SYSTEM VALUE VALUES (83,4,1,'<p>Given the following classes, what is the maximum number of imports that can be removed and have the code still compile?<br /><br />package aquarium; public class Water { }</p>
<p>package aquarium;<br />import java.lang.*;<br />import java.lang.System;<br />import aquarium.Water;<br />import aquarium.*;<br />public class Tank {<br />&nbsp;public void print(Water water) {<br />&nbsp;&nbsp;System.out.println(water); } }</p>');
	INSERT INTO Answer (id,questionId,text,correct,comment) OVERRIDING SYSTEM VALUE VALUES (161,83,'0',false,'');
	INSERT INTO Answer (id,questionId,text,correct,comment) OVERRIDING SYSTEM VALUE VALUES (162,83,'1',false,'');
	INSERT INTO Answer (id,questionId,text,correct,comment) OVERRIDING SYSTEM VALUE VALUES (163,83,'2',false,'');
	INSERT INTO Answer (id,questionId,text,correct,comment) OVERRIDING SYSTEM VALUE VALUES (164,83,'3',false,'');
	INSERT INTO Answer (id,questionId,text,correct,comment) OVERRIDING SYSTEM VALUE VALUES (165,83,'4',true,'');
	INSERT INTO Answer (id,questionId,text,correct,comment) OVERRIDING SYSTEM VALUE VALUES (166,83,'Does not compile',false,'');
INSERT INTO Question (id,realmId,type,text) OVERRIDING SYSTEM VALUE VALUES (84,4,1,'<p>Given the following classes, which of the following snippets can be inserted in place of INSERT IMPORTS HERE and have the code compile? (Choose all that apply)<br /><br />package aquarium;<br />public class Water {<br />&nbsp;boolean salty = false;<br />}</p>
<p>package aquarium.jellies;<br />public class Water {<br />&nbsp;boolean salty = true;<br />}</p>
<p>package employee;<br />INSERT IMPORTS HERE<br />public class WaterFiller {<br />&nbsp;Water water;<br />}</p>');
	INSERT INTO Answer (id,questionId,text,correct,comment) OVERRIDING SYSTEM VALUE VALUES (167,84,'import aquarium.*;',true,'');
	INSERT INTO Answer (id,questionId,text,correct,comment) OVERRIDING SYSTEM VALUE VALUES (168,84,'import aquarium.Water;<br />import aquarium.jellies.*;',true,'импорт конкретного класса сильнее импорта с wildcard, поэтому двусмысленности здесь не будет.');
	INSERT INTO Answer (id,questionId,text,correct,comment) OVERRIDING SYSTEM VALUE VALUES (169,84,'import aquarium.*;<br />import aquarium.jellies.Water;',true,'импорт конкретного класса сильнее импорта с wildcard, поэтому двусмысленности здесь не будет.');
	INSERT INTO Answer (id,questionId,text,correct,comment) OVERRIDING SYSTEM VALUE VALUES (170,84,'import aquarium.*;<br />import aquarium.jellies.*;',false,'неопределенность&nbsp;- оба пакета имеют класс Water');
	INSERT INTO Answer (id,questionId,text,correct,comment) OVERRIDING SYSTEM VALUE VALUES (171,84,'import aquarium.Water;<br />import aquarium.jellies.Water;',false,'компилятор не поймет, какой класс &nbsp;Water использовать');
	INSERT INTO Answer (id,questionId,text,correct,comment) OVERRIDING SYSTEM VALUE VALUES (172,84,'None of these imports can make the code compile.',false,'');
INSERT INTO Question (id,realmId,type,text) OVERRIDING SYSTEM VALUE VALUES (85,4,1,'Given the following class, which of the following calls print out Blue Jay? (Choose all that apply)<br /><br />public class BirdDisplay {<br />&nbsp;public static void main(String[] name) {<br />&nbsp;&nbsp;System.out.println(name[1]);<br />} }');
	INSERT INTO Answer (id,questionId,text,correct,comment) OVERRIDING SYSTEM VALUE VALUES (176,85,'java BirdDisplay "Blue Jay" Sparrow',false,'');
	INSERT INTO Answer (id,questionId,text,correct,comment) OVERRIDING SYSTEM VALUE VALUES (177,85,'java BirdDisplay.class Sparrow "Blue Jay"',false,'будет выведено Error: Could not find or load main class BirdDisplay.class');
	INSERT INTO Answer (id,questionId,text,correct,comment) OVERRIDING SYSTEM VALUE VALUES (178,85,'java BirdDisplay.class "Blue Jay" Sparrow',false,'будет выведено Error: Could not find or load main class BirdDisplay.class');
	INSERT INTO Answer (id,questionId,text,correct,comment) OVERRIDING SYSTEM VALUE VALUES (179,85,'Does not compile.',false,'');
	INSERT INTO Answer (id,questionId,text,correct,comment) OVERRIDING SYSTEM VALUE VALUES (173,85,'java BirdDisplay Sparrow Blue Jay',false,'');
	INSERT INTO Answer (id,questionId,text,correct,comment) OVERRIDING SYSTEM VALUE VALUES (174,85,'java BirdDisplay Sparrow "Blue Jay"',true,'');
	INSERT INTO Answer (id,questionId,text,correct,comment) OVERRIDING SYSTEM VALUE VALUES (175,85,'java BirdDisplay Blue Jay Sparrow',false,'');
INSERT INTO Question (id,realmId,type,text) OVERRIDING SYSTEM VALUE VALUES (86,4,1,'Which of the following legally fill in the blank so you can run the main() method from the command line? (Choose all that apply)<br /><br />public static void main(_______)');
	INSERT INTO Answer (id,questionId,text,correct,comment) OVERRIDING SYSTEM VALUE VALUES (180,86,'String[] _names',true,'');
	INSERT INTO Answer (id,questionId,text,correct,comment) OVERRIDING SYSTEM VALUE VALUES (181,86,'String[] 123',false,'неверное имя аргумента');
	INSERT INTO Answer (id,questionId,text,correct,comment) OVERRIDING SYSTEM VALUE VALUES (182,86,'String abc[]',true,'');
	INSERT INTO Answer (id,questionId,text,correct,comment) OVERRIDING SYSTEM VALUE VALUES (183,86,'String _Names[]',true,'');
	INSERT INTO Answer (id,questionId,text,correct,comment) OVERRIDING SYSTEM VALUE VALUES (184,86,'String... $n',true,'varargs допускаются вместо массива');
	INSERT INTO Answer (id,questionId,text,correct,comment) OVERRIDING SYSTEM VALUE VALUES (185,86,'String names',false,'');
	INSERT INTO Answer (id,questionId,text,correct,comment) OVERRIDING SYSTEM VALUE VALUES (186,86,'None of the above.',false,'');
INSERT INTO Question (id,realmId,type,text) OVERRIDING SYSTEM VALUE VALUES (87,4,1,'Which of the following are legal entry point methods that can be run from the command line? (Choose all that apply)');
	INSERT INTO Answer (id,questionId,text,correct,comment) OVERRIDING SYSTEM VALUE VALUES (192,87,'public static main(String[] args)',false,'');
	INSERT INTO Answer (id,questionId,text,correct,comment) OVERRIDING SYSTEM VALUE VALUES (193,87,'None of the above',false,'');
	INSERT INTO Answer (id,questionId,text,correct,comment) OVERRIDING SYSTEM VALUE VALUES (187,87,'private static void main(String[] args)',false,'');
	INSERT INTO Answer (id,questionId,text,correct,comment) OVERRIDING SYSTEM VALUE VALUES (188,87,'public static final main(String[] args)',false,'');
	INSERT INTO Answer (id,questionId,text,correct,comment) OVERRIDING SYSTEM VALUE VALUES (189,87,'public void main(String[] args)',false,'');
	INSERT INTO Answer (id,questionId,text,correct,comment) OVERRIDING SYSTEM VALUE VALUES (190,87,'public static void test(String[] args)',false,'');
	INSERT INTO Answer (id,questionId,text,correct,comment) OVERRIDING SYSTEM VALUE VALUES (191,87,'public static void main(String[] args)',true,'');
INSERT INTO Question (id,realmId,type,text) OVERRIDING SYSTEM VALUE VALUES (88,4,1,'Which of the following are true? (Choose all that apply)');
	INSERT INTO Answer (id,questionId,text,correct,comment) OVERRIDING SYSTEM VALUE VALUES (194,88,'An instance variable of type double defaults to null.',false,'');
	INSERT INTO Answer (id,questionId,text,correct,comment) OVERRIDING SYSTEM VALUE VALUES (195,88,'An instance variable of type int defaults to null.',false,'');
	INSERT INTO Answer (id,questionId,text,correct,comment) OVERRIDING SYSTEM VALUE VALUES (196,88,'An instance variable of type String defaults to null.',true,'');
	INSERT INTO Answer (id,questionId,text,correct,comment) OVERRIDING SYSTEM VALUE VALUES (197,88,'An instance variable of type double defaults to 0.0.',true,'');
	INSERT INTO Answer (id,questionId,text,correct,comment) OVERRIDING SYSTEM VALUE VALUES (198,88,'An instance variable of type int defaults to 0.0.',false,'');
	INSERT INTO Answer (id,questionId,text,correct,comment) OVERRIDING SYSTEM VALUE VALUES (199,88,'An instance variable of type String defaults to 0.0.',false,'');
	INSERT INTO Answer (id,questionId,text,correct,comment) OVERRIDING SYSTEM VALUE VALUES (200,88,'None of all.',false,'');
INSERT INTO Question (id,realmId,type,text) OVERRIDING SYSTEM VALUE VALUES (89,4,1,'Which of the following are true? (Choose all that apply)');
	INSERT INTO Answer (id,questionId,text,correct,comment) OVERRIDING SYSTEM VALUE VALUES (201,89,'A local variable of type boolean defaults to null.',false,'');
	INSERT INTO Answer (id,questionId,text,correct,comment) OVERRIDING SYSTEM VALUE VALUES (202,89,'A local variable of type float defaults to 0.',false,'');
	INSERT INTO Answer (id,questionId,text,correct,comment) OVERRIDING SYSTEM VALUE VALUES (203,89,'A local variable of type Object defaults to null.',false,'');
	INSERT INTO Answer (id,questionId,text,correct,comment) OVERRIDING SYSTEM VALUE VALUES (204,89,'A local variable of type boolean defaults to false.',false,'');
	INSERT INTO Answer (id,questionId,text,correct,comment) OVERRIDING SYSTEM VALUE VALUES (205,89,'A local variable of type boolean defaults to true.',false,'');
	INSERT INTO Answer (id,questionId,text,correct,comment) OVERRIDING SYSTEM VALUE VALUES (206,89,'A local variable of type float defaults to 0.0.',false,'');
	INSERT INTO Answer (id,questionId,text,correct,comment) OVERRIDING SYSTEM VALUE VALUES (207,89,'None of all.',true,'У локальных переменных не бывает значений по умолчанию.');
INSERT INTO Question (id,realmId,type,text) OVERRIDING SYSTEM VALUE VALUES (90,4,1,'Which of the following are true? (Choose all that apply)');
	INSERT INTO Answer (id,questionId,text,correct,comment) OVERRIDING SYSTEM VALUE VALUES (208,90,'An instance variable of type boolean defaults to false.',true,'');
	INSERT INTO Answer (id,questionId,text,correct,comment) OVERRIDING SYSTEM VALUE VALUES (209,90,'An instance variable of type boolean defaults to true.',false,'');
	INSERT INTO Answer (id,questionId,text,correct,comment) OVERRIDING SYSTEM VALUE VALUES (210,90,'An instance variable of type boolean defaults to null.',false,'');
	INSERT INTO Answer (id,questionId,text,correct,comment) OVERRIDING SYSTEM VALUE VALUES (211,90,'An instance variable of type int defaults to 0.',true,'');
	INSERT INTO Answer (id,questionId,text,correct,comment) OVERRIDING SYSTEM VALUE VALUES (212,90,'An instance variable of type int defaults to 0.0.',false,'');
	INSERT INTO Answer (id,questionId,text,correct,comment) OVERRIDING SYSTEM VALUE VALUES (213,90,'An instance variable of type int defaults to null.',false,'');
	INSERT INTO Answer (id,questionId,text,correct,comment) OVERRIDING SYSTEM VALUE VALUES (214,90,'None of the above.',false,'');
INSERT INTO Question (id,realmId,type,text) OVERRIDING SYSTEM VALUE VALUES (91,4,1,'Given the following class in the file /my/directory/named/A/Bird.java:<br />INSERT CODE HERE<br />public class Bird { }<br /><br />Which of the following replaces INSERT CODE HERE if we compile from /my/directory? (Choose all that apply)');
	INSERT INTO Answer (id,questionId,text,correct,comment) OVERRIDING SYSTEM VALUE VALUES (215,91,'package my.directory.named.a;',false,'');
	INSERT INTO Answer (id,questionId,text,correct,comment) OVERRIDING SYSTEM VALUE VALUES (216,91,'package my.directory.named.A;',false,'');
	INSERT INTO Answer (id,questionId,text,correct,comment) OVERRIDING SYSTEM VALUE VALUES (217,91,'package named.a;',false,'неверно, так как имена пакетов, как и все прочие идентификаторы, являются чувствительными к регистру');
	INSERT INTO Answer (id,questionId,text,correct,comment) OVERRIDING SYSTEM VALUE VALUES (218,91,'package named.A;',true,'');
	INSERT INTO Answer (id,questionId,text,correct,comment) OVERRIDING SYSTEM VALUE VALUES (219,91,'package a;',false,'');
	INSERT INTO Answer (id,questionId,text,correct,comment) OVERRIDING SYSTEM VALUE VALUES (220,91,'package A;',false,'');
	INSERT INTO Answer (id,questionId,text,correct,comment) OVERRIDING SYSTEM VALUE VALUES (221,91,'Does not compile.',false,'');
INSERT INTO Question (id,realmId,type,text) OVERRIDING SYSTEM VALUE VALUES (92,4,1,'Which of the following lines of code compile? (Choose all that apply)');
	INSERT INTO Answer (id,questionId,text,correct,comment) OVERRIDING SYSTEM VALUE VALUES (224,92,'double d2 = 1_234._0;',false,'подчеркивания разрешены только между цифрами');
	INSERT INTO Answer (id,questionId,text,correct,comment) OVERRIDING SYSTEM VALUE VALUES (225,92,'double d3 = 1_234.0_;',false,'подчеркивания разрешены только между цифрами');
	INSERT INTO Answer (id,questionId,text,correct,comment) OVERRIDING SYSTEM VALUE VALUES (226,92,'double d4 = 1_234.0;',true,'');
	INSERT INTO Answer (id,questionId,text,correct,comment) OVERRIDING SYSTEM VALUE VALUES (227,92,'None of all.',false,'');
	INSERT INTO Answer (id,questionId,text,correct,comment) OVERRIDING SYSTEM VALUE VALUES (222,92,'int i1 = 1_234;',true,'');
	INSERT INTO Answer (id,questionId,text,correct,comment) OVERRIDING SYSTEM VALUE VALUES (223,92,'double d1 = 1_234_.0;',false,'подчеркивания разрешены только между цифрами');
INSERT INTO Question (id,realmId,type,text) OVERRIDING SYSTEM VALUE VALUES (93,4,1,'<p>Given the following class, which of the following lines of code can replace INSERT CODE HERE to make the code compile? (Choose all that apply)</p>
<p>public class Price {<br />&nbsp;public void admission() {<br />&nbsp;&nbsp;INSERT CODE HERE<br />&nbsp;&nbsp;System.out.println(amount);<br />&nbsp;} }</p>');
	INSERT INTO Answer (id,questionId,text,correct,comment) OVERRIDING SYSTEM VALUE VALUES (228,93,'int amount = 9L;',false,'присваивание int-переменной double-значения');
	INSERT INTO Answer (id,questionId,text,correct,comment) OVERRIDING SYSTEM VALUE VALUES (229,93,'int amount = 0b101;',true,'');
	INSERT INTO Answer (id,questionId,text,correct,comment) OVERRIDING SYSTEM VALUE VALUES (230,93,'int amount = 0xE;',true,'');
	INSERT INTO Answer (id,questionId,text,correct,comment) OVERRIDING SYSTEM VALUE VALUES (231,93,'double amount = 0xE;',true,'');
	INSERT INTO Answer (id,questionId,text,correct,comment) OVERRIDING SYSTEM VALUE VALUES (232,93,'double amount = 1_2_.0_0;',false,'подчеркивание может быть только между цифрами');
	INSERT INTO Answer (id,questionId,text,correct,comment) OVERRIDING SYSTEM VALUE VALUES (233,93,'int amount = 1_2_;',false,'подчеркивание может быть только между цифрами');
	INSERT INTO Answer (id,questionId,text,correct,comment) OVERRIDING SYSTEM VALUE VALUES (234,93,'None of all.',false,'');
INSERT INTO Question (id,realmId,type,text) OVERRIDING SYSTEM VALUE VALUES (94,4,1,'<p>Which of the following are true? (Choose all that apply)</p>
<p>public class Bunny {<br />&nbsp;public static void main(String[] args) {<br />&nbsp;&nbsp;Bunny bun = new Bunny();<br />} }</p>');
	INSERT INTO Answer (id,questionId,text,correct,comment) OVERRIDING SYSTEM VALUE VALUES (240,94,'<strong>main</strong> is a reference to an object.',false,'');
	INSERT INTO Answer (id,questionId,text,correct,comment) OVERRIDING SYSTEM VALUE VALUES (241,94,'None of all.',false,'');
	INSERT INTO Answer (id,questionId,text,correct,comment) OVERRIDING SYSTEM VALUE VALUES (235,94,'<strong>Bunny</strong> is a class.',true,'');
	INSERT INTO Answer (id,questionId,text,correct,comment) OVERRIDING SYSTEM VALUE VALUES (236,94,'<strong>bun</strong> is a class.',false,'это переменная');
	INSERT INTO Answer (id,questionId,text,correct,comment) OVERRIDING SYSTEM VALUE VALUES (237,94,'<strong>main</strong> is a class.',false,'это метод');
	INSERT INTO Answer (id,questionId,text,correct,comment) OVERRIDING SYSTEM VALUE VALUES (238,94,'<strong>Bunny</strong> is a reference to an object.',false,'');
	INSERT INTO Answer (id,questionId,text,correct,comment) OVERRIDING SYSTEM VALUE VALUES (239,94,'<strong>bun</strong> is a reference to an object.',true,'');
INSERT INTO Question (id,realmId,type,text) OVERRIDING SYSTEM VALUE VALUES (95,4,1,'<p>Which represent the order in which the following statements can be assembled into a program that will compile successfully? (Choose all that apply)</p>
<p>A: class Rabbit {}<br />B: import java.util.*;<br />C: package animals;</p>');
	INSERT INTO Answer (id,questionId,text,correct,comment) OVERRIDING SYSTEM VALUE VALUES (242,95,'A, B, C',false,'');
	INSERT INTO Answer (id,questionId,text,correct,comment) OVERRIDING SYSTEM VALUE VALUES (243,95,'B, C, A',false,'');
	INSERT INTO Answer (id,questionId,text,correct,comment) OVERRIDING SYSTEM VALUE VALUES (244,95,'C, B, A',true,'');
	INSERT INTO Answer (id,questionId,text,correct,comment) OVERRIDING SYSTEM VALUE VALUES (245,95,'B, A',true,'строки import и package опциональны');
	INSERT INTO Answer (id,questionId,text,correct,comment) OVERRIDING SYSTEM VALUE VALUES (246,95,'C, A',true,'строки import и package опциональны');
	INSERT INTO Answer (id,questionId,text,correct,comment) OVERRIDING SYSTEM VALUE VALUES (247,95,'A, C',false,'');
	INSERT INTO Answer (id,questionId,text,correct,comment) OVERRIDING SYSTEM VALUE VALUES (248,95,'A, B',false,'');
INSERT INTO Question (id,realmId,type,text) OVERRIDING SYSTEM VALUE VALUES (96,4,1,'<p>Suppose we have a class named Rabbit. Which of the following statements are true? (Choose all that apply)</p>
<p>1: public class Rabbit {<br />2: &nbsp;&nbsp;public static void main(String[] args) {<br />3: &nbsp;&nbsp;&nbsp;Rabbit one = new Rabbit();<br />4: &nbsp;&nbsp;&nbsp;Rabbit two = new Rabbit();<br />5: &nbsp;&nbsp;&nbsp;Rabbit three = one;<br />6: &nbsp;&nbsp;&nbsp;one = null;<br />7: &nbsp;&nbsp;&nbsp;Rabbit four = one;<br />8: &nbsp;&nbsp;&nbsp;three = null;<br />9: &nbsp;&nbsp;&nbsp;two = null;<br />10: &nbsp;&nbsp;two = new Rabbit();<br />11: &nbsp;&nbsp;System.gc();<br />12: } }</p>');
	INSERT INTO Answer (id,questionId,text,correct,comment) OVERRIDING SYSTEM VALUE VALUES (249,96,'The Rabbit object from line 3 is first eligible for garbage collection immediately following line 6.',false,'');
	INSERT INTO Answer (id,questionId,text,correct,comment) OVERRIDING SYSTEM VALUE VALUES (250,96,'The Rabbit object from line 3 is first eligible for garbage collection immediately following line 8.',true,'');
	INSERT INTO Answer (id,questionId,text,correct,comment) OVERRIDING SYSTEM VALUE VALUES (251,96,'The Rabbit object from line 3 is first eligible for garbage collection immediately following line 12.',false,'');
	INSERT INTO Answer (id,questionId,text,correct,comment) OVERRIDING SYSTEM VALUE VALUES (252,96,'The Rabbit object from line 4 is first eligible for garbage collection immediately following line 9.',true,'');
	INSERT INTO Answer (id,questionId,text,correct,comment) OVERRIDING SYSTEM VALUE VALUES (253,96,'The Rabbit object from line 4 is first eligible for garbage collection immediately following line 11.',false,'');
	INSERT INTO Answer (id,questionId,text,correct,comment) OVERRIDING SYSTEM VALUE VALUES (254,96,'The Rabbit object from line 4 is first eligible for garbage collection immediately following line 12.',false,'');
INSERT INTO Question (id,realmId,type,text) OVERRIDING SYSTEM VALUE VALUES (97,4,1,'<p>What is true about the following code? (Choose all that apply)</p>
<p>public class Bear {<br />&nbsp;protected void finalize() {<br />&nbsp;&nbsp;System.out.println("Roar!");<br />}<br />&nbsp;public static void main(String[] args) {<br />&nbsp;&nbsp;Bear bear = new Bear();<br />&nbsp;&nbsp;bear = null;<br />&nbsp;&nbsp;System.gc();<br />} }</p>');
	INSERT INTO Answer (id,questionId,text,correct,comment) OVERRIDING SYSTEM VALUE VALUES (256,97,'<strong>finalize</strong>() might or might not be called',true,'');
	INSERT INTO Answer (id,questionId,text,correct,comment) OVERRIDING SYSTEM VALUE VALUES (257,97,'<strong>finalize</strong>() is guaranteed not to be called.',false,'');
	INSERT INTO Answer (id,questionId,text,correct,comment) OVERRIDING SYSTEM VALUE VALUES (258,97,'Garbage collection is guaranteed to run.',false,'');
	INSERT INTO Answer (id,questionId,text,correct,comment) OVERRIDING SYSTEM VALUE VALUES (259,97,'Garbage collection might or might not run.',true,'');
	INSERT INTO Answer (id,questionId,text,correct,comment) OVERRIDING SYSTEM VALUE VALUES (260,97,'Garbage collection is guaranteed not to run.',false,'');
	INSERT INTO Answer (id,questionId,text,correct,comment) OVERRIDING SYSTEM VALUE VALUES (261,97,'The code does not compile.',false,'');
	INSERT INTO Answer (id,questionId,text,correct,comment) OVERRIDING SYSTEM VALUE VALUES (255,97,'<strong>finalize</strong>() is guaranteed to be called.',false,'');
INSERT INTO Question (id,realmId,type,text) OVERRIDING SYSTEM VALUE VALUES (98,4,1,'<p>What does the following code output?</p>
<p>1: public class Salmon {<br />2: &nbsp;&nbsp;int count;<br />3: &nbsp;&nbsp;public void Salmon() {<br />4: &nbsp;&nbsp;&nbsp;count = 4;<br />5: &nbsp;&nbsp;}<br />6: &nbsp;&nbsp;public static void main(String[] args) {<br />7: &nbsp;&nbsp;&nbsp;Salmon s = new Salmon();<br />8: &nbsp;&nbsp;&nbsp;System.out.println(s.count);<br />9: } }</p>');
	INSERT INTO Answer (id,questionId,text,correct,comment) OVERRIDING SYSTEM VALUE VALUES (262,98,'0',true,'У этого класса конструктор по умолчанию (а не void Salmon()), поэтому у поля count - значение по умолчанию.');
	INSERT INTO Answer (id,questionId,text,correct,comment) OVERRIDING SYSTEM VALUE VALUES (263,98,'4',false,'');
	INSERT INTO Answer (id,questionId,text,correct,comment) OVERRIDING SYSTEM VALUE VALUES (264,98,'Compilation fails on line 3.',false,'<p>У класса <em>может</em> быть метод, совпадающий по имени с конструктором.</p>');
	INSERT INTO Answer (id,questionId,text,correct,comment) OVERRIDING SYSTEM VALUE VALUES (265,98,'Compilation fails on line 4',false,'');
	INSERT INTO Answer (id,questionId,text,correct,comment) OVERRIDING SYSTEM VALUE VALUES (266,98,'Compilation fails on line 7.',false,'');
	INSERT INTO Answer (id,questionId,text,correct,comment) OVERRIDING SYSTEM VALUE VALUES (267,98,'Compilation fails on line 8.',false,'');
INSERT INTO Question (id,realmId,type,text) OVERRIDING SYSTEM VALUE VALUES (99,4,1,'Which of the following are true statements? (Choose all that apply)');
	INSERT INTO Answer (id,questionId,text,correct,comment) OVERRIDING SYSTEM VALUE VALUES (272,99,'Java is an object-oriented language.',true,'');
	INSERT INTO Answer (id,questionId,text,correct,comment) OVERRIDING SYSTEM VALUE VALUES (273,99,'Java is a functional programming language.',false,'');
	INSERT INTO Answer (id,questionId,text,correct,comment) OVERRIDING SYSTEM VALUE VALUES (268,99,'Java allows operator overloading.',false,'Позволяется перезагрузка <strong>методов</strong>, а не <strong>операторов</strong>.');
	INSERT INTO Answer (id,questionId,text,correct,comment) OVERRIDING SYSTEM VALUE VALUES (269,99,'Java code compiled on Windows can run on Linux.',true,'');
	INSERT INTO Answer (id,questionId,text,correct,comment) OVERRIDING SYSTEM VALUE VALUES (270,99,'Java has pointers to specific locations in memory.',false,'');
	INSERT INTO Answer (id,questionId,text,correct,comment) OVERRIDING SYSTEM VALUE VALUES (271,99,'Java is a procedural language.',false,'');
INSERT INTO Question (id,realmId,type,text) OVERRIDING SYSTEM VALUE VALUES (100,4,1,'Which of the following are true? (Choose all that apply)');
	INSERT INTO Answer (id,questionId,text,correct,comment) OVERRIDING SYSTEM VALUE VALUES (274,100,'<strong>javac</strong> compiles a <strong>.class</strong> file into a <strong>.java</strong> file.',false,'');
	INSERT INTO Answer (id,questionId,text,correct,comment) OVERRIDING SYSTEM VALUE VALUES (275,100,'<strong>javac</strong> compiles a <strong>.java</strong> file into a <strong>.bytecode</strong> file.',false,'');
	INSERT INTO Answer (id,questionId,text,correct,comment) OVERRIDING SYSTEM VALUE VALUES (276,100,'<strong>javac</strong> compiles a <strong>.java</strong> file into a <strong>.class</strong> file.',true,'');
	INSERT INTO Answer (id,questionId,text,correct,comment) OVERRIDING SYSTEM VALUE VALUES (277,100,'Java takes the name of the class as a parameter.',true,'параметр - имя класса, а не имя файла');
	INSERT INTO Answer (id,questionId,text,correct,comment) OVERRIDING SYSTEM VALUE VALUES (278,100,'Java takes the name of the <strong>.bytecode</strong> file as a parameter.',false,'');
	INSERT INTO Answer (id,questionId,text,correct,comment) OVERRIDING SYSTEM VALUE VALUES (279,100,'Java takes the name of the <strong>.class</strong> file as a parameter.',false,'');
INSERT INTO ThemeQuestion (themeId,questionId) VALUES (0,23);
INSERT INTO ThemeQuestion (themeId,questionId) VALUES (0,24);
INSERT INTO ThemeQuestion (themeId,questionId) VALUES (2,78);
INSERT INTO ThemeQuestion (themeId,questionId) VALUES (2,79);
INSERT INTO ThemeQuestion (themeId,questionId) VALUES (2,80);
INSERT INTO ThemeQuestion (themeId,questionId) VALUES (0,27);
INSERT INTO ThemeQuestion (themeId,questionId) VALUES (2,81);
INSERT INTO ThemeQuestion (themeId,questionId) VALUES (2,82);
INSERT INTO ThemeQuestion (themeId,questionId) VALUES (0,29);
INSERT INTO ThemeQuestion (themeId,questionId) VALUES (2,83);
INSERT INTO ThemeQuestion (themeId,questionId) VALUES (0,30);
INSERT INTO ThemeQuestion (themeId,questionId) VALUES (2,84);
INSERT INTO ThemeQuestion (themeId,questionId) VALUES (0,31);
INSERT INTO ThemeQuestion (themeId,questionId) VALUES (2,85);
INSERT INTO ThemeQuestion (themeId,questionId) VALUES (0,32);
INSERT INTO ThemeQuestion (themeId,questionId) VALUES (2,86);
INSERT INTO ThemeQuestion (themeId,questionId) VALUES (0,33);
INSERT INTO ThemeQuestion (themeId,questionId) VALUES (2,87);
INSERT INTO ThemeQuestion (themeId,questionId) VALUES (0,34);
INSERT INTO ThemeQuestion (themeId,questionId) VALUES (2,88);
INSERT INTO ThemeQuestion (themeId,questionId) VALUES (0,35);
INSERT INTO ThemeQuestion (themeId,questionId) VALUES (2,89);
INSERT INTO ThemeQuestion (themeId,questionId) VALUES (0,36);
INSERT INTO ThemeQuestion (themeId,questionId) VALUES (2,90);
INSERT INTO ThemeQuestion (themeId,questionId) VALUES (0,37);
INSERT INTO ThemeQuestion (themeId,questionId) VALUES (1,0);
INSERT INTO ThemeQuestion (themeId,questionId) VALUES (2,91);
INSERT INTO ThemeQuestion (themeId,questionId) VALUES (0,38);
INSERT INTO ThemeQuestion (themeId,questionId) VALUES (2,92);
INSERT INTO ThemeQuestion (themeId,questionId) VALUES (0,39);
INSERT INTO ThemeQuestion (themeId,questionId) VALUES (2,93);
INSERT INTO ThemeQuestion (themeId,questionId) VALUES (0,40);
INSERT INTO ThemeQuestion (themeId,questionId) VALUES (2,94);
INSERT INTO ThemeQuestion (themeId,questionId) VALUES (2,95);
INSERT INTO ThemeQuestion (themeId,questionId) VALUES (2,96);
INSERT INTO ThemeQuestion (themeId,questionId) VALUES (0,43);
INSERT INTO ThemeQuestion (themeId,questionId) VALUES (2,97);
INSERT INTO ThemeQuestion (themeId,questionId) VALUES (0,44);
INSERT INTO ThemeQuestion (themeId,questionId) VALUES (2,98);
INSERT INTO ThemeQuestion (themeId,questionId) VALUES (0,45);
INSERT INTO ThemeQuestion (themeId,questionId) VALUES (2,99);
INSERT INTO ThemeQuestion (themeId,questionId) VALUES (0,46);
INSERT INTO ThemeQuestion (themeId,questionId) VALUES (2,100);
INSERT INTO ThemeQuestion (themeId,questionId) VALUES (0,47);
INSERT INTO ThemeQuestion (themeId,questionId) VALUES (0,48);
INSERT INTO ThemeQuestion (themeId,questionId) VALUES (0,49);
INSERT INTO ThemeQuestion (themeId,questionId) VALUES (0,50);
INSERT INTO ThemeQuestion (themeId,questionId) VALUES (0,51);
INSERT INTO ThemeQuestion (themeId,questionId) VALUES (0,52);
INSERT INTO ThemeQuestion (themeId,questionId) VALUES (0,53);
INSERT INTO ThemeQuestion (themeId,questionId) VALUES (0,54);
INSERT INTO ThemeQuestion (themeId,questionId) VALUES (0,55);
INSERT INTO ThemeQuestion (themeId,questionId) VALUES (0,56);
INSERT INTO ThemeQuestion (themeId,questionId) VALUES (1,19);
INSERT INTO ThemeQuestion (themeId,questionId) VALUES (0,57);
INSERT INTO ThemeQuestion (themeId,questionId) VALUES (0,58);
INSERT INTO ThemeQuestion (themeId,questionId) VALUES (0,59);
INSERT INTO ThemeQuestion (themeId,questionId) VALUES (0,60);
INSERT INTO ThemeQuestion (themeId,questionId) VALUES (0,61);
INSERT INTO ThemeQuestion (themeId,questionId) VALUES (0,62);
INSERT INTO ThemeQuestion (themeId,questionId) VALUES (0,63);
INSERT INTO ThemeQuestion (themeId,questionId) VALUES (0,64);
INSERT INTO ThemeQuestion (themeId,questionId) VALUES (1,28);
INSERT INTO ThemeQuestion (themeId,questionId) VALUES (0,67);
INSERT INTO ThemeQuestion (themeId,questionId) VALUES (0,68);
INSERT INTO ThemeQuestion (themeId,questionId) VALUES (0,69);
INSERT INTO ThemeQuestion (themeId,questionId) VALUES (0,70);
INSERT INTO ThemeQuestion (themeId,questionId) VALUES (0,71);
INSERT INTO ThemeQuestion (themeId,questionId) VALUES (0,72);
INSERT INTO ThemeQuestion (themeId,questionId) VALUES (0,74);
INSERT INTO ThemeQuestion (themeId,questionId) VALUES (0,75);
INSERT INTO ThemeQuestion (themeId,questionId) VALUES (0,76);
INSERT INTO ThemeQuestion (themeId,questionId) VALUES (0,77);
INSERT INTO ThemeQuestion (themeId,questionId) VALUES (4,65);
INSERT INTO ThemeQuestion (themeId,questionId) VALUES (1,58);
INSERT INTO ThemeQuestion (themeId,questionId) VALUES (1,64);
INSERT INTO ThemeQuestion (themeId,questionId) VALUES (1,73);
INSERT INTO ThemeQuestion (themeId,questionId) VALUES (5,66);
INSERT INTO ThemeQuestion (themeId,questionId) VALUES (0,2);
INSERT INTO ThemeQuestion (themeId,questionId) VALUES (0,3);
INSERT INTO ThemeQuestion (themeId,questionId) VALUES (0,4);
INSERT INTO ThemeQuestion (themeId,questionId) VALUES (0,6);
INSERT INTO ThemeQuestion (themeId,questionId) VALUES (0,7);
INSERT INTO ThemeQuestion (themeId,questionId) VALUES (0,8);
INSERT INTO ThemeQuestion (themeId,questionId) VALUES (0,10);
INSERT INTO ThemeQuestion (themeId,questionId) VALUES (0,11);
INSERT INTO ThemeQuestion (themeId,questionId) VALUES (0,12);
INSERT INTO ThemeQuestion (themeId,questionId) VALUES (0,13);
INSERT INTO ThemeQuestion (themeId,questionId) VALUES (0,14);
INSERT INTO ThemeQuestion (themeId,questionId) VALUES (0,16);
INSERT INTO ThemeQuestion (themeId,questionId) VALUES (0,17);
INSERT INTO ThemeQuestion (themeId,questionId) VALUES (0,18);
INSERT INTO ThemeQuestion (themeId,questionId) VALUES (0,19);
INSERT INTO ThemeQuestion (themeId,questionId) VALUES (0,20);
INSERT INTO ThemeQuestion (themeId,questionId) VALUES (0,21);
INSERT INTO ThemeQuestion (themeId,questionId) VALUES (0,22);
INSERT INTO Image (id,filename,extension) OVERRIDING SYSTEM VALUE VALUES (0,'endermen','jpg');
INSERT INTO Image (id,filename,extension) OVERRIDING SYSTEM VALUE VALUES (1,'ferrari','jpeg');
INSERT INTO Image (id,filename,extension) OVERRIDING SYSTEM VALUE VALUES (2,'NIIAS','png');
INSERT INTO Image (id,filename,extension) OVERRIDING SYSTEM VALUE VALUES (3,'Usersd.gorsheninPicturestest','jpg');
INSERT INTO UserAnswer (id,questionId,correct) OVERRIDING SYSTEM VALUE VALUES (0,2,false);
INSERT INTO UserAnswer (id,questionId,correct) OVERRIDING SYSTEM VALUE VALUES (1,67,false);
INSERT INTO UserAnswer (id,questionId,correct) OVERRIDING SYSTEM VALUE VALUES (2,6,true);
INSERT INTO UserAnswer (id,questionId,correct) OVERRIDING SYSTEM VALUE VALUES (3,70,false);
INSERT INTO UserAnswer (id,questionId,correct) OVERRIDING SYSTEM VALUE VALUES (4,74,true);
INSERT INTO UserAnswer (id,questionId,correct) OVERRIDING SYSTEM VALUE VALUES (5,10,true);
INSERT INTO UserAnswer (id,questionId,correct) OVERRIDING SYSTEM VALUE VALUES (6,11,true);
INSERT INTO UserAnswer (id,questionId,correct) OVERRIDING SYSTEM VALUE VALUES (7,12,false);
INSERT INTO UserAnswer (id,questionId,correct) OVERRIDING SYSTEM VALUE VALUES (8,13,true);
INSERT INTO UserAnswer (id,questionId,correct) OVERRIDING SYSTEM VALUE VALUES (9,16,true);
INSERT INTO UserAnswer (id,questionId,correct) OVERRIDING SYSTEM VALUE VALUES (10,17,true);
INSERT INTO UserAnswer (id,questionId,correct) OVERRIDING SYSTEM VALUE VALUES (11,19,true);
INSERT INTO UserAnswer (id,questionId,correct) OVERRIDING SYSTEM VALUE VALUES (12,20,true);
INSERT INTO UserAnswer (id,questionId,correct) OVERRIDING SYSTEM VALUE VALUES (13,30,false);
INSERT INTO UserAnswer (id,questionId,correct) OVERRIDING SYSTEM VALUE VALUES (14,31,true);
INSERT INTO UserAnswer (id,questionId,correct) OVERRIDING SYSTEM VALUE VALUES (15,33,true);
INSERT INTO UserAnswer (id,questionId,correct) OVERRIDING SYSTEM VALUE VALUES (16,35,false);
INSERT INTO UserAnswer (id,questionId,correct) OVERRIDING SYSTEM VALUE VALUES (17,36,true);
INSERT INTO UserAnswer (id,questionId,correct) OVERRIDING SYSTEM VALUE VALUES (18,37,false);
INSERT INTO UserAnswer (id,questionId,correct) OVERRIDING SYSTEM VALUE VALUES (19,38,false);
INSERT INTO UserAnswer (id,questionId,correct) OVERRIDING SYSTEM VALUE VALUES (20,39,false);
INSERT INTO UserAnswer (id,questionId,correct) OVERRIDING SYSTEM VALUE VALUES (21,40,true);
INSERT INTO UserAnswer (id,questionId,correct) OVERRIDING SYSTEM VALUE VALUES (22,45,true);
INSERT INTO UserAnswer (id,questionId,correct) OVERRIDING SYSTEM VALUE VALUES (23,51,false);
INSERT INTO UserAnswer (id,questionId,correct) OVERRIDING SYSTEM VALUE VALUES (24,52,true);
INSERT INTO UserAnswer (id,questionId,correct) OVERRIDING SYSTEM VALUE VALUES (25,54,false);
INSERT INTO UserAnswer (id,questionId,correct) OVERRIDING SYSTEM VALUE VALUES (26,57,false);
INSERT INTO UserAnswer (id,questionId,correct) OVERRIDING SYSTEM VALUE VALUES (27,58,true);
INSERT INTO UserAnswer (id,questionId,correct) OVERRIDING SYSTEM VALUE VALUES (28,60,true);
INSERT INTO UserAnswer (id,questionId,correct) OVERRIDING SYSTEM VALUE VALUES (29,62,false);
INSERT INTO UserAnswer (id,questionId,correct) OVERRIDING SYSTEM VALUE VALUES (30,63,true);
INSERT INTO UserAnswer (id,questionId,correct) OVERRIDING SYSTEM VALUE VALUES (31,2,false);
INSERT INTO UserAnswer (id,questionId,correct) OVERRIDING SYSTEM VALUE VALUES (32,67,false);
INSERT INTO UserAnswer (id,questionId,correct) OVERRIDING SYSTEM VALUE VALUES (33,70,false);
INSERT INTO UserAnswer (id,questionId,correct) OVERRIDING SYSTEM VALUE VALUES (34,6,false);
INSERT INTO UserAnswer (id,questionId,correct) OVERRIDING SYSTEM VALUE VALUES (35,10,false);
INSERT INTO UserAnswer (id,questionId,correct) OVERRIDING SYSTEM VALUE VALUES (36,74,true);
INSERT INTO UserAnswer (id,questionId,correct) OVERRIDING SYSTEM VALUE VALUES (37,11,true);
INSERT INTO UserAnswer (id,questionId,correct) OVERRIDING SYSTEM VALUE VALUES (38,12,false);
INSERT INTO UserAnswer (id,questionId,correct) OVERRIDING SYSTEM VALUE VALUES (39,13,true);
INSERT INTO UserAnswer (id,questionId,correct) OVERRIDING SYSTEM VALUE VALUES (40,16,true);
INSERT INTO UserAnswer (id,questionId,correct) OVERRIDING SYSTEM VALUE VALUES (41,17,true);
INSERT INTO UserAnswer (id,questionId,correct) OVERRIDING SYSTEM VALUE VALUES (42,19,true);
INSERT INTO UserAnswer (id,questionId,correct) OVERRIDING SYSTEM VALUE VALUES (43,20,true);
INSERT INTO UserAnswer (id,questionId,correct) OVERRIDING SYSTEM VALUE VALUES (44,30,false);
INSERT INTO UserAnswer (id,questionId,correct) OVERRIDING SYSTEM VALUE VALUES (45,31,true);
INSERT INTO UserAnswer (id,questionId,correct) OVERRIDING SYSTEM VALUE VALUES (46,33,false);
INSERT INTO UserAnswer (id,questionId,correct) OVERRIDING SYSTEM VALUE VALUES (47,35,true);
INSERT INTO UserAnswer (id,questionId,correct) OVERRIDING SYSTEM VALUE VALUES (48,36,true);
INSERT INTO UserAnswer (id,questionId,correct) OVERRIDING SYSTEM VALUE VALUES (49,37,true);
INSERT INTO UserAnswer (id,questionId,correct) OVERRIDING SYSTEM VALUE VALUES (50,38,true);
INSERT INTO UserAnswer (id,questionId,correct) OVERRIDING SYSTEM VALUE VALUES (51,39,false);
INSERT INTO UserAnswer (id,questionId,correct) OVERRIDING SYSTEM VALUE VALUES (52,40,true);
INSERT INTO UserAnswer (id,questionId,correct) OVERRIDING SYSTEM VALUE VALUES (53,45,true);
INSERT INTO UserAnswer (id,questionId,correct) OVERRIDING SYSTEM VALUE VALUES (54,51,false);
INSERT INTO UserAnswer (id,questionId,correct) OVERRIDING SYSTEM VALUE VALUES (55,52,true);
INSERT INTO UserAnswer (id,questionId,correct) OVERRIDING SYSTEM VALUE VALUES (56,54,true);
INSERT INTO UserAnswer (id,questionId,correct) OVERRIDING SYSTEM VALUE VALUES (57,57,false);
INSERT INTO UserAnswer (id,questionId,correct) OVERRIDING SYSTEM VALUE VALUES (58,58,false);
INSERT INTO UserAnswer (id,questionId,correct) OVERRIDING SYSTEM VALUE VALUES (59,60,true);
INSERT INTO UserAnswer (id,questionId,correct) OVERRIDING SYSTEM VALUE VALUES (60,62,false);
INSERT INTO UserAnswer (id,questionId,correct) OVERRIDING SYSTEM VALUE VALUES (61,63,false);
INSERT INTO UserAnswer (id,questionId,correct) OVERRIDING SYSTEM VALUE VALUES (62,2,true);
INSERT INTO UserAnswer (id,questionId,correct) OVERRIDING SYSTEM VALUE VALUES (63,67,true);
INSERT INTO UserAnswer (id,questionId,correct) OVERRIDING SYSTEM VALUE VALUES (64,70,true);
INSERT INTO UserAnswer (id,questionId,correct) OVERRIDING SYSTEM VALUE VALUES (65,6,true);
INSERT INTO UserAnswer (id,questionId,correct) OVERRIDING SYSTEM VALUE VALUES (66,10,true);
INSERT INTO UserAnswer (id,questionId,correct) OVERRIDING SYSTEM VALUE VALUES (67,74,true);
INSERT INTO UserAnswer (id,questionId,correct) OVERRIDING SYSTEM VALUE VALUES (68,11,true);
INSERT INTO UserAnswer (id,questionId,correct) OVERRIDING SYSTEM VALUE VALUES (69,12,true);
INSERT INTO UserAnswer (id,questionId,correct) OVERRIDING SYSTEM VALUE VALUES (70,13,true);
INSERT INTO UserAnswer (id,questionId,correct) OVERRIDING SYSTEM VALUE VALUES (71,16,true);
INSERT INTO UserAnswer (id,questionId,correct) OVERRIDING SYSTEM VALUE VALUES (72,17,true);
INSERT INTO UserAnswer (id,questionId,correct) OVERRIDING SYSTEM VALUE VALUES (73,19,true);
INSERT INTO UserAnswer (id,questionId,correct) OVERRIDING SYSTEM VALUE VALUES (74,20,true);
INSERT INTO UserAnswer (id,questionId,correct) OVERRIDING SYSTEM VALUE VALUES (75,30,false);
INSERT INTO UserAnswer (id,questionId,correct) OVERRIDING SYSTEM VALUE VALUES (76,31,true);
INSERT INTO UserAnswer (id,questionId,correct) OVERRIDING SYSTEM VALUE VALUES (77,33,false);
INSERT INTO UserAnswer (id,questionId,correct) OVERRIDING SYSTEM VALUE VALUES (78,35,true);
INSERT INTO UserAnswer (id,questionId,correct) OVERRIDING SYSTEM VALUE VALUES (79,36,true);
INSERT INTO UserAnswer (id,questionId,correct) OVERRIDING SYSTEM VALUE VALUES (80,37,true);
INSERT INTO UserAnswer (id,questionId,correct) OVERRIDING SYSTEM VALUE VALUES (81,38,true);
INSERT INTO UserAnswer (id,questionId,correct) OVERRIDING SYSTEM VALUE VALUES (82,39,false);
INSERT INTO UserAnswer (id,questionId,correct) OVERRIDING SYSTEM VALUE VALUES (83,40,true);
INSERT INTO UserAnswer (id,questionId,correct) OVERRIDING SYSTEM VALUE VALUES (84,45,false);
INSERT INTO UserAnswer (id,questionId,correct) OVERRIDING SYSTEM VALUE VALUES (85,51,true);
INSERT INTO UserAnswer (id,questionId,correct) OVERRIDING SYSTEM VALUE VALUES (86,52,true);
INSERT INTO UserAnswer (id,questionId,correct) OVERRIDING SYSTEM VALUE VALUES (87,54,false);
INSERT INTO UserAnswer (id,questionId,correct) OVERRIDING SYSTEM VALUE VALUES (88,57,false);
INSERT INTO UserAnswer (id,questionId,correct) OVERRIDING SYSTEM VALUE VALUES (89,58,true);
INSERT INTO UserAnswer (id,questionId,correct) OVERRIDING SYSTEM VALUE VALUES (90,60,false);
INSERT INTO UserAnswer (id,questionId,correct) OVERRIDING SYSTEM VALUE VALUES (91,62,false);
INSERT INTO UserAnswer (id,questionId,correct) OVERRIDING SYSTEM VALUE VALUES (92,63,true);
INSERT INTO ThemeExam (id,themeId,percentage,date) OVERRIDING SYSTEM VALUE VALUES (0,0,58.06451612903226,TIMESTAMP '2018-07-29 00:05:46');
INSERT INTO ThemeExam (id,themeId,percentage,date) OVERRIDING SYSTEM VALUE VALUES (1,0,74.19354838709677,TIMESTAMP '2018-08-24 10:43:21');
