DROP TABLE Realm IF EXISTS;
CREATE TABLE Realm (id INTEGER GENERATED ALWAYS AS IDENTITY PRIMARY KEY, text VARCHAR(20), description VARCHAR(2000));
DROP TABLE Theme IF EXISTS;
CREATE TABLE Theme (id INTEGER GENERATED ALWAYS AS IDENTITY PRIMARY KEY, realmId int, text VARCHAR(2000), number DOUBLE);
DROP TABLE Question IF EXISTS;
CREATE TABLE Question (id INTEGER GENERATED ALWAYS AS IDENTITY PRIMARY KEY, realmId int, type int, text VARCHAR(4000), regDate TIMESTAMP, updateDate TIMESTAMP);
	DROP TABLE Answer IF EXISTS;
	CREATE TABLE Answer (id INTEGER GENERATED ALWAYS AS IDENTITY PRIMARY KEY, questionId int, correct boolean, text VARCHAR(4000), comment VARCHAR(2000));
DROP TABLE ThemeQuestion IF EXISTS;
CREATE TABLE ThemeQuestion (themeId int, questionId int, orderNum int, PRIMARY KEY(themeId, questionId));
DROP TABLE Image IF EXISTS;
CREATE TABLE Image (id INTEGER GENERATED ALWAYS AS IDENTITY PRIMARY KEY, filename VARCHAR(2000), extension VARCHAR(10));
DROP TABLE UserAnswer IF EXISTS;
CREATE TABLE UserAnswer (id INTEGER GENERATED ALWAYS AS IDENTITY PRIMARY KEY, questionId int, correct boolean);
DROP TABLE ThemeExam IF EXISTS;
CREATE TABLE ThemeExam (id INTEGER GENERATED ALWAYS AS IDENTITY PRIMARY KEY, themeId int, percentage DOUBLE, date TIMESTAMP);
INSERT INTO Realm (id,text,description) OVERRIDING SYSTEM VALUE VALUES (0,'java','Java');
INSERT INTO Realm (id,text,description) OVERRIDING SYSTEM VALUE VALUES (1,'kotlin','Kotlin');
INSERT INTO Realm (id,text,description) OVERRIDING SYSTEM VALUE VALUES (2,'sql','SQL');
INSERT INTO Realm (id,text,description) OVERRIDING SYSTEM VALUE VALUES (3,'minecraft','MINECRAFT');
INSERT INTO Realm (id,text,description) OVERRIDING SYSTEM VALUE VALUES (4,'oca_1','Сертификат OCA');
INSERT INTO Realm (id,text,description) OVERRIDING SYSTEM VALUE VALUES (5,'test','ТЕСТ');
INSERT INTO Realm (id,text,description) OVERRIDING SYSTEM VALUE VALUES (6,'common','Общие вопросы');
INSERT INTO Realm (id,text,description) OVERRIDING SYSTEM VALUE VALUES (7,'history','История');
INSERT INTO Realm (id,text,description) OVERRIDING SYSTEM VALUE VALUES (8,'ocp','Сертификат OCP');
INSERT INTO Realm (id,text,description) OVERRIDING SYSTEM VALUE VALUES (9,'izugt','ИСУЖТ');
INSERT INTO Realm (id,text,description) OVERRIDING SYSTEM VALUE VALUES (10,'prog','Златопольский - Задачи по программированию');
INSERT INTO Theme (id,realmId,text,number) OVERRIDING SYSTEM VALUE VALUES (0,4,'Основы',1.0);
INSERT INTO Theme (id,realmId,text,number) OVERRIDING SYSTEM VALUE VALUES (1,4,'Особенности экзамена',0.0);
INSERT INTO Theme (id,realmId,text,number) OVERRIDING SYSTEM VALUE VALUES (2,4,'Задания к теме',1.1);
INSERT INTO Theme (id,realmId,text,number) OVERRIDING SYSTEM VALUE VALUES (3,0,'вавап',4.0);
INSERT INTO Theme (id,realmId,text,number) OVERRIDING SYSTEM VALUE VALUES (4,0,'К собеседованию',100.0);
INSERT INTO Theme (id,realmId,text,number) OVERRIDING SYSTEM VALUE VALUES (5,4,'Пополняемые тесты',0.0);
INSERT INTO Theme (id,realmId,text,number) OVERRIDING SYSTEM VALUE VALUES (6,4,'Операторы и управляющие конструкции',2.0);
INSERT INTO Theme (id,realmId,text,number) OVERRIDING SYSTEM VALUE VALUES (7,4,'Задания к теме',2.1);
INSERT INTO Theme (id,realmId,text,number) OVERRIDING SYSTEM VALUE VALUES (8,4,'Основной API Java',3.0);
INSERT INTO Theme (id,realmId,text,number) OVERRIDING SYSTEM VALUE VALUES (9,0,'Это должен знать каждый',1.0);
INSERT INTO Theme (id,realmId,text,number) OVERRIDING SYSTEM VALUE VALUES (10,4,'Задания к теме',3.1);
INSERT INTO Theme (id,realmId,text,number) OVERRIDING SYSTEM VALUE VALUES (11,4,'Методы и инкапсуляция',4.0);
INSERT INTO Theme (id,realmId,text,number) OVERRIDING SYSTEM VALUE VALUES (12,4,'Задания к теме',4.1);
INSERT INTO Theme (id,realmId,text,number) OVERRIDING SYSTEM VALUE VALUES (13,4,'Дизайн классов',5.0);
INSERT INTO Theme (id,realmId,text,number) OVERRIDING SYSTEM VALUE VALUES (14,4,'Задания к теме',5.1);
INSERT INTO Theme (id,realmId,text,number) OVERRIDING SYSTEM VALUE VALUES (15,4,'Исключения',6.0);
INSERT INTO Theme (id,realmId,text,number) OVERRIDING SYSTEM VALUE VALUES (16,4,'Задания к теме',6.1);
INSERT INTO Theme (id,realmId,text,number) OVERRIDING SYSTEM VALUE VALUES (17,8,'Расширенный дизайн классов',1.0);
INSERT INTO Theme (id,realmId,text,number) OVERRIDING SYSTEM VALUE VALUES (18,0,'Полезные рецепты',0.0);
INSERT INTO Theme (id,realmId,text,number) OVERRIDING SYSTEM VALUE VALUES (19,8,'Задания к теме',1.1);
INSERT INTO Theme (id,realmId,text,number) OVERRIDING SYSTEM VALUE VALUES (20,8,'Шаблоны и принципы проектирования',2.0);
INSERT INTO Theme (id,realmId,text,number) OVERRIDING SYSTEM VALUE VALUES (21,8,'Задания к теме',2.1);
INSERT INTO Theme (id,realmId,text,number) OVERRIDING SYSTEM VALUE VALUES (22,8,'Дженерики и коллекции',3.0);
INSERT INTO Theme (id,realmId,text,number) OVERRIDING SYSTEM VALUE VALUES (23,8,'Особенности экзамена',0.0);
INSERT INTO Theme (id,realmId,text,number) OVERRIDING SYSTEM VALUE VALUES (24,8,'Задания к теме',3.1);
INSERT INTO Theme (id,realmId,text,number) OVERRIDING SYSTEM VALUE VALUES (25,8,'Функциональное программирование',4.0);
INSERT INTO Theme (id,realmId,text,number) OVERRIDING SYSTEM VALUE VALUES (26,8,'Задания к теме',4.1);
INSERT INTO Theme (id,realmId,text,number) OVERRIDING SYSTEM VALUE VALUES (27,8,'Даты, строки и локализация',5.0);
INSERT INTO Theme (id,realmId,text,number) OVERRIDING SYSTEM VALUE VALUES (28,9,'Функционал ДамповМоделей',1.0);
INSERT INTO Theme (id,realmId,text,number) OVERRIDING SYSTEM VALUE VALUES (29,9,'Дампы моделей для исполненного',2.0);
INSERT INTO Theme (id,realmId,text,number) OVERRIDING SYSTEM VALUE VALUES (30,8,'Задания к теме',5.1);
INSERT INTO Theme (id,realmId,text,number) OVERRIDING SYSTEM VALUE VALUES (31,9,'Дампы моделей для проектного',3.0);
INSERT INTO Theme (id,realmId,text,number) OVERRIDING SYSTEM VALUE VALUES (32,8,'Исключения и утверждения',6.0);
INSERT INTO Theme (id,realmId,text,number) OVERRIDING SYSTEM VALUE VALUES (33,8,'Задания к теме',6.1);
INSERT INTO Theme (id,realmId,text,number) OVERRIDING SYSTEM VALUE VALUES (34,8,'Многопоточность',7.0);
INSERT INTO Theme (id,realmId,text,number) OVERRIDING SYSTEM VALUE VALUES (35,8,'Задания к теме',7.1);
INSERT INTO Theme (id,realmId,text,number) OVERRIDING SYSTEM VALUE VALUES (36,8,'Ввод-вывод',8.0);
INSERT INTO Theme (id,realmId,text,number) OVERRIDING SYSTEM VALUE VALUES (37,8,'Задания к теме',8.1);
INSERT INTO Theme (id,realmId,text,number) OVERRIDING SYSTEM VALUE VALUES (38,8,'NIO.2',9.0);
INSERT INTO Question (id,realmId,type,text,regDate,updateDate) OVERRIDING SYSTEM VALUE VALUES (0,4,0,'Тесты экзамена предполагают обычно 5 или 6 ответов, со множественным выбором.',TIMESTAMP '1970-01-01 03:00:00',TIMESTAMP '1970-01-01 03:00:00');
INSERT INTO Question (id,realmId,type,text,regDate,updateDate) OVERRIDING SYSTEM VALUE VALUES (1,4,0,'Нельзя реализовать в классе два интерфейса с общим дефолтным методом, если не переопределить этот метод в классе.',TIMESTAMP '1970-01-01 03:00:00',TIMESTAMP '1970-01-01 03:00:00');
INSERT INTO Question (id,realmId,type,text,regDate,updateDate) OVERRIDING SYSTEM VALUE VALUES (2,4,2,'<p>Перечислите 3 вида комментариев в Java</p>',TIMESTAMP '1970-01-01 03:00:00',TIMESTAMP '1970-01-01 03:00:00');
	INSERT INTO Answer (id,questionId,text,correct,comment) OVERRIDING SYSTEM VALUE VALUES (79,2,'<p>1. Комменарий до конца строки:<br />// comment until end of line<br />2. Многострочный комментарий (звездочки на промежуточных строках необязательны):<br />/*&nbsp; Multiple<br />[*] line<br />comment */<br />3. Комментарий Javadoc<br />/**<br />[*] Javadoc multiple-line comment<br />[*] @author Jeanne and Scott<br />*/</p>',true,'');
INSERT INTO Question (id,realmId,type,text,regDate,updateDate) OVERRIDING SYSTEM VALUE VALUES (3,4,0,'Особенности комментариев. <br />- Любые символы между /* и */ - часть многострочного комментария <br />- Любые символы после // - часть однострочного комментария <br />- Вкладывать многострочные комментарии друг в друга нельзя - компилятор реагирует на первый закрывающий, и последующие закрывающие остаются неинтерпретируемыми:<br />/* * /* ferret */ */ (для компилятора то же самое, что просто */)',TIMESTAMP '1970-01-01 03:00:00',TIMESTAMP '1970-01-01 03:00:00');
INSERT INTO Question (id,realmId,type,text,regDate,updateDate) OVERRIDING SYSTEM VALUE VALUES (4,4,0,'В одном файле может быть определено несколько классов. Только один из них может быть объявлен как <strong>public</strong>, и в этом случае имя файла должно совпадать с именем класса.',TIMESTAMP '1970-01-01 03:00:00',TIMESTAMP '1970-01-01 03:00:00');
INSERT INTO Question (id,realmId,type,text,regDate,updateDate) OVERRIDING SYSTEM VALUE VALUES (5,7,1,'В каком веке родился <strong>Александр</strong> Македонский?',TIMESTAMP '1970-01-01 03:00:00',TIMESTAMP '1970-01-01 03:00:00');
	INSERT INTO Answer (id,questionId,text,correct,comment) OVERRIDING SYSTEM VALUE VALUES (75,5,'III до н.э.',true,'');
	INSERT INTO Answer (id,questionId,text,correct,comment) OVERRIDING SYSTEM VALUE VALUES (76,5,'II н.э.',false,'');
	INSERT INTO Answer (id,questionId,text,correct,comment) OVERRIDING SYSTEM VALUE VALUES (77,5,'II до н.э.',false,'');
	INSERT INTO Answer (id,questionId,text,correct,comment) OVERRIDING SYSTEM VALUE VALUES (78,5,'XX век',false,'');
INSERT INTO Question (id,realmId,type,text,regDate,updateDate) OVERRIDING SYSTEM VALUE VALUES (6,4,2,'Как скомпилировать и запустить java-файл из командной строки?',TIMESTAMP '1970-01-01 03:00:00',TIMESTAMP '1970-01-01 03:00:00');
	INSERT INTO Answer (id,questionId,text,correct,comment) OVERRIDING SYSTEM VALUE VALUES (80,6,'$ javac Zoo.java <br />$ java Zoo',true,'');
INSERT INTO Question (id,realmId,type,text,regDate,updateDate) OVERRIDING SYSTEM VALUE VALUES (7,4,0,'Очень полезно следовать следующим правилам именования: <br />1. Один файл - один класс <br />2. Имя класса = имя файла',TIMESTAMP '1970-01-01 03:00:00',TIMESTAMP '1970-01-01 03:00:00');
INSERT INTO Question (id,realmId,type,text,regDate,updateDate) OVERRIDING SYSTEM VALUE VALUES (8,4,0,'Если в классе <strong>Test.java</strong> нет <strong>static</strong>-метода <em>main</em>(), то при попытке запуска <strong>Test.class</strong> будет ошибка (например, <em>Main method not found in class...</em>).',TIMESTAMP '1970-01-01 03:00:00',TIMESTAMP '1970-01-01 03:00:00');
INSERT INTO Question (id,realmId,type,text,regDate,updateDate) OVERRIDING SYSTEM VALUE VALUES (9,2,0,'Какой оператор1?',TIMESTAMP '1970-01-01 03:00:00',TIMESTAMP '1970-01-01 03:00:00');
	INSERT INTO Answer (id,questionId,text,correct,comment) OVERRIDING SYSTEM VALUE VALUES (65,9,'SELECT FROM',true,'');
	INSERT INTO Answer (id,questionId,text,correct,comment) OVERRIDING SYSTEM VALUE VALUES (66,9,'GOPRKD',false,'');
	INSERT INTO Answer (id,questionId,text,correct,comment) OVERRIDING SYSTEM VALUE VALUES (67,9,'UPDATE SET',true,'');
INSERT INTO Question (id,realmId,type,text,regDate,updateDate) OVERRIDING SYSTEM VALUE VALUES (10,4,2,'Как можно корректно задать строковый параметр метода <em>main()?</em>',TIMESTAMP '1970-01-01 03:00:00',TIMESTAMP '1970-01-01 03:00:00');
	INSERT INTO Answer (id,questionId,text,correct,comment) OVERRIDING SYSTEM VALUE VALUES (81,10,'String[] args<br />String args[]<br />String... args',true,'');
INSERT INTO Question (id,realmId,type,text,regDate,updateDate) OVERRIDING SYSTEM VALUE VALUES (11,4,1,'Сколько wildcard-звездочек может быть в строке импорта?',TIMESTAMP '1970-01-01 03:00:00',TIMESTAMP '1970-01-01 03:00:00');
	INSERT INTO Answer (id,questionId,text,correct,comment) OVERRIDING SYSTEM VALUE VALUES (83,11,'Сколько угодно:<br /><strong>import java.nio.*.*;</strong>',false,'');
	INSERT INTO Answer (id,questionId,text,correct,comment) OVERRIDING SYSTEM VALUE VALUES (84,11,'Только одна, в любом месте импорта:<br /><strong>import java.nio.*.Files;</strong>',false,'');
	INSERT INTO Answer (id,questionId,text,correct,comment) OVERRIDING SYSTEM VALUE VALUES (85,11,'Только одна,&nbsp;в конце импорта:<br /><strong>import java.nio.file.*;</strong>',true,'');
INSERT INTO Question (id,realmId,type,text,regDate,updateDate) OVERRIDING SYSTEM VALUE VALUES (12,4,2,'Как задать строковые параметры при старте программы из командной строки?',TIMESTAMP '1970-01-01 03:00:00',TIMESTAMP '1970-01-01 03:00:00');
	INSERT INTO Answer (id,questionId,text,correct,comment) OVERRIDING SYSTEM VALUE VALUES (82,12,'$ javac Zoo.java<br />$ java Zoo Bronx Сat<br />$ java Zoo "San Diego" Gon',true,'');
INSERT INTO Question (id,realmId,type,text,regDate,updateDate) OVERRIDING SYSTEM VALUE VALUES (13,4,2,'Может ли обычный импорт импортировать методы и поля класса?<br /><strong>import java.nio.files.Paths.*;</strong>',TIMESTAMP '1970-01-01 03:00:00',TIMESTAMP '1970-01-01 03:00:00');
	INSERT INTO Answer (id,questionId,text,correct,comment) OVERRIDING SYSTEM VALUE VALUES (86,13,'Нет.',true,'');
INSERT INTO Question (id,realmId,type,text,regDate,updateDate) OVERRIDING SYSTEM VALUE VALUES (14,4,0,'<p>Прямой импорт нескольких классов с одинаковыми именами не скомпилируется:<br />import java.util.<strong>Date;</strong><br />import java.sql.<strong>Date; </strong>// <em>DOES NOT COMPILE</em><br /><br />Импорт с wildcald скомпилируется:<br />import java.util.*;<br />import java.sql.*;<br />...<br /><em>но если в коде будет ссылка на тип, который есть в обоих пакетах, также будет ошибка:</em><br />...<br />public class Test {<br />&nbsp;&nbsp;&nbsp; Date date; // <em>DOES NOT COMPILE</em><br />}</p>',TIMESTAMP '1970-01-01 03:00:00',TIMESTAMP '1970-01-01 03:00:00');
INSERT INTO Question (id,realmId,type,text,regDate,updateDate) OVERRIDING SYSTEM VALUE VALUES (15,3,1,'Minecraft - это очень классная игра?',TIMESTAMP '1970-01-01 03:00:00',TIMESTAMP '1970-01-01 03:00:00');
	INSERT INTO Answer (id,questionId,text,correct,comment) OVERRIDING SYSTEM VALUE VALUES (7,15,'Да',true,'');
	INSERT INTO Answer (id,questionId,text,correct,comment) OVERRIDING SYSTEM VALUE VALUES (8,15,'Нет',false,'');
	INSERT INTO Answer (id,questionId,text,correct,comment) OVERRIDING SYSTEM VALUE VALUES (9,15,'Конечно',true,'');
INSERT INTO Question (id,realmId,type,text,regDate,updateDate) OVERRIDING SYSTEM VALUE VALUES (16,4,2,'<p>Почему<br /><em><br />import java.util.Date;</em><br /><em>import java.sql.Date;</em><br /><br />не скомпилируется, а <br /><em><br />import java.util.*;<br /></em><em>import java.sql.Date;<br /><br /></em>скомпилируется?<br /><br /></p>',TIMESTAMP '1970-01-01 03:00:00',TIMESTAMP '1970-01-01 03:00:00');
	INSERT INTO Answer (id,questionId,text,correct,comment) OVERRIDING SYSTEM VALUE VALUES (12,16,'<p>Потому что эксплицитное указание имени класса имеет преимущество над любым wildcard-выражением.</p>',true,'');
INSERT INTO Question (id,realmId,type,text,regDate,updateDate) OVERRIDING SYSTEM VALUE VALUES (17,4,2,'<p>Как быть, если в коде одновременно нужно использовать классы с одинаковым именем из разных пакетов?</p>',TIMESTAMP '1970-01-01 03:00:00',TIMESTAMP '1970-01-01 03:00:00');
	INSERT INTO Answer (id,questionId,text,correct,comment) OVERRIDING SYSTEM VALUE VALUES (14,17,'<p>Использовать полное (fully qualified) имя класса.</p>',true,'');
INSERT INTO Question (id,realmId,type,text,regDate,updateDate) OVERRIDING SYSTEM VALUE VALUES (18,4,0,'Classpath можно задать в командной строке:<br /><br />1. Windows<br /><br />java -cp ".;C:\temp\someOtherLocation;c:\temp\myJar.jar" myPackage.MyClass<br /><br />2. Linux<br /><br />java -cp ".:/tmp/someOtherLocation:/tmp/myJar.jar" myPackage.MyClass<br /><br />. (точка) означает, что текущая папка включается в Classpath. <br /><br />Можно использовать wildcard, чтобы включить все jar-файлы в конкретной папке:<br /><br />java -cp "C:\temp\directoryWithJars\*" myPackage.MyClass',TIMESTAMP '1970-01-01 03:00:00',TIMESTAMP '1970-01-01 03:00:00');
INSERT INTO Question (id,realmId,type,text,regDate,updateDate) OVERRIDING SYSTEM VALUE VALUES (19,4,1,'Отметьте фрагменты кода, которые скомпилируются.',TIMESTAMP '1970-01-01 03:00:00',TIMESTAMP '1970-01-01 03:00:00');
	INSERT INTO Answer (id,questionId,text,correct,comment) OVERRIDING SYSTEM VALUE VALUES (19,19,'6: public void method(ArrayList list) {<br />7:&nbsp;&nbsp;&nbsp;&nbsp;&nbsp; if (list.isEmpty()) { System.out.println("e");<br />8:&nbsp;&nbsp;&nbsp;&nbsp;&nbsp; } else { System.out.println("n");<br />9:&nbsp;&nbsp;&nbsp;&nbsp;&nbsp; } }',true,'');
	INSERT INTO Answer (id,questionId,text,correct,comment) OVERRIDING SYSTEM VALUE VALUES (22,19,'1: public class LineNumbers {<br />2:&nbsp;&nbsp;&nbsp;&nbsp;&nbsp; public void method(ArrayList list) {<br />3:&nbsp;&nbsp;&nbsp;&nbsp;&nbsp;&nbsp;&nbsp;&nbsp;&nbsp; if (list.isEmpty()) { System.out.println("e");<br />4:&nbsp;&nbsp;&nbsp;&nbsp;&nbsp;&nbsp;&nbsp;&nbsp;&nbsp; } else { System.out.println("n");<br />5:&nbsp;&nbsp;&nbsp;&nbsp; } } }',false,'');
INSERT INTO Question (id,realmId,type,text,regDate,updateDate) OVERRIDING SYSTEM VALUE VALUES (20,4,2,'<p>Может ли имя метода совпадать с именем конструктора (класса).</p>',TIMESTAMP '1970-01-01 03:00:00',TIMESTAMP '1970-01-01 03:00:00');
	INSERT INTO Answer (id,questionId,text,correct,comment) OVERRIDING SYSTEM VALUE VALUES (57,20,'<p>Да</p>',true,'');
INSERT INTO Question (id,realmId,type,text,regDate,updateDate) OVERRIDING SYSTEM VALUE VALUES (21,4,0,'<strong>Указания по запуску классов в пакетах из командной строки.</strong><br /><br />Пусть есть два класса:<br /><br />C:\temp\packagea\<strong>ClassA</strong>.java<br /><em>package packagea;</em><br /><em>public class ClassA {</em><br /><em>}</em><br /><br />C:\temp\packageb\<strong>ClassB</strong>.java<br /><br />package packageb;<br />import packagea.ClassA;<br />public class ClassB {<br />&nbsp;public static void main(String[] args) {<br />&nbsp;&nbsp;ClassA a;<br />&nbsp;&nbsp;System.out.println("Got it");<br />&nbsp;}<br />}<br /><br />Для компиляции:<br /><br /><em>cd c:\temp</em><br /><em>javac packagea/ClassA.java packageb/ClassB.java</em><br /><br />Для запуска:<br /><br /><em>java packageb.ClassB<br /><br /></em>ClassPath будет отсчитываться от папки вызова java-утилит',TIMESTAMP '1970-01-01 03:00:00',TIMESTAMP '1970-01-01 03:00:00');
INSERT INTO Question (id,realmId,type,text,regDate,updateDate) OVERRIDING SYSTEM VALUE VALUES (22,4,0,'<p>Порядок определения членов класса важен!<br /><br />public class Name {<br />&nbsp;&nbsp;&nbsp; String first = "Theodore";<br />&nbsp;&nbsp;&nbsp; String last = "Moose";<br />&nbsp;&nbsp;&nbsp; String full = first + last;<br />}<br /><br /></p>',TIMESTAMP '1970-01-01 03:00:00',TIMESTAMP '1970-01-01 03:00:00');
INSERT INTO Question (id,realmId,type,text,regDate,updateDate) OVERRIDING SYSTEM VALUE VALUES (23,4,0,'Если пакет не указан, то говорят о пакете по умолчанию (<em>default package</em>). Создавать классы в пакете по умолчанию следует только для тестовых и отладочных целей.',TIMESTAMP '1970-01-01 03:00:00',TIMESTAMP '1970-01-01 03:00:00');
INSERT INTO Question (id,realmId,type,text,regDate,updateDate) OVERRIDING SYSTEM VALUE VALUES (24,4,0,'Основная цель конструктора - инициализация полей класса.',TIMESTAMP '1970-01-01 03:00:00',TIMESTAMP '1970-01-01 03:00:00');
INSERT INTO Question (id,realmId,type,text,regDate,updateDate) OVERRIDING SYSTEM VALUE VALUES (25,6,1,'Что такое Apple?',TIMESTAMP '1970-01-01 03:00:00',TIMESTAMP '1970-01-01 03:00:00');
	INSERT INTO Answer (id,questionId,text,correct,comment) OVERRIDING SYSTEM VALUE VALUES (32,25,'Это бренд техники.',true,'');
	INSERT INTO Answer (id,questionId,text,correct,comment) OVERRIDING SYSTEM VALUE VALUES (33,25,'Это операционная система.',false,'');
	INSERT INTO Answer (id,questionId,text,correct,comment) OVERRIDING SYSTEM VALUE VALUES (30,25,'Это телефоны.',false,'');
	INSERT INTO Answer (id,questionId,text,correct,comment) OVERRIDING SYSTEM VALUE VALUES (31,25,'Это яблоко.',true,'');
INSERT INTO Question (id,realmId,type,text,regDate,updateDate) OVERRIDING SYSTEM VALUE VALUES (26,6,1,'Как правильно пишется слово ш..колад?',TIMESTAMP '1970-01-01 03:00:00',TIMESTAMP '1970-01-01 03:00:00');
	INSERT INTO Answer (id,questionId,text,correct,comment) OVERRIDING SYSTEM VALUE VALUES (34,26,'Шакалад',false,'');
	INSERT INTO Answer (id,questionId,text,correct,comment) OVERRIDING SYSTEM VALUE VALUES (35,26,'Шоколад',true,'');
	INSERT INTO Answer (id,questionId,text,correct,comment) OVERRIDING SYSTEM VALUE VALUES (36,26,'Шиколад',false,'');
	INSERT INTO Answer (id,questionId,text,correct,comment) OVERRIDING SYSTEM VALUE VALUES (59,26,'Шуколад',false,'');
INSERT INTO Question (id,realmId,type,text,regDate,updateDate) OVERRIDING SYSTEM VALUE VALUES (27,4,0,'Блок кода (<em>code block</em>) - код в фигурных скобках.',TIMESTAMP '1970-01-01 03:00:00',TIMESTAMP '1970-01-01 03:00:00');
INSERT INTO Question (id,realmId,type,text,regDate,updateDate) OVERRIDING SYSTEM VALUE VALUES (28,4,0,'Если в вопросе экзамена не идет речь об импорте, строки импорта могут быть опущены, но подразумевается, что они есть (нумерация строк не начинается с единицы).<br /><br />Аналогичным образом отсутствие метода <em>main()</em> не является признаком ошибочности - он так же опускается.',TIMESTAMP '1970-01-01 03:00:00',TIMESTAMP '1970-01-01 03:00:00');
INSERT INTO Question (id,realmId,type,text,regDate,updateDate) OVERRIDING SYSTEM VALUE VALUES (29,4,0,'Инициализатор экземпляра (<em>instance initializer</em>) может быть только один в классе.',TIMESTAMP '1970-01-01 03:00:00',TIMESTAMP '1970-01-01 03:00:00');
INSERT INTO Question (id,realmId,type,text,regDate,updateDate) OVERRIDING SYSTEM VALUE VALUES (30,4,2,'Каков порядок выполнения кода в классе?',TIMESTAMP '1970-01-01 03:00:00',TIMESTAMP '1970-01-01 03:00:00');
	INSERT INTO Answer (id,questionId,text,correct,comment) OVERRIDING SYSTEM VALUE VALUES (40,30,'* Поля и инициализатор экземпляра выполняются в том порядке, в каком они идут в файле.<br />* Конструктор выполняется после всех полей&nbsp;экземпляра и инициализатора экземпляра.',true,'');
INSERT INTO Question (id,realmId,type,text,regDate,updateDate) OVERRIDING SYSTEM VALUE VALUES (31,4,2,'<p>Скомпилируется ли следующий код?<br /><br />class Clazz {<br />&nbsp;{ System.out.println(name); }<br />&nbsp;private String name = "Fluffy";<br />}</p>',TIMESTAMP '1970-01-01 03:00:00',TIMESTAMP '1970-01-01 03:00:00');
	INSERT INTO Answer (id,questionId,text,correct,comment) OVERRIDING SYSTEM VALUE VALUES (43,31,'<p>Нет. Нельзя ссылаться на переменную, которая еще не инициализирована.</p>',true,'');
INSERT INTO Question (id,realmId,type,text,regDate,updateDate) OVERRIDING SYSTEM VALUE VALUES (32,4,0,'<p>Все в Java сводитсяк 8 примитивным типам данных, т.к. объектные типы сводятся к набору примитивных.</p>',TIMESTAMP '1970-01-01 03:00:00',TIMESTAMP '1970-01-01 03:00:00');
INSERT INTO Question (id,realmId,type,text,regDate,updateDate) OVERRIDING SYSTEM VALUE VALUES (33,4,2,'Перечислите примитивные типы данных в Java.',TIMESTAMP '1970-01-01 03:00:00',TIMESTAMP '1970-01-01 03:00:00');
	INSERT INTO Answer (id,questionId,text,correct,comment) OVERRIDING SYSTEM VALUE VALUES (50,33,'boolean, byte, short, int, long, float, double, char',true,'');
INSERT INTO Question (id,realmId,type,text,regDate,updateDate) OVERRIDING SYSTEM VALUE VALUES (34,4,0,'Названия пакетов подчиняются тем же правилам именования, что и переменные.',TIMESTAMP '1970-01-01 03:00:00',TIMESTAMP '1970-01-01 03:00:00');
INSERT INTO Question (id,realmId,type,text,regDate,updateDate) OVERRIDING SYSTEM VALUE VALUES (35,4,2,'Назовите разрядность и диапазон типа <strong>int</strong>',TIMESTAMP '1970-01-01 03:00:00',TIMESTAMP '1970-01-01 03:00:00');
	INSERT INTO Answer (id,questionId,text,correct,comment) OVERRIDING SYSTEM VALUE VALUES (52,35,'<p>32 бит, [-2 147 483 648, 2 147 483 647]</p>',true,'');
INSERT INTO Question (id,realmId,type,text,regDate,updateDate) OVERRIDING SYSTEM VALUE VALUES (36,4,1,'Что будет напечатано после выполнения следующего кода?<br /><br />public class Egg {<br />&nbsp;&nbsp;&nbsp;&nbsp;&nbsp;&nbsp;&nbsp; public Egg() {<br />&nbsp;&nbsp;&nbsp;&nbsp;&nbsp;&nbsp;&nbsp;&nbsp;&nbsp;&nbsp;&nbsp;&nbsp;&nbsp;&nbsp;&nbsp; number = 5;<br />&nbsp;&nbsp;&nbsp;&nbsp;&nbsp;&nbsp;&nbsp; }<br />&nbsp;&nbsp;&nbsp;&nbsp;&nbsp;&nbsp;&nbsp; public static void main(String[] args) {<br />&nbsp;&nbsp;&nbsp;&nbsp;&nbsp;&nbsp;&nbsp;&nbsp;&nbsp;&nbsp;&nbsp;&nbsp;&nbsp;&nbsp;&nbsp; Egg egg = new Egg();<br />&nbsp;&nbsp;&nbsp;&nbsp;&nbsp;&nbsp;&nbsp;&nbsp;&nbsp;&nbsp;&nbsp;&nbsp;&nbsp;&nbsp;&nbsp; System.out.println(egg.number);<br />&nbsp;&nbsp;&nbsp;&nbsp;&nbsp;&nbsp;&nbsp; }<br />&nbsp;&nbsp;&nbsp;&nbsp;&nbsp;&nbsp;&nbsp; private int number = 3;<br />&nbsp;&nbsp;&nbsp;&nbsp;&nbsp;&nbsp;&nbsp; { number = 4; } <br />}',TIMESTAMP '1970-01-01 03:00:00',TIMESTAMP '1970-01-01 03:00:00');
	INSERT INTO Answer (id,questionId,text,correct,comment) OVERRIDING SYSTEM VALUE VALUES (53,36,'<p>3</p>',false,'');
	INSERT INTO Answer (id,questionId,text,correct,comment) OVERRIDING SYSTEM VALUE VALUES (54,36,'<p>4</p>',false,'');
	INSERT INTO Answer (id,questionId,text,correct,comment) OVERRIDING SYSTEM VALUE VALUES (55,36,'<p>5</p>',true,'');
INSERT INTO Question (id,realmId,type,text,regDate,updateDate) OVERRIDING SYSTEM VALUE VALUES (37,4,2,'Назовите разрядность и диапазон типа <strong>byte</strong>',TIMESTAMP '1970-01-01 03:00:00',TIMESTAMP '1970-01-01 03:00:00');
	INSERT INTO Answer (id,questionId,text,correct,comment) OVERRIDING SYSTEM VALUE VALUES (87,37,'8 бит, [-128,&nbsp;127]',true,'');
INSERT INTO Question (id,realmId,type,text,regDate,updateDate) OVERRIDING SYSTEM VALUE VALUES (38,4,2,'Назовите разрядность и диапазон типа <strong>long</strong>',TIMESTAMP '1970-01-01 03:00:00',TIMESTAMP '1970-01-01 03:00:00');
	INSERT INTO Answer (id,questionId,text,correct,comment) OVERRIDING SYSTEM VALUE VALUES (64,38,'<p>64 бит, [-9 223 372 036 854 775 808, 9 223 372 036 854 775 807]</p>',true,'');
INSERT INTO Question (id,realmId,type,text,regDate,updateDate) OVERRIDING SYSTEM VALUE VALUES (39,4,2,'Назовите разрядность и диапазон типа <strong>short</strong>',TIMESTAMP '1970-01-01 03:00:00',TIMESTAMP '1970-01-01 03:00:00');
	INSERT INTO Answer (id,questionId,text,correct,comment) OVERRIDING SYSTEM VALUE VALUES (88,39,'16 бит, [-32 768, 32 767]',true,'');
INSERT INTO Question (id,realmId,type,text,regDate,updateDate) OVERRIDING SYSTEM VALUE VALUES (40,4,2,'Чем конструктор отличается от метода?',TIMESTAMP '1970-01-01 03:00:00',TIMESTAMP '1970-01-01 03:00:00');
	INSERT INTO Answer (id,questionId,text,correct,comment) OVERRIDING SYSTEM VALUE VALUES (68,40,'у конструктора нет типа возвращаемого значения',true,'');
INSERT INTO Question (id,realmId,type,text,regDate,updateDate) OVERRIDING SYSTEM VALUE VALUES (41,3,1,'Какой дроп у Крипера?',TIMESTAMP '1970-01-01 03:00:00',TIMESTAMP '1970-01-01 03:00:00');
	INSERT INTO Answer (id,questionId,text,correct,comment) OVERRIDING SYSTEM VALUE VALUES (71,41,'порох',true,'');
	INSERT INTO Answer (id,questionId,text,correct,comment) OVERRIDING SYSTEM VALUE VALUES (72,41,'Фейерверки',false,'');
	INSERT INTO Answer (id,questionId,text,correct,comment) OVERRIDING SYSTEM VALUE VALUES (73,41,'Динамит(ТНТ)',false,'');
	INSERT INTO Answer (id,questionId,text,correct,comment) OVERRIDING SYSTEM VALUE VALUES (74,41,'Пластинки',true,'');
INSERT INTO Question (id,realmId,type,text,regDate,updateDate) OVERRIDING SYSTEM VALUE VALUES (42,6,0,'''''''',TIMESTAMP '1970-01-01 03:00:00',TIMESTAMP '1970-01-01 03:00:00');
INSERT INTO Question (id,realmId,type,text,regDate,updateDate) OVERRIDING SYSTEM VALUE VALUES (43,4,0,'Wildcard при импорте распространяется только на классы, вложенные пакеты не просматриваются:<br />
<p><strong>import java.nio.*;</strong></p>
не импортирует класс java.nio.file.Files',TIMESTAMP '1970-01-01 03:00:00',TIMESTAMP '1970-01-01 03:00:00');
INSERT INTO Question (id,realmId,type,text,regDate,updateDate) OVERRIDING SYSTEM VALUE VALUES (44,4,0,'Чтобы узнать минимальные и максимальные значения примитивных типов данных, можно обратиться к соответствующим константам классов-оберток. Например, <strong>Integer.MAX_VALUE</strong>',TIMESTAMP '1970-01-01 03:00:00',TIMESTAMP '1970-01-01 03:00:00');
INSERT INTO Question (id,realmId,type,text,regDate,updateDate) OVERRIDING SYSTEM VALUE VALUES (45,4,2,'Приведите примеры&nbsp;числовых десятичных литералов Java.',TIMESTAMP '1970-01-01 03:00:00',TIMESTAMP '1970-01-01 03:00:00');
	INSERT INTO Answer (id,questionId,text,correct,comment) OVERRIDING SYSTEM VALUE VALUES (89,45,'<strong>int</strong>: 13244<br /><strong>long</strong>: 565L, 576l<br /><strong>float</strong>: -23.4F, -23.4f, 6F<br /><strong>double</strong>: 9.8, 10D, -11.1d',true,'');
INSERT INTO Question (id,realmId,type,text,regDate,updateDate) OVERRIDING SYSTEM VALUE VALUES (46,4,0,'При присваивании переменным того же типа, но меньшей размерности происходит имплицитный кастинг, если число позволяет, но при передаче в метод, ожидающий меньшей размерности, кастинг потребуется явный:<br />...<br />&nbsp;&nbsp;&nbsp; static void aaa(byte b) {}<br />&nbsp;&nbsp;&nbsp; static void bbb(float f) {}<br />&nbsp;&nbsp;&nbsp;&nbsp;<br />&nbsp;&nbsp;&nbsp; public static void main(String args[]) {<br />&nbsp;&nbsp;&nbsp;&nbsp;&nbsp;&nbsp;&nbsp; aaa(1); //DOESNT COMPILE!<br />&nbsp;&nbsp;&nbsp;&nbsp;&nbsp;&nbsp;&nbsp; bbb(5.5); //DOESNT COMPILE!<br />&nbsp;&nbsp;&nbsp; }<br />...',TIMESTAMP '1970-01-01 03:00:00',TIMESTAMP '1970-01-01 03:00:00');
INSERT INTO Question (id,realmId,type,text,regDate,updateDate) OVERRIDING SYSTEM VALUE VALUES (47,4,0,'Если с целочисленным параметром вызывается метод, для которого есть перезагрузки с float и double - запустится метод с float:<br />...<br />&nbsp;&nbsp;&nbsp; static void ccc(double d) { System.out.println("ccc double");}<br />&nbsp;&nbsp;&nbsp; static void ccc(float f) { System.out.println("ccc float");}<br />&nbsp;&nbsp;&nbsp; <br />&nbsp;&nbsp;&nbsp; public static void main(String args[]) {<br />&nbsp;&nbsp;&nbsp;&nbsp;&nbsp;&nbsp;&nbsp; ccc(6);<br />&nbsp;&nbsp;&nbsp; }<br />...<br />&gt;&gt;&gt; ccc float',TIMESTAMP '1970-01-01 03:00:00',TIMESTAMP '1970-01-01 03:00:00');
INSERT INTO Question (id,realmId,type,text,regDate,updateDate) OVERRIDING SYSTEM VALUE VALUES (48,4,0,'Если byte передается в метод, у которого есть перезагрузки с int и short, запустится short:<br />...<br />&nbsp;&nbsp;&nbsp; static void ccc(int d) { System.out.println("ccc int");}<br />&nbsp;&nbsp;&nbsp; static void ccc(short d) { System.out.println("ccc short");}<br />&nbsp;&nbsp;&nbsp;&nbsp;<br />&nbsp;&nbsp;&nbsp; public static void main(String args[]) {<br />&nbsp;&nbsp;&nbsp;&nbsp;&nbsp;&nbsp;&nbsp; byte b = 6;<br />&nbsp;&nbsp;&nbsp;&nbsp;&nbsp;&nbsp;&nbsp; ccc(b);<br />&nbsp;&nbsp;&nbsp; }<br />...<br />&gt;&gt;&gt; ccc short',TIMESTAMP '1970-01-01 03:00:00',TIMESTAMP '1970-01-01 03:00:00');
INSERT INTO Question (id,realmId,type,text,regDate,updateDate) OVERRIDING SYSTEM VALUE VALUES (49,4,0,'Возможно присваивать&nbsp;числовой литерал переменным меньшей размерности (short, byte) - при условии, что&nbsp;допустим имплицитный кастинг:<br />byte b = 13;<br />byte c = 133; //DOESN''T COMPILE<br /><br />Однако при передаче целочисленного литерала в метод, который принимает параметр меньшей размерности, требуется явный кастинг:<br /><br />&nbsp;&nbsp;&nbsp; static void ccc(short d) { }<br /><br />&nbsp;&nbsp;&nbsp; public static void main(String args[]) {<br />&nbsp;&nbsp;&nbsp;&nbsp;&nbsp;&nbsp;&nbsp; ccc(3);&nbsp;//DOESN''T COMPILE<br />&nbsp;&nbsp;&nbsp; }',TIMESTAMP '1970-01-01 03:00:00',TIMESTAMP '1970-01-01 03:00:00');
INSERT INTO Question (id,realmId,type,text,regDate,updateDate) OVERRIDING SYSTEM VALUE VALUES (50,4,0,'Литерал double нельзя присвоить переменной float.<br /><br />float b = 13.8; //DOESN''T COMPILE<br /><br />Также&nbsp;для передачи double-литерала в метод, который принимает параметр float, потребуется явный кастинг:<br /><br />&nbsp;&nbsp;&nbsp; static void ccc(float f) { }<br /><br />&nbsp;&nbsp;&nbsp; public static void main(String args[]) {<br />&nbsp;&nbsp;&nbsp;&nbsp;&nbsp;&nbsp;&nbsp; ccc(3.5);&nbsp;//DOESN''T COMPILE<br />&nbsp;&nbsp;&nbsp; }',TIMESTAMP '1970-01-01 03:00:00',TIMESTAMP '1970-01-01 03:00:00');
INSERT INTO Question (id,realmId,type,text,regDate,updateDate) OVERRIDING SYSTEM VALUE VALUES (51,4,1,'Какие строки из перечисленных скомпилируются?',TIMESTAMP '1970-01-01 03:00:00',TIMESTAMP '1970-01-01 03:00:00');
	INSERT INTO Answer (id,questionId,text,correct,comment) OVERRIDING SYSTEM VALUE VALUES (90,51,'long max = 3123456789;',false,'');
	INSERT INTO Answer (id,questionId,text,correct,comment) OVERRIDING SYSTEM VALUE VALUES (91,51,'long max = 3123456789.5;',false,'');
	INSERT INTO Answer (id,questionId,text,correct,comment) OVERRIDING SYSTEM VALUE VALUES (92,51,'long max = 3123456789L;',true,'');
	INSERT INTO Answer (id,questionId,text,correct,comment) OVERRIDING SYSTEM VALUE VALUES (93,51,'long max = 3123456789l;',true,'');
INSERT INTO Question (id,realmId,type,text,regDate,updateDate) OVERRIDING SYSTEM VALUE VALUES (52,4,2,'Перечислите недесятичные числовые литералы в Java.',TIMESTAMP '1970-01-01 03:00:00',TIMESTAMP '1970-01-01 03:00:00');
	INSERT INTO Answer (id,questionId,text,correct,comment) OVERRIDING SYSTEM VALUE VALUES (94,52,'1. Восьмеричный (<em>octal</em>) - с префиксом "0": <strong>017</strong><br />2. Шестнадцатиричный (<em>hexadecimal</em>) - с префиксом "0x" или "0X": <strong>0xFF<br /></strong>3. Двоичный (<em>binary</em>):&nbsp; - с префиксом "0b" или "0B": <strong>0b10</strong>',true,'');
INSERT INTO Question (id,realmId,type,text,regDate,updateDate) OVERRIDING SYSTEM VALUE VALUES (53,4,0,'В Java 7 добавлена возможность задавать разделитель разрядов в литералах: 1_000_000. Разделитель можно использовать везде, кроме<br />- начала литерала;<br />- конца литерала;<br />- перед десятичной точкой;<br />- после десятичной точки.',TIMESTAMP '1970-01-01 03:00:00',TIMESTAMP '1970-01-01 03:00:00');
INSERT INTO Question (id,realmId,type,text,regDate,updateDate) OVERRIDING SYSTEM VALUE VALUES (54,4,1,'Какие присваивания литералов скомпилируются корректно?',TIMESTAMP '1970-01-01 03:00:00',TIMESTAMP '1970-01-01 03:00:00');
	INSERT INTO Answer (id,questionId,text,correct,comment) OVERRIDING SYSTEM VALUE VALUES (96,54,'int j = 01627_3;',true,'восьмеричный&nbsp;литерал с корректным разделителем разрядов');
	INSERT INTO Answer (id,questionId,text,correct,comment) OVERRIDING SYSTEM VALUE VALUES (97,54,'int k = 0XC____AFE;',true,'шестнадцатиричный&nbsp;литерал с корректным разделителем разрядов');
	INSERT INTO Answer (id,questionId,text,correct,comment) OVERRIDING SYSTEM VALUE VALUES (98,54,'float m = 13.34234;',false,'Попытка присвоить double-литерал float-переменной');
	INSERT INTO Answer (id,questionId,text,correct,comment) OVERRIDING SYSTEM VALUE VALUES (99,54,'float n = -9.342__3_4f;',true,'float-литерал с корректным разделителем разрядов');
	INSERT INTO Answer (id,questionId,text,correct,comment) OVERRIDING SYSTEM VALUE VALUES (100,54,'double o = __190.0;',false,'разделитель разрядов не может быть в начале литерала');
	INSERT INTO Answer (id,questionId,text,correct,comment) OVERRIDING SYSTEM VALUE VALUES (101,54,'byte p = 198_;',false,'- разделитель разрядов не может быть в&nbsp;конце литерала<br />- 198 находится за пределами диапазона byte');
	INSERT INTO Answer (id,questionId,text,correct,comment) OVERRIDING SYSTEM VALUE VALUES (102,54,'double q = 1_00_0_._0_0;',false,'разделитель разрядов не может быть перед или после десятичной точки');
	INSERT INTO Answer (id,questionId,text,correct,comment) OVERRIDING SYSTEM VALUE VALUES (103,54,'float r = 1_00_0.5_5_6F;',true,'float-литерал с корректным (хоть и странным) использованием разделителя разрядов');
	INSERT INTO Answer (id,questionId,text,correct,comment) OVERRIDING SYSTEM VALUE VALUES (95,54,'int i = 1_000_00;',true,'целочисленный литерал с корректным разделителем разрядов');
INSERT INTO Question (id,realmId,type,text,regDate,updateDate) OVERRIDING SYSTEM VALUE VALUES (55,4,0,'Примитивным типам нельзя присваивать <strong>null</strong>.',TIMESTAMP '1970-01-01 03:00:00',TIMESTAMP '1970-01-01 03:00:00');
INSERT INTO Question (id,realmId,type,text,regDate,updateDate) OVERRIDING SYSTEM VALUE VALUES (56,4,0,'Можно объявлять и инициализировать несколько переменных <strong>одного типа</strong> в одном выражении:<br />String s3 = "yes", s4 = "no";',TIMESTAMP '1970-01-01 03:00:00',TIMESTAMP '1970-01-01 03:00:00');
INSERT INTO Question (id,realmId,type,text,regDate,updateDate) OVERRIDING SYSTEM VALUE VALUES (57,4,1,'Выберите строки, которые скомпилируются.',TIMESTAMP '1970-01-01 03:00:00',TIMESTAMP '1970-01-01 03:00:00');
	INSERT INTO Answer (id,questionId,text,correct,comment) OVERRIDING SYSTEM VALUE VALUES (112,57,'int i1; int i2;',true,'в одной строке может быть несколько отдельных выражений, разделенных точкой с запятой');
	INSERT INTO Answer (id,questionId,text,correct,comment) OVERRIDING SYSTEM VALUE VALUES (104,57,'String d, f;',true,'');
	INSERT INTO Answer (id,questionId,text,correct,comment) OVERRIDING SYSTEM VALUE VALUES (105,57,'<div>String d1, f1;</div>
<div>d1 = "asd", f1 = "dfg";</div>',false,'');
	INSERT INTO Answer (id,questionId,text,correct,comment) OVERRIDING SYSTEM VALUE VALUES (106,57,'<div>String d1 = "asd", f1 = "dfg";</div>
<div>&nbsp;</div>',true,'');
	INSERT INTO Answer (id,questionId,text,correct,comment) OVERRIDING SYSTEM VALUE VALUES (107,57,'String s1, s2, s3="ext";',true,'');
	INSERT INTO Answer (id,questionId,text,correct,comment) OVERRIDING SYSTEM VALUE VALUES (109,57,'int num, String value;',false,'разные типы объявляемых переменных;&nbsp;<span style="line-height: 18.2000007629395px;">более одного раза упоминается тип</span>');
	INSERT INTO Answer (id,questionId,text,correct,comment) OVERRIDING SYSTEM VALUE VALUES (110,57,'String s1 = "1", s2;',true,'');
	INSERT INTO Answer (id,questionId,text,correct,comment) OVERRIDING SYSTEM VALUE VALUES (111,57,'<div>double d1, double d2;</div>
<div>&nbsp;</div>',false,'<span style="line-height: 18.2000007629395px;">более одного раза упоминается тип</span>');
INSERT INTO Question (id,realmId,type,text,regDate,updateDate) OVERRIDING SYSTEM VALUE VALUES (58,4,2,'Сколько переменных объявлено и инициализировано в следующем фрагменте кода?<br /><br />int i1, i2, i3 = 0;',TIMESTAMP '1970-01-01 03:00:00',TIMESTAMP '1970-01-01 03:00:00');
	INSERT INTO Answer (id,questionId,text,correct,comment) OVERRIDING SYSTEM VALUE VALUES (108,58,'Одна переменная объявлена и инициализирована (i3), другие две (i1 и i2) - только объявлены',true,'');
INSERT INTO Question (id,realmId,type,text,regDate,updateDate) OVERRIDING SYSTEM VALUE VALUES (59,4,0,'Именование переменных, методов, классов, полей в Java подчиняется одним и тем же правилам.',TIMESTAMP '1970-01-01 03:00:00',TIMESTAMP '1970-01-01 03:00:00');
INSERT INTO Question (id,realmId,type,text,regDate,updateDate) OVERRIDING SYSTEM VALUE VALUES (60,4,2,'Назовите три правила корректного именования идентификаторов в Java.',TIMESTAMP '1970-01-01 03:00:00',TIMESTAMP '1970-01-01 03:00:00');
	INSERT INTO Answer (id,questionId,text,correct,comment) OVERRIDING SYSTEM VALUE VALUES (113,60,'- Первым символом имени должна быть буква или символ <strong>$</strong> или <strong>_</strong>;<br />- Последующими символами могут быть цифрами;<br />- Нельзя использовать в качестве имени зарезервированное слово (keyword).',true,'');
INSERT INTO Question (id,realmId,type,text,regDate,updateDate) OVERRIDING SYSTEM VALUE VALUES (61,4,0,'<strong>const</strong> и <strong>goto</strong> - зарезервированные слова в Java, но в языке они не используются',TIMESTAMP '1970-01-01 03:00:00',TIMESTAMP '1970-01-01 03:00:00');
INSERT INTO Question (id,realmId,type,text,regDate,updateDate) OVERRIDING SYSTEM VALUE VALUES (62,4,2,'Перечислите ключевые слова Java.',TIMESTAMP '1970-01-01 03:00:00',TIMESTAMP '1970-01-01 03:00:00');
	INSERT INTO Answer (id,questionId,text,correct,comment) OVERRIDING SYSTEM VALUE VALUES (114,62,'abstract assert boolean break <br />byte case catch <br />char class const<br />continue default do <br />double else enum extends <br />false final finally float <br />for goto if <br />implements import instanceof <br />int interface long native <br />new null package <br />private protected public <br />return short static<br />strictfp super switch <br />synchronized this throw <br />throws transient true try<br />void volatile while',true,'');
INSERT INTO Question (id,realmId,type,text,regDate,updateDate) OVERRIDING SYSTEM VALUE VALUES (63,4,1,'Отметьте корректные идентификаторы.',TIMESTAMP '1970-01-01 03:00:00',TIMESTAMP '1970-01-01 03:00:00');
	INSERT INTO Answer (id,questionId,text,correct,comment) OVERRIDING SYSTEM VALUE VALUES (115,63,'<p>cjslidjnekfyud</p>',true,'');
	INSERT INTO Answer (id,questionId,text,correct,comment) OVERRIDING SYSTEM VALUE VALUES (116,63,'$kcLDKfo8fid',true,'');
	INSERT INTO Answer (id,questionId,text,correct,comment) OVERRIDING SYSTEM VALUE VALUES (117,63,'_Ov9dloDof9',true,'');
	INSERT INTO Answer (id,questionId,text,correct,comment) OVERRIDING SYSTEM VALUE VALUES (118,63,'__DLFkd9FioD4$$',true,'');
	INSERT INTO Answer (id,questionId,text,correct,comment) OVERRIDING SYSTEM VALUE VALUES (119,63,'<p>6TCjjdKc</p>',false,'Идентификатор не может начинаться с номера');
	INSERT INTO Answer (id,questionId,text,correct,comment) OVERRIDING SYSTEM VALUE VALUES (120,63,'<p>vjdkslk@fudi</p>',false,'@ - не входит в число допустимых символов');
	INSERT INTO Answer (id,questionId,text,correct,comment) OVERRIDING SYSTEM VALUE VALUES (121,63,'<p>*$cioduff</p>',false,'*&nbsp;- не входит в число допустимых символов');
	INSERT INTO Answer (id,questionId,text,correct,comment) OVERRIDING SYSTEM VALUE VALUES (122,63,'public',false,'ключевое слово');
INSERT INTO Question (id,realmId,type,text,regDate,updateDate) OVERRIDING SYSTEM VALUE VALUES (64,4,0,'На экзамене имеет смысл проверять корректность идентификаторов. Если имя идентификатора не соответствует правилам, можно сразу выбирать пункт "Doesn''t not compile".<br /><br />Также следует проверить области видимости переменных, чтобы не думать над отвлекающим сложным вопросом, а сразу отвечать "Doesn''t compile"',TIMESTAMP '1970-01-01 03:00:00',TIMESTAMP '1970-01-01 03:00:00');
INSERT INTO Question (id,realmId,type,text,regDate,updateDate) OVERRIDING SYSTEM VALUE VALUES (65,0,0,'В идентификаторах Java могут использоваться все буквы Unicode (~45000 штук), а также несколько сотен не-арабских цифр.',TIMESTAMP '1970-01-01 03:00:00',TIMESTAMP '1970-01-01 03:00:00');
INSERT INTO Question (id,realmId,type,text,regDate,updateDate) OVERRIDING SYSTEM VALUE VALUES (66,4,1,'Какие фрагменты кода из нижеперечисленных скомпилируются?',TIMESTAMP '1970-01-01 03:00:00',TIMESTAMP '1970-01-01 03:00:00');
	INSERT INTO Answer (id,questionId,text,correct,comment) OVERRIDING SYSTEM VALUE VALUES (128,66,'<p>public class Mouse {<br />&nbsp;static int MAX_LENGTH = 5;<br />&nbsp;int length;</p>
<p>&nbsp;public void grow(int inches) {<br />&nbsp;&nbsp;if (length &lt; MAX_LENGTH) {<br />&nbsp;&nbsp;&nbsp;int newSize = length + inches;<br />&nbsp;&nbsp;&nbsp;length = newSize;<br />&nbsp;&nbsp;}<br />&nbsp;}<br />}</p>',true,'');
	INSERT INTO Answer (id,questionId,text,correct,comment) OVERRIDING SYSTEM VALUE VALUES (123,66,'4: public int notValid() {<br />5:&nbsp;&nbsp; int y = 10;<br />6:&nbsp;&nbsp; int x;<br />7:&nbsp;&nbsp; int reply = x + y; // DOES NOT COMPILE<br />8:&nbsp;&nbsp; return reply;<br />9: }',false,'Не инициализирована переменная <strong>x</strong>');
	INSERT INTO Answer (id,questionId,text,correct,comment) OVERRIDING SYSTEM VALUE VALUES (124,66,'public int valid() {<br />&nbsp; int y = 10;<br />&nbsp; int x;&nbsp;<br />&nbsp; x = 3;<br />&nbsp; int reply = x + y;<br />&nbsp; return reply;<br />}',true,'');
	INSERT INTO Answer (id,questionId,text,correct,comment) OVERRIDING SYSTEM VALUE VALUES (125,66,'public void findAnswer(boolean check) {<br />&nbsp;int answer;<br />&nbsp;int onlyOneBranch;<br />&nbsp;if (check) {<br />&nbsp;&nbsp;onlyOneBranch = 1;<br />&nbsp;&nbsp;answer = 1;<br />&nbsp;} else {<br />&nbsp;&nbsp;answer = 2;<br />&nbsp;}<br />&nbsp;System.out.println(answer);<br />&nbsp;System.out.println(onlyOneBranch);<br />}',false,'Переменная <strong>onlyOneBranch</strong> может оказаться неинициализорованной в случае check==false');
	INSERT INTO Answer (id,questionId,text,correct,comment) OVERRIDING SYSTEM VALUE VALUES (127,66,'public void eatIfHungry(boolean hungry) {<br />&nbsp;if (hungry) {<br />&nbsp;&nbsp;int bitesOfCheese = 1;<br />&nbsp;&nbsp;{<br />&nbsp;&nbsp;&nbsp;boolean teenyBit = true;<br />&nbsp;&nbsp;&nbsp;System.out.println(bitesOfCheese);<br />&nbsp;&nbsp;}<br />&nbsp;}<br />&nbsp;System.out.println(teenyBit);<br />}',false,'Переменная <strong>teenyBit</strong> не видна за пределами своего блока.');
INSERT INTO Question (id,realmId,type,text,regDate,updateDate) OVERRIDING SYSTEM VALUE VALUES (67,4,2,'Назовите все значения по умолчанию для переменных разных типов.',TIMESTAMP '1970-01-01 03:00:00',TIMESTAMP '1970-01-01 03:00:00');
	INSERT INTO Answer (id,questionId,text,correct,comment) OVERRIDING SYSTEM VALUE VALUES (126,67,'<strong>boolean: <em>false</em><br />byte, short, int, long: </strong><strong><em>0<br /></em>float, double: <em>0.0</em><br />char: </strong><strong><em>''\u0000''</em><br /></strong><strong>Объектные: <em>null</em></strong>',true,'');
INSERT INTO Question (id,realmId,type,text,regDate,updateDate) OVERRIDING SYSTEM VALUE VALUES (68,4,0,'<p>Во фрагменте</p>
<p>&nbsp;public void eat(int piecesOfCheese) {<br />&nbsp;&nbsp;int bitesOfCheese = 1;<br />&nbsp;}</p>
<p>ровно две локальные переменные.</p>',TIMESTAMP '1970-01-01 03:00:00',TIMESTAMP '1970-01-01 03:00:00');
INSERT INTO Question (id,realmId,type,text,regDate,updateDate) OVERRIDING SYSTEM VALUE VALUES (69,4,0,'Комментарии могут располагаться в любом месте кода',TIMESTAMP '1970-01-01 03:00:00',TIMESTAMP '1970-01-01 03:00:00');
INSERT INTO Question (id,realmId,type,text,regDate,updateDate) OVERRIDING SYSTEM VALUE VALUES (70,4,2,'Укажите основные элементы файла с java-программой и их расположение друг отностительно друга.',TIMESTAMP '1970-01-01 03:00:00',TIMESTAMP '1970-01-01 03:00:00');
	INSERT INTO Answer (id,questionId,text,correct,comment) OVERRIDING SYSTEM VALUE VALUES (129,70,'<strong>Объявление пакета</strong>: первая строка<br /><strong>Объявление импорта</strong>:&nbsp; сразу после объявления пакета<br /><strong>Объявление класса</strong>:&nbsp; сразу после объявления импорта<br /><strong>Объявление поля класса</strong>: в любом месте внутри класса, но не внутри вложенных блоков<br /><strong>Объявление&nbsp;метода класса</strong>: в любом месте внутри класса, но не внутри вложенных блоков',true,'');
INSERT INTO Question (id,realmId,type,text,regDate,updateDate) OVERRIDING SYSTEM VALUE VALUES (71,4,0,'В одном&nbsp;файле может быть объявлено несколько классов, но только один из них может быть <strong>public</strong>, причем в этом случае имя файла должно совпадать с именем класса. В файле может и не быть public-классов.',TIMESTAMP '1970-01-01 03:00:00',TIMESTAMP '1970-01-01 03:00:00');
INSERT INTO Question (id,realmId,type,text,regDate,updateDate) OVERRIDING SYSTEM VALUE VALUES (72,4,0,'Метод <strong>System.gc()</strong> не запускает сборку мусора, а только рекомендует виртуальной машине ее запустить. Рекомендация может быть проигнорирована.',TIMESTAMP '1970-01-01 03:00:00',TIMESTAMP '1970-01-01 03:00:00');
INSERT INTO Question (id,realmId,type,text,regDate,updateDate) OVERRIDING SYSTEM VALUE VALUES (73,4,0,'Отвечать на вопрос на тему сборки мусора лучше всего с карандашом и бумагой - если искать решение в уме, то легко ошибиться.',TIMESTAMP '1970-01-01 03:00:00',TIMESTAMP '1970-01-01 03:00:00');
INSERT INTO Question (id,realmId,type,text,regDate,updateDate) OVERRIDING SYSTEM VALUE VALUES (74,4,2,'Какие объекты и в какой момент станут доступны для сборщика мусора?<br /><br />1: public class Scope {<br />2: &nbsp;public static void main(String[] args) {<br />3: &nbsp;&nbsp;String one, two;<br />4: &nbsp;&nbsp;one = new String("a");<br />5: &nbsp;&nbsp;two = new String("b");<br />6: &nbsp;&nbsp;one = two;<br />7: &nbsp;&nbsp;String three = one;<br />8: &nbsp;&nbsp;one = null;<br />9: } }',TIMESTAMP '1970-01-01 03:00:00',TIMESTAMP '1970-01-01 03:00:00');
	INSERT INTO Answer (id,questionId,text,correct,comment) OVERRIDING SYSTEM VALUE VALUES (130,74,'"a" - после строки 6;<br />"b" - после отработки всего метода.',true,'');
INSERT INTO Question (id,realmId,type,text,regDate,updateDate) OVERRIDING SYSTEM VALUE VALUES (75,4,0,'Метод <strong>finalize()</strong> вызывается у объекта, когда он попадает в сборку мусора, причем если произошел сбой в работе gc и объект уничтожается повторно спустя некоторе время, вызов метода происходит только единожды - при первой попытке удаления. Таким образом, метод finalize() лучше не использовать, полагаться на него нельзя: либо он вообще не вызовется (JVM не сочтет необходимым вызывать gc), либо вызовется некорректно.',TIMESTAMP '1970-01-01 03:00:00',TIMESTAMP '1970-01-01 03:00:00');
INSERT INTO Question (id,realmId,type,text,regDate,updateDate) OVERRIDING SYSTEM VALUE VALUES (76,4,0,'<p>Категорически нельзя делать следующее:</p>
<p>public class Finalizer {<br />&nbsp;private static List objects = new ArrayList();<br />&nbsp;protected void finalize() {<br />&nbsp;&nbsp;objects.add(this); // Don''t do this<br />&nbsp;} <br />}</p>
<p>При первой попытке удаления JVM поймет, что в статической переменной осталась ссылка на объект, и не удалит его. При повторном удалении (например, когда Finalizer.objects станет null) метод finalize(), в котором может быть какая-то важная логика, просто не будет запущен.</p>',TIMESTAMP '1970-01-01 03:00:00',TIMESTAMP '1970-01-01 03:00:00');
INSERT INTO Question (id,realmId,type,text,regDate,updateDate) OVERRIDING SYSTEM VALUE VALUES (77,4,0,'Инкапсуляция - защита данных от нежелательного доступа/модификации.',TIMESTAMP '1970-01-01 03:00:00',TIMESTAMP '1970-01-01 03:00:00');
INSERT INTO Question (id,realmId,type,text,regDate,updateDate) OVERRIDING SYSTEM VALUE VALUES (78,4,1,'Укажите корректные идентификаторы Java.',TIMESTAMP '1970-01-01 03:00:00',TIMESTAMP '1970-01-01 03:00:00');
	INSERT INTO Answer (id,questionId,text,correct,comment) OVERRIDING SYSTEM VALUE VALUES (131,78,'A$B',true,'');
	INSERT INTO Answer (id,questionId,text,correct,comment) OVERRIDING SYSTEM VALUE VALUES (132,78,'_helloWorld',true,'');
	INSERT INTO Answer (id,questionId,text,correct,comment) OVERRIDING SYSTEM VALUE VALUES (133,78,'true',false,'');
	INSERT INTO Answer (id,questionId,text,correct,comment) OVERRIDING SYSTEM VALUE VALUES (134,78,'java.lang',false,'в идентификаторах не может использоваться символ "."');
	INSERT INTO Answer (id,questionId,text,correct,comment) OVERRIDING SYSTEM VALUE VALUES (135,78,'Public',true,'');
	INSERT INTO Answer (id,questionId,text,correct,comment) OVERRIDING SYSTEM VALUE VALUES (136,78,'1980_s',false,'первым символом должна быть буква, $ или _');
INSERT INTO Question (id,realmId,type,text,regDate,updateDate) OVERRIDING SYSTEM VALUE VALUES (79,4,1,'Каким будет вывод следующей программы?<br /><br />1: public class WaterBottle {<br />2: &nbsp;private String brand;<br />3: &nbsp;private boolean empty;<br />4: &nbsp;&nbsp;public static void main(String[] args) {<br />5: &nbsp;&nbsp;&nbsp;WaterBottle wb = new WaterBottle();<br />6: &nbsp;&nbsp;&nbsp;System.out.print("Empty = " + wb.empty);<br />7: &nbsp;&nbsp;&nbsp;System.out.print(", Brand = " + wb.brand);<br />8: } }',TIMESTAMP '1970-01-01 03:00:00',TIMESTAMP '1970-01-01 03:00:00');
	INSERT INTO Answer (id,questionId,text,correct,comment) OVERRIDING SYSTEM VALUE VALUES (137,79,'Ошибка компиляции в строке 6',false,'');
	INSERT INTO Answer (id,questionId,text,correct,comment) OVERRIDING SYSTEM VALUE VALUES (138,79,'Ошибка компиляции в строке 7',false,'');
	INSERT INTO Answer (id,questionId,text,correct,comment) OVERRIDING SYSTEM VALUE VALUES (139,79,'Вывода не будет',false,'');
	INSERT INTO Answer (id,questionId,text,correct,comment) OVERRIDING SYSTEM VALUE VALUES (140,79,'Empty = false, Brand = null',true,'');
	INSERT INTO Answer (id,questionId,text,correct,comment) OVERRIDING SYSTEM VALUE VALUES (141,79,'Empty = false, Brand =',false,'');
	INSERT INTO Answer (id,questionId,text,correct,comment) OVERRIDING SYSTEM VALUE VALUES (142,79,'Empty = null, Brand = null',false,'');
INSERT INTO Question (id,realmId,type,text,regDate,updateDate) OVERRIDING SYSTEM VALUE VALUES (80,4,1,'<p>Which of the following are true? (Choose all that apply)</p>
<p>4: short numPets = 5;<br />5: int numGrains = 5.6;<br />6: String name = "Scruffy";<br />7: numPets.length();<br />8: numGrains.length();<br />9: name.length();</p>',TIMESTAMP '1970-01-01 03:00:00',TIMESTAMP '1970-01-01 03:00:00');
	INSERT INTO Answer (id,questionId,text,correct,comment) OVERRIDING SYSTEM VALUE VALUES (144,80,'<p>Line 5 generates a compiler error.</p>',true,'');
	INSERT INTO Answer (id,questionId,text,correct,comment) OVERRIDING SYSTEM VALUE VALUES (145,80,'<p>Line 6 generates a compiler error.</p>',false,'');
	INSERT INTO Answer (id,questionId,text,correct,comment) OVERRIDING SYSTEM VALUE VALUES (146,80,'<p>Line 7 generates a compiler error.</p>',true,'');
	INSERT INTO Answer (id,questionId,text,correct,comment) OVERRIDING SYSTEM VALUE VALUES (147,80,'<p>Line 8 generates a compiler error.</p>',true,'');
	INSERT INTO Answer (id,questionId,text,correct,comment) OVERRIDING SYSTEM VALUE VALUES (148,80,'<p>Line 9 generates a compiler error.</p>',false,'');
	INSERT INTO Answer (id,questionId,text,correct,comment) OVERRIDING SYSTEM VALUE VALUES (149,80,'<p>The code compiles as is.</p>',false,'');
	INSERT INTO Answer (id,questionId,text,correct,comment) OVERRIDING SYSTEM VALUE VALUES (143,80,'<p>Line 4 generates a compiler error.</p>',false,'');
INSERT INTO Question (id,realmId,type,text,regDate,updateDate) OVERRIDING SYSTEM VALUE VALUES (81,4,1,'<p>Given the following class, which of the following is true? (Choose all that apply)</p>
1: public class Snake {<br />2:<br />3: &nbsp;public void shed(boolean time) {<br />4:<br />5: &nbsp;&nbsp;if (time) {<br />6:<br />7: &nbsp;&nbsp;}<br />8: &nbsp;&nbsp;System.out.println(result);<br />9:<br />10: }<br />11:}',TIMESTAMP '1970-01-01 03:00:00',TIMESTAMP '1970-01-01 03:00:00');
	INSERT INTO Answer (id,questionId,text,correct,comment) OVERRIDING SYSTEM VALUE VALUES (150,81,'If String result = "done"; is inserted on line 2, the code will compile.',true,'');
	INSERT INTO Answer (id,questionId,text,correct,comment) OVERRIDING SYSTEM VALUE VALUES (151,81,'If String result = "done"; is inserted on line 4, the code will compile.',true,'');
	INSERT INTO Answer (id,questionId,text,correct,comment) OVERRIDING SYSTEM VALUE VALUES (152,81,'If String result = "done"; is inserted on line 6, the code will compile.',false,'');
	INSERT INTO Answer (id,questionId,text,correct,comment) OVERRIDING SYSTEM VALUE VALUES (153,81,'If String result = "done"; is inserted on line 9, the code will compile.',false,'');
	INSERT INTO Answer (id,questionId,text,correct,comment) OVERRIDING SYSTEM VALUE VALUES (154,81,'None of the above changes will make the code compile.',false,'');
INSERT INTO Question (id,realmId,type,text,regDate,updateDate) OVERRIDING SYSTEM VALUE VALUES (82,4,1,'<p>Given the following classes, which of the following can independently replace INSERT IMPORTS HERE to make the code compile? (Choose all that apply)<br /><br />package aquarium;<br />public class Tank { }</p>
<p>package aquarium.jellies;<br />public class Jelly { }</p>
<p>package visitor;<br />INSERT IMPORTS HERE<br />public class AquariumVisitor {<br />&nbsp;public void admire(Jelly jelly) { } }</p>',TIMESTAMP '1970-01-01 03:00:00',TIMESTAMP '1970-01-01 03:00:00');
	INSERT INTO Answer (id,questionId,text,correct,comment) OVERRIDING SYSTEM VALUE VALUES (160,82,'None of these can make the code compile.',false,'');
	INSERT INTO Answer (id,questionId,text,correct,comment) OVERRIDING SYSTEM VALUE VALUES (155,82,'import aquarium.*;',false,'импортирует только классы&nbsp;из aquarium, игнорируя aquarium.jellies');
	INSERT INTO Answer (id,questionId,text,correct,comment) OVERRIDING SYSTEM VALUE VALUES (156,82,'import aquarium.*.Jelly;',false,'неверный импорт: <em>wildcards</em> могут использоваться только в конце строки импорта.');
	INSERT INTO Answer (id,questionId,text,correct,comment) OVERRIDING SYSTEM VALUE VALUES (157,82,'import aquarium.jellies.Jelly;',true,'');
	INSERT INTO Answer (id,questionId,text,correct,comment) OVERRIDING SYSTEM VALUE VALUES (158,82,'import aquarium.jellies.*;',true,'');
	INSERT INTO Answer (id,questionId,text,correct,comment) OVERRIDING SYSTEM VALUE VALUES (159,82,'import aquarium.jellies.Jelly.*;',false,'неверный импорт: нельзя импортировать члены класса регулярным импортом');
INSERT INTO Question (id,realmId,type,text,regDate,updateDate) OVERRIDING SYSTEM VALUE VALUES (83,4,1,'<p>Given the following classes, what is the maximum number of imports that can be removed and have the code still compile?<br /><br />package aquarium; public class Water { }</p>
<p>package aquarium;<br />import java.lang.*;<br />import java.lang.System;<br />import aquarium.Water;<br />import aquarium.*;<br />public class Tank {<br />&nbsp;public void print(Water water) {<br />&nbsp;&nbsp;System.out.println(water); } }</p>',TIMESTAMP '1970-01-01 03:00:00',TIMESTAMP '1970-01-01 03:00:00');
	INSERT INTO Answer (id,questionId,text,correct,comment) OVERRIDING SYSTEM VALUE VALUES (161,83,'0',false,'');
	INSERT INTO Answer (id,questionId,text,correct,comment) OVERRIDING SYSTEM VALUE VALUES (162,83,'1',false,'');
	INSERT INTO Answer (id,questionId,text,correct,comment) OVERRIDING SYSTEM VALUE VALUES (163,83,'2',false,'');
	INSERT INTO Answer (id,questionId,text,correct,comment) OVERRIDING SYSTEM VALUE VALUES (164,83,'3',false,'');
	INSERT INTO Answer (id,questionId,text,correct,comment) OVERRIDING SYSTEM VALUE VALUES (165,83,'4',true,'');
	INSERT INTO Answer (id,questionId,text,correct,comment) OVERRIDING SYSTEM VALUE VALUES (166,83,'Does not compile',false,'');
INSERT INTO Question (id,realmId,type,text,regDate,updateDate) OVERRIDING SYSTEM VALUE VALUES (84,4,1,'<p>Given the following classes, which of the following snippets can be inserted in place of INSERT IMPORTS HERE and have the code compile? (Choose all that apply)<br /><br />package aquarium;<br />public class Water {<br />&nbsp;boolean salty = false;<br />}</p>
<p>package aquarium.jellies;<br />public class Water {<br />&nbsp;boolean salty = true;<br />}</p>
<p>package employee;<br />INSERT IMPORTS HERE<br />public class WaterFiller {<br />&nbsp;Water water;<br />}</p>',TIMESTAMP '1970-01-01 03:00:00',TIMESTAMP '1970-01-01 03:00:00');
	INSERT INTO Answer (id,questionId,text,correct,comment) OVERRIDING SYSTEM VALUE VALUES (167,84,'import aquarium.*;',true,'');
	INSERT INTO Answer (id,questionId,text,correct,comment) OVERRIDING SYSTEM VALUE VALUES (168,84,'import aquarium.Water;<br />import aquarium.jellies.*;',true,'импорт конкретного класса сильнее импорта с wildcard, поэтому двусмысленности здесь не будет.');
	INSERT INTO Answer (id,questionId,text,correct,comment) OVERRIDING SYSTEM VALUE VALUES (169,84,'import aquarium.*;<br />import aquarium.jellies.Water;',true,'импорт конкретного класса сильнее импорта с wildcard, поэтому двусмысленности здесь не будет.');
	INSERT INTO Answer (id,questionId,text,correct,comment) OVERRIDING SYSTEM VALUE VALUES (170,84,'import aquarium.*;<br />import aquarium.jellies.*;',false,'неопределенность&nbsp;- оба пакета имеют класс Water');
	INSERT INTO Answer (id,questionId,text,correct,comment) OVERRIDING SYSTEM VALUE VALUES (171,84,'import aquarium.Water;<br />import aquarium.jellies.Water;',false,'компилятор не поймет, какой класс &nbsp;Water использовать');
	INSERT INTO Answer (id,questionId,text,correct,comment) OVERRIDING SYSTEM VALUE VALUES (172,84,'None of these imports can make the code compile.',false,'');
INSERT INTO Question (id,realmId,type,text,regDate,updateDate) OVERRIDING SYSTEM VALUE VALUES (85,4,1,'Given the following class, which of the following calls print out Blue Jay? (Choose all that apply)<br /><br />public class BirdDisplay {<br />&nbsp;public static void main(String[] name) {<br />&nbsp;&nbsp;System.out.println(name[1]);<br />} }',TIMESTAMP '1970-01-01 03:00:00',TIMESTAMP '1970-01-01 03:00:00');
	INSERT INTO Answer (id,questionId,text,correct,comment) OVERRIDING SYSTEM VALUE VALUES (176,85,'java BirdDisplay "Blue Jay" Sparrow',false,'');
	INSERT INTO Answer (id,questionId,text,correct,comment) OVERRIDING SYSTEM VALUE VALUES (177,85,'java BirdDisplay.class Sparrow "Blue Jay"',false,'будет выведено Error: Could not find or load main class BirdDisplay.class');
	INSERT INTO Answer (id,questionId,text,correct,comment) OVERRIDING SYSTEM VALUE VALUES (178,85,'java BirdDisplay.class "Blue Jay" Sparrow',false,'будет выведено Error: Could not find or load main class BirdDisplay.class');
	INSERT INTO Answer (id,questionId,text,correct,comment) OVERRIDING SYSTEM VALUE VALUES (179,85,'Does not compile.',false,'');
	INSERT INTO Answer (id,questionId,text,correct,comment) OVERRIDING SYSTEM VALUE VALUES (173,85,'java BirdDisplay Sparrow Blue Jay',false,'');
	INSERT INTO Answer (id,questionId,text,correct,comment) OVERRIDING SYSTEM VALUE VALUES (174,85,'java BirdDisplay Sparrow "Blue Jay"',true,'');
	INSERT INTO Answer (id,questionId,text,correct,comment) OVERRIDING SYSTEM VALUE VALUES (175,85,'java BirdDisplay Blue Jay Sparrow',false,'');
INSERT INTO Question (id,realmId,type,text,regDate,updateDate) OVERRIDING SYSTEM VALUE VALUES (86,4,1,'Which of the following legally fill in the blank so you can run the main() method from the command line? (Choose all that apply)<br /><br />public static void main(_______)',TIMESTAMP '1970-01-01 03:00:00',TIMESTAMP '1970-01-01 03:00:00');
	INSERT INTO Answer (id,questionId,text,correct,comment) OVERRIDING SYSTEM VALUE VALUES (180,86,'String[] _names',true,'');
	INSERT INTO Answer (id,questionId,text,correct,comment) OVERRIDING SYSTEM VALUE VALUES (181,86,'String[] 123',false,'неверное имя аргумента');
	INSERT INTO Answer (id,questionId,text,correct,comment) OVERRIDING SYSTEM VALUE VALUES (182,86,'String abc[]',true,'');
	INSERT INTO Answer (id,questionId,text,correct,comment) OVERRIDING SYSTEM VALUE VALUES (183,86,'String _Names[]',true,'');
	INSERT INTO Answer (id,questionId,text,correct,comment) OVERRIDING SYSTEM VALUE VALUES (184,86,'String... $n',true,'varargs допускаются вместо массива');
	INSERT INTO Answer (id,questionId,text,correct,comment) OVERRIDING SYSTEM VALUE VALUES (185,86,'String names',false,'');
	INSERT INTO Answer (id,questionId,text,correct,comment) OVERRIDING SYSTEM VALUE VALUES (186,86,'None of the above.',false,'');
INSERT INTO Question (id,realmId,type,text,regDate,updateDate) OVERRIDING SYSTEM VALUE VALUES (87,4,1,'Which of the following are legal entry point methods that can be run from the command line? (Choose all that apply)',TIMESTAMP '1970-01-01 03:00:00',TIMESTAMP '1970-01-01 03:00:00');
	INSERT INTO Answer (id,questionId,text,correct,comment) OVERRIDING SYSTEM VALUE VALUES (192,87,'public static main(String[] args)',false,'');
	INSERT INTO Answer (id,questionId,text,correct,comment) OVERRIDING SYSTEM VALUE VALUES (193,87,'None of the above',false,'');
	INSERT INTO Answer (id,questionId,text,correct,comment) OVERRIDING SYSTEM VALUE VALUES (187,87,'private static void main(String[] args)',false,'');
	INSERT INTO Answer (id,questionId,text,correct,comment) OVERRIDING SYSTEM VALUE VALUES (188,87,'public static final main(String[] args)',false,'');
	INSERT INTO Answer (id,questionId,text,correct,comment) OVERRIDING SYSTEM VALUE VALUES (189,87,'public void main(String[] args)',false,'');
	INSERT INTO Answer (id,questionId,text,correct,comment) OVERRIDING SYSTEM VALUE VALUES (190,87,'public static void test(String[] args)',false,'');
	INSERT INTO Answer (id,questionId,text,correct,comment) OVERRIDING SYSTEM VALUE VALUES (191,87,'public static void main(String[] args)',true,'');
INSERT INTO Question (id,realmId,type,text,regDate,updateDate) OVERRIDING SYSTEM VALUE VALUES (88,4,1,'Which of the following are true? (Choose all that apply)',TIMESTAMP '1970-01-01 03:00:00',TIMESTAMP '1970-01-01 03:00:00');
	INSERT INTO Answer (id,questionId,text,correct,comment) OVERRIDING SYSTEM VALUE VALUES (194,88,'An instance variable of type double defaults to null.',false,'');
	INSERT INTO Answer (id,questionId,text,correct,comment) OVERRIDING SYSTEM VALUE VALUES (195,88,'An instance variable of type int defaults to null.',false,'');
	INSERT INTO Answer (id,questionId,text,correct,comment) OVERRIDING SYSTEM VALUE VALUES (196,88,'An instance variable of type String defaults to null.',true,'');
	INSERT INTO Answer (id,questionId,text,correct,comment) OVERRIDING SYSTEM VALUE VALUES (197,88,'An instance variable of type double defaults to 0.0.',true,'');
	INSERT INTO Answer (id,questionId,text,correct,comment) OVERRIDING SYSTEM VALUE VALUES (198,88,'An instance variable of type int defaults to 0.0.',false,'');
	INSERT INTO Answer (id,questionId,text,correct,comment) OVERRIDING SYSTEM VALUE VALUES (199,88,'An instance variable of type String defaults to 0.0.',false,'');
	INSERT INTO Answer (id,questionId,text,correct,comment) OVERRIDING SYSTEM VALUE VALUES (200,88,'None of all.',false,'');
INSERT INTO Question (id,realmId,type,text,regDate,updateDate) OVERRIDING SYSTEM VALUE VALUES (89,4,1,'Which of the following are true? (Choose all that apply)',TIMESTAMP '1970-01-01 03:00:00',TIMESTAMP '1970-01-01 03:00:00');
	INSERT INTO Answer (id,questionId,text,correct,comment) OVERRIDING SYSTEM VALUE VALUES (201,89,'A local variable of type boolean defaults to null.',false,'');
	INSERT INTO Answer (id,questionId,text,correct,comment) OVERRIDING SYSTEM VALUE VALUES (202,89,'A local variable of type float defaults to 0.',false,'');
	INSERT INTO Answer (id,questionId,text,correct,comment) OVERRIDING SYSTEM VALUE VALUES (203,89,'A local variable of type Object defaults to null.',false,'');
	INSERT INTO Answer (id,questionId,text,correct,comment) OVERRIDING SYSTEM VALUE VALUES (204,89,'A local variable of type boolean defaults to false.',false,'');
	INSERT INTO Answer (id,questionId,text,correct,comment) OVERRIDING SYSTEM VALUE VALUES (205,89,'A local variable of type boolean defaults to true.',false,'');
	INSERT INTO Answer (id,questionId,text,correct,comment) OVERRIDING SYSTEM VALUE VALUES (206,89,'A local variable of type float defaults to 0.0.',false,'');
	INSERT INTO Answer (id,questionId,text,correct,comment) OVERRIDING SYSTEM VALUE VALUES (207,89,'None of all.',true,'У локальных переменных не бывает значений по умолчанию.');
INSERT INTO Question (id,realmId,type,text,regDate,updateDate) OVERRIDING SYSTEM VALUE VALUES (90,4,1,'Which of the following are true? (Choose all that apply)',TIMESTAMP '1970-01-01 03:00:00',TIMESTAMP '1970-01-01 03:00:00');
	INSERT INTO Answer (id,questionId,text,correct,comment) OVERRIDING SYSTEM VALUE VALUES (208,90,'An instance variable of type boolean defaults to false.',true,'');
	INSERT INTO Answer (id,questionId,text,correct,comment) OVERRIDING SYSTEM VALUE VALUES (209,90,'An instance variable of type boolean defaults to true.',false,'');
	INSERT INTO Answer (id,questionId,text,correct,comment) OVERRIDING SYSTEM VALUE VALUES (210,90,'An instance variable of type boolean defaults to null.',false,'');
	INSERT INTO Answer (id,questionId,text,correct,comment) OVERRIDING SYSTEM VALUE VALUES (211,90,'An instance variable of type int defaults to 0.',true,'');
	INSERT INTO Answer (id,questionId,text,correct,comment) OVERRIDING SYSTEM VALUE VALUES (212,90,'An instance variable of type int defaults to 0.0.',false,'');
	INSERT INTO Answer (id,questionId,text,correct,comment) OVERRIDING SYSTEM VALUE VALUES (213,90,'An instance variable of type int defaults to null.',false,'');
	INSERT INTO Answer (id,questionId,text,correct,comment) OVERRIDING SYSTEM VALUE VALUES (214,90,'None of the above.',false,'');
INSERT INTO Question (id,realmId,type,text,regDate,updateDate) OVERRIDING SYSTEM VALUE VALUES (91,4,1,'Given the following class in the file /my/directory/named/A/Bird.java:<br />INSERT CODE HERE<br />public class Bird { }<br /><br />Which of the following replaces INSERT CODE HERE if we compile from /my/directory? (Choose all that apply)',TIMESTAMP '1970-01-01 03:00:00',TIMESTAMP '1970-01-01 03:00:00');
	INSERT INTO Answer (id,questionId,text,correct,comment) OVERRIDING SYSTEM VALUE VALUES (215,91,'package my.directory.named.a;',false,'');
	INSERT INTO Answer (id,questionId,text,correct,comment) OVERRIDING SYSTEM VALUE VALUES (216,91,'package my.directory.named.A;',false,'');
	INSERT INTO Answer (id,questionId,text,correct,comment) OVERRIDING SYSTEM VALUE VALUES (217,91,'package named.a;',false,'неверно, так как имена пакетов, как и все прочие идентификаторы, являются чувствительными к регистру');
	INSERT INTO Answer (id,questionId,text,correct,comment) OVERRIDING SYSTEM VALUE VALUES (218,91,'package named.A;',true,'');
	INSERT INTO Answer (id,questionId,text,correct,comment) OVERRIDING SYSTEM VALUE VALUES (219,91,'package a;',false,'');
	INSERT INTO Answer (id,questionId,text,correct,comment) OVERRIDING SYSTEM VALUE VALUES (220,91,'package A;',false,'');
	INSERT INTO Answer (id,questionId,text,correct,comment) OVERRIDING SYSTEM VALUE VALUES (221,91,'Does not compile.',false,'');
INSERT INTO Question (id,realmId,type,text,regDate,updateDate) OVERRIDING SYSTEM VALUE VALUES (92,4,1,'Which of the following lines of code compile? (Choose all that apply)',TIMESTAMP '1970-01-01 03:00:00',TIMESTAMP '1970-01-01 03:00:00');
	INSERT INTO Answer (id,questionId,text,correct,comment) OVERRIDING SYSTEM VALUE VALUES (224,92,'double d2 = 1_234._0;',false,'подчеркивания разрешены только между цифрами');
	INSERT INTO Answer (id,questionId,text,correct,comment) OVERRIDING SYSTEM VALUE VALUES (225,92,'double d3 = 1_234.0_;',false,'подчеркивания разрешены только между цифрами');
	INSERT INTO Answer (id,questionId,text,correct,comment) OVERRIDING SYSTEM VALUE VALUES (226,92,'double d4 = 1_234.0;',true,'');
	INSERT INTO Answer (id,questionId,text,correct,comment) OVERRIDING SYSTEM VALUE VALUES (227,92,'None of all.',false,'');
	INSERT INTO Answer (id,questionId,text,correct,comment) OVERRIDING SYSTEM VALUE VALUES (222,92,'int i1 = 1_234;',true,'');
	INSERT INTO Answer (id,questionId,text,correct,comment) OVERRIDING SYSTEM VALUE VALUES (223,92,'double d1 = 1_234_.0;',false,'подчеркивания разрешены только между цифрами');
INSERT INTO Question (id,realmId,type,text,regDate,updateDate) OVERRIDING SYSTEM VALUE VALUES (93,4,1,'<p>Given the following class, which of the following lines of code can replace INSERT CODE HERE to make the code compile? (Choose all that apply)</p>
<p>public class Price {<br />&nbsp;public void admission() {<br />&nbsp;&nbsp;INSERT CODE HERE<br />&nbsp;&nbsp;System.out.println(amount);<br />&nbsp;} }</p>',TIMESTAMP '1970-01-01 03:00:00',TIMESTAMP '1970-01-01 03:00:00');
	INSERT INTO Answer (id,questionId,text,correct,comment) OVERRIDING SYSTEM VALUE VALUES (228,93,'int amount = 9L;',false,'присваивание int-переменной double-значения');
	INSERT INTO Answer (id,questionId,text,correct,comment) OVERRIDING SYSTEM VALUE VALUES (229,93,'int amount = 0b101;',true,'');
	INSERT INTO Answer (id,questionId,text,correct,comment) OVERRIDING SYSTEM VALUE VALUES (230,93,'int amount = 0xE;',true,'');
	INSERT INTO Answer (id,questionId,text,correct,comment) OVERRIDING SYSTEM VALUE VALUES (231,93,'double amount = 0xE;',true,'');
	INSERT INTO Answer (id,questionId,text,correct,comment) OVERRIDING SYSTEM VALUE VALUES (232,93,'double amount = 1_2_.0_0;',false,'подчеркивание может быть только между цифрами');
	INSERT INTO Answer (id,questionId,text,correct,comment) OVERRIDING SYSTEM VALUE VALUES (233,93,'int amount = 1_2_;',false,'подчеркивание может быть только между цифрами');
	INSERT INTO Answer (id,questionId,text,correct,comment) OVERRIDING SYSTEM VALUE VALUES (234,93,'None of all.',false,'');
INSERT INTO Question (id,realmId,type,text,regDate,updateDate) OVERRIDING SYSTEM VALUE VALUES (94,4,1,'<p>Which of the following are true? (Choose all that apply)</p>
<p>public class Bunny {<br />&nbsp;public static void main(String[] args) {<br />&nbsp;&nbsp;Bunny bun = new Bunny();<br />} }</p>',TIMESTAMP '1970-01-01 03:00:00',TIMESTAMP '1970-01-01 03:00:00');
	INSERT INTO Answer (id,questionId,text,correct,comment) OVERRIDING SYSTEM VALUE VALUES (240,94,'<strong>main</strong> is a reference to an object.',false,'');
	INSERT INTO Answer (id,questionId,text,correct,comment) OVERRIDING SYSTEM VALUE VALUES (241,94,'None of all.',false,'');
	INSERT INTO Answer (id,questionId,text,correct,comment) OVERRIDING SYSTEM VALUE VALUES (235,94,'<strong>Bunny</strong> is a class.',true,'');
	INSERT INTO Answer (id,questionId,text,correct,comment) OVERRIDING SYSTEM VALUE VALUES (236,94,'<strong>bun</strong> is a class.',false,'это переменная');
	INSERT INTO Answer (id,questionId,text,correct,comment) OVERRIDING SYSTEM VALUE VALUES (237,94,'<strong>main</strong> is a class.',false,'это метод');
	INSERT INTO Answer (id,questionId,text,correct,comment) OVERRIDING SYSTEM VALUE VALUES (238,94,'<strong>Bunny</strong> is a reference to an object.',false,'');
	INSERT INTO Answer (id,questionId,text,correct,comment) OVERRIDING SYSTEM VALUE VALUES (239,94,'<strong>bun</strong> is a reference to an object.',true,'');
INSERT INTO Question (id,realmId,type,text,regDate,updateDate) OVERRIDING SYSTEM VALUE VALUES (95,4,1,'<p>Which represent the order in which the following statements can be assembled into a program that will compile successfully? (Choose all that apply)</p>
<p>A: class Rabbit {}<br />B: import java.util.*;<br />C: package animals;</p>',TIMESTAMP '1970-01-01 03:00:00',TIMESTAMP '1970-01-01 03:00:00');
	INSERT INTO Answer (id,questionId,text,correct,comment) OVERRIDING SYSTEM VALUE VALUES (242,95,'A, B, C',false,'');
	INSERT INTO Answer (id,questionId,text,correct,comment) OVERRIDING SYSTEM VALUE VALUES (243,95,'B, C, A',false,'');
	INSERT INTO Answer (id,questionId,text,correct,comment) OVERRIDING SYSTEM VALUE VALUES (244,95,'C, B, A',true,'');
	INSERT INTO Answer (id,questionId,text,correct,comment) OVERRIDING SYSTEM VALUE VALUES (245,95,'B, A',true,'строки import и package опциональны');
	INSERT INTO Answer (id,questionId,text,correct,comment) OVERRIDING SYSTEM VALUE VALUES (246,95,'C, A',true,'строки import и package опциональны');
	INSERT INTO Answer (id,questionId,text,correct,comment) OVERRIDING SYSTEM VALUE VALUES (247,95,'A, C',false,'');
	INSERT INTO Answer (id,questionId,text,correct,comment) OVERRIDING SYSTEM VALUE VALUES (248,95,'A, B',false,'');
INSERT INTO Question (id,realmId,type,text,regDate,updateDate) OVERRIDING SYSTEM VALUE VALUES (96,4,1,'<p>Suppose we have a class named Rabbit. Which of the following statements are true? (Choose all that apply)</p>
<p>1: public class Rabbit {<br />2: &nbsp;&nbsp;public static void main(String[] args) {<br />3: &nbsp;&nbsp;&nbsp;Rabbit one = new Rabbit();<br />4: &nbsp;&nbsp;&nbsp;Rabbit two = new Rabbit();<br />5: &nbsp;&nbsp;&nbsp;Rabbit three = one;<br />6: &nbsp;&nbsp;&nbsp;one = null;<br />7: &nbsp;&nbsp;&nbsp;Rabbit four = one;<br />8: &nbsp;&nbsp;&nbsp;three = null;<br />9: &nbsp;&nbsp;&nbsp;two = null;<br />10: &nbsp;&nbsp;two = new Rabbit();<br />11: &nbsp;&nbsp;System.gc();<br />12: } }</p>',TIMESTAMP '1970-01-01 03:00:00',TIMESTAMP '1970-01-01 03:00:00');
	INSERT INTO Answer (id,questionId,text,correct,comment) OVERRIDING SYSTEM VALUE VALUES (249,96,'The Rabbit object from line 3 is first eligible for garbage collection immediately following line 6.',false,'');
	INSERT INTO Answer (id,questionId,text,correct,comment) OVERRIDING SYSTEM VALUE VALUES (250,96,'The Rabbit object from line 3 is first eligible for garbage collection immediately following line 8.',true,'');
	INSERT INTO Answer (id,questionId,text,correct,comment) OVERRIDING SYSTEM VALUE VALUES (251,96,'The Rabbit object from line 3 is first eligible for garbage collection immediately following line 12.',false,'');
	INSERT INTO Answer (id,questionId,text,correct,comment) OVERRIDING SYSTEM VALUE VALUES (252,96,'The Rabbit object from line 4 is first eligible for garbage collection immediately following line 9.',true,'');
	INSERT INTO Answer (id,questionId,text,correct,comment) OVERRIDING SYSTEM VALUE VALUES (253,96,'The Rabbit object from line 4 is first eligible for garbage collection immediately following line 11.',false,'');
	INSERT INTO Answer (id,questionId,text,correct,comment) OVERRIDING SYSTEM VALUE VALUES (254,96,'The Rabbit object from line 4 is first eligible for garbage collection immediately following line 12.',false,'');
INSERT INTO Question (id,realmId,type,text,regDate,updateDate) OVERRIDING SYSTEM VALUE VALUES (97,4,1,'<p>What is true about the following code? (Choose all that apply)</p>
<p>public class Bear {<br />&nbsp;protected void finalize() {<br />&nbsp;&nbsp;System.out.println("Roar!");<br />}<br />&nbsp;public static void main(String[] args) {<br />&nbsp;&nbsp;Bear bear = new Bear();<br />&nbsp;&nbsp;bear = null;<br />&nbsp;&nbsp;System.gc();<br />} }</p>',TIMESTAMP '1970-01-01 03:00:00',TIMESTAMP '1970-01-01 03:00:00');
	INSERT INTO Answer (id,questionId,text,correct,comment) OVERRIDING SYSTEM VALUE VALUES (256,97,'<strong>finalize</strong>() might or might not be called',true,'');
	INSERT INTO Answer (id,questionId,text,correct,comment) OVERRIDING SYSTEM VALUE VALUES (257,97,'<strong>finalize</strong>() is guaranteed not to be called.',false,'');
	INSERT INTO Answer (id,questionId,text,correct,comment) OVERRIDING SYSTEM VALUE VALUES (258,97,'Garbage collection is guaranteed to run.',false,'');
	INSERT INTO Answer (id,questionId,text,correct,comment) OVERRIDING SYSTEM VALUE VALUES (259,97,'Garbage collection might or might not run.',true,'');
	INSERT INTO Answer (id,questionId,text,correct,comment) OVERRIDING SYSTEM VALUE VALUES (260,97,'Garbage collection is guaranteed not to run.',false,'');
	INSERT INTO Answer (id,questionId,text,correct,comment) OVERRIDING SYSTEM VALUE VALUES (261,97,'The code does not compile.',false,'');
	INSERT INTO Answer (id,questionId,text,correct,comment) OVERRIDING SYSTEM VALUE VALUES (255,97,'<strong>finalize</strong>() is guaranteed to be called.',false,'');
INSERT INTO Question (id,realmId,type,text,regDate,updateDate) OVERRIDING SYSTEM VALUE VALUES (98,4,1,'<p>What does the following code output?</p>
<p>1: public class Salmon {<br />2: &nbsp;&nbsp;int count;<br />3: &nbsp;&nbsp;public void Salmon() {<br />4: &nbsp;&nbsp;&nbsp;count = 4;<br />5: &nbsp;&nbsp;}<br />6: &nbsp;&nbsp;public static void main(String[] args) {<br />7: &nbsp;&nbsp;&nbsp;Salmon s = new Salmon();<br />8: &nbsp;&nbsp;&nbsp;System.out.println(s.count);<br />9: } }</p>',TIMESTAMP '1970-01-01 03:00:00',TIMESTAMP '1970-01-01 03:00:00');
	INSERT INTO Answer (id,questionId,text,correct,comment) OVERRIDING SYSTEM VALUE VALUES (262,98,'0',true,'У этого класса конструктор по умолчанию (а не void Salmon()), поэтому у поля count - значение по умолчанию.');
	INSERT INTO Answer (id,questionId,text,correct,comment) OVERRIDING SYSTEM VALUE VALUES (263,98,'4',false,'');
	INSERT INTO Answer (id,questionId,text,correct,comment) OVERRIDING SYSTEM VALUE VALUES (264,98,'Compilation fails on line 3.',false,'<p>У класса <em>может</em> быть метод, совпадающий по имени с конструктором.</p>');
	INSERT INTO Answer (id,questionId,text,correct,comment) OVERRIDING SYSTEM VALUE VALUES (265,98,'Compilation fails on line 4',false,'');
	INSERT INTO Answer (id,questionId,text,correct,comment) OVERRIDING SYSTEM VALUE VALUES (266,98,'Compilation fails on line 7.',false,'');
	INSERT INTO Answer (id,questionId,text,correct,comment) OVERRIDING SYSTEM VALUE VALUES (267,98,'Compilation fails on line 8.',false,'');
INSERT INTO Question (id,realmId,type,text,regDate,updateDate) OVERRIDING SYSTEM VALUE VALUES (99,4,1,'Which of the following are true statements? (Choose all that apply)',TIMESTAMP '1970-01-01 03:00:00',TIMESTAMP '1970-01-01 03:00:00');
	INSERT INTO Answer (id,questionId,text,correct,comment) OVERRIDING SYSTEM VALUE VALUES (272,99,'Java is an object-oriented language.',true,'');
	INSERT INTO Answer (id,questionId,text,correct,comment) OVERRIDING SYSTEM VALUE VALUES (273,99,'Java is a functional programming language.',false,'');
	INSERT INTO Answer (id,questionId,text,correct,comment) OVERRIDING SYSTEM VALUE VALUES (268,99,'Java allows operator overloading.',false,'Позволяется перезагрузка <strong>методов</strong>, а не <strong>операторов</strong>.');
	INSERT INTO Answer (id,questionId,text,correct,comment) OVERRIDING SYSTEM VALUE VALUES (269,99,'Java code compiled on Windows can run on Linux.',true,'');
	INSERT INTO Answer (id,questionId,text,correct,comment) OVERRIDING SYSTEM VALUE VALUES (270,99,'Java has pointers to specific locations in memory.',false,'');
	INSERT INTO Answer (id,questionId,text,correct,comment) OVERRIDING SYSTEM VALUE VALUES (271,99,'Java is a procedural language.',false,'');
INSERT INTO Question (id,realmId,type,text,regDate,updateDate) OVERRIDING SYSTEM VALUE VALUES (100,4,1,'Which of the following are true? (Choose all that apply)',TIMESTAMP '1970-01-01 03:00:00',TIMESTAMP '1970-01-01 03:00:00');
	INSERT INTO Answer (id,questionId,text,correct,comment) OVERRIDING SYSTEM VALUE VALUES (274,100,'<strong>javac</strong> compiles a <strong>.class</strong> file into a <strong>.java</strong> file.',false,'');
	INSERT INTO Answer (id,questionId,text,correct,comment) OVERRIDING SYSTEM VALUE VALUES (275,100,'<strong>javac</strong> compiles a <strong>.java</strong> file into a <strong>.bytecode</strong> file.',false,'');
	INSERT INTO Answer (id,questionId,text,correct,comment) OVERRIDING SYSTEM VALUE VALUES (276,100,'<strong>javac</strong> compiles a <strong>.java</strong> file into a <strong>.class</strong> file.',true,'');
	INSERT INTO Answer (id,questionId,text,correct,comment) OVERRIDING SYSTEM VALUE VALUES (277,100,'Java takes the name of the class as a parameter.',true,'параметр - имя класса, а не имя файла');
	INSERT INTO Answer (id,questionId,text,correct,comment) OVERRIDING SYSTEM VALUE VALUES (278,100,'Java takes the name of the <strong>.bytecode</strong> file as a parameter.',false,'');
	INSERT INTO Answer (id,questionId,text,correct,comment) OVERRIDING SYSTEM VALUE VALUES (279,100,'Java takes the name of the <strong>.class</strong> file as a parameter.',false,'');
INSERT INTO Question (id,realmId,type,text,regDate,updateDate) OVERRIDING SYSTEM VALUE VALUES (101,4,0,'В Java имеются унарные, бинарные и тернарные операторы',TIMESTAMP '1970-01-01 03:00:00',TIMESTAMP '1970-01-01 03:00:00');
INSERT INTO Question (id,realmId,type,text,regDate,updateDate) OVERRIDING SYSTEM VALUE VALUES (102,4,0,'Если у нескольких рядом стоящих операторов в выражении одинаковый уровень приоритета, то они выполняются слева направо.',TIMESTAMP '1970-01-01 03:00:00',TIMESTAMP '1970-01-01 03:00:00');
INSERT INTO Question (id,realmId,type,text,regDate,updateDate) OVERRIDING SYSTEM VALUE VALUES (103,4,2,'Назовите операторы Java в порядке убывания приоритета.',TIMESTAMP '1970-01-01 03:00:00',TIMESTAMP '1970-01-01 03:00:00');
	INSERT INTO Answer (id,questionId,text,correct,comment) OVERRIDING SYSTEM VALUE VALUES (280,103,'1) Постфиксный инкремент и декремент: <strong>expression++, expression--<br /></strong>2) Префиксный инкремент и декремент:<strong> ++expression, --expression</strong><br />3) Прочие унарные операторы:<strong> +</strong>,<strong> -</strong>,<strong> !, ~<br /></strong>4) Умножение/деление/остаток: <strong>*</strong>, <strong>/</strong>, <strong>%<br /></strong>5) Сложение/вычитание: <strong>+</strong>, <strong>-<br /></strong>6) Побитовый сдвиг: <strong>&lt;&lt;</strong>, <strong>&gt;&gt;</strong>, <strong>&gt;&gt;&gt;<br /></strong>7) Сравнение: <strong>&lt;</strong>, <strong>&gt;</strong>, <strong>&lt;=</strong>, <strong>&gt;=</strong>, <strong>instanceof<br /></strong>8) Равенство: <strong>==</strong>, <strong>!=<br /></strong>9) Логические операторы: <strong>&amp;</strong>, <strong>^</strong>, |<br />10) Логические операторы короткого действия: <strong>&amp;&amp;</strong>, <strong>||<br /></strong>11) Тернарный оператор: <strong>boolean expression ? expression1 : expression2<br /></strong>12) Присваивание: =, <strong>+=</strong>, <strong>-=</strong>, <strong>*=</strong>, <strong>/=</strong>, <strong>%=</strong>, <strong>&amp;=</strong>, <strong>^=</strong>, |<strong>=</strong>, <strong>&lt;&lt;=</strong>, <strong>&gt;&gt;=</strong>, <strong>&gt;&gt;&gt;=</strong>',true,'');
INSERT INTO Question (id,realmId,type,text,regDate,updateDate) OVERRIDING SYSTEM VALUE VALUES (104,4,2,'Назовите арифметические операторы Java и к каким операндам они применимы',TIMESTAMP '1970-01-01 03:00:00',TIMESTAMP '1970-01-01 03:00:00');
	INSERT INTO Answer (id,questionId,text,correct,comment) OVERRIDING SYSTEM VALUE VALUES (281,104,'Сложение +, вычитание -, умножение *, деление /, остаток %.<br />Применинимы ко всем примитивным типам, кроме boolean.<br /><br />+ и += также применимы к String.',true,'');
INSERT INTO Question (id,realmId,type,text,regDate,updateDate) OVERRIDING SYSTEM VALUE VALUES (105,4,0,'Остаток (%) можно брать не только от деления положительных целых чисел, но и от отрицательных, а также от вещественных. Например, остаток от деления отрицательного целого <strong>x</strong> на положительное целое <strong>y</strong> лежит в диапазоне (-y +1)..0 (на экзамене OCA I не требуется).',TIMESTAMP '1970-01-01 03:00:00',TIMESTAMP '1970-01-01 03:00:00');
INSERT INTO Question (id,realmId,type,text,regDate,updateDate) OVERRIDING SYSTEM VALUE VALUES (106,4,2,'Назовите правила имплицитного преобразования типов операндов бинарных операторов.',TIMESTAMP '1970-01-01 03:00:00',TIMESTAMP '1970-01-01 03:00:00');
	INSERT INTO Answer (id,questionId,text,correct,comment) OVERRIDING SYSTEM VALUE VALUES (282,106,'1. Если у двух значений разные типы данных, идет преобразование к большему из типов.<br />2. Если один операнд целочисленный, а второй вещественный, идет преобразование к вещественному.<br />3. byte, short и chart в арифметических выражениях преобразовываются к int.<br />4. Результирующее значение имеет тип данных, к которому были приведены все операнды.',true,'');
INSERT INTO Question (id,realmId,type,text,regDate,updateDate) OVERRIDING SYSTEM VALUE VALUES (107,4,1,'Какой тип данных у выражения <strong>x * y</strong>, если<br />int x = 1;<br />long y = 33;',TIMESTAMP '1970-01-01 03:00:00',TIMESTAMP '1970-01-01 03:00:00');
	INSERT INTO Answer (id,questionId,text,correct,comment) OVERRIDING SYSTEM VALUE VALUES (291,107,'Код не скомпилируется.',false,'');
	INSERT INTO Answer (id,questionId,text,correct,comment) OVERRIDING SYSTEM VALUE VALUES (283,107,'int',false,'');
	INSERT INTO Answer (id,questionId,text,correct,comment) OVERRIDING SYSTEM VALUE VALUES (284,107,'long',true,'');
	INSERT INTO Answer (id,questionId,text,correct,comment) OVERRIDING SYSTEM VALUE VALUES (285,107,'double',false,'');
INSERT INTO Question (id,realmId,type,text,regDate,updateDate) OVERRIDING SYSTEM VALUE VALUES (108,4,1,'Какой тип данных у выражения <strong>x + y</strong>, если<br />double x = 39.21;<br />float y = 2.1;',TIMESTAMP '1970-01-01 03:00:00',TIMESTAMP '1970-01-01 03:00:00');
	INSERT INTO Answer (id,questionId,text,correct,comment) OVERRIDING SYSTEM VALUE VALUES (288,108,'int',false,'');
	INSERT INTO Answer (id,questionId,text,correct,comment) OVERRIDING SYSTEM VALUE VALUES (289,108,'long',false,'');
	INSERT INTO Answer (id,questionId,text,correct,comment) OVERRIDING SYSTEM VALUE VALUES (290,108,'Код не скомпилируется.',true,'Переменной float присваивается литерал double');
	INSERT INTO Answer (id,questionId,text,correct,comment) OVERRIDING SYSTEM VALUE VALUES (286,108,'double',false,'');
	INSERT INTO Answer (id,questionId,text,correct,comment) OVERRIDING SYSTEM VALUE VALUES (287,108,'float',false,'');
INSERT INTO Question (id,realmId,type,text,regDate,updateDate) OVERRIDING SYSTEM VALUE VALUES (109,4,1,'Какой тип данных у выражения <strong>x / y</strong>, если<br />short x = 10;<br />short y = 3;',TIMESTAMP '1970-01-01 03:00:00',TIMESTAMP '1970-01-01 03:00:00');
	INSERT INTO Answer (id,questionId,text,correct,comment) OVERRIDING SYSTEM VALUE VALUES (292,109,'short',false,'');
	INSERT INTO Answer (id,questionId,text,correct,comment) OVERRIDING SYSTEM VALUE VALUES (293,109,'int',true,'');
	INSERT INTO Answer (id,questionId,text,correct,comment) OVERRIDING SYSTEM VALUE VALUES (294,109,'long',false,'');
	INSERT INTO Answer (id,questionId,text,correct,comment) OVERRIDING SYSTEM VALUE VALUES (295,109,'float',false,'');
INSERT INTO Question (id,realmId,type,text,regDate,updateDate) OVERRIDING SYSTEM VALUE VALUES (110,4,1,'Какой тип данных у выражения <strong>x * y / z</strong>, если<br />short x = 14;<br />float y = 13;<br />double z = 30;',TIMESTAMP '1970-01-01 03:00:00',TIMESTAMP '1970-01-01 03:00:00');
	INSERT INTO Answer (id,questionId,text,correct,comment) OVERRIDING SYSTEM VALUE VALUES (296,110,'short',false,'');
	INSERT INTO Answer (id,questionId,text,correct,comment) OVERRIDING SYSTEM VALUE VALUES (297,110,'float',false,'');
	INSERT INTO Answer (id,questionId,text,correct,comment) OVERRIDING SYSTEM VALUE VALUES (298,110,'int',false,'');
	INSERT INTO Answer (id,questionId,text,correct,comment) OVERRIDING SYSTEM VALUE VALUES (299,110,'double',true,'');
	INSERT INTO Answer (id,questionId,text,correct,comment) OVERRIDING SYSTEM VALUE VALUES (300,110,'Код не скомпилируется.',false,'');
INSERT INTO Question (id,realmId,type,text,regDate,updateDate) OVERRIDING SYSTEM VALUE VALUES (111,4,2,'Перечислите унарные операторы Java.',TIMESTAMP '1970-01-01 03:00:00',TIMESTAMP '1970-01-01 03:00:00');
	INSERT INTO Answer (id,questionId,text,correct,comment) OVERRIDING SYSTEM VALUE VALUES (301,111,'<strong>+</strong> - означает, что число положильное, не оказывает влияния на значение выражения;<br />- - означает, что число отрицательное, меняет знак выражения;<br /><strong>++</strong> - инкремент;<br />-- - декремент;<br /><strong>!</strong> - инвертирует булево значение',true,'');
INSERT INTO Question (id,realmId,type,text,regDate,updateDate) OVERRIDING SYSTEM VALUE VALUES (112,4,0,'Если применить смену знака к <strong>char</strong> (char c = ''f''; someMethod(-f)), то получится <strong>int</strong>.',TIMESTAMP '1970-01-01 03:00:00',TIMESTAMP '1970-01-01 03:00:00');
INSERT INTO Question (id,realmId,type,text,regDate,updateDate) OVERRIDING SYSTEM VALUE VALUES (113,4,0,'Если добавить число к переменной типа <strong>char</strong>, то она будет ссылаться на другой символ Unicode. Но такое добавление может произойти только посредством инкремента/декремента или короткого сложения/вычитания:<br /><br />char x=''A'';<br />x+=1;<br />x++;<br />x = x+1; //DOESN''T COMPILE',TIMESTAMP '1970-01-01 03:00:00',TIMESTAMP '1970-01-01 03:00:00');
INSERT INTO Question (id,realmId,type,text,regDate,updateDate) OVERRIDING SYSTEM VALUE VALUES (114,4,2,'Чем отличаются пре-инкремент и пост-инкремент?',TIMESTAMP '1970-01-01 03:00:00',TIMESTAMP '1970-01-01 03:00:00');
	INSERT INTO Answer (id,questionId,text,correct,comment) OVERRIDING SYSTEM VALUE VALUES (302,114,'Если использовать пре-инкремент в выражении, то значение операнда сначала изменяется, а потом подставляется в выражение. В случае пост-инкремента в выражение подставляется оригинальное значение переменной, и только потом происходит изменение.<br /><strong>Важно</strong>! Если в выражение имеется несколько инкрементов одной переменной, то изменение значения происходит при каждом использовании (до или сразу после подстановки, в зависимости от пре/пост).<br />Если инкремент идет как самостоятельное выражение, то разницы нет.<br />Аналогично для декремента.',true,'');
INSERT INTO Question (id,realmId,type,text,regDate,updateDate) OVERRIDING SYSTEM VALUE VALUES (115,4,2,'Укажите, чему равны <strong>x</strong> и <strong>y</strong> после выполнения следующей программы.<br /><br />
<p align="LEFT">int x = 3;</p>
<p align="LEFT">int y = ++x * 5 / x-- + --x;</p>
<p align="LEFT">System.out.println("x is " + x);</p>
<p>System.out.println("y is " + y);</p>',TIMESTAMP '1970-01-01 03:00:00',TIMESTAMP '1970-01-01 03:00:00');
	INSERT INTO Answer (id,questionId,text,correct,comment) OVERRIDING SYSTEM VALUE VALUES (303,115,'x = 2<br />y = 7',true,'');
INSERT INTO Question (id,realmId,type,text,regDate,updateDate) OVERRIDING SYSTEM VALUE VALUES (116,4,0,'Явный кастинг требуется всегда, когда больший числовой тип присваивается меньшему, или когда вещественный тип присваивается целочисленному.',TIMESTAMP '1970-01-01 03:00:00',TIMESTAMP '1970-01-01 03:00:00');
INSERT INTO Question (id,realmId,type,text,regDate,updateDate) OVERRIDING SYSTEM VALUE VALUES (117,4,2,'Что такое <strong>overflow</strong> и <strong>underflow</strong> применительно к присваиванию числовых типов?',TIMESTAMP '1970-01-01 03:00:00',TIMESTAMP '1970-01-01 03:00:00');
	INSERT INTO Answer (id,questionId,text,correct,comment) OVERRIDING SYSTEM VALUE VALUES (304,117,'<em>Overflow</em> происходит, когда большему значению присваивается меньшее (с кастингом либо через короткое сложение/инкремент):<br /><br />byte bb = (byte)129;<br />System.out.println(bb);<br />// -127<br />bb = 127;<br />bb += 10;<br />System.out.println(bb);<br />// -119<br /><br />Также если работаем с int, этот эффект проявляется при сложении литералов:<br />
<p>System.out.print(2147483647+1); // -2147483648</p>
<br />Суть в том, что компилятор "упирается" в верхнюю границу диапазона данного типа и перескакивает к нижней границе, продолжая расчет от нее.<br /><br />Аналогично для <em>underflow</em> и вычитания.',true,'');
INSERT INTO Question (id,realmId,type,text,regDate,updateDate) OVERRIDING SYSTEM VALUE VALUES (118,4,0,'Операторы сокращенного присваивания (+=, -=, *= и т.д.) называются <em>compound assignment operators</em>. На экзамене OCA потребуется знание только первых двух.',TIMESTAMP '1970-01-01 03:00:00',TIMESTAMP '1970-01-01 03:00:00');
INSERT INTO Question (id,realmId,type,text,regDate,updateDate) OVERRIDING SYSTEM VALUE VALUES (119,4,2,'Назовите преимущества операторов сокращенного присваивания.',TIMESTAMP '1970-01-01 03:00:00',TIMESTAMP '1970-01-01 03:00:00');
	INSERT INTO Answer (id,questionId,text,correct,comment) OVERRIDING SYSTEM VALUE VALUES (305,119,'1) Более удобный синтаксис.<br />2) Не нужно явно указывать кастинг.',true,'');
INSERT INTO Question (id,realmId,type,text,regDate,updateDate) OVERRIDING SYSTEM VALUE VALUES (120,4,0,'Присваивание является выражением, имеющим значение:<br /><br />
<p align="LEFT">long x = 5;<br />long y = (x=3);<br />System.out.println(x); // Outputs 3<br />System.out.println(y); // Also, outputs 3</p>',TIMESTAMP '1970-01-01 03:00:00',TIMESTAMP '1970-01-01 03:00:00');
INSERT INTO Question (id,realmId,type,text,regDate,updateDate) OVERRIDING SYSTEM VALUE VALUES (121,4,0,'В операторах сравнения (relational operators, &lt;,&lt;=,&gt;,&gt;=) идет преобразование типов аналогично бинарным арифметическим операциях',TIMESTAMP '1970-01-01 03:00:00',TIMESTAMP '1970-01-01 03:00:00');
INSERT INTO Question (id,realmId,type,text,regDate,updateDate) OVERRIDING SYSTEM VALUE VALUES (122,4,0,'Оператор <strong>instanceof</strong> тоже считается оператором сравнения (relational).',TIMESTAMP '1970-01-01 03:00:00',TIMESTAMP '1970-01-01 03:00:00');
INSERT INTO Question (id,realmId,type,text,regDate,updateDate) OVERRIDING SYSTEM VALUE VALUES (123,4,2,'Перечислите логические <span style="text-decoration: underline;">бинарные</span> операторы Java и типы операндов, к которым они применяются.',TIMESTAMP '1970-01-01 03:00:00',TIMESTAMP '1970-01-01 03:00:00');
	INSERT INTO Answer (id,questionId,text,correct,comment) OVERRIDING SYSTEM VALUE VALUES (306,123,'Логическое "и": &amp;<br />Логическое "или" (включающее, inclusive): <strong>|</strong><br />Логическое "или" (исключающее, exclusive): <strong>^</strong><br /><br />Применяются к булевым операндам, а также к числовым (в этом случае называются <em>bitwise operators</em>, в OCA не рассматриваются)',true,'');
INSERT INTO Question (id,realmId,type,text,regDate,updateDate) OVERRIDING SYSTEM VALUE VALUES (124,4,0,'Одно из достоинств условных операторов короткого действия, помимо улучшения производительности, заключается в удобстве проверки на null:<br />if(x != null &amp;&amp; x.getValue() &lt; 5) {<br />&nbsp; // Do something<br />}<br /><br />Если бы в вышеприведенном примере кода использовался обычный оператор &amp;, то выдавалась бы Runtime-ошибка NullPointerException',TIMESTAMP '1970-01-01 03:00:00',TIMESTAMP '1970-01-01 03:00:00');
INSERT INTO Question (id,realmId,type,text,regDate,updateDate) OVERRIDING SYSTEM VALUE VALUES (125,4,2,'Каков вывод следующего фрагмента кода:<br /><br />int x = 6;<br />boolean y = (x &gt;= 6) || (++x &lt;= 7);<br />System.out.println(x);',TIMESTAMP '1970-01-01 03:00:00',TIMESTAMP '1970-01-01 03:00:00');
	INSERT INTO Answer (id,questionId,text,correct,comment) OVERRIDING SYSTEM VALUE VALUES (307,125,'6.&nbsp;&nbsp;Вторая часть выражения не вычисляется, т.к. первая равна true',true,'');
INSERT INTO Question (id,realmId,type,text,regDate,updateDate) OVERRIDING SYSTEM VALUE VALUES (126,4,0,'Операторы проверки равенства (equality operators, !=, ==) ведут к преобразованию числовых операндов аналогично арифметическим бинарным операторам.',TIMESTAMP '1970-01-01 03:00:00',TIMESTAMP '1970-01-01 03:00:00');
INSERT INTO Question (id,realmId,type,text,regDate,updateDate) OVERRIDING SYSTEM VALUE VALUES (127,4,0,'В операторах проверки равенства нельзя смешивать разные типы операндов. Если сравниваются объекты, то они должны быть из одной иерархии наследования.<br /><br />boolean x = true == 3; // DOES NOT COMPILE<br />boolean y = false != "Giraffe"; // DOES NOT COMPILE<br />boolean z = 3 == "Kangaroo"; // DOES NOT COMPILE<br /><br />String s1 = "java";<br />StringBuilder s2 = new StringBuilder("java");<br />boolean s = s1 == s2; //DOES NOT COMPILE<br /><br /><br />Следует обращать пристальное внимание на типы данных, когда в экзаменационной задаче присутствует оператор проверки равенства.',TIMESTAMP '1970-01-01 03:00:00',TIMESTAMP '1970-01-01 03:00:00');
INSERT INTO Question (id,realmId,type,text,regDate,updateDate) OVERRIDING SYSTEM VALUE VALUES (128,4,1,'Какой результат получится в результате выполнения кода:<br /><br />boolean y = false;<br />boolean x = (y = true);<br />System.out.println(x);',TIMESTAMP '1970-01-01 03:00:00',TIMESTAMP '1970-01-01 03:00:00');
	INSERT INTO Answer (id,questionId,text,correct,comment) OVERRIDING SYSTEM VALUE VALUES (308,128,'true',true,'во второй строке имеет место присваивание y (=), а не проверка равенства (==)');
	INSERT INTO Answer (id,questionId,text,correct,comment) OVERRIDING SYSTEM VALUE VALUES (309,128,'false',false,'');
INSERT INTO Question (id,realmId,type,text,regDate,updateDate) OVERRIDING SYSTEM VALUE VALUES (129,4,2,'Когда сравнение объектов (==) возвращает true?',TIMESTAMP '1970-01-01 03:00:00',TIMESTAMP '1970-01-01 03:00:00');
	INSERT INTO Answer (id,questionId,text,correct,comment) OVERRIDING SYSTEM VALUE VALUES (310,129,'Тогда и только тогда, когда обе ссылки указывают на один и тот же объект, либо обе ссылки равны null.',true,'');
INSERT INTO Question (id,realmId,type,text,regDate,updateDate) OVERRIDING SYSTEM VALUE VALUES (130,4,0,'Инструкция Java (<em>statement</em>) - часть кода, которая заканчивается точкой с запятой <strong>;</strong>',TIMESTAMP '1970-01-01 03:00:00',TIMESTAMP '1970-01-01 03:00:00');
INSERT INTO Question (id,realmId,type,text,regDate,updateDate) OVERRIDING SYSTEM VALUE VALUES (131,4,0,'На экзамене часто пытаются запутать экзаменуемого отступами. Например, в примере<br /><br />if(hourOfDay &lt; 11)<br />&nbsp; System.out.println("Good Morning");<br />&nbsp;&nbsp;morningGreetingCount++;<br /><br />может показаться, что инкремент выполнится только при выполнении условия, хотя на самом деле он выполняется всегда.',TIMESTAMP '1970-01-01 03:00:00',TIMESTAMP '1970-01-01 03:00:00');
INSERT INTO Question (id,realmId,type,text,regDate,updateDate) OVERRIDING SYSTEM VALUE VALUES (132,4,2,'Скомпилируется ли следующий код, и если нет, то почему?<br /><br />if(hourOfDay &lt; 15) {<br />&nbsp;System.out.println("Good Afternoon");<br />} else if(hourOfDay &lt; 11) {<br />&nbsp;System.out.println("Good Morning");<br />} else {<br />&nbsp;System.out.println("Good Evening");<br />}',TIMESTAMP '1970-01-01 03:00:00',TIMESTAMP '1970-01-01 03:00:00');
	INSERT INTO Answer (id,questionId,text,correct,comment) OVERRIDING SYSTEM VALUE VALUES (311,132,'Скомпилируется. Несмотря на то, что условие во втором if никогда не выполнится (оно поглощено условием в первом if), компилятор не возьмет на себя смелость детектировать недостижимый код.',true,'');
INSERT INTO Question (id,realmId,type,text,regDate,updateDate) OVERRIDING SYSTEM VALUE VALUES (133,4,0,'Выражения в тернарном операторе должны возвращать значения:<br /><br />int hourOfDay = 9;<br />System.out.println(hourOfDay &lt; 15 ? 4 : "bbb");<br />System.out.println(hourOfDay &lt; 15 ?&nbsp;System.out.println() : "bbb"); //DOESN''T COMPILE',TIMESTAMP '1970-01-01 03:00:00',TIMESTAMP '1970-01-01 03:00:00');
INSERT INTO Question (id,realmId,type,text,regDate,updateDate) OVERRIDING SYSTEM VALUE VALUES (134,4,0,'<p>В тернарном операторе вычисляется только то выражение, которому передается выполнение исходя из условия:<br /><br />int y = 1;<br />int z = 1;<br />final int x = y&lt;10 ? y++ : z++;<br />System.out.println(y+","+z); // Outputs 2,1</p>
<p>int y = 1;<br />int z = 1;<br />final int x = y&gt;=10 ? y++ : z++;<br />System.out.println(y+","+z); // Outputs 1,2</p>',TIMESTAMP '1970-01-01 03:00:00',TIMESTAMP '1970-01-01 03:00:00');
INSERT INTO Question (id,realmId,type,text,regDate,updateDate) OVERRIDING SYSTEM VALUE VALUES (135,4,2,'Какие типы допустимы для переменной в конструкции switch?',TIMESTAMP '1970-01-01 03:00:00',TIMESTAMP '1970-01-01 03:00:00');
	INSERT INTO Answer (id,questionId,text,correct,comment) OVERRIDING SYSTEM VALUE VALUES (312,135,'1) Все целочисленные, кроме long<br />2) Перечислимые<br />3) Строки<br />4) Целочисленные классы обертки, кроме Long',true,'');
INSERT INTO Question (id,realmId,type,text,regDate,updateDate) OVERRIDING SYSTEM VALUE VALUES (136,4,2,'Какие значения могут участвовать в <strong>case</strong>?',TIMESTAMP '1970-01-01 03:00:00',TIMESTAMP '1970-01-01 03:00:00');
	INSERT INTO Answer (id,questionId,text,correct,comment) OVERRIDING SYSTEM VALUE VALUES (313,136,'Только константы, рассчитываемые на этапе компиляции, причем того же типа, что и выражение в switch:<br />1) литералы<br />2) константы перечислимых типов<br />3) константы с&nbsp;модификатором final',true,'');
INSERT INTO Question (id,realmId,type,text,regDate,updateDate) OVERRIDING SYSTEM VALUE VALUES (137,4,0,'final-константа - это переменная с модификатором <strong>final</strong>, инициализированная литералом в том же выражении, где объявлена.',TIMESTAMP '1970-01-01 03:00:00',TIMESTAMP '1970-01-01 03:00:00');
INSERT INTO Question (id,realmId,type,text,regDate,updateDate) OVERRIDING SYSTEM VALUE VALUES (138,4,0,'В конструкции <strong>switch</strong> блок <strong>default</strong> может быть в любом месте (не обязательно в конце). Важно понимать, что выполнится он <span style="text-decoration: underline;">только</span> в том случае, если не подойдет ни одно значение из <strong>case</strong>. Однако если он не в конце и не имеет инструкции <strong>break</strong>, то выполнение после него перейдет следующему за ним <strong>case</strong>.',TIMESTAMP '1970-01-01 03:00:00',TIMESTAMP '1970-01-01 03:00:00');
INSERT INTO Question (id,realmId,type,text,regDate,updateDate) OVERRIDING SYSTEM VALUE VALUES (139,4,0,'В конструкциях while, do-while, for (включая for-each), как и в if, если тело цикла состоит из одного выражения, фигурные скобки можно опустить.',TIMESTAMP '1970-01-01 03:00:00',TIMESTAMP '1970-01-01 03:00:00');
INSERT INTO Question (id,realmId,type,text,regDate,updateDate) OVERRIDING SYSTEM VALUE VALUES (140,4,2,'Опишите синтаксис цикла do-while',TIMESTAMP '1970-01-01 03:00:00',TIMESTAMP '1970-01-01 03:00:00');
	INSERT INTO Answer (id,questionId,text,correct,comment) OVERRIDING SYSTEM VALUE VALUES (314,140,'do {<br />&nbsp; //body<br />} while (expression);',true,'');
INSERT INTO Question (id,realmId,type,text,regDate,updateDate) OVERRIDING SYSTEM VALUE VALUES (141,4,2,'Каково содержательное отличие циклов while и do-while?',TIMESTAMP '1970-01-01 03:00:00',TIMESTAMP '1970-01-01 03:00:00');
	INSERT INTO Answer (id,questionId,text,correct,comment) OVERRIDING SYSTEM VALUE VALUES (315,141,'В цикле do-while тело цикла выполнится по крайней мере 1 раз.',true,'');
INSERT INTO Question (id,realmId,type,text,regDate,updateDate) OVERRIDING SYSTEM VALUE VALUES (142,4,2,'Опишите синтаксис простого цикла for',TIMESTAMP '1970-01-01 03:00:00',TIMESTAMP '1970-01-01 03:00:00');
	INSERT INTO Answer (id,questionId,text,correct,comment) OVERRIDING SYSTEM VALUE VALUES (316,142,'for (initialization; booleanExpression; updateStatement) {<br />&nbsp;&nbsp; //body<br />}<br /><br />initialization и updateStatement могут состоять из нескольких выражений, разделенных запятыми',true,'');
INSERT INTO Question (id,realmId,type,text,regDate,updateDate) OVERRIDING SYSTEM VALUE VALUES (143,4,0,'Будьте внимательны, когда переменная, объявленная и инициализированная в заголовке цикла for, используется за пределами цикла - она там уже не видна.',TIMESTAMP '1970-01-01 03:00:00',TIMESTAMP '1970-01-01 03:00:00');
INSERT INTO Question (id,realmId,type,text,regDate,updateDate) OVERRIDING SYSTEM VALUE VALUES (144,4,0,'Переменная, объявленная <span style="text-decoration: underline;">до</span> цикла for и инициализированная в заголовке цикла, остается видимой за пределами цикла.',TIMESTAMP '1970-01-01 03:00:00',TIMESTAMP '1970-01-01 03:00:00');
INSERT INTO Question (id,realmId,type,text,regDate,updateDate) OVERRIDING SYSTEM VALUE VALUES (145,4,1,'Какие из нижеследующих фрагментов скомпилируются?',TIMESTAMP '1970-01-01 03:00:00',TIMESTAMP '1970-01-01 03:00:00');
	INSERT INTO Answer (id,questionId,text,correct,comment) OVERRIDING SYSTEM VALUE VALUES (320,145,'for (long y = 0, int x = 4; x &lt; 5 &amp;&amp; y&lt;10; x++, y++) { <br />&nbsp;&nbsp;&nbsp; System.out.print(x + " ");<br />}',false,'Все переменные в блоке инициализации цикла должны быть одного типа, <span style="text-decoration: underline;">если они там же и объявляются</span>.');
	INSERT INTO Answer (id,questionId,text,correct,comment) OVERRIDING SYSTEM VALUE VALUES (321,145,'for (long y = 0, x = 4; x &lt; 5 &amp;&amp; y &lt; 10; x++, y++) {<br />&nbsp;&nbsp;&nbsp; System.out.print(y + " ");<br />}<br />System.out.print(x);',false,'Попытка за пределами цикла обратиться к переменной, которая была объявлена в блоке инициализации цикла.');
	INSERT INTO Answer (id,questionId,text,correct,comment) OVERRIDING SYSTEM VALUE VALUES (317,145,'for ( ; ; ) {<br />&nbsp;&nbsp;&nbsp; System.out.println("Hello World");<br />}',true,'Способ&nbsp;организовать бесконечный цикл.');
	INSERT INTO Answer (id,questionId,text,correct,comment) OVERRIDING SYSTEM VALUE VALUES (318,145,'int x = 0;<br />for (long y = 0, z = 4; x &lt; 5 &amp;&amp; y &lt; 10; x++, y++) {<br />&nbsp;&nbsp;&nbsp; System.out.print(y + " ");<br />}<br />System.out.print(x);',true,'в секциях заголовка цикла for может использоваться более одной переменной');
	INSERT INTO Answer (id,questionId,text,correct,comment) OVERRIDING SYSTEM VALUE VALUES (319,145,'int x = 0;<br />for (long y = 0, x = 4; x &lt; 5 &amp;&amp; y &lt; 10; x++, y++) {<br />&nbsp;&nbsp;&nbsp; System.out.print(x + " ");<br />}',false,'Переменная <strong>x</strong> уже была объявлена до цикла, а в&nbsp;блоке инициализации&nbsp;цикла она опять объявляется.');
INSERT INTO Question (id,realmId,type,text,regDate,updateDate) OVERRIDING SYSTEM VALUE VALUES (146,4,2,'Опишите синтаксис цикла for-each',TIMESTAMP '1970-01-01 03:00:00',TIMESTAMP '1970-01-01 03:00:00');
	INSERT INTO Answer (id,questionId,text,correct,comment) OVERRIDING SYSTEM VALUE VALUES (322,146,'for(datatype instance : iterable collection) {<br />&nbsp;&nbsp;&nbsp; //body<br />}',true,'');
INSERT INTO Question (id,realmId,type,text,regDate,updateDate) OVERRIDING SYSTEM VALUE VALUES (147,4,0,'На экзамене OCA из всего Collections Framework требуется знание только List и ArrayList',TIMESTAMP '1970-01-01 03:00:00',TIMESTAMP '1970-01-01 03:00:00');
INSERT INTO Question (id,realmId,type,text,regDate,updateDate) OVERRIDING SYSTEM VALUE VALUES (148,0,2,'Какой код можно можно будет увидеть после компиляции и декомпиляции следующего кода, если <strong>names</strong> - массив String?<br /><br />for(String name : names) {<br />&nbsp;&nbsp;&nbsp; System.out.print(name + ", ");<br />}',TIMESTAMP '1970-01-01 03:00:00',TIMESTAMP '1970-01-01 03:00:00');
	INSERT INTO Answer (id,questionId,text,correct,comment) OVERRIDING SYSTEM VALUE VALUES (323,148,'for(int i=0; i &lt; names.length; i++) {<br />&nbsp;&nbsp;&nbsp; String name = names[i];<br />&nbsp;&nbsp;&nbsp; System.out.print(name + ", ");<br />}',true,'');
INSERT INTO Question (id,realmId,type,text,regDate,updateDate) OVERRIDING SYSTEM VALUE VALUES (149,0,2,'Какой код можно можно будет увидеть после компиляции и декомпиляции следующего кода, если <strong>values</strong>- это List?<br /><br />for(int value : values) {<br />&nbsp;&nbsp;&nbsp; System.out.print(value + ", ");<br />}',TIMESTAMP '1970-01-01 03:00:00',TIMESTAMP '1970-01-01 03:00:00');
	INSERT INTO Answer (id,questionId,text,correct,comment) OVERRIDING SYSTEM VALUE VALUES (324,149,'for(java.util.Iterator&lt;Integer&gt; i = values.iterator(); i.hasNext(); ) {<br />&nbsp;&nbsp;&nbsp; int value = i.next();<br />&nbsp;&nbsp;&nbsp; System.out.print(value + ", ");<br />}',true,'');
INSERT INTO Question (id,realmId,type,text,regDate,updateDate) OVERRIDING SYSTEM VALUE VALUES (150,4,0,'Одним из недостатков цикла for-each является то, что он скрывает переменную-итератор, поэтому некоторые задачи&nbsp;решать с помощью таких циклов оказывается не так удобно. Примеры:<br /><br />1) разделение запятыми элементов коллекции&nbsp;(нельзя определить, где начало и конец перебора).<br />2) обращение во время одной итерации к нескольким элементам коллекции (нельзя обратиться по индексу)',TIMESTAMP '1970-01-01 03:00:00',TIMESTAMP '1970-01-01 03:00:00');
INSERT INTO Question (id,realmId,type,text,regDate,updateDate) OVERRIDING SYSTEM VALUE VALUES (151,4,2,'Что такое метка в Java?',TIMESTAMP '1970-01-01 03:00:00',TIMESTAMP '1970-01-01 03:00:00');
	INSERT INTO Answer (id,questionId,text,correct,comment) OVERRIDING SYSTEM VALUE VALUES (325,151,'Метка (<em>label</em>) - это опциональный указатель в начале Java-инструкции, который позволяет потоку приложения "перепрыгнуть" к определенному месту программы или прервать программу с определенного места. Правила именования такие же, как для переменных. Используются только при работе с вложенными циклами. Общепринятая практика именования - заглавные буквы, разделенные подчеркиванием.',true,'');
INSERT INTO Question (id,realmId,type,text,regDate,updateDate) OVERRIDING SYSTEM VALUE VALUES (152,4,2,'Опишите синтаксис цикла while с метками и выражением <em>break</em>.',TIMESTAMP '1970-01-01 03:00:00',TIMESTAMP '1970-01-01 03:00:00');
	INSERT INTO Answer (id,questionId,text,correct,comment) OVERRIDING SYSTEM VALUE VALUES (326,152,'optionalLabel: while(booleanExpression) {<br />&nbsp;&nbsp;&nbsp; //body<br />&nbsp;&nbsp;&nbsp; //somewhere in loop<br />&nbsp;&nbsp;&nbsp; break optionalLabel;<br />}',true,'');
INSERT INTO Question (id,realmId,type,text,regDate,updateDate) OVERRIDING SYSTEM VALUE VALUES (153,4,2,'Чем <em>continue</em> отличается от <em>break</em>? А чем похоже?',TIMESTAMP '1970-01-01 03:00:00',TIMESTAMP '1970-01-01 03:00:00');
	INSERT INTO Answer (id,questionId,text,correct,comment) OVERRIDING SYSTEM VALUE VALUES (327,153,'<em>break</em> прерывает цикл, на который ссылается (либо текущий, если метка не указана).<br /><em>continue</em> передает управление&nbsp;проверке условия выполнения цикла, на который ссылается (либо текущего цикла, если метка не указана). Фактически, <em>continue</em> прерывает текущую итерацию цикла.<br />Сходство состоит в том, что синтаксис использования <em>break</em> и <em>continue </em>одинаковый, так же как и логика выбора адресного цикла в зависимости от наличия/отсутствия метки.',true,'');
INSERT INTO Question (id,realmId,type,text,regDate,updateDate) OVERRIDING SYSTEM VALUE VALUES (154,4,2,'<p>Где могут быть использованы метки, <em>break</em>, <em>continue</em>?</p>',TIMESTAMP '1970-01-01 03:00:00',TIMESTAMP '1970-01-01 03:00:00');
	INSERT INTO Answer (id,questionId,text,correct,comment) OVERRIDING SYSTEM VALUE VALUES (328,154,'Метки допустимы перед любой Java-инструкцией, в том числе перед блоком&nbsp;(но использовать их не надо).<br /><em>break</em> с меткой допустим внутри блока, если&nbsp;какой-то из окружающих блоков (либо управляющая конструкция, открывающая блок) помечен этой меткой.<br /><em>break</em> без метки допустим внутри цикла или <em>switch</em>.<br /><em>continue</em> допустим внутри цикла.',true,'');
INSERT INTO Question (id,realmId,type,text,regDate,updateDate) OVERRIDING SYSTEM VALUE VALUES (155,4,1,'Which of the following Java operators can be used with boolean variables? (Choose all that apply)',TIMESTAMP '1970-01-01 03:00:00',TIMESTAMP '1970-01-01 03:00:00');
	INSERT INTO Answer (id,questionId,text,correct,comment) OVERRIDING SYSTEM VALUE VALUES (329,155,'==',true,'');
	INSERT INTO Answer (id,questionId,text,correct,comment) OVERRIDING SYSTEM VALUE VALUES (330,155,'+',false,'');
	INSERT INTO Answer (id,questionId,text,correct,comment) OVERRIDING SYSTEM VALUE VALUES (331,155,'--',false,'');
	INSERT INTO Answer (id,questionId,text,correct,comment) OVERRIDING SYSTEM VALUE VALUES (332,155,'!',true,'');
	INSERT INTO Answer (id,questionId,text,correct,comment) OVERRIDING SYSTEM VALUE VALUES (333,155,'%',false,'');
	INSERT INTO Answer (id,questionId,text,correct,comment) OVERRIDING SYSTEM VALUE VALUES (334,155,'&lt;=',false,'');
INSERT INTO Question (id,realmId,type,text,regDate,updateDate) OVERRIDING SYSTEM VALUE VALUES (156,4,1,'What data type (or types) will allow the following code snippet to compile? (Choose all that apply)<br /><br />byte x = 5;<br />byte y = 10;<br />_____ z = x + y;',TIMESTAMP '1970-01-01 03:00:00',TIMESTAMP '1970-01-01 03:00:00');
	INSERT INTO Answer (id,questionId,text,correct,comment) OVERRIDING SYSTEM VALUE VALUES (336,156,'long',true,'Сумма x+y имеет тип int. Может быть автоматически преобразовано к long.');
	INSERT INTO Answer (id,questionId,text,correct,comment) OVERRIDING SYSTEM VALUE VALUES (337,156,'boolean',false,'нельзя положить число в boolean');
	INSERT INTO Answer (id,questionId,text,correct,comment) OVERRIDING SYSTEM VALUE VALUES (338,156,'double',true,'Сумма x+y имеет тип int. Может быть автоматически преобразовано к double');
	INSERT INTO Answer (id,questionId,text,correct,comment) OVERRIDING SYSTEM VALUE VALUES (339,156,'short',false,'Сумма x+y имеет тип int. Для преобразования к short требуется явный кастинг');
	INSERT INTO Answer (id,questionId,text,correct,comment) OVERRIDING SYSTEM VALUE VALUES (340,156,'byte',false,'Сумма x+y имеет тип int. Для преобразования к byte требуется явный кастинг');
	INSERT INTO Answer (id,questionId,text,correct,comment) OVERRIDING SYSTEM VALUE VALUES (335,156,'int',true,'Сумма x+y имеет тип int.');
INSERT INTO Question (id,realmId,type,text,regDate,updateDate) OVERRIDING SYSTEM VALUE VALUES (157,4,1,'<p>What is the output of the following application?</p>
<p>1: public class CompareValues {<br />2:&nbsp;&nbsp;&nbsp;&nbsp; public static void main(String[] args) {<br />3:&nbsp;&nbsp;&nbsp;&nbsp;&nbsp;&nbsp;&nbsp;&nbsp; int x = 0;<br />4:&nbsp;&nbsp;&nbsp;&nbsp;&nbsp;&nbsp;&nbsp;&nbsp; while(x++ &lt; 10) {}<br />5:&nbsp;&nbsp;&nbsp;&nbsp;&nbsp;&nbsp;&nbsp;&nbsp; String message = x &gt; 10 ? "Greater than" : false;<br />6:&nbsp;&nbsp;&nbsp;&nbsp;&nbsp;&nbsp;&nbsp;&nbsp; System.out.println(message+","+x);<br />7:&nbsp;&nbsp;&nbsp;&nbsp; }<br />8: }</p>',TIMESTAMP '1970-01-01 03:00:00',TIMESTAMP '1970-01-01 03:00:00');
	INSERT INTO Answer (id,questionId,text,correct,comment) OVERRIDING SYSTEM VALUE VALUES (341,157,'Greater than,10',false,'');
	INSERT INTO Answer (id,questionId,text,correct,comment) OVERRIDING SYSTEM VALUE VALUES (342,157,'false,10',false,'');
	INSERT INTO Answer (id,questionId,text,correct,comment) OVERRIDING SYSTEM VALUE VALUES (343,157,'Greater than,11',false,'');
	INSERT INTO Answer (id,questionId,text,correct,comment) OVERRIDING SYSTEM VALUE VALUES (344,157,'false,11',false,'');
	INSERT INTO Answer (id,questionId,text,correct,comment) OVERRIDING SYSTEM VALUE VALUES (345,157,'The code will not compile because of line 4.',false,'');
	INSERT INTO Answer (id,questionId,text,correct,comment) OVERRIDING SYSTEM VALUE VALUES (346,157,'The code will not compile because of line 5.',true,'false не может быть присвоено переменной типа String.');
INSERT INTO Question (id,realmId,type,text,regDate,updateDate) OVERRIDING SYSTEM VALUE VALUES (158,4,1,'<p>What change would allow the following code snippet to compile? (Choose all that apply)</p>
<p>3: long x = 10;<br />4: int y = 2 * x;</p>',TIMESTAMP '1970-01-01 03:00:00',TIMESTAMP '1970-01-01 03:00:00');
	INSERT INTO Answer (id,questionId,text,correct,comment) OVERRIDING SYSTEM VALUE VALUES (352,158,'Change the data type of y on line 4 to long.',true,'');
	INSERT INTO Answer (id,questionId,text,correct,comment) OVERRIDING SYSTEM VALUE VALUES (347,158,'No change; it compiles as is.',false,'не получится; операнды в бинарном арифметическом операторе (равно как и значение всего выражения) приводятся к максимальному из них');
	INSERT INTO Answer (id,questionId,text,correct,comment) OVERRIDING SYSTEM VALUE VALUES (348,158,'Cast x on line 4 to int.',true,'');
	INSERT INTO Answer (id,questionId,text,correct,comment) OVERRIDING SYSTEM VALUE VALUES (349,158,'Change the data type of x on line 3 to short.',true,'');
	INSERT INTO Answer (id,questionId,text,correct,comment) OVERRIDING SYSTEM VALUE VALUES (350,158,'Cast 2 * x on line 4 to int.',true,'');
	INSERT INTO Answer (id,questionId,text,correct,comment) OVERRIDING SYSTEM VALUE VALUES (351,158,'Change the data type of y on line 4 to short.',false,'');
INSERT INTO Question (id,realmId,type,text,regDate,updateDate) OVERRIDING SYSTEM VALUE VALUES (159,4,1,'What is the output of the following code snippet?<br /><br />3: java.util.List&lt;Integer&gt; list = new java.util.ArrayList&lt;Integer&gt;();<br />4: list.add(10);<br />5: list.add(14);<br />6: for(int x : list) {<br />7:&nbsp;&nbsp;&nbsp;&nbsp; System.out.print(x + ", ");<br />8:&nbsp;&nbsp;&nbsp;&nbsp; break;<br />9: }',TIMESTAMP '1970-01-01 03:00:00',TIMESTAMP '1970-01-01 03:00:00');
	INSERT INTO Answer (id,questionId,text,correct,comment) OVERRIDING SYSTEM VALUE VALUES (353,159,'10, 14,',false,'');
	INSERT INTO Answer (id,questionId,text,correct,comment) OVERRIDING SYSTEM VALUE VALUES (354,159,'10, 14',false,'');
	INSERT INTO Answer (id,questionId,text,correct,comment) OVERRIDING SYSTEM VALUE VALUES (355,159,'10,',true,'');
	INSERT INTO Answer (id,questionId,text,correct,comment) OVERRIDING SYSTEM VALUE VALUES (356,159,'The code will not compile because of line 7.',false,'На самом деле код скомпилируется, так как если один из операндов сложения является строкой, то происходит конкатенация');
	INSERT INTO Answer (id,questionId,text,correct,comment) OVERRIDING SYSTEM VALUE VALUES (357,159,'The code will not compile because of line 8.',false,'');
	INSERT INTO Answer (id,questionId,text,correct,comment) OVERRIDING SYSTEM VALUE VALUES (358,159,'The code contains an infinite loop and does not terminate.',false,'');
INSERT INTO Question (id,realmId,type,text,regDate,updateDate) OVERRIDING SYSTEM VALUE VALUES (160,4,1,'<p>What is the output of the following code snippet?</p>
<p>3: int x = 4;<br />4: long y = x * 4 - x++;<br />5: if(y&lt;10) System.out.println("Too Low");<br />6: else System.out.println("Just Right");<br />7: else System.out.println("Too High");</p>',TIMESTAMP '1970-01-01 03:00:00',TIMESTAMP '1970-01-01 03:00:00');
	INSERT INTO Answer (id,questionId,text,correct,comment) OVERRIDING SYSTEM VALUE VALUES (359,160,'Too Low',false,'');
	INSERT INTO Answer (id,questionId,text,correct,comment) OVERRIDING SYSTEM VALUE VALUES (360,160,'Just Right',false,'');
	INSERT INTO Answer (id,questionId,text,correct,comment) OVERRIDING SYSTEM VALUE VALUES (361,160,'Too High',false,'');
	INSERT INTO Answer (id,questionId,text,correct,comment) OVERRIDING SYSTEM VALUE VALUES (362,160,'Compiles but throws a NullPointerException.',false,'');
	INSERT INTO Answer (id,questionId,text,correct,comment) OVERRIDING SYSTEM VALUE VALUES (363,160,'The code will not compile because of line 6.',false,'');
	INSERT INTO Answer (id,questionId,text,correct,comment) OVERRIDING SYSTEM VALUE VALUES (364,160,'The code will not compile because of line 7.',true,'одинокий else');
INSERT INTO Question (id,realmId,type,text,regDate,updateDate) OVERRIDING SYSTEM VALUE VALUES (161,4,1,'<p>What is the output of the following code?</p>
<p>1: public class TernaryTester {<br />2:&nbsp;&nbsp;&nbsp;&nbsp; public static void main(String[] args) {<br />3:&nbsp;&nbsp;&nbsp;&nbsp;&nbsp;&nbsp;&nbsp;&nbsp; int x = 5;<br />4:&nbsp;&nbsp;&nbsp;&nbsp;&nbsp;&nbsp;&nbsp;&nbsp; System.out.println(x &gt; 2 ? x &lt; 4 ? 10 : 8 : 7);<br />5: }}</p>',TIMESTAMP '1970-01-01 03:00:00',TIMESTAMP '1970-01-01 03:00:00');
	INSERT INTO Answer (id,questionId,text,correct,comment) OVERRIDING SYSTEM VALUE VALUES (368,161,'8',true,'Вложенные тернарные операторы не требуют скобок');
	INSERT INTO Answer (id,questionId,text,correct,comment) OVERRIDING SYSTEM VALUE VALUES (369,161,'7',false,'');
	INSERT INTO Answer (id,questionId,text,correct,comment) OVERRIDING SYSTEM VALUE VALUES (370,161,'The code will not compile because of line 4.',false,'');
	INSERT INTO Answer (id,questionId,text,correct,comment) OVERRIDING SYSTEM VALUE VALUES (365,161,'5',false,'');
	INSERT INTO Answer (id,questionId,text,correct,comment) OVERRIDING SYSTEM VALUE VALUES (366,161,'4',false,'');
	INSERT INTO Answer (id,questionId,text,correct,comment) OVERRIDING SYSTEM VALUE VALUES (367,161,'10',false,'');
INSERT INTO Question (id,realmId,type,text,regDate,updateDate) OVERRIDING SYSTEM VALUE VALUES (162,4,1,'<p>What is the output of the following code snippet?</p>
<p>3: boolean x = true, z = true;<br />4: int y = 20;<br />5: x = (y != 10) ^ (z=false);<br />6: System.out.println(x+", "+y+", "+z);</p>',TIMESTAMP '1970-01-01 03:00:00',TIMESTAMP '1970-01-01 03:00:00');
	INSERT INTO Answer (id,questionId,text,correct,comment) OVERRIDING SYSTEM VALUE VALUES (371,162,'true, 10, true',false,'');
	INSERT INTO Answer (id,questionId,text,correct,comment) OVERRIDING SYSTEM VALUE VALUES (372,162,'true, 20, false',true,'');
	INSERT INTO Answer (id,questionId,text,correct,comment) OVERRIDING SYSTEM VALUE VALUES (373,162,'false, 20, true',false,'');
	INSERT INTO Answer (id,questionId,text,correct,comment) OVERRIDING SYSTEM VALUE VALUES (374,162,'false, 20, false',false,'');
	INSERT INTO Answer (id,questionId,text,correct,comment) OVERRIDING SYSTEM VALUE VALUES (375,162,'The code will not compile because of line 5.',false,'');
INSERT INTO Question (id,realmId,type,text,regDate,updateDate) OVERRIDING SYSTEM VALUE VALUES (163,4,1,'<p>How many times will the following code print "Hello World"?</p>
<p>3: for(int i=0; i&lt;10 ; ) {<br />4:&nbsp;&nbsp;&nbsp;&nbsp; i = i++;<br />5:&nbsp;&nbsp;&nbsp;&nbsp; System.out.println("Hello World");<br />6: }</p>',TIMESTAMP '1970-01-01 03:00:00',TIMESTAMP '1970-01-01 03:00:00');
	INSERT INTO Answer (id,questionId,text,correct,comment) OVERRIDING SYSTEM VALUE VALUES (376,163,'9',false,'');
	INSERT INTO Answer (id,questionId,text,correct,comment) OVERRIDING SYSTEM VALUE VALUES (377,163,'10',false,'');
	INSERT INTO Answer (id,questionId,text,correct,comment) OVERRIDING SYSTEM VALUE VALUES (378,163,'11',false,'');
	INSERT INTO Answer (id,questionId,text,correct,comment) OVERRIDING SYSTEM VALUE VALUES (379,163,'The code will not compile because of line 3.',false,'');
	INSERT INTO Answer (id,questionId,text,correct,comment) OVERRIDING SYSTEM VALUE VALUES (380,163,'The code will not compile because of line 5.',false,'');
	INSERT INTO Answer (id,questionId,text,correct,comment) OVERRIDING SYSTEM VALUE VALUES (381,163,'The code contains an infinite loop and does not terminate.',true,'Очень хитро здесь работает инкремент. 1) сначала он берется старый 2) потом инкрементируется на единицу и 3!!!) ранее взятое старое значение кладется в переменную, тем самым отменяя инкремент!');
INSERT INTO Question (id,realmId,type,text,regDate,updateDate) OVERRIDING SYSTEM VALUE VALUES (164,4,1,'<p>What is the output of the following code?</p>
<p>3: byte a = 40, b = 50;<br />4: byte sum = (byte) a + b;<br />5: System.out.println(sum);</p>',TIMESTAMP '1970-01-01 03:00:00',TIMESTAMP '1970-01-01 03:00:00');
	INSERT INTO Answer (id,questionId,text,correct,comment) OVERRIDING SYSTEM VALUE VALUES (384,164,'90',false,'');
	INSERT INTO Answer (id,questionId,text,correct,comment) OVERRIDING SYSTEM VALUE VALUES (385,164,'The code will not compile because of line 4.',true,'Оператор кастинга имеет наивысший приоритет, поэтому он&nbsp;приводит&nbsp;к byte&nbsp;только a.');
	INSERT INTO Answer (id,questionId,text,correct,comment) OVERRIDING SYSTEM VALUE VALUES (386,164,'An undefined value.',false,'');
	INSERT INTO Answer (id,questionId,text,correct,comment) OVERRIDING SYSTEM VALUE VALUES (382,164,'40',false,'');
	INSERT INTO Answer (id,questionId,text,correct,comment) OVERRIDING SYSTEM VALUE VALUES (383,164,'50',false,'');
INSERT INTO Question (id,realmId,type,text,regDate,updateDate) OVERRIDING SYSTEM VALUE VALUES (165,4,1,'What is the output of the following code?<br /><br />1: public class ArithmeticSample {<br />2:&nbsp;&nbsp;&nbsp;&nbsp; public static void main(String[] args) {<br />3:&nbsp;&nbsp;&nbsp;&nbsp;&nbsp;&nbsp;&nbsp;&nbsp; int x = 5 * 4 % 3;<br />4:&nbsp;&nbsp;&nbsp;&nbsp;&nbsp;&nbsp;&nbsp;&nbsp; System.out.println(x);<br />5: }}',TIMESTAMP '1970-01-01 03:00:00',TIMESTAMP '1970-01-01 03:00:00');
	INSERT INTO Answer (id,questionId,text,correct,comment) OVERRIDING SYSTEM VALUE VALUES (387,165,'2',true,'');
	INSERT INTO Answer (id,questionId,text,correct,comment) OVERRIDING SYSTEM VALUE VALUES (388,165,'3',false,'');
	INSERT INTO Answer (id,questionId,text,correct,comment) OVERRIDING SYSTEM VALUE VALUES (389,165,'5',false,'');
	INSERT INTO Answer (id,questionId,text,correct,comment) OVERRIDING SYSTEM VALUE VALUES (390,165,'6',false,'');
	INSERT INTO Answer (id,questionId,text,correct,comment) OVERRIDING SYSTEM VALUE VALUES (391,165,'The code will not compile because of line 3.',false,'');
INSERT INTO Question (id,realmId,type,text,regDate,updateDate) OVERRIDING SYSTEM VALUE VALUES (166,4,1,'What is the output of the following code snippet?<br /><br />3: int x = 0;<br />4: String s = null;<br />5: if(x == s) System.out.println("Success");<br />6: else System.out.println("Failure");',TIMESTAMP '1970-01-01 03:00:00',TIMESTAMP '1970-01-01 03:00:00');
	INSERT INTO Answer (id,questionId,text,correct,comment) OVERRIDING SYSTEM VALUE VALUES (392,166,'Success',false,'');
	INSERT INTO Answer (id,questionId,text,correct,comment) OVERRIDING SYSTEM VALUE VALUES (393,166,'Failure',false,'');
	INSERT INTO Answer (id,questionId,text,correct,comment) OVERRIDING SYSTEM VALUE VALUES (394,166,'The code will not compile because of line 4.',false,'');
	INSERT INTO Answer (id,questionId,text,correct,comment) OVERRIDING SYSTEM VALUE VALUES (395,166,'The code will not compile because of line 5.',true,'Нельзя сравнивать объектный тип с примитивным.');
INSERT INTO Question (id,realmId,type,text,regDate,updateDate) OVERRIDING SYSTEM VALUE VALUES (167,4,1,'What is the output of the following code snippet?<br /><br />3: int x1 = 50, x2 = 75;<br />4: boolean b = x1 &gt;= x2;<br />5: if(b = true) System.out.println("Success");<br />6: else System.out.println("Failure");',TIMESTAMP '1970-01-01 03:00:00',TIMESTAMP '1970-01-01 03:00:00');
	INSERT INTO Answer (id,questionId,text,correct,comment) OVERRIDING SYSTEM VALUE VALUES (396,167,'Success',true,'');
	INSERT INTO Answer (id,questionId,text,correct,comment) OVERRIDING SYSTEM VALUE VALUES (397,167,'Failure',false,'');
	INSERT INTO Answer (id,questionId,text,correct,comment) OVERRIDING SYSTEM VALUE VALUES (398,167,'The code will not compile because of line 4.',false,'');
	INSERT INTO Answer (id,questionId,text,correct,comment) OVERRIDING SYSTEM VALUE VALUES (399,167,'The code will not compile because of line 5.',false,'');
INSERT INTO Question (id,realmId,type,text,regDate,updateDate) OVERRIDING SYSTEM VALUE VALUES (168,4,1,'What is the output of the following code snippet?<br /><br />3: int c = 7;<br />4: int result = 4;<br />5: result += ++c;<br />6: System.out.println(result);',TIMESTAMP '1970-01-01 03:00:00',TIMESTAMP '1970-01-01 03:00:00');
	INSERT INTO Answer (id,questionId,text,correct,comment) OVERRIDING SYSTEM VALUE VALUES (400,168,'8',false,'');
	INSERT INTO Answer (id,questionId,text,correct,comment) OVERRIDING SYSTEM VALUE VALUES (401,168,'11',false,'');
	INSERT INTO Answer (id,questionId,text,correct,comment) OVERRIDING SYSTEM VALUE VALUES (402,168,'12',true,'');
	INSERT INTO Answer (id,questionId,text,correct,comment) OVERRIDING SYSTEM VALUE VALUES (403,168,'15',false,'');
	INSERT INTO Answer (id,questionId,text,correct,comment) OVERRIDING SYSTEM VALUE VALUES (404,168,'16',false,'');
	INSERT INTO Answer (id,questionId,text,correct,comment) OVERRIDING SYSTEM VALUE VALUES (405,168,'The code will not compile because of line 5.',false,'');
INSERT INTO Question (id,realmId,type,text,regDate,updateDate) OVERRIDING SYSTEM VALUE VALUES (169,4,1,'What is the output of the following code snippet?<br /><br />3: int x = 1, y = 15;<br />4: while x &lt; 10<br />5:&nbsp;&nbsp;&nbsp;&nbsp; y&ndash;&ndash;;<br />6:&nbsp;&nbsp;&nbsp;&nbsp; x++;<br />7: System.out.println(x+", "+y);',TIMESTAMP '1970-01-01 03:00:00',TIMESTAMP '1970-01-01 03:00:00');
	INSERT INTO Answer (id,questionId,text,correct,comment) OVERRIDING SYSTEM VALUE VALUES (406,169,'10, 5',false,'');
	INSERT INTO Answer (id,questionId,text,correct,comment) OVERRIDING SYSTEM VALUE VALUES (407,169,'10, 6',false,'');
	INSERT INTO Answer (id,questionId,text,correct,comment) OVERRIDING SYSTEM VALUE VALUES (408,169,'11, 5',false,'');
	INSERT INTO Answer (id,questionId,text,correct,comment) OVERRIDING SYSTEM VALUE VALUES (409,169,'The code will not compile because of line 3.',false,'');
	INSERT INTO Answer (id,questionId,text,correct,comment) OVERRIDING SYSTEM VALUE VALUES (410,169,'The code will not compile because of line 4.',true,'');
	INSERT INTO Answer (id,questionId,text,correct,comment) OVERRIDING SYSTEM VALUE VALUES (411,169,'The code contains an infinite loop and does not terminate.',false,'');
INSERT INTO Question (id,realmId,type,text,regDate,updateDate) OVERRIDING SYSTEM VALUE VALUES (170,4,1,'What is the output of the following code snippet?<br /><br />3: do {<br />4:&nbsp;&nbsp;&nbsp;&nbsp; int y = 1;<br />5:&nbsp;&nbsp;&nbsp;&nbsp; System.out.print(y++ + " ");<br />6: } while(y &lt;= 10);',TIMESTAMP '1970-01-01 03:00:00',TIMESTAMP '1970-01-01 03:00:00');
	INSERT INTO Answer (id,questionId,text,correct,comment) OVERRIDING SYSTEM VALUE VALUES (416,170,'The code contains an infinite loop and does not terminate.',false,'');
	INSERT INTO Answer (id,questionId,text,correct,comment) OVERRIDING SYSTEM VALUE VALUES (412,170,'1 2 3 4 5 6 7 8 9',false,'');
	INSERT INTO Answer (id,questionId,text,correct,comment) OVERRIDING SYSTEM VALUE VALUES (413,170,'1 2 3 4 5 6 7 8 9 10',false,'');
	INSERT INTO Answer (id,questionId,text,correct,comment) OVERRIDING SYSTEM VALUE VALUES (414,170,'1 2 3 4 5 6 7 8 9 10 11',false,'');
	INSERT INTO Answer (id,questionId,text,correct,comment) OVERRIDING SYSTEM VALUE VALUES (415,170,'The code will not compile because of line 6.',true,'');
INSERT INTO Question (id,realmId,type,text,regDate,updateDate) OVERRIDING SYSTEM VALUE VALUES (171,4,1,'What is the output of the following code snippet?<br /><br />3: boolean keepGoing = true;<br />4: int result = 15, i = 10;<br />5: do {<br />6:&nbsp;&nbsp;&nbsp;&nbsp; i--;<br />7:&nbsp;&nbsp;&nbsp;&nbsp; if(i==8) keepGoing = false;<br />8:&nbsp;&nbsp;&nbsp;&nbsp; result -= 2;<br />9: } while(keepGoing);<br />10: System.out.println(result);',TIMESTAMP '1970-01-01 03:00:00',TIMESTAMP '1970-01-01 03:00:00');
	INSERT INTO Answer (id,questionId,text,correct,comment) OVERRIDING SYSTEM VALUE VALUES (417,171,'7',false,'');
	INSERT INTO Answer (id,questionId,text,correct,comment) OVERRIDING SYSTEM VALUE VALUES (418,171,'9',false,'');
	INSERT INTO Answer (id,questionId,text,correct,comment) OVERRIDING SYSTEM VALUE VALUES (419,171,'10',false,'');
	INSERT INTO Answer (id,questionId,text,correct,comment) OVERRIDING SYSTEM VALUE VALUES (420,171,'11',true,'');
	INSERT INTO Answer (id,questionId,text,correct,comment) OVERRIDING SYSTEM VALUE VALUES (421,171,'15',false,'');
	INSERT INTO Answer (id,questionId,text,correct,comment) OVERRIDING SYSTEM VALUE VALUES (422,171,'The code will not compile because of line 8.',false,'');
INSERT INTO Question (id,realmId,type,text,regDate,updateDate) OVERRIDING SYSTEM VALUE VALUES (172,4,1,'What is the output of the following code snippet?<br /><br />3: int count = 0;<br />4: ROW_LOOP: for(int row = 1; row &lt;=3; row++)<br />5:&nbsp;&nbsp;&nbsp;&nbsp; for(int col = 1; col &lt;=2 ; col++) {<br />6:&nbsp;&nbsp;&nbsp;&nbsp;&nbsp;&nbsp;&nbsp;&nbsp; if(row * col % 2 == 0) continue ROW_LOOP;<br />7:&nbsp;&nbsp;&nbsp;&nbsp;&nbsp;&nbsp;&nbsp;&nbsp; count++;<br />8:&nbsp;&nbsp;&nbsp;&nbsp; }<br />9: System.out.println(count);',TIMESTAMP '1970-01-01 03:00:00',TIMESTAMP '1970-01-01 03:00:00');
	INSERT INTO Answer (id,questionId,text,correct,comment) OVERRIDING SYSTEM VALUE VALUES (423,172,'1',false,'');
	INSERT INTO Answer (id,questionId,text,correct,comment) OVERRIDING SYSTEM VALUE VALUES (424,172,'2',true,'');
	INSERT INTO Answer (id,questionId,text,correct,comment) OVERRIDING SYSTEM VALUE VALUES (425,172,'3',false,'');
	INSERT INTO Answer (id,questionId,text,correct,comment) OVERRIDING SYSTEM VALUE VALUES (426,172,'4',false,'');
	INSERT INTO Answer (id,questionId,text,correct,comment) OVERRIDING SYSTEM VALUE VALUES (427,172,'6',false,'');
	INSERT INTO Answer (id,questionId,text,correct,comment) OVERRIDING SYSTEM VALUE VALUES (428,172,'The code will not compile because of line 6.',false,'');
INSERT INTO Question (id,realmId,type,text,regDate,updateDate) OVERRIDING SYSTEM VALUE VALUES (173,4,1,'What is the result of the following code snippet?<br /><br />3: int m = 9, n = 1, x = 0;<br />4: while(m &gt; n) {<br />5:&nbsp;&nbsp;&nbsp;&nbsp; m--;<br />6:&nbsp;&nbsp;&nbsp;&nbsp; n += 2;<br />7:&nbsp;&nbsp;&nbsp;&nbsp; x += m + n;<br />8: }<br />9: System.out.println(x);',TIMESTAMP '1970-01-01 03:00:00',TIMESTAMP '1970-01-01 03:00:00');
	INSERT INTO Answer (id,questionId,text,correct,comment) OVERRIDING SYSTEM VALUE VALUES (432,173,'36',true,'');
	INSERT INTO Answer (id,questionId,text,correct,comment) OVERRIDING SYSTEM VALUE VALUES (433,173,'50',false,'');
	INSERT INTO Answer (id,questionId,text,correct,comment) OVERRIDING SYSTEM VALUE VALUES (434,173,'The code will not compile because of line 7.',false,'');
	INSERT INTO Answer (id,questionId,text,correct,comment) OVERRIDING SYSTEM VALUE VALUES (429,173,'11',false,'');
	INSERT INTO Answer (id,questionId,text,correct,comment) OVERRIDING SYSTEM VALUE VALUES (430,173,'13',false,'');
	INSERT INTO Answer (id,questionId,text,correct,comment) OVERRIDING SYSTEM VALUE VALUES (431,173,'23',false,'');
INSERT INTO Question (id,realmId,type,text,regDate,updateDate) OVERRIDING SYSTEM VALUE VALUES (174,4,1,'<p>What is the result of the following code snippet?</p>
<p>3: final char a = ''A'', d = ''D'';<br />4: char grade = ''B'';<br />5: switch(grade) {<br />6:&nbsp;&nbsp;&nbsp;&nbsp; case a:<br />7:&nbsp;&nbsp;&nbsp;&nbsp; case ''B'': System.out.print("great");<br />8:&nbsp;&nbsp;&nbsp;&nbsp; case ''C'': System.out.print("good"); break;<br />9:&nbsp;&nbsp;&nbsp;&nbsp; case d:<br />10:&nbsp;&nbsp;&nbsp;case ''F'': System.out.print("not good");<br />11: }</p>',TIMESTAMP '1970-01-01 03:00:00',TIMESTAMP '1970-01-01 03:00:00');
	INSERT INTO Answer (id,questionId,text,correct,comment) OVERRIDING SYSTEM VALUE VALUES (435,174,'great',false,'');
	INSERT INTO Answer (id,questionId,text,correct,comment) OVERRIDING SYSTEM VALUE VALUES (436,174,'greatgood',true,'');
	INSERT INTO Answer (id,questionId,text,correct,comment) OVERRIDING SYSTEM VALUE VALUES (437,174,'The code will not compile because of line 3.',false,'');
	INSERT INTO Answer (id,questionId,text,correct,comment) OVERRIDING SYSTEM VALUE VALUES (438,174,'The code will not compile because of line 6.',false,'');
	INSERT INTO Answer (id,questionId,text,correct,comment) OVERRIDING SYSTEM VALUE VALUES (439,174,'The code will not compile because of lines 6 and 9.',false,'');
INSERT INTO Question (id,realmId,type,text,regDate,updateDate) OVERRIDING SYSTEM VALUE VALUES (175,4,2,'Назовите основные принципы использования оператора "+" с точки зрения конкатенации.',TIMESTAMP '1970-01-01 03:00:00',TIMESTAMP '1970-01-01 03:00:00');
	INSERT INTO Answer (id,questionId,text,correct,comment) OVERRIDING SYSTEM VALUE VALUES (440,175,'1. Если оба операнда числовые, то + обозначает сложение.<br />2. Если хотя бы один операнд - строка, + обозначает конкатенацию.<br />3. Выражение вычисляется слева направо. Например:<br /><br />System.out.println(1 + 2 + "c"); // 3c',true,'');
INSERT INTO Question (id,realmId,type,text,regDate,updateDate) OVERRIDING SYSTEM VALUE VALUES (176,4,2,'Каков будет вывод следующего кода?<br /><br />int three = 3;<br />String four = "4";<br />System.out.println(1 + 2 + three + four);',TIMESTAMP '1970-01-01 03:00:00',TIMESTAMP '1970-01-01 03:00:00');
	INSERT INTO Answer (id,questionId,text,correct,comment) OVERRIDING SYSTEM VALUE VALUES (441,176,'64',true,'');
INSERT INTO Question (id,realmId,type,text,regDate,updateDate) OVERRIDING SYSTEM VALUE VALUES (177,4,2,'Каков будет результат работы следующего кода?<br /><br />4: String s = "1";<br />5: s += "2";<br />6: s += 3;<br />7: System.out.println(s);',TIMESTAMP '1970-01-01 03:00:00',TIMESTAMP '1970-01-01 03:00:00');
	INSERT INTO Answer (id,questionId,text,correct,comment) OVERRIDING SYSTEM VALUE VALUES (442,177,'123',true,'');
INSERT INTO Question (id,realmId,type,text,regDate,updateDate) OVERRIDING SYSTEM VALUE VALUES (178,4,2,'Каким должен быть неизменяемый (immutable) класс?',TIMESTAMP '1970-01-01 03:00:00',TIMESTAMP '1970-01-01 03:00:00');
	INSERT INTO Answer (id,questionId,text,correct,comment) OVERRIDING SYSTEM VALUE VALUES (443,178,'1) иметь только геттеры<br />2) быть объявленным final (чтобы наследники не могли изменить неизменяемое поведение)',true,'');
INSERT INTO Question (id,realmId,type,text,regDate,updateDate) OVERRIDING SYSTEM VALUE VALUES (179,4,2,'Что выведет следующий код?<br /><br />String s1 = "1";<br />String s2 = s1.concat("2");<br />s2.concat("3");<br />System.out.println(s2);',TIMESTAMP '1970-01-01 03:00:00',TIMESTAMP '1970-01-01 03:00:00');
	INSERT INTO Answer (id,questionId,text,correct,comment) OVERRIDING SYSTEM VALUE VALUES (444,179,'12<br /><br />поскольку строки - неизменяемые, а результат конкатенации в 3-й строке не присваивается переменной s2 (т.е. теряется)',true,'');
INSERT INTO Question (id,realmId,type,text,regDate,updateDate) OVERRIDING SYSTEM VALUE VALUES (180,4,2,'Что такое строковый пул (<em>string pool</em>)?',TIMESTAMP '1970-01-01 03:00:00',TIMESTAMP '1970-01-01 03:00:00');
	INSERT INTO Answer (id,questionId,text,correct,comment) OVERRIDING SYSTEM VALUE VALUES (445,180,'Строковый пул хранит часто используемые строки в целях экономии памяти, преимущественно строковые литералы.',true,'');
INSERT INTO Question (id,realmId,type,text,regDate,updateDate) OVERRIDING SYSTEM VALUE VALUES (181,4,2,'Какая разница между двумя строками?<br /><br />1) String name = "Fluffy";<br />2) String name = new String("Fluffy");',TIMESTAMP '1970-01-01 03:00:00',TIMESTAMP '1970-01-01 03:00:00');
	INSERT INTO Answer (id,questionId,text,correct,comment) OVERRIDING SYSTEM VALUE VALUES (446,181,'В первом случае строка попадет в строковый пул (либо будет взята оттуда, если уже имеется в нем).<br />Во втором случае будет создан новый строковый объект, который не попадет в пул и будет доступен для сборщика мусора, когда потеряет все ссылки.',true,'');
INSERT INTO Question (id,realmId,type,text,regDate,updateDate) OVERRIDING SYSTEM VALUE VALUES (182,4,0,'<span style="text-decoration: underline;"><em>String<br /></em></span><strong><br /></strong>int<strong> length()<br /><br /></strong>возвращает длину строки.',TIMESTAMP '1970-01-01 03:00:00',TIMESTAMP '1970-01-01 03:00:00');
INSERT INTO Question (id,realmId,type,text,regDate,updateDate) OVERRIDING SYSTEM VALUE VALUES (183,4,0,'<span style="text-decoration: underline;"><em>String<br /></em></span><strong><br /></strong>char&nbsp;<strong>charAt</strong>(int <em>index</em>)<br /><br />возвращает символ строки по указанному индексу. Если такого индекса в строке не существует, выдается ошибка:<br /><br />java.lang.StringIndexOutOfBoundsException: String index out of range',TIMESTAMP '1970-01-01 03:00:00',TIMESTAMP '1970-01-01 03:00:00');
INSERT INTO Question (id,realmId,type,text,regDate,updateDate) OVERRIDING SYSTEM VALUE VALUES (184,4,0,'<span style="text-decoration: underline;"><em>String<br /></em></span><strong><br /></strong>int&nbsp;<strong>indexOf</strong>(int <em>ch</em>)<br />int&nbsp;<strong>indexOf</strong>(int <em>ch</em>, int <em>fromIndex</em>)<br />int&nbsp;<strong>indexOf</strong>(String <em>str</em>)<br />int&nbsp;<strong>indexOf</strong>(String <em>str</em>, int <em>fromIndex</em>)<br /><br />возвращает индекс первого вхождения символа/строки, -1 в случае отсутствия<br /><br />На экзамене передаваться в этот метод будут только параметры char (которые имплицитно кастятся в int)',TIMESTAMP '1970-01-01 03:00:00',TIMESTAMP '1970-01-01 03:00:00');
INSERT INTO Question (id,realmId,type,text,regDate,updateDate) OVERRIDING SYSTEM VALUE VALUES (185,4,2,'Что будет напечано в результате выполнения следующего кода?<br /><br />String string = "animals";<br />System.out.println(string.indexOf(''a''));<br />System.out.println(string.indexOf("al"));<br />System.out.println(string.indexOf(''a'', 4));<br />System.out.println(string.indexOf("al", 5));',TIMESTAMP '1970-01-01 03:00:00',TIMESTAMP '1970-01-01 03:00:00');
	INSERT INTO Answer (id,questionId,text,correct,comment) OVERRIDING SYSTEM VALUE VALUES (447,185,'0<br />4<br />4<br />-1',true,'');
INSERT INTO Question (id,realmId,type,text,regDate,updateDate) OVERRIDING SYSTEM VALUE VALUES (186,4,0,'<span style="text-decoration: underline;"><em>String<br /></em></span><strong><br /></strong>String&nbsp;<strong>substring</strong>(int <em>beginIndex</em>)<br />String&nbsp;<strong>substring</strong>(int <em>beginIndex, int endIndex</em>)<br /><br />возвращает подстроку. <em>beginIndex</em> включается, <em>endIndex</em> не включается.',TIMESTAMP '1970-01-01 03:00:00',TIMESTAMP '1970-01-01 03:00:00');
INSERT INTO Question (id,realmId,type,text,regDate,updateDate) OVERRIDING SYSTEM VALUE VALUES (187,4,0,'Поскольку символ, соответствующий второму параметру в методе String.<strong>substring</strong>(beginIndex, endIndex), не включается в возвращаемое значение, значение этого параметра может превышать на единицу максимальный индекс строки (что тождественно опусканию этого параметра). Если же второй параметр превысит максимальный индекс строки более чем на единицу, то будет Runtime Exception:<br /><br />Exception in thread "main" java.lang.StringIndexOutOfBoundsException: String index out of range',TIMESTAMP '1970-01-01 03:00:00',TIMESTAMP '1970-01-01 03:00:00');
INSERT INTO Question (id,realmId,type,text,regDate,updateDate) OVERRIDING SYSTEM VALUE VALUES (188,4,2,'Какие ограничения накладываются на параметры в вызове метода String.substring(int, [int])?',TIMESTAMP '1970-01-01 03:00:00',TIMESTAMP '1970-01-01 03:00:00');
	INSERT INTO Answer (id,questionId,text,correct,comment) OVERRIDING SYSTEM VALUE VALUES (448,188,'1) Оба параметра могут принимать значение [0..maxIndex+1]<br />2) второй не может быть больше первого',true,'');
INSERT INTO Question (id,realmId,type,text,regDate,updateDate) OVERRIDING SYSTEM VALUE VALUES (189,4,0,'<em><span style="text-decoration: underline;">String</span></em><br /><br />String <strong>toLowerCase</strong>()<br />String <strong>toUpperCase</strong>()<br /><br />Методы преобразуют все заглавные/строчные символы к строчным/заглавным. Все прочие символы остаются без изменений. Исходная строка, разумеется,&nbsp;не изменяется.',TIMESTAMP '1970-01-01 03:00:00',TIMESTAMP '1970-01-01 03:00:00');
INSERT INTO Question (id,realmId,type,text,regDate,updateDate) OVERRIDING SYSTEM VALUE VALUES (190,4,0,'<em><span style="text-decoration: underline;">String</span></em><br /><br />boolean <strong>equals</strong>(Object <em>obj</em>)<br />boolean <strong>equalsIgnoreCase</strong>(String <em>obj</em>)<br /><br />проверка равенства содержимого двух строк.',TIMESTAMP '1970-01-01 03:00:00',TIMESTAMP '1970-01-01 03:00:00');
INSERT INTO Question (id,realmId,type,text,regDate,updateDate) OVERRIDING SYSTEM VALUE VALUES (191,4,0,'<span style="text-decoration: underline;"><em>String</em></span><br /><br />boolean <strong>startsWith</strong>(String <em>prefix</em>)<br />boolean <strong>endsWith</strong>(String <em>suffix</em>)<br /><br />проверка начала/окончания строки. Методы чувствительны к регистру.',TIMESTAMP '1970-01-01 03:00:00',TIMESTAMP '1970-01-01 03:00:00');
INSERT INTO Question (id,realmId,type,text,regDate,updateDate) OVERRIDING SYSTEM VALUE VALUES (192,4,0,'<em><span style="text-decoration: underline;">String</span></em><br /><br />boolean <strong>contains</strong>(String <em>str</em>)<br /><br />проверяет вхождение подстроки в строку (чувствительно к регистру)',TIMESTAMP '1970-01-01 03:00:00',TIMESTAMP '1970-01-01 03:00:00');
INSERT INTO Question (id,realmId,type,text,regDate,updateDate) OVERRIDING SYSTEM VALUE VALUES (193,4,0,'<em><span style="text-decoration: underline;">String</span></em><br /><br />String <strong>replace</strong>(char <em>oldChar</em>, char <em>newChar</em>)<br />String <strong>replace</strong>(CharSequence <em>oldSeq</em>, CharSequence <em>newSeq</em>)<br /><br />глобальная замена символов/подстрок<br />',TIMESTAMP '1970-01-01 03:00:00',TIMESTAMP '1970-01-01 03:00:00');
INSERT INTO Question (id,realmId,type,text,regDate,updateDate) OVERRIDING SYSTEM VALUE VALUES (194,4,0,'<strong>CharSequence</strong> - общий интерфейс, представляющий несколько классов, в т.ч. <strong>String</strong> и <strong>StringBuilder</strong>.',TIMESTAMP '1970-01-01 03:00:00',TIMESTAMP '1970-01-01 03:00:00');
INSERT INTO Question (id,realmId,type,text,regDate,updateDate) OVERRIDING SYSTEM VALUE VALUES (195,4,0,'<em><span style="text-decoration: underline;">String</span></em><br /><br />String <strong>trim</strong>()<br /><br />удаляет пробельные символы с начала и с конца строки: \t (tab), \n (newline), \r (возврат каретки), пробелы:ъ<br /><br />System.out.println("\t a b c\n".trim()); // a b c',TIMESTAMP '1970-01-01 03:00:00',TIMESTAMP '1970-01-01 03:00:00');
INSERT INTO Question (id,realmId,type,text,regDate,updateDate) OVERRIDING SYSTEM VALUE VALUES (196,4,2,'Что будет выводом следующего кода?<br /><br />5: String a = "abc";<br />6: String b = a.toUpperCase();<br />7: b = b.replace("B", "2").replace(''C'', ''3'');<br />8: System.out.println("a=" + a);<br />9: System.out.println("b=" + b);',TIMESTAMP '1970-01-01 03:00:00',TIMESTAMP '1970-01-01 03:00:00');
	INSERT INTO Answer (id,questionId,text,correct,comment) OVERRIDING SYSTEM VALUE VALUES (449,196,'a=abc<br />b=A23',true,'');
INSERT INTO Question (id,realmId,type,text,regDate,updateDate) OVERRIDING SYSTEM VALUE VALUES (197,4,0,'Методы StringBuilder.<strong>append</strong> возвращают ссылку на сам объект <strong>StringBuilder</strong>, поэтому удобно строить цепочки методов!',TIMESTAMP '1970-01-01 03:00:00',TIMESTAMP '1970-01-01 03:00:00');
INSERT INTO Question (id,realmId,type,text,regDate,updateDate) OVERRIDING SYSTEM VALUE VALUES (198,4,2,'Каков будет результат работы следующего кода?<br /><br />4: StringBuilder a = new StringBuilder("abc");<br />5: StringBuilder b = a.append("de");<br />6: b = b.append("f").append("g");<br />7: System.out.println("a=" + a);<br />8: System.out.println("b=" + b);',TIMESTAMP '1970-01-01 03:00:00',TIMESTAMP '1970-01-01 03:00:00');
	INSERT INTO Answer (id,questionId,text,correct,comment) OVERRIDING SYSTEM VALUE VALUES (450,198,'a=abcdefg<br />b=abcdefg<br /><br /><strong>a</strong> и <strong>b</strong> указывают на один и тотже объект StringBuilder',true,'');
INSERT INTO Question (id,realmId,type,text,regDate,updateDate) OVERRIDING SYSTEM VALUE VALUES (199,4,2,'Назовите 4 способа создать объект <strong>StringBuilder</strong>. (посредством конструктора)',TIMESTAMP '1970-01-01 03:00:00',TIMESTAMP '1970-01-01 03:00:00');
	INSERT INTO Answer (id,questionId,text,correct,comment) OVERRIDING SYSTEM VALUE VALUES (451,199,'1) new StringBuilder()<br />2) new StringBuilder(CharSequence seq)<br />3) new StringBuilder(String str)<br />4) new StringBuilder(int capacity)<br /><br />по умолчанию capacity=16, увеличивается, если содержимое растет',true,'');
INSERT INTO Question (id,realmId,type,text,regDate,updateDate) OVERRIDING SYSTEM VALUE VALUES (200,4,0,'Методы <strong>charAt</strong>(), <strong>indexOf</strong>(), <strong>length</strong>(), <strong>substring</strong>() класса <strong>StringBuilder</strong> по аргументам и возвращаемым типам аналогичны таковым класса <strong>String</strong>. <br /><strong>substring</strong>() <span style="text-decoration: underline;">не меняет</span> исходный объект.',TIMESTAMP '1970-01-01 03:00:00',TIMESTAMP '1970-01-01 03:00:00');
INSERT INTO Question (id,realmId,type,text,regDate,updateDate) OVERRIDING SYSTEM VALUE VALUES (201,4,2,'Каким будет вывод следующего кода?<br /><br />StringBuilder sb = new StringBuilder("animals");<br />String sub = sb.substring(sb.indexOf("a"), sb.indexOf("al"));<br />int len = sb.length();<br />char ch = sb.charAt(6);<br />System.out.println(sub + " " + len + " " + ch);',TIMESTAMP '1970-01-01 03:00:00',TIMESTAMP '1970-01-01 03:00:00');
	INSERT INTO Answer (id,questionId,text,correct,comment) OVERRIDING SYSTEM VALUE VALUES (452,201,'anim 7 s',true,'');
INSERT INTO Question (id,realmId,type,text,regDate,updateDate) OVERRIDING SYSTEM VALUE VALUES (202,4,0,'Существует более 10 перезагрузок метода <strong>StringBuilder</strong>.<em>append</em>():<br /><br />StringBuilder&nbsp;append(boolean b)<br />StringBuilder&nbsp;append(char c)<br />StringBuilder&nbsp;append(char[] str)<br />StringBuilder&nbsp;append(char[] str, int offset, int len)<br />StringBuilder&nbsp;append(CharSequence s)<br />StringBuilder&nbsp;append(CharSequence s, int start, int end)<br />StringBuilder&nbsp;append(double d)<br />StringBuilder&nbsp;append(float f)<br />StringBuilder&nbsp;append(int i)<br />StringBuilder&nbsp;append(long lng)<br />StringBuilder&nbsp;append(Object obj)<br />StringBuilder&nbsp;append(String str)',TIMESTAMP '1970-01-01 03:00:00',TIMESTAMP '1970-01-01 03:00:00');
INSERT INTO Question (id,realmId,type,text,regDate,updateDate) OVERRIDING SYSTEM VALUE VALUES (203,4,0,'<em><span style="text-decoration: underline;">StringBuilder</span></em><br /><br />StringBuilder <strong>insert</strong>(int <em>offset</em>, String <em>str</em>) (<em>и еще более 10 перезагрузок</em>)<br /><br />Метод вставляет символы в последовательность и возвращает ссылку на тот же объект.<br /><br />Как и в случае с <strong>substring</strong>, <em>offset</em> может принимать значение от 0 до [длина последовательности, т.е. maxIndex+1], иначе Exception',TIMESTAMP '1970-01-01 03:00:00',TIMESTAMP '1970-01-01 03:00:00');
INSERT INTO Question (id,realmId,type,text,regDate,updateDate) OVERRIDING SYSTEM VALUE VALUES (204,4,0,'<em><span style="text-decoration: underline;">StringBuilder</span><br /><br /></em>StringBuilder <strong>delete</strong>(int <em>start</em>, int <em>end</em>)<br />StringBuilder <strong>deleteCharAt</strong>(int <em>index</em>)<br /><br />удаление части последовательности или символа.<br /><br /><em>start</em> и <em>end</em> используются с теми же принципами и ограничениями, что и <strong>substring</strong>,&nbsp;<em>index</em> должен соответствовать реальному индексу.',TIMESTAMP '1970-01-01 03:00:00',TIMESTAMP '1970-01-01 03:00:00');
INSERT INTO Question (id,realmId,type,text,regDate,updateDate) OVERRIDING SYSTEM VALUE VALUES (205,4,0,'<em><span style="text-decoration: underline;">StringBuilder</span></em><br /><br />StringBuilder <strong>reverse</strong>()<br /><br />переворачивает&nbsp;последовательность и возвращает ссылку на тот же объект.',TIMESTAMP '1970-01-01 03:00:00',TIMESTAMP '1970-01-01 03:00:00');
INSERT INTO Question (id,realmId,type,text,regDate,updateDate) OVERRIDING SYSTEM VALUE VALUES (206,4,2,'Перечислите методы класса <strong>String</strong>, отобранные для использования на экзамене OCA.',TIMESTAMP '1970-01-01 03:00:00',TIMESTAMP '1970-01-01 03:00:00');
	INSERT INTO Answer (id,questionId,text,correct,comment) OVERRIDING SYSTEM VALUE VALUES (453,206,'length()<br />charAt()<br />indexOf()<br />substring()<br />toLowerCase()<br />toUpperCase()<br />equals()<br />equalsIgnoreCase()<br />startsWith()<br />endsWith()<br />contains()<br />replace()<br />trim()<br /><br />',true,'');
INSERT INTO Question (id,realmId,type,text,regDate,updateDate) OVERRIDING SYSTEM VALUE VALUES (207,4,2,'Перечислите методы класса <strong>StringBuilder</strong>, отобранные для использования на экзамене OCA.',TIMESTAMP '1970-01-01 03:00:00',TIMESTAMP '1970-01-01 03:00:00');
	INSERT INTO Answer (id,questionId,text,correct,comment) OVERRIDING SYSTEM VALUE VALUES (454,207,'charAt()<br />indexOf()<br />length()<br />substring()<br />append()<br />insert()<br />delete()<br />deleteCharAt()<br />reverse()<br />toString()',true,'');
INSERT INTO Question (id,realmId,type,text,regDate,updateDate) OVERRIDING SYSTEM VALUE VALUES (208,4,0,'Класс <strong>StringBuffer</strong> делает приблизительно то же самое, что и <strong>StringBuilder</strong>, но он старше (появился до Java 5) и медленнее, так как является thread-safe. На экзамене OCA встретиться не должен, но кто знает...',TIMESTAMP '1970-01-01 03:00:00',TIMESTAMP '1970-01-01 03:00:00');
INSERT INTO Question (id,realmId,type,text,regDate,updateDate) OVERRIDING SYSTEM VALUE VALUES (209,4,0,'Если класс не переопределяет <strong>equals</strong>, то при вызове этого метода используется ==.',TIMESTAMP '1970-01-01 03:00:00',TIMESTAMP '1970-01-01 03:00:00');
INSERT INTO Question (id,realmId,type,text,regDate,updateDate) OVERRIDING SYSTEM VALUE VALUES (210,4,2,'Какой будет результат следующего кода?<br /><br />String x = "Hello World";<br />String y = "Hello World";<br />System.out.println(x == y);',TIMESTAMP '1970-01-01 03:00:00',TIMESTAMP '1970-01-01 03:00:00');
	INSERT INTO Answer (id,questionId,text,correct,comment) OVERRIDING SYSTEM VALUE VALUES (455,210,'Скорее всего, <strong>true</strong>. Литералы должны складываться виртуальной машиной в пул и извлекаться оттуда. Однако 100% нет.',true,'');
INSERT INTO Question (id,realmId,type,text,regDate,updateDate) OVERRIDING SYSTEM VALUE VALUES (211,4,2,'Каким будет результат следующего кода?<br /><br />String x = "Hello World";<br />String z = " Hello World".trim();<br />System.out.println(x == z);',TIMESTAMP '1970-01-01 03:00:00',TIMESTAMP '1970-01-01 03:00:00');
	INSERT INTO Answer (id,questionId,text,correct,comment) OVERRIDING SYSTEM VALUE VALUES (456,211,'Однозначно, <strong>false</strong>. Строки, вычисляемые в runtime, никогда не берутся из пула - всегда создается новый объект.',true,'');
INSERT INTO Question (id,realmId,type,text,regDate,updateDate) OVERRIDING SYSTEM VALUE VALUES (212,4,2,'Каким будет результат следующего кода?<br /><br />String x = new String("Hello World");<br />String y = "Hello World";<br />System.out.println(x == y);',TIMESTAMP '1970-01-01 03:00:00',TIMESTAMP '1970-01-01 03:00:00');
	INSERT INTO Answer (id,questionId,text,correct,comment) OVERRIDING SYSTEM VALUE VALUES (457,212,'Однозначно, <strong>false</strong>. Строки, создаваемые через ключевое слово <strong>new</strong>,&nbsp;никогда не берутся из пула.',true,'');
INSERT INTO Question (id,realmId,type,text,regDate,updateDate) OVERRIDING SYSTEM VALUE VALUES (213,4,0,'Никогда не используйте == для сравнения строк - иметь с этим дело Вам доведется только на экзамене.',TIMESTAMP '1970-01-01 03:00:00',TIMESTAMP '1970-01-01 03:00:00');
INSERT INTO Question (id,realmId,type,text,regDate,updateDate) OVERRIDING SYSTEM VALUE VALUES (214,4,0,'Класс StringBuilder не имплементирует <strong>equals</strong>().',TIMESTAMP '1970-01-01 03:00:00',TIMESTAMP '1970-01-01 03:00:00');
INSERT INTO Question (id,realmId,type,text,regDate,updateDate) OVERRIDING SYSTEM VALUE VALUES (215,4,2,'Что будет результатом следующего кода?<br /><br />1: public class Tiger {<br />2:&nbsp;&nbsp;&nbsp;&nbsp; String name;<br />3:&nbsp;&nbsp;&nbsp;&nbsp; public static void main(String[] args) {<br />4:&nbsp;&nbsp;&nbsp;&nbsp;&nbsp;&nbsp;&nbsp;&nbsp; Tiger t1 = new Tiger();<br />5:&nbsp;&nbsp;&nbsp;&nbsp;&nbsp;&nbsp;&nbsp;&nbsp; Tiger t2 = new Tiger();<br />6:&nbsp;&nbsp;&nbsp;&nbsp;&nbsp;&nbsp;&nbsp;&nbsp; Tiger t3 = t1;<br />7:&nbsp;&nbsp;&nbsp;&nbsp;&nbsp;&nbsp;&nbsp;&nbsp; System.out.println(t1 == t1);<br />8:&nbsp;&nbsp;&nbsp;&nbsp;&nbsp;&nbsp;&nbsp;&nbsp; System.out.println(t1 == t2);<br />9:&nbsp;&nbsp;&nbsp;&nbsp;&nbsp;&nbsp;&nbsp;&nbsp; System.out.println(t1.equals(t2));<br />10: } }',TIMESTAMP '1970-01-01 03:00:00',TIMESTAMP '1970-01-01 03:00:00');
	INSERT INTO Answer (id,questionId,text,correct,comment) OVERRIDING SYSTEM VALUE VALUES (458,215,'true<br />false<br />false',true,'');
INSERT INTO Question (id,realmId,type,text,regDate,updateDate) OVERRIDING SYSTEM VALUE VALUES (216,4,2,'Как создать массив в Java?',TIMESTAMP '1970-01-01 03:00:00',TIMESTAMP '1970-01-01 03:00:00');
	INSERT INTO Answer (id,questionId,text,correct,comment) OVERRIDING SYSTEM VALUE VALUES (459,216,'1) пустой массив:<br />&lt;type&gt;[] var = new &lt;type&gt;[&lt;size&gt;]<br />e.g.<br />int[] numbers = new int[3]<br /><br />2) массив со значениями<br />&lt;type&gt;[] var = new &lt;type&gt; {val1, val2, ... valN}<br />e.g.<br />int[] numbers2 = new int[] {42,55,99}<br /><br />2.1) сокращенная запись массива со значениями:<br />int[] numbers2 = {42,55,99}',true,'');
INSERT INTO Question (id,realmId,type,text,regDate,updateDate) OVERRIDING SYSTEM VALUE VALUES (217,4,0,'При создании массива все элементы заполняются дефолтными значениями.',TIMESTAMP '1970-01-01 03:00:00',TIMESTAMP '1970-01-01 03:00:00');
INSERT INTO Question (id,realmId,type,text,regDate,updateDate) OVERRIDING SYSTEM VALUE VALUES (218,4,0,'Массив, создаваемый',TIMESTAMP '1970-01-01 03:00:00',TIMESTAMP '1970-01-01 03:00:00');
INSERT INTO Question (id,realmId,type,text,regDate,updateDate) OVERRIDING SYSTEM VALUE VALUES (219,4,0,'Массив, создаваемый только с помощью фигурных скобок, называется анонимным. Однако такой синтаксис работает только при <span style="text-decoration: underline;">объявлении</span> и присваивании переменной, иначе компилятор не сможет понять, какого типа данный массив. Если надо создать и сразу использовать инициализированный массив, то необходимо использовать конструкцию с new:<br />System.out.println(new int[]{1,2,3}.length);',TIMESTAMP '1970-01-01 03:00:00',TIMESTAMP '1970-01-01 03:00:00');
INSERT INTO Question (id,realmId,type,text,regDate,updateDate) OVERRIDING SYSTEM VALUE VALUES (220,4,2,'Укажите все возможные варианты объявить переменную массива.',TIMESTAMP '1970-01-01 03:00:00',TIMESTAMP '1970-01-01 03:00:00');
	INSERT INTO Answer (id,questionId,text,correct,comment) OVERRIDING SYSTEM VALUE VALUES (460,220,'int[] var;<br />int [] var;<br />int var[];<br />int&nbsp;var [];<br />--<br />new int[5]<br />new int [5]',true,'');
INSERT INTO Question (id,realmId,type,text,regDate,updateDate) OVERRIDING SYSTEM VALUE VALUES (221,4,0,'Перед и после dot-оператора могут быть пробелы!',TIMESTAMP '1970-01-01 03:00:00',TIMESTAMP '1970-01-01 03:00:00');
INSERT INTO Question (id,realmId,type,text,regDate,updateDate) OVERRIDING SYSTEM VALUE VALUES (222,4,2,'Какие типы будут объявлены следующими строками?<br /><br />int[] ids1, types1;<br />int ids2[], types2;',TIMESTAMP '1970-01-01 03:00:00',TIMESTAMP '1970-01-01 03:00:00');
	INSERT INTO Answer (id,questionId,text,correct,comment) OVERRIDING SYSTEM VALUE VALUES (461,222,'ids1, types1, ids2 - массивы int.<br />types2 - int.',true,'');
INSERT INTO Question (id,realmId,type,text,regDate,updateDate) OVERRIDING SYSTEM VALUE VALUES (223,4,0,'Метод <strong>equals</strong>() на массивах не переопределен, поэтому такое сравнение будет аналогично ==.',TIMESTAMP '1970-01-01 03:00:00',TIMESTAMP '1970-01-01 03:00:00');
INSERT INTO Question (id,realmId,type,text,regDate,updateDate) OVERRIDING SYSTEM VALUE VALUES (224,0,0,'Начиная с Java 5, появился удобный метод Arrays.toString(array)',TIMESTAMP '1970-01-01 03:00:00',TIMESTAMP '1970-01-01 03:00:00');
INSERT INTO Question (id,realmId,type,text,regDate,updateDate) OVERRIDING SYSTEM VALUE VALUES (225,4,1,'Что можно сказать про следующий код?<br /><br />&nbsp;&nbsp;&nbsp;&nbsp;&nbsp;&nbsp;&nbsp; String[] strings = {"aaa","bbb"};<br />&nbsp;&nbsp;&nbsp;&nbsp;&nbsp;&nbsp;&nbsp; Object[] objects = strings;<br />&nbsp;&nbsp;&nbsp;&nbsp;&nbsp;&nbsp;&nbsp; objects[0] = new Object();',TIMESTAMP '1970-01-01 03:00:00',TIMESTAMP '1970-01-01 03:00:00');
	INSERT INTO Answer (id,questionId,text,correct,comment) OVERRIDING SYSTEM VALUE VALUES (464,225,'Не скомпилируется.',false,'');
	INSERT INTO Answer (id,questionId,text,correct,comment) OVERRIDING SYSTEM VALUE VALUES (462,225,'Скомпилируется и выполнится нормально.',false,'');
	INSERT INTO Answer (id,questionId,text,correct,comment) OVERRIDING SYSTEM VALUE VALUES (463,225,'Скомпилируется, но выдаст ошибку времени выполнения',true,'элемент массива objects - объект (и строка), но сам массив objects по своему устройству является массивом строк и знает об этом. Соответственно, в него нельзя помещать элементы, не являющиеся строками, иначе будет ArrayStoreException');
INSERT INTO Question (id,realmId,type,text,regDate,updateDate) OVERRIDING SYSTEM VALUE VALUES (226,4,1,'Что можно сказать про следующий код?<br /><br />String[] strings = { "stringValue" };<br />Object[] objects = strings;<br />String[] againStrings = (String[]) objects;',TIMESTAMP '1970-01-01 03:00:00',TIMESTAMP '1970-01-01 03:00:00');
	INSERT INTO Answer (id,questionId,text,correct,comment) OVERRIDING SYSTEM VALUE VALUES (465,226,'Скомпилируется и выполнится нормально.',true,'Если возможен кастинг одного типа к другому, то возможен и кастинг их массивов.');
	INSERT INTO Answer (id,questionId,text,correct,comment) OVERRIDING SYSTEM VALUE VALUES (466,226,'Скомпилируется, но выдаст ошибку времени выполнения.',false,'');
	INSERT INTO Answer (id,questionId,text,correct,comment) OVERRIDING SYSTEM VALUE VALUES (467,226,'Не скомпилируется.',false,'');
INSERT INTO Question (id,realmId,type,text,regDate,updateDate) OVERRIDING SYSTEM VALUE VALUES (227,4,0,'<em>java.util.<span style="text-decoration: underline;">Arrays</span></em><br /><br />static void <strong>sort</strong>(some Comparable)<br /><br />сортирует массив по возрастанию.',TIMESTAMP '1970-01-01 03:00:00',TIMESTAMP '1970-01-01 03:00:00');
INSERT INTO Question (id,realmId,type,text,regDate,updateDate) OVERRIDING SYSTEM VALUE VALUES (228,4,0,'<em>java.util.<span style="text-decoration: underline;">Arrays</span></em><br /><br />static int <strong>binarySearch</strong>(Comparable, искомое_значение, [Comparator])<br /><br />Возвращает индекс искомого значение, если найдено, (-(insertion point) - 1), если не найдено.<br />Массив должен быть предварительно отсортирован в соответствии с используемым компаратором, иначе результаты будут непредсказуемы.',TIMESTAMP '1970-01-01 03:00:00',TIMESTAMP '1970-01-01 03:00:00');
INSERT INTO Question (id,realmId,type,text,regDate,updateDate) OVERRIDING SYSTEM VALUE VALUES (229,4,0,'Если есть попытка запустить binarySearch по несортированному массиву, надо сразу искать пункт "unpredictable output".',TIMESTAMP '1970-01-01 03:00:00',TIMESTAMP '1970-01-01 03:00:00');
INSERT INTO Question (id,realmId,type,text,regDate,updateDate) OVERRIDING SYSTEM VALUE VALUES (230,4,0,'Если аргумент в методе определен как <strong>vararg</strong>:<br /><br />main(String... args)<br /><br />то его можно использовать как обычный массив.',TIMESTAMP '1970-01-01 03:00:00',TIMESTAMP '1970-01-01 03:00:00');
INSERT INTO Question (id,realmId,type,text,regDate,updateDate) OVERRIDING SYSTEM VALUE VALUES (231,4,0,'Примеры объявления многомерных массивов:<br /><br />int[][] vars1; // 2D array<br />int vars2 [][]; // 2D array<br />int[] vars3[]; // 2D array<br />int[] vars4 [], space [][]; // a 2D&nbsp;and a 3D array',TIMESTAMP '1970-01-01 03:00:00',TIMESTAMP '1970-01-01 03:00:00');
INSERT INTO Question (id,realmId,type,text,regDate,updateDate) OVERRIDING SYSTEM VALUE VALUES (232,4,2,'Что будет создано при выполнении строки<br /><br />String [][] rectangle = new String[3][2];',TIMESTAMP '1970-01-01 03:00:00',TIMESTAMP '1970-01-01 03:00:00');
	INSERT INTO Answer (id,questionId,text,correct,comment) OVERRIDING SYSTEM VALUE VALUES (468,232,'Будет создана ссылка на двумерный массив, т.е.&nbsp;3 одномерных массива по 2 элемента в каждом',true,'');
INSERT INTO Question (id,realmId,type,text,regDate,updateDate) OVERRIDING SYSTEM VALUE VALUES (233,4,2,'Как создать двумерный массив, чтобы в массивах внешнего уровня было разное число элементов?',TIMESTAMP '1970-01-01 03:00:00',TIMESTAMP '1970-01-01 03:00:00');
	INSERT INTO Answer (id,questionId,text,correct,comment) OVERRIDING SYSTEM VALUE VALUES (469,233,'Способ 1. Задать массив литералом:<br /><br />int[][] differentSize = {{1, 4}, {3}, {9,8,7}};<br />&nbsp;&nbsp;&nbsp; или<br />int[][] differentSize;<br />differentSize = new int[][]{{1, 4}, {3}, {9,8,7}};<br /><br /><br />Способ 2. Создать только внутренний массив, а внешние задавать отдельно<br /><br />int[][] differentSize = new int[4][];<br />for (int i = 0; i &lt; differentSize.length; i++) {<br />&nbsp;&nbsp; differentSize[i] = new int[...]<br />}',true,'');
INSERT INTO Question (id,realmId,type,text,regDate,updateDate) OVERRIDING SYSTEM VALUE VALUES (234,4,2,'Напишите алгоритм перебора двумерного массива с помощью for-each',TIMESTAMP '1970-01-01 03:00:00',TIMESTAMP '1970-01-01 03:00:00');
	INSERT INTO Answer (id,questionId,text,correct,comment) OVERRIDING SYSTEM VALUE VALUES (470,234,'<p>int[][] twoD = new int[3][2];</p>
<p>for (int[] inner : twoD) {<br />&nbsp;&nbsp;&nbsp; for (int num : inner)<br />&nbsp;&nbsp;&nbsp;&nbsp;&nbsp;&nbsp;&nbsp; System.out.print(num + " ");<br />&nbsp;&nbsp;&nbsp; System.out.println();<br />}</p>',true,'');
INSERT INTO Question (id,realmId,type,text,regDate,updateDate) OVERRIDING SYSTEM VALUE VALUES (235,4,2,'Укажите 3 способа создать объект ArrayList. (посредством конструктора)',TIMESTAMP '1970-01-01 03:00:00',TIMESTAMP '1970-01-01 03:00:00');
	INSERT INTO Answer (id,questionId,text,correct,comment) OVERRIDING SYSTEM VALUE VALUES (471,235,'ArrayList list1 = new ArrayList(); // пустой<br />ArrayList list2 = new ArrayList(10); //10 пустых элементов<br />ArrayList list3 = new ArrayList(list2); //копия массива',true,'');
INSERT INTO Question (id,realmId,type,text,regDate,updateDate) OVERRIDING SYSTEM VALUE VALUES (236,4,2,'Укажите два способа создать пустой ArrayList:',TIMESTAMP '1970-01-01 03:00:00',TIMESTAMP '1970-01-01 03:00:00');
	INSERT INTO Answer (id,questionId,text,correct,comment) OVERRIDING SYSTEM VALUE VALUES (472,236,'ArrayList&lt;String&gt; list4 = new ArrayList&lt;String&gt;();<br />ArrayList&lt;String&gt; list5 = new ArrayList&lt;&gt;(); // начиная с Java 7',true,'');
INSERT INTO Question (id,realmId,type,text,regDate,updateDate) OVERRIDING SYSTEM VALUE VALUES (237,4,0,'ArrayList реализует toString(), так что его содержимое удобно печатать.',TIMESTAMP '1970-01-01 03:00:00',TIMESTAMP '1970-01-01 03:00:00');
INSERT INTO Question (id,realmId,type,text,regDate,updateDate) OVERRIDING SYSTEM VALUE VALUES (238,4,0,'java.util.<em><span style="text-decoration: underline;">ArrayList</span></em><br /><br />boolean <strong>add</strong>(E <em>element</em>)<br />void <strong>add</strong>(int <em>index</em>, E <em>element</em>)<br /><br />boolean возвращается, поскольку это&nbsp;имплементированный метод интерфейса <strong>Collection</strong>. В случае ArrayList - всегда true. (с Set''ами будет false). <br /><br />вставка с индексом помещает элемент на указанный индекс. Допустимый диапазон параметра индекс - [0..array.length]',TIMESTAMP '1970-01-01 03:00:00',TIMESTAMP '1970-01-01 03:00:00');
INSERT INTO Question (id,realmId,type,text,regDate,updateDate) OVERRIDING SYSTEM VALUE VALUES (239,4,1,'Что будет результатом работы следующего кода?<br /><br />ArrayList list = new ArrayList();<br />list.add("hawk");<br />list.add(true);<br />System.out.println(list);',TIMESTAMP '1970-01-01 03:00:00',TIMESTAMP '1970-01-01 03:00:00');
	INSERT INTO Answer (id,questionId,text,correct,comment) OVERRIDING SYSTEM VALUE VALUES (473,239,'"hawk", true',false,'');
	INSERT INTO Answer (id,questionId,text,correct,comment) OVERRIDING SYSTEM VALUE VALUES (474,239,'[hawk, true]',true,'');
	INSERT INTO Answer (id,questionId,text,correct,comment) OVERRIDING SYSTEM VALUE VALUES (475,239,'["hawk", true]',false,'');
	INSERT INTO Answer (id,questionId,text,correct,comment) OVERRIDING SYSTEM VALUE VALUES (476,239,'Код не скомпилируется.',false,'На самом деле, скомпилируется, поскольку произойдет autobox к Boolean/');
INSERT INTO Question (id,realmId,type,text,regDate,updateDate) OVERRIDING SYSTEM VALUE VALUES (240,4,1,'Что будет напечатано после выполнения следующего кода?<br /><br />ArrayList&lt;String&gt; list = new ArrayList&lt;&gt;();<br />list.add("sparrow");<br />list.add(Boolean.TRUE);<br />System.out.println(list);',TIMESTAMP '1970-01-01 03:00:00',TIMESTAMP '1970-01-01 03:00:00');
	INSERT INTO Answer (id,questionId,text,correct,comment) OVERRIDING SYSTEM VALUE VALUES (480,240,'Код не скомпилируется.',true,'Нельзя положить Boolean в коллекцию &lt;String&gt;');
	INSERT INTO Answer (id,questionId,text,correct,comment) OVERRIDING SYSTEM VALUE VALUES (477,240,'"sparrow", true',false,'');
	INSERT INTO Answer (id,questionId,text,correct,comment) OVERRIDING SYSTEM VALUE VALUES (478,240,'[sparrow, true]',false,'');
	INSERT INTO Answer (id,questionId,text,correct,comment) OVERRIDING SYSTEM VALUE VALUES (479,240,'["sparrow", true]',false,'');
INSERT INTO Question (id,realmId,type,text,regDate,updateDate) OVERRIDING SYSTEM VALUE VALUES (241,4,0,'java.util.<em><span style="text-decoration: underline;">ArrayList</span></em><br /><br />boolean <strong>remove</strong>(Object <em>object</em>)<br />E <strong>remove</strong>(int <em>index</em>)<br /><br />методы удаляют элемент по равенству или по индексу. Первый метод возвращает true, если удаление было успешным. По равенству удаляется <span style="text-decoration: underline;">только один</span> элемент (даже если их несколько одинаковых).<br /><br />Индекс должен указываться существующий, иначе исключение!',TIMESTAMP '1970-01-01 03:00:00',TIMESTAMP '1970-01-01 03:00:00');
INSERT INTO Question (id,realmId,type,text,regDate,updateDate) OVERRIDING SYSTEM VALUE VALUES (242,4,1,'Что будет напечатано после выполнения следующего кода?<br /><br />3: List&lt;String&gt; birds = new ArrayList&lt;&gt;();<br />4: birds.add("hawk");<br />5: birds.add("hawk");<br />6: birds.remove("cardinal");<br />7: birds.remove("hawk");<br />8: System.out.println(birds);',TIMESTAMP '1970-01-01 03:00:00',TIMESTAMP '1970-01-01 03:00:00');
	INSERT INTO Answer (id,questionId,text,correct,comment) OVERRIDING SYSTEM VALUE VALUES (481,242,'Код не скомпилируется.',false,'');
	INSERT INTO Answer (id,questionId,text,correct,comment) OVERRIDING SYSTEM VALUE VALUES (482,242,'[]',false,'');
	INSERT INTO Answer (id,questionId,text,correct,comment) OVERRIDING SYSTEM VALUE VALUES (483,242,'[hawk]',true,'Удаляется только одно из совпадений.');
	INSERT INTO Answer (id,questionId,text,correct,comment) OVERRIDING SYSTEM VALUE VALUES (484,242,'["hawk"]',false,'');
INSERT INTO Question (id,realmId,type,text,regDate,updateDate) OVERRIDING SYSTEM VALUE VALUES (243,4,0,'java.util.<em><span style="text-decoration: underline;">ArrayList</span></em><br /><br />E <strong>set</strong>(int <em>index</em>, E <em>newElement</em>)<br /><br />устанавливает элемент коллекции на месте выбранного индекса. Использование несуществующего индекса вызывает исключение.',TIMESTAMP '1970-01-01 03:00:00',TIMESTAMP '1970-01-01 03:00:00');
INSERT INTO Question (id,realmId,type,text,regDate,updateDate) OVERRIDING SYSTEM VALUE VALUES (244,4,0,'java.util.<em><span style="text-decoration: underline;">ArrayList</span></em><br /><br />boolean <strong>isEmpty</strong>()<br />int <strong>size</strong>()<br /><br />информация о состоянии коллекции',TIMESTAMP '1970-01-01 03:00:00',TIMESTAMP '1970-01-01 03:00:00');
INSERT INTO Question (id,realmId,type,text,regDate,updateDate) OVERRIDING SYSTEM VALUE VALUES (245,4,0,'java.util.<em><span style="text-decoration: underline;">ArrayList</span></em><br /><br />void <strong>clear</strong>()<br /><br />Очистка коллекции.',TIMESTAMP '1970-01-01 03:00:00',TIMESTAMP '1970-01-01 03:00:00');
INSERT INTO Question (id,realmId,type,text,regDate,updateDate) OVERRIDING SYSTEM VALUE VALUES (246,4,0,'java.util.<em><span style="text-decoration: underline;">ArrayList</span></em><br /><br />boolean <strong>contains</strong>(Object <em>object</em>)<br /><br />Проверяет наличие элемента в массиве. Критерий проверки - метод equals().',TIMESTAMP '1970-01-01 03:00:00',TIMESTAMP '1970-01-01 03:00:00');
INSERT INTO Question (id,realmId,type,text,regDate,updateDate) OVERRIDING SYSTEM VALUE VALUES (247,4,0,'java.util.<em><span style="text-decoration: underline;">ArrayList</span></em><br /><br />boolean <strong>equals</strong>(Object <em>object</em>)<br /><br />Сравнение двух списков. Сравнение идет по equals элементов с учетом их порядка.',TIMESTAMP '1970-01-01 03:00:00',TIMESTAMP '1970-01-01 03:00:00');
INSERT INTO Question (id,realmId,type,text,regDate,updateDate) OVERRIDING SYSTEM VALUE VALUES (248,4,2,'Укажите примеры конструкторов для классов обертки.',TIMESTAMP '1970-01-01 03:00:00',TIMESTAMP '1970-01-01 03:00:00');
	INSERT INTO Answer (id,questionId,text,correct,comment) OVERRIDING SYSTEM VALUE VALUES (485,248,'new Boolean(true)<br />new Byte((byte) 2)<br />new Short((short) 2)<br />new Integer(2)<br />new Long(2)<br />new Float(2.0) / new Float(2) / new Float(''c'')<br />new Double(2.0) / new Double(2) / new Double(''c'')<br />new Character(''c'')',true,'');
INSERT INTO Question (id,realmId,type,text,regDate,updateDate) OVERRIDING SYSTEM VALUE VALUES (249,4,0,'У объектов оберток есть стандартные методы, позволяющие извлечь примитивные значения как есть или приведенные:<br /><strong>intValue</strong>(), <strong>byteValue</strong>(), <strong>doubleValue</strong>() и т.д. (наборы могут отличаться). Однако практической ценности от них немного, т.к. работает автобоксинг. На экзамене такой код может встретиться, но без ловушек.',TIMESTAMP '1970-01-01 03:00:00',TIMESTAMP '1970-01-01 03:00:00');
INSERT INTO Question (id,realmId,type,text,regDate,updateDate) OVERRIDING SYSTEM VALUE VALUES (250,4,2,'Укажите методы, которые используются обертками для парсинга строк, и особенности их использования.',TIMESTAMP '1970-01-01 03:00:00',TIMESTAMP '1970-01-01 03:00:00');
	INSERT INTO Answer (id,questionId,text,correct,comment) OVERRIDING SYSTEM VALUE VALUES (487,250,'<p>int primitive = Integer.<strong>parseInt</strong>("123");<br />Integer wrapper = Integer.<strong>valueOf</strong>("123");</p>
<p>float primitive = Float.<strong>parseFloat</strong>("5.67");<br />Float wrapper = Float.<strong>valueOf</strong>("5.67");</p>
<p>boolean primitive = Boolean.<strong>parseBoolean</strong>("false");<br />Boolean wrapper = Boolean.<strong>valueOf</strong>("false");</p>
<p>и.т.д.</p>
<p>Если строка не конвертируется в требуемый числовой тип - будет исключение (NumberFormatException). У Boolean проще - если не конвертируется, то false.</p>
<p>У класса Character нет подобных методов, так как для строки можно воспользоваться <strong>charAt</strong>().</p>',true,'');
INSERT INTO Question (id,realmId,type,text,regDate,updateDate) OVERRIDING SYSTEM VALUE VALUES (251,4,2,'Объясните, что такое <em>autoboxing</em> и приведите примеры использования.',TIMESTAMP '1970-01-01 03:00:00',TIMESTAMP '1970-01-01 03:00:00');
	INSERT INTO Answer (id,questionId,text,correct,comment) OVERRIDING SYSTEM VALUE VALUES (488,251,'Autoboxing - автоматическое преобразование типов при работе с классами обертки.<br /><br />примеры использования:<br /><br />1) списки:<br /><br />методы <strong>add</strong>() и <strong>remove</strong>() преобразуют примитивы в объекты обертки:<br /><br />List&lt;Double&gt; weights = new ArrayList&lt;&gt;();<br />weights.add(50.5);<br /><br />метод <strong>get</strong>() возвращает примитив:<br /><br />double first = weights.get(0);<br /><br />//TODO. <em><strong>Найти еще примеры и добавить в вопрос!</strong></em>',true,'');
INSERT INTO Question (id,realmId,type,text,regDate,updateDate) OVERRIDING SYSTEM VALUE VALUES (252,4,1,'Что будет напечатано при выполнении следующего кода?<br /><br />List&lt;Integer&gt; numbers = new ArrayList&lt;&gt;();<br />numbers.add(1);<br />numbers.add(2);<br />numbers.remove(1);<br />System.out.println(numbers);',TIMESTAMP '1970-01-01 03:00:00',TIMESTAMP '1970-01-01 03:00:00');
	INSERT INTO Answer (id,questionId,text,correct,comment) OVERRIDING SYSTEM VALUE VALUES (489,252,'2',false,'');
	INSERT INTO Answer (id,questionId,text,correct,comment) OVERRIDING SYSTEM VALUE VALUES (490,252,'1',true,'Метод с сигнатурой remove(int) уже определен в коллекции и удаляет элемент по заданному индексу. Чтобы вызвать перезагруженный метод remove(E), нужно прокинуть объект обертки: remove(new Integer(1))');
INSERT INTO Question (id,realmId,type,text,regDate,updateDate) OVERRIDING SYSTEM VALUE VALUES (253,4,2,'Приведите пример конвертации списка в массив и отметьте особенности использования.',TIMESTAMP '1970-01-01 03:00:00',TIMESTAMP '1970-01-01 03:00:00');
	INSERT INTO Answer (id,questionId,text,correct,comment) OVERRIDING SYSTEM VALUE VALUES (491,253,'<p>List&lt;String&gt; list = new ArrayList&lt;&gt;();<br />list.add("hawk");<br />list.add("robin");<br />Object[] objectArray = list.toArray();<br />String[] stringArray = list.toArray(new String[0]);</p>
<p>В последней строке если подаваемый массив имеет достаточный размер, объекты списка будут размещены прямо в нем. В противном случае будет созданный новый массив подходящей размерности. Если подаваемый массив имеет больший размер, чем надо, то в него будут помещены элементы списка, а элемент, следующий за последним из помещенных объектов, станет null (это позволяет определить, где закончилась вставка).</p>',true,'');
INSERT INTO Question (id,realmId,type,text,regDate,updateDate) OVERRIDING SYSTEM VALUE VALUES (254,4,2,'Объясните, как преобразовать массив в список, и укажите особенности использования.',TIMESTAMP '1970-01-01 03:00:00',TIMESTAMP '1970-01-01 03:00:00');
	INSERT INTO Answer (id,questionId,text,correct,comment) OVERRIDING SYSTEM VALUE VALUES (492,254,'<p>1) Создаем список через конструктор:<br /><br />String dfd [] = {"aaa", "bbb", "ccc"};<br />List&lt;String&gt; lstr = new ArrayList&lt;String&gt;(Arrays.asList(dfd));<br /><br />В этом случае список никак не связан с массивом.<br /><br />2) Создаем связанный (backed) список:<br /><br />String[] array = { "hawk", "robin" };<br />List&lt;String&gt; list = Arrays.asList(array);<br /><br />- этот список меняется синхронно с массивом (а массив - со списком)<br />- в списке <span style="text-decoration: underline;"><strong>можно</strong> </span>менять существующие элементы:<br />&nbsp;&nbsp;&nbsp; list.set(1, "test");<br />- в список <span style="text-decoration: underline;"><strong>нельзя</strong> </span>добавлять или удалять элементы:<br />&nbsp;&nbsp;&nbsp; list.remove(1); // throws UnsupportedOperation Exception<br /><br /></p>',true,'');
INSERT INTO Question (id,realmId,type,text,regDate,updateDate) OVERRIDING SYSTEM VALUE VALUES (255,4,0,'Arrays.<strong>asList</strong>() может принимать в качестве аргумента varargs, это удобно для быстрого создания списков в тестовых целях:<br /><br />List&lt;String&gt; list = Arrays.asList("one", "two");',TIMESTAMP '1970-01-01 03:00:00',TIMESTAMP '1970-01-01 03:00:00');
INSERT INTO Question (id,realmId,type,text,regDate,updateDate) OVERRIDING SYSTEM VALUE VALUES (256,4,0,'java.util.<em><span style="text-decoration: underline;">Collections</span></em><br /><br />static <strong>sort</strong>(List <em>lst</em>)<br /><br />самый простой пример сортировки',TIMESTAMP '1970-01-01 03:00:00',TIMESTAMP '1970-01-01 03:00:00');
INSERT INTO Question (id,realmId,type,text,regDate,updateDate) OVERRIDING SYSTEM VALUE VALUES (257,4,2,'Перечислите основные классы пакета java.time.* и опишите их отличия. Создайте экземпляры.',TIMESTAMP '1970-01-01 03:00:00',TIMESTAMP '1970-01-01 03:00:00');
	INSERT INTO Answer (id,questionId,text,correct,comment) OVERRIDING SYSTEM VALUE VALUES (493,257,'<strong>LocalDate</strong> - только дата<br /><strong>LocalTime</strong> - только время<br /><strong>LocalDateTime</strong> - дата и время<br /><strong>ZonedDateTime</strong> - дата и время с часовым поясом<br /><br />Простое создание экземпляров:<br /><br />System.out.println(LocalDate.now());<br />System.out.println(LocalTime.now());<br />System.out.println(LocalDateTime.now());<br />System.out.println(ZonedDateTime.now());',true,'');
INSERT INTO Question (id,realmId,type,text,regDate,updateDate) OVERRIDING SYSTEM VALUE VALUES (258,4,2,'укажите методы создания Local Date/Time классов, соответствующие произвольные датам и временам.',TIMESTAMP '1970-01-01 03:00:00',TIMESTAMP '1970-01-01 03:00:00');
	INSERT INTO Answer (id,questionId,text,correct,comment) OVERRIDING SYSTEM VALUE VALUES (494,258,'import java.time.*<br /><br />public static LocalDate <strong>of</strong>(int <em>year</em>, int <em>month</em>, int <em>dayOfMonth</em>)<br />public static LocalDate <strong>of</strong>(int <em>year</em>, Month <em>month</em>, int <em>dayOfMonth</em>)<br /><br />Month - это enum, пакет тот же.<br /><br />public static LocalTime <strong>of</strong>(int <em>hour</em>, int <em>minute</em>)<br />public static LocalTime <strong>of</strong>(int <em>hour</em>, int <em>minute</em>, int <em>second</em>)<br />public static LocalTime <strong>of</strong>(int <em>hour</em>, int <em>minute</em>, int <em>second</em>, int <em>nanos</em>)<br /><br />public static LocalDateTime <strong>of</strong>(int year, int month, int dayOfMonth, int hour, int minute)<br />public static LocalDateTime <strong>of</strong>(int year, int month, int dayOfMonth, int hour, int minute, int second)<br />public static LocalDateTime <strong>of</strong>(int year, int month, int dayOfMonth, int hour, int minute, int second, int nanos)<br />public static LocalDateTime <strong>of</strong>(int year, Month month, int dayOfMonth, int hour, int minute)<br />public static LocalDateTime <strong>of</strong>(int year, Month month, int dayOfMonth, int hour, int minute, int second)<br />public static LocalDateTime <strong>of</strong>(int year, Month month, int dayOfMonth, int hour, int minute, int second, int nanos)<br />public static LocalDateTime <strong>of</strong>(LocalDate date, LocalTime time)',true,'');
INSERT INTO Question (id,realmId,type,text,regDate,updateDate) OVERRIDING SYSTEM VALUE VALUES (259,4,1,'Отметьте фрагменты кода, которые скомпилируются и запустятся без проблем.',TIMESTAMP '1970-01-01 03:00:00',TIMESTAMP '1970-01-01 03:00:00');
	INSERT INTO Answer (id,questionId,text,correct,comment) OVERRIDING SYSTEM VALUE VALUES (496,259,'LocalDate date = LocalDate.of(2015, Month.JANUARY, 32);',false,'скомпилируется, но упадет в runtime - неверный номер дня');
	INSERT INTO Answer (id,questionId,text,correct,comment) OVERRIDING SYSTEM VALUE VALUES (497,259,'LocalTime time = LocalTime.of(6, 15, 30, 200);',true,'нормальный способ создать экземпляр с миллисекундами');
	INSERT INTO Answer (id,questionId,text,correct,comment) OVERRIDING SYSTEM VALUE VALUES (498,259,'LocalDate date = LocalDate.of(2015, Month.JANUARY, 20);',true,'');
	INSERT INTO Answer (id,questionId,text,correct,comment) OVERRIDING SYSTEM VALUE VALUES (499,259,'LocalDateTime dateTime = LocalDateTime.of(LocalDate.now(), LocalTime.now());',true,'...хотя проще вызвать LocalDateTime.now()');
	INSERT INTO Answer (id,questionId,text,correct,comment) OVERRIDING SYSTEM VALUE VALUES (495,259,'LocalDate&nbsp;date = new LocalDate();',false,'конструкторы классов в java.time приватны.');
INSERT INTO Question (id,realmId,type,text,regDate,updateDate) OVERRIDING SYSTEM VALUE VALUES (260,0,0,'Основной API для работы с java.util.<strong>Calendar</strong>.<br /><br />//текущие дата и время<br />Date d = new Date(); <br /><br />//создание заданной даты<br />Calendar c = Calendar.getInstance();<br />c.set(2015, Calendar.JANUARY, 1);<br />Date jan = c.getTime();<br /><br />или<br /><br />Calendar c = new GregorianCalendar(2015, Calendar.JANUARY, 1);<br />Date jan = c.getTime();<br /><br />или<br /><br />Calendar c = Calendar.getInstance();<br />c.set(2015, 0, 1); //январь<br />Date jan = c.getTime();<br /><br />//сдвиг на один день<br /><br />public Date subtractDay(Date date) {<br />&nbsp;&nbsp;&nbsp; Calendar cal = Calendar.getInstance();<br />&nbsp;&nbsp;&nbsp; cal.setTime(date);<br />&nbsp;&nbsp;&nbsp; cal.add(Calendar.DATE, -1);<br />&nbsp;&nbsp;&nbsp; return cal.getTime();<br />}',TIMESTAMP '1970-01-01 03:00:00',TIMESTAMP '1970-01-01 03:00:00');
INSERT INTO Question (id,realmId,type,text,regDate,updateDate) OVERRIDING SYSTEM VALUE VALUES (261,4,0,'Классы в java.time - неизменяемые!',TIMESTAMP '1970-01-01 03:00:00',TIMESTAMP '1970-01-01 03:00:00');
INSERT INTO Question (id,realmId,type,text,regDate,updateDate) OVERRIDING SYSTEM VALUE VALUES (262,4,2,'Укажите методы относительного сдвига в классах даты/времени.',TIMESTAMP '1970-01-01 03:00:00',TIMESTAMP '1970-01-01 03:00:00');
	INSERT INTO Answer (id,questionId,text,correct,comment) OVERRIDING SYSTEM VALUE VALUES (500,262,'plusYears/minusYears<br />plusMonths/minusMonths<br />plusWeeks/minusWeeks<br />plusDays/minusDays<br />plusHours/minusHours<br />plusMinutes/minusMinutes<br />plusSeconds/minusSeconds<br />plusNanos/minusNanos<br /><br />Все они определены на тех классах, где имеют смысл.',true,'');
INSERT INTO Question (id,realmId,type,text,regDate,updateDate) OVERRIDING SYSTEM VALUE VALUES (263,4,0,'Удобно использовать method chaining при работе с датой/временем:<br /><br />LocalDate date = LocalDate.of(2020, Month.JANUARY, 20);<br />LocalTime time = LocalTime.of(5, 15);<br />LocalDateTime dateTime = LocalDateTime.of(date2, time)<br />&nbsp;&nbsp;&nbsp; .minusDays(1).minusHours(10).minusSeconds(30);',TIMESTAMP '1970-01-01 03:00:00',TIMESTAMP '1970-01-01 03:00:00');
INSERT INTO Question (id,realmId,type,text,regDate,updateDate) OVERRIDING SYSTEM VALUE VALUES (264,4,2,'Что напечатается после выполнения следующего кода?<br /><br />LocalDate date = LocalDate.of(2020, Month.JANUARY, 20);<br />date.plusDays(10);<br />System.out.println(date);',TIMESTAMP '1970-01-01 03:00:00',TIMESTAMP '1970-01-01 03:00:00');
	INSERT INTO Answer (id,questionId,text,correct,comment) OVERRIDING SYSTEM VALUE VALUES (501,264,'2020-01-20<br /><br />дата не изменится, так как неизменяемая',true,'');
INSERT INTO Question (id,realmId,type,text,regDate,updateDate) OVERRIDING SYSTEM VALUE VALUES (265,4,0,'java.time.<em><span style="text-decoration: underline;">LocalDate</span></em><br />java.time.<em><span style="text-decoration: underline;">LocalDateTime<br /></span></em><br />boolean <strong>isBefore</strong>(ChronoLocalDate <em>other</em>)<br />boolean <strong>isAfter</strong>(ChronoLocalDate <em>other</em>)<br />',TIMESTAMP '1970-01-01 03:00:00',TIMESTAMP '1970-01-01 03:00:00');
INSERT INTO Question (id,realmId,type,text,regDate,updateDate) OVERRIDING SYSTEM VALUE VALUES (266,4,0,'java.time.<em><span style="text-decoration: underline;">LocalDate</span></em><br /><br />long <strong>toEpochDay</strong>()<br /><br />прошло дней с 01.01.1970<br /><br />===<br /><br />java.time.<em><span style="text-decoration: underline;">LocalDateTime</span></em><br /><br />long <strong>toEpochSecond</strong>()<br /><br />прошло&nbsp;секунд с 01.01.1970',TIMESTAMP '1970-01-01 03:00:00',TIMESTAMP '1970-01-01 03:00:00');
INSERT INTO Question (id,realmId,type,text,regDate,updateDate) OVERRIDING SYSTEM VALUE VALUES (267,4,2,'Укажите, как создать и использовать экземпляры класса Period.',TIMESTAMP '1970-01-01 03:00:00',TIMESTAMP '1970-01-01 03:00:00');
	INSERT INTO Answer (id,questionId,text,correct,comment) OVERRIDING SYSTEM VALUE VALUES (502,267,'<p>Period period = Period.ofMonths(1);<br />Period period = Period.ofYears(1);<br />Period period = Period.ofWeeks(1);<br />Period period = Period.ofDays(1);<br /><br />Period period = Period.of(<em>years</em>, <em>months</em>, <em>days</em>);</p>
<p>LocalDate start = LocalDate.of(2015, Month.JANUARY, 1);<br />start = start.plus(period); // adds the period<br /><br />(с LocalDateTime тоже можно, добавляется объект интерфейса TemporalAmount)</p>',true,'');
INSERT INTO Question (id,realmId,type,text,regDate,updateDate) OVERRIDING SYSTEM VALUE VALUES (268,4,1,'Каким будет результат работы следующего кода?<br /><br />LocalDate date = LocalDate.of(2018, Month.MARCH, 22);<br />Period period = Period.ofYears(1).ofWeeks(1);<br />System.out.println(date.plus(period));',TIMESTAMP '1970-01-01 03:00:00',TIMESTAMP '1970-01-01 03:00:00');
	INSERT INTO Answer (id,questionId,text,correct,comment) OVERRIDING SYSTEM VALUE VALUES (503,268,'Код не скомпилируется.',false,'Скомпилируется, т.к. мы можем вызывать статичные методы (ofWeeks(1)) с экземпляра.');
	INSERT INTO Answer (id,questionId,text,correct,comment) OVERRIDING SYSTEM VALUE VALUES (504,268,'Код скомпилируется, но выдаст ошибку времени выполнения.',false,'');
	INSERT INTO Answer (id,questionId,text,correct,comment) OVERRIDING SYSTEM VALUE VALUES (505,268,'2019-03-29',false,'Period.ofYears(1).ofWeeks(1) - это то же самое, что<br />Period.ofWeeks(1). Чтобы получился такой ответ, код должен был бы выглядеть так:<br />System.out.println(date.plus(Period.ofYears(1))<br />&nbsp; .plus(Period.ofWeeks(1)));');
	INSERT INTO Answer (id,questionId,text,correct,comment) OVERRIDING SYSTEM VALUE VALUES (506,268,'2018-03-29',true,'');
INSERT INTO Question (id,realmId,type,text,regDate,updateDate) OVERRIDING SYSTEM VALUE VALUES (270,4,0,'<p>class java.time.<em><span style="text-decoration: underline;">Duration</span></em></p>
<p>All Implemented Interfaces:Serializable, Comparable&lt;Duration&gt;, TemporalAmount<br /><br />static Duration <strong>ofDays</strong>(long <em>days</em>)<br />static Duration <strong>ofHours</strong>(long <em>hours</em>)<br />static Duration <strong>ofMillis</strong>(long <em>millis</em>)<br />static Duration <strong>ofMinutes</strong>(long <em>minutes</em>)<br />static Duration <strong>ofNanos</strong>(long <em>nanos</em>)<br />static Duration <strong>ofSeconds</strong>(long <em>seconds</em>)<br />Duration <strong>plus</strong>(Duration <em>duration</em>)</p>',TIMESTAMP '1970-01-01 03:00:00',TIMESTAMP '1970-01-01 03:00:00');
INSERT INTO Question (id,realmId,type,text,regDate,updateDate) OVERRIDING SYSTEM VALUE VALUES (271,4,0,'К объектам LocalTime нельзя методом plus добавлять&nbsp;временные отрезки класса Period - будет выдано UnsupportedTemporalTypeException. Duration.ofDays(1) можно, а Period.ofDays(1) - нельзя...',TIMESTAMP '1970-01-01 03:00:00',TIMESTAMP '1970-01-01 03:00:00');
INSERT INTO Question (id,realmId,type,text,regDate,updateDate) OVERRIDING SYSTEM VALUE VALUES (272,4,0,'java.time.<em><span style="text-decoration: underline;">LocalDate</span></em><br /><br />int <strong>getDayOfMonth</strong>()<br />DayOfWeek&nbsp;<strong>getDayOfWeek</strong>()<br />int <strong>getDayOfYear</strong>()<br />Month&nbsp;<strong>getMonth</strong>()<br />int <strong>getMonthValue</strong>() //номер месяца в году<br />int <strong>getYear</strong>()',TIMESTAMP '1970-01-01 03:00:00',TIMESTAMP '1970-01-01 03:00:00');
INSERT INTO Question (id,realmId,type,text,regDate,updateDate) OVERRIDING SYSTEM VALUE VALUES (273,4,0,'java.time.<em><span style="text-decoration: underline;">LocalTime</span></em><br /><br />int <strong>getHour</strong>()<br />int <strong>getMinute</strong>()<br />int <strong>getNano</strong>()<br />int <strong>getSecond</strong>()',TIMESTAMP '1970-01-01 03:00:00',TIMESTAMP '1970-01-01 03:00:00');
INSERT INTO Question (id,realmId,type,text,regDate,updateDate) OVERRIDING SYSTEM VALUE VALUES (274,4,0,'java.time.<em><span style="text-decoration: underline;">LocalDateTime</span></em><br /><br />int&nbsp;<strong>getDayOfMonth</strong>()<br />DayOfWeek <strong>getDayOfWeek</strong>()<br />int&nbsp;<strong>getDayOfYear</strong>()<br />int&nbsp;<strong>getHour</strong>()<br />int&nbsp;<strong>getMinute</strong>()<br />Month <strong>getMonth</strong>()<br />int&nbsp;<strong>getMonthValue</strong>()<br />int&nbsp;<strong>getNano</strong>()<br />int&nbsp;<strong>getSecond</strong>()<br />int&nbsp;<strong>getYear</strong>()',TIMESTAMP '1970-01-01 03:00:00',TIMESTAMP '1970-01-01 03:00:00');
INSERT INTO Question (id,realmId,type,text,regDate,updateDate) OVERRIDING SYSTEM VALUE VALUES (275,4,0,'java.time.format.<em><span style="text-decoration: underline;">DateTimeFormatter</span></em><br /><br />Класс, осуществляющий форматирование даты/времени.<br /><br />Имеет несколько констант с экземплярами, например<br /><br /><strong>ISO_LOCAL_DATE</strong> (''2011-12-13'')<br /><strong>ISO_LOCAL_TIME </strong>(''10:15'' или ''10:15:30'')<strong><br />ISO_LOCAL_DATE_TIME</strong> (''2011-12-13T10:15:30'')<br /><br />используется в форматировании следующим образом:<br /><br />LocalDate date = LocalDate.of(2020, Month.JANUARY, 20);<br />LocalTime time = LocalTime.of(11, 12, 34);<br />LocalDateTime dateTime = LocalDateTime.of(date, time);<br />System.out.println(date.format(DateTimeFormatter.ISO_LOCAL_DATE));<br />System.out.println(time.format(DateTimeFormatter.ISO_LOCAL_TIME));<br />System.out.println(dateTime.format(DateTimeFormatter.ISO_LOCAL_DATE_TIME));',TIMESTAMP '1970-01-01 03:00:00',TIMESTAMP '1970-01-01 03:00:00');
INSERT INTO Question (id,realmId,type,text,regDate,updateDate) OVERRIDING SYSTEM VALUE VALUES (276,4,0,'java.time.format.<em><span style="text-decoration: underline;">DateTimeFormatter</span></em><br /><br />static <strong>ofLocalizedDate</strong>(FormatStyle s<em>tyle</em>)<br />static <strong>ofLocalizedTime</strong>(FormatStyle s<em>tyle</em>)<br />static <strong>ofLocalizedDateTime</strong>(FormatStyle s<em>tyle</em>)<br /><br />FormatStyle - это enum.<br /><br />Методы возвращают форматтеры, специфичные для локали.<br /><br />если локаль надо задать жестко, то можно вызвать метод <strong>withLocale</strong>(Locale) на результате этих методов.<br /><br />Примеры:<br /><br />DateTimeFormatter shortDate =<br />&nbsp;&nbsp;&nbsp; DateTimeFormatter.ofLocalizedDate(FormatStyle.SHORT);<br />System.out.println(shortDate.format(dateTime)); // 1/20/20<br />System.out.println(shortDate.format(date)); // 1/20/20<br />System.out.println(shortDate.format(time)); // UnsupportedTemporalTypeException',TIMESTAMP '1970-01-01 03:00:00',TIMESTAMP '1970-01-01 03:00:00');
INSERT INTO Question (id,realmId,type,text,regDate,updateDate) OVERRIDING SYSTEM VALUE VALUES (277,4,0,'<p>На форматтере есть метод <strong>format</strong>, принимающий дату/время.<br />На дате/времени есть метод <strong>format</strong>, принимающий форматтер!<br />Результаты одинаковые.<br /><br />DateTimeFormatter shortDateTime =<br />&nbsp;&nbsp;&nbsp; DateTimeFormatter.ofLocalizedDate(FormatStyle.SHORT);</p>
<p>System.out.println(shortDateTime.format(dateTime));<br />System.out.println(dateTime.format(shortDateTime));</p>',TIMESTAMP '1970-01-01 03:00:00',TIMESTAMP '1970-01-01 03:00:00');
INSERT INTO Question (id,realmId,type,text,regDate,updateDate) OVERRIDING SYSTEM VALUE VALUES (278,4,1,'Укажите примеры кода, которые выполнятся без ошибок.',TIMESTAMP '1970-01-01 03:00:00',TIMESTAMP '1970-01-01 03:00:00');
	INSERT INTO Answer (id,questionId,text,correct,comment) OVERRIDING SYSTEM VALUE VALUES (512,278,'<p>LocalDateTime localDateTime = LocalDateTime.now();</p>
<p>DateTimeFormatter f = DateTimeFormatter<br />&nbsp;&nbsp;&nbsp; .ofLocalizedDateTime(FormatStyle.SHORT);</p>
<p>System.out.println(f.format(localDateTime));</p>',true,'Покажет весь объект.');
	INSERT INTO Answer (id,questionId,text,correct,comment) OVERRIDING SYSTEM VALUE VALUES (513,278,'<p>LocalTime localTime = LocalTime.now();</p>
<p>DateTimeFormatter f = DateTimeFormatter<br />&nbsp;&nbsp;&nbsp; .ofLocalizedDateTime(FormatStyle.SHORT);</p>
<p>System.out.println(f.format(localTime));</p>',false,'Runtime Exception');
	INSERT INTO Answer (id,questionId,text,correct,comment) OVERRIDING SYSTEM VALUE VALUES (514,278,'<p>LocalDate localDate = LocalDate.now();</p>
<p>DateTimeFormatter f = DateTimeFormatter<br />&nbsp;&nbsp;&nbsp; .ofLocalizedTime(FormatStyle.SHORT);</p>
<p>System.out.println(f.format(localDate));</p>',false,'Runtime Exception');
	INSERT INTO Answer (id,questionId,text,correct,comment) OVERRIDING SYSTEM VALUE VALUES (515,278,'<p>LocalDateTime localDateTime = LocalDateTime.now();</p>
<p>DateTimeFormatter f = DateTimeFormatter<br />&nbsp;&nbsp;&nbsp; .ofLocalizedTime(FormatStyle.SHORT);</p>
<p>System.out.println(f.format(localDateTime));</p>',true,'Покажет только время.');
	INSERT INTO Answer (id,questionId,text,correct,comment) OVERRIDING SYSTEM VALUE VALUES (516,278,'<p>LocalTime localTime = LocalTime.now();</p>
<p>DateTimeFormatter f = DateTimeFormatter<br />&nbsp;&nbsp;&nbsp; .ofLocalizedTime(FormatStyle.SHORT);</p>
<p>System.out.println(f.format(localTime));</p>',true,'Покажет весь объект.');
	INSERT INTO Answer (id,questionId,text,correct,comment) OVERRIDING SYSTEM VALUE VALUES (508,278,'<p>LocalDate localDate = LocalDate.now();</p>
<p>DateTimeFormatter f = DateTimeFormatter<br />&nbsp;&nbsp;&nbsp; .ofLocalizedDate(FormatStyle.SHORT);</p>
<p>System.out.println(f.format(localDate));</p>',true,'Покажет весь объект.');
	INSERT INTO Answer (id,questionId,text,correct,comment) OVERRIDING SYSTEM VALUE VALUES (509,278,'<p>LocalDateTime localDateTime = LocalDateTime.now();</p>
<p>DateTimeFormatter f = DateTimeFormatter<br />&nbsp;&nbsp;&nbsp; .ofLocalizedDate(FormatStyle.SHORT);</p>
<p>System.out.println(f.format(localDateTime));</p>',true,'Покажет только дату.');
	INSERT INTO Answer (id,questionId,text,correct,comment) OVERRIDING SYSTEM VALUE VALUES (510,278,'<p>LocalTime localTime = LocalTime.now();</p>
<p>DateTimeFormatter f = DateTimeFormatter<br />&nbsp;&nbsp;&nbsp; .ofLocalizedDate(FormatStyle.SHORT);</p>
<p>System.out.println(f.format(localTime));</p>',false,'Runtime Exception');
	INSERT INTO Answer (id,questionId,text,correct,comment) OVERRIDING SYSTEM VALUE VALUES (511,278,'<p>LocalDate localDate = LocalDate.now();</p>
<p>DateTimeFormatter f = DateTimeFormatter<br />&nbsp;&nbsp;&nbsp; .ofLocalizedDateTime(FormatStyle.SHORT);</p>
<p>System.out.println(f.format(localDate));</p>',false,'Runtime Exception');
INSERT INTO Question (id,realmId,type,text,regDate,updateDate) OVERRIDING SYSTEM VALUE VALUES (279,4,0,'java.time.format.<em><span style="text-decoration: underline;">FormatStyle</span></em><br /><br />Две константы, которые могут быть на экзамене:<br /><br /><strong>SHORT </strong>(1/20/20 11:12 AM)<br /><strong>MEDIUM </strong>(Jan 20, 2020 11:12:34 AM)',TIMESTAMP '1970-01-01 03:00:00',TIMESTAMP '1970-01-01 03:00:00');
INSERT INTO Question (id,realmId,type,text,regDate,updateDate) OVERRIDING SYSTEM VALUE VALUES (280,4,2,'Приведите пример кода, форматирующего дату и время с помощью FormatStyle.',TIMESTAMP '1970-01-01 03:00:00',TIMESTAMP '1970-01-01 03:00:00');
	INSERT INTO Answer (id,questionId,text,correct,comment) OVERRIDING SYSTEM VALUE VALUES (517,280,'LocalDateTime ldt = LocalDateTime.now();<br />DateTimeFormatter dtf = DateTimeFormatter.ofLocalizedDateTime(FormatStyle.MEDIUM);<br />System.out.println(ldt.format(dtf));',true,'');
INSERT INTO Question (id,realmId,type,text,regDate,updateDate) OVERRIDING SYSTEM VALUE VALUES (281,4,0,'java.time.format.<em><span style="text-decoration: underline;">DateTimeFormatter</span></em><br /><br />static DateTimeFormatter <strong>ofPattern</strong>(String <em>pattern</em>);<br /><br />пользовательский формат вывода даты/времени.<br /><br />Некоторые управляющие символы:<br /><br /><span style="text-decoration: underline;">Месяц</span>:<br /><strong>M</strong>: 1<br /><strong>MM</strong>: 01<br /><strong>MMM</strong>: Jan<br /><strong>MMMM</strong>: January<br /><br /><span style="text-decoration: underline;">День</span>:<br /><strong>d</strong>: 2, 23<br /><strong>dd</strong>: 02, 23<br /><br /><span style="text-decoration: underline;">Год</span>:<br /><strong>y</strong>: 2018<br /><strong>yy</strong>: 18<br /><strong>yyy</strong>: 2018<br /><strong>yyyy</strong>: 2018<br /><br /><span style="text-decoration: underline;">Час</span>:<br /><strong>h</strong>: 1, 10<br /><strong>hh</strong>: 01, 10<br /><br /><span style="text-decoration: underline;">Минута</span>:<br /><strong>m</strong>: 0, 25<br /><strong>mm</strong>: 00, 25<br /><br /><span style="text-decoration: underline;">Секунда</span>:<br /><strong>s</strong>: 3,12<br /><strong>ss</strong>: 03,12<br /><br /><br />DateTimeFormatter f = DateTimeFormatter.ofPattern("MMMM dd, yyyy, hh:mm");<br />System.out.println(dateTime.format(f)); // January 20, 2020, 11:12',TIMESTAMP '1970-01-01 03:00:00',TIMESTAMP '1970-01-01 03:00:00');
INSERT INTO Question (id,realmId,type,text,regDate,updateDate) OVERRIDING SYSTEM VALUE VALUES (282,4,0,'Пример форматирования прежних дат.<br /><br />Date d = new Date();<br />SimpleDateFormat sdf = new SimpleDateFormat("hh:mm");<br />System.out.println(sdf.format(d));',TIMESTAMP '1970-01-01 03:00:00',TIMESTAMP '1970-01-01 03:00:00');
INSERT INTO Question (id,realmId,type,text,regDate,updateDate) OVERRIDING SYSTEM VALUE VALUES (283,4,1,'Какая строка нижеследующего кода вызовет runtime exception?<br /><br />4: DateTimeFormatter f = DateTimeFormatter.ofPattern("hh:mm");<br />5: f.format(dateTime);<br />6: f.format(date);<br />7: f.format(time);',TIMESTAMP '1970-01-01 03:00:00',TIMESTAMP '1970-01-01 03:00:00');
	INSERT INTO Answer (id,questionId,text,correct,comment) OVERRIDING SYSTEM VALUE VALUES (518,283,'4',false,'');
	INSERT INTO Answer (id,questionId,text,correct,comment) OVERRIDING SYSTEM VALUE VALUES (519,283,'5',false,'');
	INSERT INTO Answer (id,questionId,text,correct,comment) OVERRIDING SYSTEM VALUE VALUES (520,283,'6',true,'потому что нельзя вычислить информацию о времени из объекта чистой даты');
	INSERT INTO Answer (id,questionId,text,correct,comment) OVERRIDING SYSTEM VALUE VALUES (521,283,'7',false,'');
INSERT INTO Question (id,realmId,type,text,regDate,updateDate) OVERRIDING SYSTEM VALUE VALUES (284,4,0,'java.time.<em><span style="text-decoration: underline;">LocalDate</span></em><br />java.time.<em><span style="text-decoration: underline;">LocalTime</span></em><br />java.time.<em><span style="text-decoration: underline;">LocalDateTime</span></em><br /><br />static Local... <strong>parse</strong>(String <em>str</em>)<br />static Local... <strong>parse</strong>(String <em>str</em>, DateTimeFormatter <em>dtf</em>)<br /><br />парсинг строк.<br /><br />DateTimeFormatter f = DateTimeFormatter.ofPattern("MM dd yyyy");<br />LocalDate date = LocalDate.parse("01 02 2015", f);<br />LocalTime time = LocalTime.parse("11:22");<br />System.out.println(date); // 2015-01-02<br />System.out.println(time); // 11:22<br /><br />Общий подход такой: если что-то не получается распарсить (не тот формат строки, неверная дата и т.п.), то будет runtime exception.',TIMESTAMP '1970-01-01 03:00:00',TIMESTAMP '1970-01-01 03:00:00');
INSERT INTO Question (id,realmId,type,text,regDate,updateDate) OVERRIDING SYSTEM VALUE VALUES (285,4,1,'<p>What is output by the following code? (Choose all that apply)</p>
<p>1: public class Fish {<br />2:&nbsp;&nbsp;&nbsp;&nbsp; public static void main(String[] args) {<br />3:&nbsp;&nbsp;&nbsp;&nbsp;&nbsp;&nbsp;&nbsp;&nbsp; int numFish = 4;<br />4:&nbsp;&nbsp;&nbsp;&nbsp;&nbsp;&nbsp;&nbsp;&nbsp; String fishType = "tuna";<br />5:&nbsp;&nbsp;&nbsp;&nbsp;&nbsp;&nbsp;&nbsp;&nbsp; String anotherFish = numFish + 1;<br />6:&nbsp;&nbsp;&nbsp;&nbsp;&nbsp;&nbsp;&nbsp;&nbsp; System.out.println(anotherFish + " " + fishType);<br />7:&nbsp;&nbsp;&nbsp;&nbsp;&nbsp;&nbsp;&nbsp;&nbsp; System.out.println(numFish + " " + 1);<br />8: } }</p>',TIMESTAMP '1970-01-01 03:00:00',TIMESTAMP '1970-01-01 03:00:00');
	INSERT INTO Answer (id,questionId,text,correct,comment) OVERRIDING SYSTEM VALUE VALUES (528,285,'The code does not compile.',true,'в строке 5 int присваивается строке');
	INSERT INTO Answer (id,questionId,text,correct,comment) OVERRIDING SYSTEM VALUE VALUES (522,285,'4 1',false,'');
	INSERT INTO Answer (id,questionId,text,correct,comment) OVERRIDING SYSTEM VALUE VALUES (523,285,'41',false,'');
	INSERT INTO Answer (id,questionId,text,correct,comment) OVERRIDING SYSTEM VALUE VALUES (524,285,'5',false,'');
	INSERT INTO Answer (id,questionId,text,correct,comment) OVERRIDING SYSTEM VALUE VALUES (525,285,'5 tuna',false,'');
	INSERT INTO Answer (id,questionId,text,correct,comment) OVERRIDING SYSTEM VALUE VALUES (526,285,'5tuna',false,'');
	INSERT INTO Answer (id,questionId,text,correct,comment) OVERRIDING SYSTEM VALUE VALUES (527,285,'51tuna',false,'');
INSERT INTO Question (id,realmId,type,text,regDate,updateDate) OVERRIDING SYSTEM VALUE VALUES (286,4,0,'Если при присваивании&nbsp; целочисленным типам значение может быть вычислено на этапе компиляции (арифметическое выражение с литералами, не результат вызова метода!)&nbsp;и входит в диапазон соответствующего типа, кастинг не требуется:<br /><br />byte b;<br />b = 10*5; //нормально<br />b = 100*5; //ошибка компиляции',TIMESTAMP '1970-01-01 03:00:00',TIMESTAMP '1970-01-01 03:00:00');
INSERT INTO Question (id,realmId,type,text,regDate,updateDate) OVERRIDING SYSTEM VALUE VALUES (287,4,1,'<p>Which of the following are output by this code? (Choose all that apply)</p>
<p>3: String s = "Hello";<br />4: String t = new String(s);<br />5: if ("Hello".equals(s)) System.out.println("one");<br />6: if (t == s) System.out.println("two");<br />7: if (t.equals(s)) System.out.println("three");<br />8: if ("Hello" == s) System.out.println("four");<br />9: if ("Hello" == t) System.out.println("five");</p>',TIMESTAMP '1970-01-01 03:00:00',TIMESTAMP '1970-01-01 03:00:00');
	INSERT INTO Answer (id,questionId,text,correct,comment) OVERRIDING SYSTEM VALUE VALUES (529,287,'one',true,'');
	INSERT INTO Answer (id,questionId,text,correct,comment) OVERRIDING SYSTEM VALUE VALUES (530,287,'two',false,'');
	INSERT INTO Answer (id,questionId,text,correct,comment) OVERRIDING SYSTEM VALUE VALUES (531,287,'three',true,'');
	INSERT INTO Answer (id,questionId,text,correct,comment) OVERRIDING SYSTEM VALUE VALUES (532,287,'four',true,'строковый объект из пула сравнивается сам с собой');
	INSERT INTO Answer (id,questionId,text,correct,comment) OVERRIDING SYSTEM VALUE VALUES (533,287,'five',false,'');
	INSERT INTO Answer (id,questionId,text,correct,comment) OVERRIDING SYSTEM VALUE VALUES (534,287,'The code does not compile.',false,'');
INSERT INTO Question (id,realmId,type,text,regDate,updateDate) OVERRIDING SYSTEM VALUE VALUES (288,4,1,'Which are true statements? (Choose all that apply)',TIMESTAMP '1970-01-01 03:00:00',TIMESTAMP '1970-01-01 03:00:00');
	INSERT INTO Answer (id,questionId,text,correct,comment) OVERRIDING SYSTEM VALUE VALUES (535,288,'An immutable object can be modified.',false,'');
	INSERT INTO Answer (id,questionId,text,correct,comment) OVERRIDING SYSTEM VALUE VALUES (536,288,'An immutable object cannot be modified.',true,'');
	INSERT INTO Answer (id,questionId,text,correct,comment) OVERRIDING SYSTEM VALUE VALUES (537,288,'An immutable object can be garbage collected.',true,'');
	INSERT INTO Answer (id,questionId,text,correct,comment) OVERRIDING SYSTEM VALUE VALUES (538,288,'An immutable object cannot be garbage collected.',false,'');
	INSERT INTO Answer (id,questionId,text,correct,comment) OVERRIDING SYSTEM VALUE VALUES (539,288,'String is immutable.',true,'');
	INSERT INTO Answer (id,questionId,text,correct,comment) OVERRIDING SYSTEM VALUE VALUES (540,288,'StringBuffer is immutable.',false,'');
	INSERT INTO Answer (id,questionId,text,correct,comment) OVERRIDING SYSTEM VALUE VALUES (541,288,'StringBuilder is immutable.',false,'');
INSERT INTO Question (id,realmId,type,text,regDate,updateDate) OVERRIDING SYSTEM VALUE VALUES (289,4,1,'<p>What is the result of the following code?</p>
<p>7: StringBuilder sb = new StringBuilder();<br />8: sb.append("aaa").insert(1, "bb").insert(4, "ccc");<br />9: System.out.println(sb);</p>',TIMESTAMP '1970-01-01 03:00:00',TIMESTAMP '1970-01-01 03:00:00');
	INSERT INTO Answer (id,questionId,text,correct,comment) OVERRIDING SYSTEM VALUE VALUES (544,289,'bbaaaccc',false,'');
	INSERT INTO Answer (id,questionId,text,correct,comment) OVERRIDING SYSTEM VALUE VALUES (545,289,'bbaaccca',false,'');
	INSERT INTO Answer (id,questionId,text,correct,comment) OVERRIDING SYSTEM VALUE VALUES (546,289,'An exception is thrown.',false,'');
	INSERT INTO Answer (id,questionId,text,correct,comment) OVERRIDING SYSTEM VALUE VALUES (547,289,'The code does not compile.',false,'');
	INSERT INTO Answer (id,questionId,text,correct,comment) OVERRIDING SYSTEM VALUE VALUES (542,289,'abbaaccc',false,'');
	INSERT INTO Answer (id,questionId,text,correct,comment) OVERRIDING SYSTEM VALUE VALUES (543,289,'abbaccca',true,'');
INSERT INTO Question (id,realmId,type,text,regDate,updateDate) OVERRIDING SYSTEM VALUE VALUES (290,4,1,'<p>What is the result of the following code?</p>
<p>2: String s1 = "java";<br />3: StringBuilder s2 = new StringBuilder("java");<br />4: if (s1 == s2)<br />5:&nbsp;&nbsp;&nbsp;&nbsp; System.out.print("1");<br />6: if (s1.equals(s2))<br />7:&nbsp;&nbsp;&nbsp;&nbsp; System.out.print("2");</p>',TIMESTAMP '1970-01-01 03:00:00',TIMESTAMP '1970-01-01 03:00:00');
	INSERT INTO Answer (id,questionId,text,correct,comment) OVERRIDING SYSTEM VALUE VALUES (548,290,'1',false,'');
	INSERT INTO Answer (id,questionId,text,correct,comment) OVERRIDING SYSTEM VALUE VALUES (549,290,'2',false,'');
	INSERT INTO Answer (id,questionId,text,correct,comment) OVERRIDING SYSTEM VALUE VALUES (550,290,'12',false,'');
	INSERT INTO Answer (id,questionId,text,correct,comment) OVERRIDING SYSTEM VALUE VALUES (551,290,'No output is printed.',false,'');
	INSERT INTO Answer (id,questionId,text,correct,comment) OVERRIDING SYSTEM VALUE VALUES (552,290,'An exception is thrown.',false,'');
	INSERT INTO Answer (id,questionId,text,correct,comment) OVERRIDING SYSTEM VALUE VALUES (553,290,'The code does not compile.',true,'нельзя сравнивать по ссылке объекты разных иерархий');
INSERT INTO Question (id,realmId,type,text,regDate,updateDate) OVERRIDING SYSTEM VALUE VALUES (291,4,1,'<p>What is the result of the following code?</p>
<p>public class Lion {<br />&nbsp;&nbsp;&nbsp; public void roar(String roar1, StringBuilder roar2) {<br />&nbsp;&nbsp;&nbsp;&nbsp;&nbsp;&nbsp;&nbsp; roar1.concat("!!!");<br />&nbsp;&nbsp;&nbsp;&nbsp;&nbsp;&nbsp;&nbsp; roar2.append("!!!");<br />&nbsp;&nbsp;&nbsp; }<br />&nbsp;&nbsp;&nbsp; public static void main(String[] args) {<br />&nbsp;&nbsp;&nbsp;&nbsp;&nbsp;&nbsp;&nbsp; String roar1 = "roar";<br />&nbsp;&nbsp;&nbsp;&nbsp;&nbsp;&nbsp;&nbsp; StringBuilder roar2 = new StringBuilder("roar");<br />&nbsp;&nbsp;&nbsp;&nbsp;&nbsp;&nbsp;&nbsp; new Lion().roar(roar1, roar2);<br />&nbsp;&nbsp;&nbsp;&nbsp;&nbsp;&nbsp;&nbsp; System.out.println(roar1 + " " + roar2);<br />} }</p>',TIMESTAMP '1970-01-01 03:00:00',TIMESTAMP '1970-01-01 03:00:00');
	INSERT INTO Answer (id,questionId,text,correct,comment) OVERRIDING SYSTEM VALUE VALUES (554,291,'roar roar',false,'');
	INSERT INTO Answer (id,questionId,text,correct,comment) OVERRIDING SYSTEM VALUE VALUES (555,291,'roar roar!!!',true,'');
	INSERT INTO Answer (id,questionId,text,correct,comment) OVERRIDING SYSTEM VALUE VALUES (556,291,'roar!!! roar',false,'');
	INSERT INTO Answer (id,questionId,text,correct,comment) OVERRIDING SYSTEM VALUE VALUES (557,291,'roar!!! roar!!!',false,'');
	INSERT INTO Answer (id,questionId,text,correct,comment) OVERRIDING SYSTEM VALUE VALUES (558,291,'An exception is thrown.',false,'');
	INSERT INTO Answer (id,questionId,text,correct,comment) OVERRIDING SYSTEM VALUE VALUES (559,291,'The code does not compile.',false,'');
INSERT INTO Question (id,realmId,type,text,regDate,updateDate) OVERRIDING SYSTEM VALUE VALUES (292,4,1,'<p>Which are the results of the following code? (Choose all that apply)</p>
<p>String letters = "abcdef";<br />System.out.println(letters.length());<br />System.out.println(letters.charAt(3));<br />System.out.println(letters.charAt(6));</p>',TIMESTAMP '1970-01-01 03:00:00',TIMESTAMP '1970-01-01 03:00:00');
	INSERT INTO Answer (id,questionId,text,correct,comment) OVERRIDING SYSTEM VALUE VALUES (560,292,'5',false,'');
	INSERT INTO Answer (id,questionId,text,correct,comment) OVERRIDING SYSTEM VALUE VALUES (561,292,'6',true,'');
	INSERT INTO Answer (id,questionId,text,correct,comment) OVERRIDING SYSTEM VALUE VALUES (562,292,'с',false,'');
	INSERT INTO Answer (id,questionId,text,correct,comment) OVERRIDING SYSTEM VALUE VALUES (563,292,'d',true,'');
	INSERT INTO Answer (id,questionId,text,correct,comment) OVERRIDING SYSTEM VALUE VALUES (564,292,'An exception is thrown.',true,'');
	INSERT INTO Answer (id,questionId,text,correct,comment) OVERRIDING SYSTEM VALUE VALUES (565,292,'The code does not compile.',false,'');
INSERT INTO Question (id,realmId,type,text,regDate,updateDate) OVERRIDING SYSTEM VALUE VALUES (293,4,1,'Which are the results of the following code? (Choose all that apply)<br /><br />String numbers = "012345678";<br />System.out.println(numbers.substring(1, 3));<br />System.out.println(numbers.substring(7, 7));<br />System.out.println(numbers.substring(7));',TIMESTAMP '1970-01-01 03:00:00',TIMESTAMP '1970-01-01 03:00:00');
	INSERT INTO Answer (id,questionId,text,correct,comment) OVERRIDING SYSTEM VALUE VALUES (566,293,'12',true,'');
	INSERT INTO Answer (id,questionId,text,correct,comment) OVERRIDING SYSTEM VALUE VALUES (567,293,'123',false,'');
	INSERT INTO Answer (id,questionId,text,correct,comment) OVERRIDING SYSTEM VALUE VALUES (568,293,'7',false,'');
	INSERT INTO Answer (id,questionId,text,correct,comment) OVERRIDING SYSTEM VALUE VALUES (569,293,'78',true,'Метод substring() может принимать на вход один аргумент, в этом случае подстрока берется с указанного индекса и до конца строки.');
	INSERT INTO Answer (id,questionId,text,correct,comment) OVERRIDING SYSTEM VALUE VALUES (570,293,'A blank line.',true,'');
	INSERT INTO Answer (id,questionId,text,correct,comment) OVERRIDING SYSTEM VALUE VALUES (571,293,'An exception is thrown.',false,'');
	INSERT INTO Answer (id,questionId,text,correct,comment) OVERRIDING SYSTEM VALUE VALUES (572,293,'The code does not compile.',false,'');
INSERT INTO Question (id,realmId,type,text,regDate,updateDate) OVERRIDING SYSTEM VALUE VALUES (294,4,1,'<p>What is the result of the following code?</p>
<p>3: String s = "purr";<br />4: s.toUpperCase();<br />5: s.trim();<br />6: s.substring(1, 3);<br />7: s += " two";<br />8: System.out.println(s.length());</p>',TIMESTAMP '1970-01-01 03:00:00',TIMESTAMP '1970-01-01 03:00:00');
	INSERT INTO Answer (id,questionId,text,correct,comment) OVERRIDING SYSTEM VALUE VALUES (576,294,'10',false,'');
	INSERT INTO Answer (id,questionId,text,correct,comment) OVERRIDING SYSTEM VALUE VALUES (577,294,'An exception is thrown.',false,'');
	INSERT INTO Answer (id,questionId,text,correct,comment) OVERRIDING SYSTEM VALUE VALUES (578,294,'The code does not compile.',false,'');
	INSERT INTO Answer (id,questionId,text,correct,comment) OVERRIDING SYSTEM VALUE VALUES (573,294,'2',false,'');
	INSERT INTO Answer (id,questionId,text,correct,comment) OVERRIDING SYSTEM VALUE VALUES (574,294,'4',false,'');
	INSERT INTO Answer (id,questionId,text,correct,comment) OVERRIDING SYSTEM VALUE VALUES (575,294,'8',true,'');
INSERT INTO Question (id,realmId,type,text,regDate,updateDate) OVERRIDING SYSTEM VALUE VALUES (295,4,1,'<p>What is the result of the following code? (Choose all that apply)</p>
<p>13: String a = "";<br />14: a += 2;<br />15: a += ''c'';<br />16: a += false;<br />17: if ( a == "2cfalse") System.out.println("==");<br />18: if ( a.equals("2cfalse")) System.out.println("equals");</p>',TIMESTAMP '1970-01-01 03:00:00',TIMESTAMP '1970-01-01 03:00:00');
	INSERT INTO Answer (id,questionId,text,correct,comment) OVERRIDING SYSTEM VALUE VALUES (579,295,'Compile error on line 14.',false,'');
	INSERT INTO Answer (id,questionId,text,correct,comment) OVERRIDING SYSTEM VALUE VALUES (580,295,'Compile error on line 15.',false,'');
	INSERT INTO Answer (id,questionId,text,correct,comment) OVERRIDING SYSTEM VALUE VALUES (581,295,'Compile error on line 16.',false,'');
	INSERT INTO Answer (id,questionId,text,correct,comment) OVERRIDING SYSTEM VALUE VALUES (582,295,'Compile error on another line.',false,'');
	INSERT INTO Answer (id,questionId,text,correct,comment) OVERRIDING SYSTEM VALUE VALUES (583,295,'==',false,'');
	INSERT INTO Answer (id,questionId,text,correct,comment) OVERRIDING SYSTEM VALUE VALUES (584,295,'equals',true,'');
	INSERT INTO Answer (id,questionId,text,correct,comment) OVERRIDING SYSTEM VALUE VALUES (585,295,'An exception is thrown.',false,'');
INSERT INTO Question (id,realmId,type,text,regDate,updateDate) OVERRIDING SYSTEM VALUE VALUES (296,4,1,'<p>What is the result of the following code?</p>
<p>4: int total = 0;<br />5: StringBuilder letters = new StringBuilder("abcdefg");<br />6: total += letters.substring(1, 2).length();<br />7: total += letters.substring(6, 6).length();<br />8: total += letters.substring(6, 5).length();<br />9: System.out.println(total);</p>',TIMESTAMP '1970-01-01 03:00:00',TIMESTAMP '1970-01-01 03:00:00');
	INSERT INTO Answer (id,questionId,text,correct,comment) OVERRIDING SYSTEM VALUE VALUES (586,296,'1',false,'');
	INSERT INTO Answer (id,questionId,text,correct,comment) OVERRIDING SYSTEM VALUE VALUES (587,296,'2',false,'');
	INSERT INTO Answer (id,questionId,text,correct,comment) OVERRIDING SYSTEM VALUE VALUES (588,296,'3',false,'');
	INSERT INTO Answer (id,questionId,text,correct,comment) OVERRIDING SYSTEM VALUE VALUES (589,296,'7',false,'');
	INSERT INTO Answer (id,questionId,text,correct,comment) OVERRIDING SYSTEM VALUE VALUES (590,296,'An exception is thrown.',true,'');
	INSERT INTO Answer (id,questionId,text,correct,comment) OVERRIDING SYSTEM VALUE VALUES (591,296,'The code does not compile.',false,'');
INSERT INTO Question (id,realmId,type,text,regDate,updateDate) OVERRIDING SYSTEM VALUE VALUES (297,4,1,'<p>What is the result of the following code? (Choose all that apply)</p>
<p>StringBuilder numbers = new StringBuilder("0123456789");<br />numbers.delete(2, 8);<br />numbers.append("-").insert(2, "+");<br />System.out.println(numbers);</p>',TIMESTAMP '1970-01-01 03:00:00',TIMESTAMP '1970-01-01 03:00:00');
	INSERT INTO Answer (id,questionId,text,correct,comment) OVERRIDING SYSTEM VALUE VALUES (592,297,'01+89&ndash;',true,'');
	INSERT INTO Answer (id,questionId,text,correct,comment) OVERRIDING SYSTEM VALUE VALUES (593,297,'012+9&ndash;',false,'');
	INSERT INTO Answer (id,questionId,text,correct,comment) OVERRIDING SYSTEM VALUE VALUES (594,297,'012+&ndash;9',false,'');
	INSERT INTO Answer (id,questionId,text,correct,comment) OVERRIDING SYSTEM VALUE VALUES (595,297,'0123456789',false,'');
	INSERT INTO Answer (id,questionId,text,correct,comment) OVERRIDING SYSTEM VALUE VALUES (596,297,'An exception is thrown.',false,'');
	INSERT INTO Answer (id,questionId,text,correct,comment) OVERRIDING SYSTEM VALUE VALUES (597,297,'The code does not compile.',false,'');
INSERT INTO Question (id,realmId,type,text,regDate,updateDate) OVERRIDING SYSTEM VALUE VALUES (298,4,1,'What is the result of the following code?<br /><br />StringBuilder b = "rumble";<br />b.append(4).deleteCharAt(3).delete(3, b.length() - 1);<br />System.out.println(b);',TIMESTAMP '1970-01-01 03:00:00',TIMESTAMP '1970-01-01 03:00:00');
	INSERT INTO Answer (id,questionId,text,correct,comment) OVERRIDING SYSTEM VALUE VALUES (598,298,'rum',false,'');
	INSERT INTO Answer (id,questionId,text,correct,comment) OVERRIDING SYSTEM VALUE VALUES (599,298,'rum4',false,'');
	INSERT INTO Answer (id,questionId,text,correct,comment) OVERRIDING SYSTEM VALUE VALUES (600,298,'rumb4',false,'');
	INSERT INTO Answer (id,questionId,text,correct,comment) OVERRIDING SYSTEM VALUE VALUES (601,298,'rumble4',false,'');
	INSERT INTO Answer (id,questionId,text,correct,comment) OVERRIDING SYSTEM VALUE VALUES (602,298,'An exception is thrown.',false,'');
	INSERT INTO Answer (id,questionId,text,correct,comment) OVERRIDING SYSTEM VALUE VALUES (603,298,'The code does not compile.',true,'');
INSERT INTO Question (id,realmId,type,text,regDate,updateDate) OVERRIDING SYSTEM VALUE VALUES (299,4,1,'<p>Which of the following can replace line 4 to print "avaJ"? (Choose all that apply)</p>
<p>3: StringBuilder puzzle = new StringBuilder("Java");<br />4: // INSERT CODE HERE<br />5: System.out.println(puzzle);</p>',TIMESTAMP '1970-01-01 03:00:00',TIMESTAMP '1970-01-01 03:00:00');
	INSERT INTO Answer (id,questionId,text,correct,comment) OVERRIDING SYSTEM VALUE VALUES (608,299,'None of the above.',false,'');
	INSERT INTO Answer (id,questionId,text,correct,comment) OVERRIDING SYSTEM VALUE VALUES (604,299,'puzzle.reverse();',true,'');
	INSERT INTO Answer (id,questionId,text,correct,comment) OVERRIDING SYSTEM VALUE VALUES (605,299,'puzzle.reverse().append("vaJ$").substring(0, 4);',false,'substring не меняет объект StringBuilder, так что puzzle останется avaJvaJ$');
	INSERT INTO Answer (id,questionId,text,correct,comment) OVERRIDING SYSTEM VALUE VALUES (606,299,'puzzle.append("vaJ$").delete(0, 3).deleteCharAt(puzzle.length() - 1);',true,'');
	INSERT INTO Answer (id,questionId,text,correct,comment) OVERRIDING SYSTEM VALUE VALUES (607,299,'puzzle.append("vaJ$").delete(0, 3).deleteCharAt(puzzle.length());',false,'');
INSERT INTO Question (id,realmId,type,text,regDate,updateDate) OVERRIDING SYSTEM VALUE VALUES (300,4,1,'Which of these array declarations is not legal? (Choose all that apply)',TIMESTAMP '1970-01-01 03:00:00',TIMESTAMP '1970-01-01 03:00:00');
	INSERT INTO Answer (id,questionId,text,correct,comment) OVERRIDING SYSTEM VALUE VALUES (609,300,'int[][] scores = new int[5][];',false,'можно опускать размерность последующих уровней, но первый уровень мнгогоуровневого массива долже быть задан');
	INSERT INTO Answer (id,questionId,text,correct,comment) OVERRIDING SYSTEM VALUE VALUES (610,300,'Object[][][] cubbies = new Object[3][0][5];',false,'');
	INSERT INTO Answer (id,questionId,text,correct,comment) OVERRIDING SYSTEM VALUE VALUES (611,300,'String beans[] = new beans[6];',true,'');
	INSERT INTO Answer (id,questionId,text,correct,comment) OVERRIDING SYSTEM VALUE VALUES (612,300,'java.util.Date[] dates[] = new java.util.Date[2][];',false,'');
	INSERT INTO Answer (id,questionId,text,correct,comment) OVERRIDING SYSTEM VALUE VALUES (613,300,'int[][] types = new int[];',true,'');
	INSERT INTO Answer (id,questionId,text,correct,comment) OVERRIDING SYSTEM VALUE VALUES (614,300,'int[][] java = new int[][];',true,'');
INSERT INTO Question (id,realmId,type,text,regDate,updateDate) OVERRIDING SYSTEM VALUE VALUES (301,4,1,'<p>Which of these compile when replacing line 8? (Choose all that apply)</p>
<p>7: char[]c = new char[2];<br />8: // INSERT CODE HERE</p>',TIMESTAMP '1970-01-01 03:00:00',TIMESTAMP '1970-01-01 03:00:00');
	INSERT INTO Answer (id,questionId,text,correct,comment) OVERRIDING SYSTEM VALUE VALUES (615,301,'int length = c.capacity;',false,'');
	INSERT INTO Answer (id,questionId,text,correct,comment) OVERRIDING SYSTEM VALUE VALUES (616,301,'int length = c.capacity();',false,'');
	INSERT INTO Answer (id,questionId,text,correct,comment) OVERRIDING SYSTEM VALUE VALUES (617,301,'int length = c.length;',true,'');
	INSERT INTO Answer (id,questionId,text,correct,comment) OVERRIDING SYSTEM VALUE VALUES (618,301,'int length = c.length();',false,'');
	INSERT INTO Answer (id,questionId,text,correct,comment) OVERRIDING SYSTEM VALUE VALUES (619,301,'int length = c.size;',false,'');
	INSERT INTO Answer (id,questionId,text,correct,comment) OVERRIDING SYSTEM VALUE VALUES (620,301,'int length = c.size();',false,'');
	INSERT INTO Answer (id,questionId,text,correct,comment) OVERRIDING SYSTEM VALUE VALUES (621,301,'None of the above.',false,'');
INSERT INTO Question (id,realmId,type,text,regDate,updateDate) OVERRIDING SYSTEM VALUE VALUES (302,4,1,'<p>17. Which of these compile when replacing line 8? (Choose all that apply)</p>
<p>7: ArrayList l = new ArrayList();<br />8: // INSERT CODE HERE</p>',TIMESTAMP '1970-01-01 03:00:00',TIMESTAMP '1970-01-01 03:00:00');
	INSERT INTO Answer (id,questionId,text,correct,comment) OVERRIDING SYSTEM VALUE VALUES (624,302,'int length = l.length;',false,'');
	INSERT INTO Answer (id,questionId,text,correct,comment) OVERRIDING SYSTEM VALUE VALUES (625,302,'int length = l.length();',false,'');
	INSERT INTO Answer (id,questionId,text,correct,comment) OVERRIDING SYSTEM VALUE VALUES (626,302,'int length = l.size;',false,'');
	INSERT INTO Answer (id,questionId,text,correct,comment) OVERRIDING SYSTEM VALUE VALUES (627,302,'int length = l.size();',true,'');
	INSERT INTO Answer (id,questionId,text,correct,comment) OVERRIDING SYSTEM VALUE VALUES (628,302,'None of the above.',false,'');
	INSERT INTO Answer (id,questionId,text,correct,comment) OVERRIDING SYSTEM VALUE VALUES (622,302,'int length = l.capacity;',false,'');
	INSERT INTO Answer (id,questionId,text,correct,comment) OVERRIDING SYSTEM VALUE VALUES (623,302,'int length = l.capacity();',false,'');
INSERT INTO Question (id,realmId,type,text,regDate,updateDate) OVERRIDING SYSTEM VALUE VALUES (303,4,1,'Which of the following are true? (Choose all that apply)',TIMESTAMP '1970-01-01 03:00:00',TIMESTAMP '1970-01-01 03:00:00');
	INSERT INTO Answer (id,questionId,text,correct,comment) OVERRIDING SYSTEM VALUE VALUES (629,303,'An array has a fixed size.',true,'');
	INSERT INTO Answer (id,questionId,text,correct,comment) OVERRIDING SYSTEM VALUE VALUES (630,303,'An ArrayList has a fixed size.',false,'');
	INSERT INTO Answer (id,questionId,text,correct,comment) OVERRIDING SYSTEM VALUE VALUES (631,303,'An array allows multiple dimensions.',true,'');
	INSERT INTO Answer (id,questionId,text,correct,comment) OVERRIDING SYSTEM VALUE VALUES (632,303,'An array is ordered.',true,'');
	INSERT INTO Answer (id,questionId,text,correct,comment) OVERRIDING SYSTEM VALUE VALUES (633,303,'An ArrayList is ordered.',true,'');
	INSERT INTO Answer (id,questionId,text,correct,comment) OVERRIDING SYSTEM VALUE VALUES (634,303,'An array is immutable.',false,'');
	INSERT INTO Answer (id,questionId,text,correct,comment) OVERRIDING SYSTEM VALUE VALUES (635,303,'An ArrayList is immutable.',false,'');
INSERT INTO Question (id,realmId,type,text,regDate,updateDate) OVERRIDING SYSTEM VALUE VALUES (304,4,1,'Which of the following are true? (Choose all that apply)',TIMESTAMP '1970-01-01 03:00:00',TIMESTAMP '1970-01-01 03:00:00');
	INSERT INTO Answer (id,questionId,text,correct,comment) OVERRIDING SYSTEM VALUE VALUES (640,304,'None of the above.',false,'');
	INSERT INTO Answer (id,questionId,text,correct,comment) OVERRIDING SYSTEM VALUE VALUES (636,304,'Two arrays with the same content (incl. order)&nbsp;are equal.',false,'массивы не переопределяют equals(), так что равенство будет только по идентичности объекта');
	INSERT INTO Answer (id,questionId,text,correct,comment) OVERRIDING SYSTEM VALUE VALUES (637,304,'Two ArrayLists with the same content (incl. order) are equal.',true,'Списки переопределяют equals и смотрят на содержимое.');
	INSERT INTO Answer (id,questionId,text,correct,comment) OVERRIDING SYSTEM VALUE VALUES (638,304,'If you call remove(0) using an empty ArrayList object, it will compile successfully.',true,'');
	INSERT INTO Answer (id,questionId,text,correct,comment) OVERRIDING SYSTEM VALUE VALUES (639,304,'If you call remove(0) using an empty ArrayList object, it will run successfully.',false,'');
INSERT INTO Question (id,realmId,type,text,regDate,updateDate) OVERRIDING SYSTEM VALUE VALUES (305,4,1,'<p>What is the result of the following statements?</p>
<p>6: List&lt;String&gt; list = new ArrayList&lt;String&gt;();<br />7: list.add("one");<br />8: list.add("two");<br />9: list.add(7);<br />10: for(String s : list) System.out.print(s);</p>',TIMESTAMP '1970-01-01 03:00:00',TIMESTAMP '1970-01-01 03:00:00');
	INSERT INTO Answer (id,questionId,text,correct,comment) OVERRIDING SYSTEM VALUE VALUES (641,305,'onetwo',false,'');
	INSERT INTO Answer (id,questionId,text,correct,comment) OVERRIDING SYSTEM VALUE VALUES (642,305,'onetwo7',false,'');
	INSERT INTO Answer (id,questionId,text,correct,comment) OVERRIDING SYSTEM VALUE VALUES (643,305,'onetwo followed by an exception',false,'');
	INSERT INTO Answer (id,questionId,text,correct,comment) OVERRIDING SYSTEM VALUE VALUES (644,305,'Compiler error on line 9.',true,'');
	INSERT INTO Answer (id,questionId,text,correct,comment) OVERRIDING SYSTEM VALUE VALUES (645,305,'Compiler error on line 10.',false,'');
INSERT INTO Question (id,realmId,type,text,regDate,updateDate) OVERRIDING SYSTEM VALUE VALUES (306,4,1,'<p>What is the result of the following statements?</p>
<p>3: ArrayList&lt;Integer&gt; values = new ArrayList&lt;&gt;();<br />4: values.add(4);<br />5: values.add(5);<br />6: values.set(1, 6);<br />7: values.remove(0);<br />8: for (Integer v : values) System.out.print(v);</p>',TIMESTAMP '1970-01-01 03:00:00',TIMESTAMP '1970-01-01 03:00:00');
	INSERT INTO Answer (id,questionId,text,correct,comment) OVERRIDING SYSTEM VALUE VALUES (646,306,'4',false,'');
	INSERT INTO Answer (id,questionId,text,correct,comment) OVERRIDING SYSTEM VALUE VALUES (647,306,'5',false,'');
	INSERT INTO Answer (id,questionId,text,correct,comment) OVERRIDING SYSTEM VALUE VALUES (648,306,'6',true,'');
	INSERT INTO Answer (id,questionId,text,correct,comment) OVERRIDING SYSTEM VALUE VALUES (649,306,'46',false,'');
	INSERT INTO Answer (id,questionId,text,correct,comment) OVERRIDING SYSTEM VALUE VALUES (650,306,'45',false,'');
	INSERT INTO Answer (id,questionId,text,correct,comment) OVERRIDING SYSTEM VALUE VALUES (651,306,'An exception is thrown.',false,'');
	INSERT INTO Answer (id,questionId,text,correct,comment) OVERRIDING SYSTEM VALUE VALUES (652,306,'The code does not compile.',false,'');
INSERT INTO Question (id,realmId,type,text,regDate,updateDate) OVERRIDING SYSTEM VALUE VALUES (307,4,1,'<p>What is the result of the following?</p>
<p>int[] random = { 6, -4, 12, 0, -10 };<br />int x = 12;<br />int y = Arrays.binarySearch(random, x);<br />System.out.println(y);</p>',TIMESTAMP '1970-01-01 03:00:00',TIMESTAMP '1970-01-01 03:00:00');
	INSERT INTO Answer (id,questionId,text,correct,comment) OVERRIDING SYSTEM VALUE VALUES (656,307,'The result is undefined.',true,'');
	INSERT INTO Answer (id,questionId,text,correct,comment) OVERRIDING SYSTEM VALUE VALUES (657,307,'An exception is thrown.',false,'');
	INSERT INTO Answer (id,questionId,text,correct,comment) OVERRIDING SYSTEM VALUE VALUES (658,307,'The code does not compile.',false,'');
	INSERT INTO Answer (id,questionId,text,correct,comment) OVERRIDING SYSTEM VALUE VALUES (653,307,'2',false,'');
	INSERT INTO Answer (id,questionId,text,correct,comment) OVERRIDING SYSTEM VALUE VALUES (654,307,'4',false,'');
	INSERT INTO Answer (id,questionId,text,correct,comment) OVERRIDING SYSTEM VALUE VALUES (655,307,'6',false,'');
INSERT INTO Question (id,realmId,type,text,regDate,updateDate) OVERRIDING SYSTEM VALUE VALUES (308,4,1,'<p>What is the result of the following?</p>
<p>4: List&lt;Integer&gt; list = Arrays.asList(10, 4, -1, 5);<br />5: Collections.sort(list);<br />6: Integer array[] = list.toArray(new Integer[4]);<br />7: System.out.println(array[0]);<br /><br /></p>',TIMESTAMP '1970-01-01 03:00:00',TIMESTAMP '1970-01-01 03:00:00');
	INSERT INTO Answer (id,questionId,text,correct,comment) OVERRIDING SYSTEM VALUE VALUES (659,308,'-1',true,'');
	INSERT INTO Answer (id,questionId,text,correct,comment) OVERRIDING SYSTEM VALUE VALUES (660,308,'10',false,'');
	INSERT INTO Answer (id,questionId,text,correct,comment) OVERRIDING SYSTEM VALUE VALUES (661,308,'Compiler error on line 4.',false,'');
	INSERT INTO Answer (id,questionId,text,correct,comment) OVERRIDING SYSTEM VALUE VALUES (662,308,'Compiler error on line 5.',false,'');
	INSERT INTO Answer (id,questionId,text,correct,comment) OVERRIDING SYSTEM VALUE VALUES (663,308,'Compiler error on line 6.',false,'');
	INSERT INTO Answer (id,questionId,text,correct,comment) OVERRIDING SYSTEM VALUE VALUES (664,308,'An exception is thrown.',false,'');
INSERT INTO Question (id,realmId,type,text,regDate,updateDate) OVERRIDING SYSTEM VALUE VALUES (309,4,1,'<p>What is the result of the following?</p>
<p>6: String [] names = {"Tom", "Dick", "Harry"};<br />7: List&lt;String&gt; list = names.asList();<br />8: list.set(0, "Sue");<br />9: System.out.println(names[0]);</p>',TIMESTAMP '1970-01-01 03:00:00',TIMESTAMP '1970-01-01 03:00:00');
	INSERT INTO Answer (id,questionId,text,correct,comment) OVERRIDING SYSTEM VALUE VALUES (665,309,'Sue',false,'');
	INSERT INTO Answer (id,questionId,text,correct,comment) OVERRIDING SYSTEM VALUE VALUES (666,309,'Tom',false,'');
	INSERT INTO Answer (id,questionId,text,correct,comment) OVERRIDING SYSTEM VALUE VALUES (667,309,'Compiler error on line 7.',true,'нет метода asList() у объекта массива');
	INSERT INTO Answer (id,questionId,text,correct,comment) OVERRIDING SYSTEM VALUE VALUES (668,309,'Compiler error on line 8.',false,'');
	INSERT INTO Answer (id,questionId,text,correct,comment) OVERRIDING SYSTEM VALUE VALUES (669,309,'An exception is thrown.',false,'');
INSERT INTO Question (id,realmId,type,text,regDate,updateDate) OVERRIDING SYSTEM VALUE VALUES (310,4,1,'<p>What is the result of the following?</p>
<p>List&lt;String&gt; hex = Arrays.asList("30", "8", "3A", "FF");<br />Collections.sort(hex);<br />int x = Collections.binarySearch(hex, "8");<br />int y = Collections.binarySearch(hex, "3A");<br />int z = Collections.binarySearch(hex, "4F");<br />System.out.println(x + " " + y + " " + z);</p>',TIMESTAMP '1970-01-01 03:00:00',TIMESTAMP '1970-01-01 03:00:00');
	INSERT INTO Answer (id,questionId,text,correct,comment) OVERRIDING SYSTEM VALUE VALUES (672,310,'2 1 &ndash;2',false,'');
	INSERT INTO Answer (id,questionId,text,correct,comment) OVERRIDING SYSTEM VALUE VALUES (673,310,'2 1 &ndash;3',true,'Если в сортированном списке не находится искомый элемент, а virtual_index - это его предполагаемый индекс (т.е. где бы он находился, если бы присутствовал в списке), то binarySearch вернет значение -virtual_index - 1.');
	INSERT INTO Answer (id,questionId,text,correct,comment) OVERRIDING SYSTEM VALUE VALUES (674,310,'None of the above.',false,'');
	INSERT INTO Answer (id,questionId,text,correct,comment) OVERRIDING SYSTEM VALUE VALUES (675,310,'The code doesn&rsquo;t compile.',false,'');
	INSERT INTO Answer (id,questionId,text,correct,comment) OVERRIDING SYSTEM VALUE VALUES (670,310,'0 1 &ndash;2',false,'');
	INSERT INTO Answer (id,questionId,text,correct,comment) OVERRIDING SYSTEM VALUE VALUES (671,310,'0 1 &ndash;3',false,'');
INSERT INTO Question (id,realmId,type,text,regDate,updateDate) OVERRIDING SYSTEM VALUE VALUES (311,4,1,'<p>Which of the following are true statements about the following code? (Choose all that apply)</p>
<p>4: List&lt;Integer&gt; ages = new ArrayList&lt;&gt;();<br />5: ages.add(Integer.parseInt("5"));<br />6: ages.add(Integer.valueOf("6"));<br />7: ages.add(7);<br />8: ages.add(null);<br />9: for (int age : ages) System.out.print(age);</p>',TIMESTAMP '1970-01-01 03:00:00',TIMESTAMP '1970-01-01 03:00:00');
	INSERT INTO Answer (id,questionId,text,correct,comment) OVERRIDING SYSTEM VALUE VALUES (676,311,'The code compiles.',true,'');
	INSERT INTO Answer (id,questionId,text,correct,comment) OVERRIDING SYSTEM VALUE VALUES (677,311,'The code throws a runtime exception.',true,'в цикле null будет приводиться к int и от этого упадет');
	INSERT INTO Answer (id,questionId,text,correct,comment) OVERRIDING SYSTEM VALUE VALUES (678,311,'Exactly one of the add statements uses autoboxing.',false,'');
	INSERT INTO Answer (id,questionId,text,correct,comment) OVERRIDING SYSTEM VALUE VALUES (679,311,'Exactly two of the add statements use autoboxing.',true,'Integer.parseInt возвращает int, поэтому автобоксинг');
	INSERT INTO Answer (id,questionId,text,correct,comment) OVERRIDING SYSTEM VALUE VALUES (680,311,'Exactly three of the add statements use autoboxing.',false,'');
INSERT INTO Question (id,realmId,type,text,regDate,updateDate) OVERRIDING SYSTEM VALUE VALUES (312,4,2,'Чем отличаются методы Integer.parseInt(String) и Integer.valueOf(String)?',TIMESTAMP '1970-01-01 03:00:00',TIMESTAMP '1970-01-01 03:00:00');
	INSERT INTO Answer (id,questionId,text,correct,comment) OVERRIDING SYSTEM VALUE VALUES (681,312,'Integer.parseInt(String) - возвращает int<br />Integer.valueOf(String) - возвращает Integer',true,'');
INSERT INTO Question (id,realmId,type,text,regDate,updateDate) OVERRIDING SYSTEM VALUE VALUES (313,4,1,'<p>What is the result of the following?</p>
<p>List&lt;String&gt; one = new ArrayList&lt;String&gt;();<br />one.add("abc");<br />List&lt;String&gt; two = new ArrayList&lt;&gt;();<br />two.add("abc");<br />if (one == two)<br />&nbsp;&nbsp;&nbsp; System.out.println("A");<br />else if (one.equals(two))<br />&nbsp;&nbsp;&nbsp; System.out.println("B");<br />else<br />&nbsp;&nbsp;&nbsp; System.out.println("C");</p>',TIMESTAMP '1970-01-01 03:00:00',TIMESTAMP '1970-01-01 03:00:00');
	INSERT INTO Answer (id,questionId,text,correct,comment) OVERRIDING SYSTEM VALUE VALUES (682,313,'A',false,'');
	INSERT INTO Answer (id,questionId,text,correct,comment) OVERRIDING SYSTEM VALUE VALUES (683,313,'B',true,'');
	INSERT INTO Answer (id,questionId,text,correct,comment) OVERRIDING SYSTEM VALUE VALUES (684,313,'C',false,'');
	INSERT INTO Answer (id,questionId,text,correct,comment) OVERRIDING SYSTEM VALUE VALUES (685,313,'An exception is thrown.',false,'');
	INSERT INTO Answer (id,questionId,text,correct,comment) OVERRIDING SYSTEM VALUE VALUES (686,313,'The code does not compile.',false,'');
INSERT INTO Question (id,realmId,type,text,regDate,updateDate) OVERRIDING SYSTEM VALUE VALUES (314,4,1,'<p>Which of the following can be inserted into the blank to create a date of June 21, 2014?<br />(Choose all that apply)</p>
<p>import java.time.*;<br />public class StartOfSummer {<br />&nbsp;&nbsp;&nbsp; <br />&nbsp;public static void main(String[] args) {<br />&nbsp;&nbsp;&nbsp;&nbsp;&nbsp;&nbsp;&nbsp; LocalDate date = ____________________________<br />&nbsp;&nbsp;&nbsp; }<br />}</p>',TIMESTAMP '1970-01-01 03:00:00',TIMESTAMP '1970-01-01 03:00:00');
	INSERT INTO Answer (id,questionId,text,correct,comment) OVERRIDING SYSTEM VALUE VALUES (688,314,'new LocalDate(2014, 6, 21);',false,'');
	INSERT INTO Answer (id,questionId,text,correct,comment) OVERRIDING SYSTEM VALUE VALUES (689,314,'LocalDate.of(2014, 5, 21);',false,'');
	INSERT INTO Answer (id,questionId,text,correct,comment) OVERRIDING SYSTEM VALUE VALUES (690,314,'LocalDate.of(2014, 6, 21);',true,'');
	INSERT INTO Answer (id,questionId,text,correct,comment) OVERRIDING SYSTEM VALUE VALUES (691,314,'LocalDate.of(2014, Calendar.JUNE, 21);',false,'');
	INSERT INTO Answer (id,questionId,text,correct,comment) OVERRIDING SYSTEM VALUE VALUES (692,314,'LocalDate.of(2014, Month.JUNE, 21);',true,'');
	INSERT INTO Answer (id,questionId,text,correct,comment) OVERRIDING SYSTEM VALUE VALUES (687,314,'new LocalDate(2014, 5, 21);',false,'');
INSERT INTO Question (id,realmId,type,text,regDate,updateDate) OVERRIDING SYSTEM VALUE VALUES (315,4,1,'<p>What is the output of the following code?</p>
<p>LocalDate date = LocalDate.parse("2018-04-30", DateTimeFormatter.ISO_LOCAL_DATE);<br />date.plusDays(2);<br />date.plusHours(3);<br />System.out.println(date.getYear() + " " + date.getMonth() + " "<br />+ date.getDayOfMonth());</p>',TIMESTAMP '1970-01-01 03:00:00',TIMESTAMP '1970-01-01 03:00:00');
	INSERT INTO Answer (id,questionId,text,correct,comment) OVERRIDING SYSTEM VALUE VALUES (693,315,'2018 APRIL 2',false,'');
	INSERT INTO Answer (id,questionId,text,correct,comment) OVERRIDING SYSTEM VALUE VALUES (694,315,'2018 APRIL 30',false,'');
	INSERT INTO Answer (id,questionId,text,correct,comment) OVERRIDING SYSTEM VALUE VALUES (695,315,'2018 MAY 2',false,'');
	INSERT INTO Answer (id,questionId,text,correct,comment) OVERRIDING SYSTEM VALUE VALUES (696,315,'The code does not compile.',true,'Объект LocalDate не имеет компонента времени, у него нет метода plusHours()');
	INSERT INTO Answer (id,questionId,text,correct,comment) OVERRIDING SYSTEM VALUE VALUES (697,315,'A runtime exception is thrown.',false,'');
INSERT INTO Question (id,realmId,type,text,regDate,updateDate) OVERRIDING SYSTEM VALUE VALUES (316,4,1,'<p>What is the output of the following code?</p>
<p>LocalDate date = LocalDate.of(2018, Month.APRIL, 40);<br />System.out.println(date.getYear() + " " + date.getMonth() + " "<br />+ date.getDayOfMonth());</p>',TIMESTAMP '1970-01-01 03:00:00',TIMESTAMP '1970-01-01 03:00:00');
	INSERT INTO Answer (id,questionId,text,correct,comment) OVERRIDING SYSTEM VALUE VALUES (698,316,'2018 APRIL 4',false,'');
	INSERT INTO Answer (id,questionId,text,correct,comment) OVERRIDING SYSTEM VALUE VALUES (699,316,'2018 APRIL 30',false,'');
	INSERT INTO Answer (id,questionId,text,correct,comment) OVERRIDING SYSTEM VALUE VALUES (700,316,'2018 MAY 10',false,'');
	INSERT INTO Answer (id,questionId,text,correct,comment) OVERRIDING SYSTEM VALUE VALUES (701,316,'Another date.',false,'');
	INSERT INTO Answer (id,questionId,text,correct,comment) OVERRIDING SYSTEM VALUE VALUES (702,316,'The code does not compile.',false,'');
	INSERT INTO Answer (id,questionId,text,correct,comment) OVERRIDING SYSTEM VALUE VALUES (703,316,'A runtime exception is thrown.',true,'');
INSERT INTO Question (id,realmId,type,text,regDate,updateDate) OVERRIDING SYSTEM VALUE VALUES (317,4,1,'<p>What is the output of the following code?</p>
<p>LocalDate date = LocalDate.of(2018, Month.APRIL, 30);<br />date.plusDays(2);<br />date.plusYears(3);<br />System.out.println(date.getYear() + " " + date.getMonth() + " "<br />+ date.getDayOfMonth());</p>',TIMESTAMP '1970-01-01 03:00:00',TIMESTAMP '1970-01-01 03:00:00');
	INSERT INTO Answer (id,questionId,text,correct,comment) OVERRIDING SYSTEM VALUE VALUES (704,317,'2018 APRIL 2',false,'');
	INSERT INTO Answer (id,questionId,text,correct,comment) OVERRIDING SYSTEM VALUE VALUES (705,317,'2018 APRIL 30',true,'');
	INSERT INTO Answer (id,questionId,text,correct,comment) OVERRIDING SYSTEM VALUE VALUES (706,317,'2018 MAY 2',false,'');
	INSERT INTO Answer (id,questionId,text,correct,comment) OVERRIDING SYSTEM VALUE VALUES (707,317,'2021 APRIL 2',false,'');
	INSERT INTO Answer (id,questionId,text,correct,comment) OVERRIDING SYSTEM VALUE VALUES (708,317,'2021 APRIL 30',false,'');
	INSERT INTO Answer (id,questionId,text,correct,comment) OVERRIDING SYSTEM VALUE VALUES (709,317,'2021 MAY 2',false,'');
	INSERT INTO Answer (id,questionId,text,correct,comment) OVERRIDING SYSTEM VALUE VALUES (710,317,'&nbsp;A runtime exception is thrown.',false,'');
INSERT INTO Question (id,realmId,type,text,regDate,updateDate) OVERRIDING SYSTEM VALUE VALUES (318,4,1,'<p>What is the output of the following code?</p>
<p>LocalDateTime d = LocalDateTime.of(2015, 5, 10, 11, 22, 33);<br />Period p = Period.of(1, 2, 3);<br />d = d.minus(p);<br />DateTimeFormatter f = DateTimeFormatter.ofLocalizedTime(FormatStyle.SHORT);<br />System.out.println(d.format(f));</p>',TIMESTAMP '1970-01-01 03:00:00',TIMESTAMP '1970-01-01 03:00:00');
	INSERT INTO Answer (id,questionId,text,correct,comment) OVERRIDING SYSTEM VALUE VALUES (711,318,'3/7/14 11:22 AM',false,'');
	INSERT INTO Answer (id,questionId,text,correct,comment) OVERRIDING SYSTEM VALUE VALUES (712,318,'5/10/15 11:22 AM',false,'');
	INSERT INTO Answer (id,questionId,text,correct,comment) OVERRIDING SYSTEM VALUE VALUES (713,318,'3/7/14',false,'');
	INSERT INTO Answer (id,questionId,text,correct,comment) OVERRIDING SYSTEM VALUE VALUES (714,318,'5/10/15',false,'');
	INSERT INTO Answer (id,questionId,text,correct,comment) OVERRIDING SYSTEM VALUE VALUES (715,318,'11:22 AM',true,'');
	INSERT INTO Answer (id,questionId,text,correct,comment) OVERRIDING SYSTEM VALUE VALUES (716,318,'The code does not compile.',false,'');
	INSERT INTO Answer (id,questionId,text,correct,comment) OVERRIDING SYSTEM VALUE VALUES (717,318,'A runtime exception is thrown.',false,'');
INSERT INTO Question (id,realmId,type,text,regDate,updateDate) OVERRIDING SYSTEM VALUE VALUES (319,4,1,'<p>What is the output of the following code?</p>
<p>LocalDateTime d = LocalDateTime.of(2015, 5, 10, 11, 22, 33);<br />Period p = Period.ofDays(1).ofYears(2);<br />d = d.minus(p);<br />DateTimeFormatter f = DateTimeFormatter.ofLocalizedDateTime(FormatStyle.SHORT);<br />System.out.println(f.format(d));</p>',TIMESTAMP '1970-01-01 03:00:00',TIMESTAMP '1970-01-01 03:00:00');
	INSERT INTO Answer (id,questionId,text,correct,comment) OVERRIDING SYSTEM VALUE VALUES (720,319,'5/9/14',false,'');
	INSERT INTO Answer (id,questionId,text,correct,comment) OVERRIDING SYSTEM VALUE VALUES (721,319,'5/10/14',false,'');
	INSERT INTO Answer (id,questionId,text,correct,comment) OVERRIDING SYSTEM VALUE VALUES (722,319,'The code does not compile.',false,'');
	INSERT INTO Answer (id,questionId,text,correct,comment) OVERRIDING SYSTEM VALUE VALUES (723,319,'A runtime exception is thrown.',false,'');
	INSERT INTO Answer (id,questionId,text,correct,comment) OVERRIDING SYSTEM VALUE VALUES (718,319,'5/9/13 11:22 AM',false,'');
	INSERT INTO Answer (id,questionId,text,correct,comment) OVERRIDING SYSTEM VALUE VALUES (719,319,'5/10/13 11:22 AM',true,'');
INSERT INTO Question (id,realmId,type,text,regDate,updateDate) OVERRIDING SYSTEM VALUE VALUES (320,4,2,'Назовите составляющие метода Java (начиная с объявления)',TIMESTAMP '1970-01-01 03:00:00',TIMESTAMP '1970-01-01 03:00:00');
	INSERT INTO Answer (id,questionId,text,correct,comment) OVERRIDING SYSTEM VALUE VALUES (724,320,'1) Модификатор доступа (access modifier) (e.g. <strong>public</strong>)<br />2) Дополнительный модификатор(ы) (optional specifier) (e.g. <strong>final</strong>)<br />3) Тип возвращаемого значения (return type) (e.g. <strong>void</strong>) - <em>required<br /></em>4) имя метода (e.g. <strong>nap</strong>) - <em>required</em><br />5) список аргументов (e.g. <strong>int minutes</strong>) или пустые скобки - <em>required</em><br />6) список исключений (e.g. <strong>throws InterruptedException</strong>)<br />7) тело метода в фигурных скобках - <em>required, если не abstract и не interface</em>',true,'');
INSERT INTO Question (id,realmId,type,text,regDate,updateDate) OVERRIDING SYSTEM VALUE VALUES (321,4,0,'Дополнительные модификаторы метода в Java могут идти в любом порядке (но не все комбинации допустимы)',TIMESTAMP '1970-01-01 03:00:00',TIMESTAMP '1970-01-01 03:00:00');
INSERT INTO Question (id,realmId,type,text,regDate,updateDate) OVERRIDING SYSTEM VALUE VALUES (322,4,2,'Перечислите дополнительные модификаторы метода в Java',TIMESTAMP '1970-01-01 03:00:00',TIMESTAMP '1970-01-01 03:00:00');
	INSERT INTO Answer (id,questionId,text,correct,comment) OVERRIDING SYSTEM VALUE VALUES (725,322,'static<br />abstract<br />final<br />synchronized<br />native<br />strictfp',true,'');
INSERT INTO Question (id,realmId,type,text,regDate,updateDate) OVERRIDING SYSTEM VALUE VALUES (323,4,0,'Java позволяет дополнительным модификаторам появляться перед модификаторами доступа.',TIMESTAMP '1970-01-01 03:00:00',TIMESTAMP '1970-01-01 03:00:00');
INSERT INTO Question (id,realmId,type,text,regDate,updateDate) OVERRIDING SYSTEM VALUE VALUES (324,4,1,'Укажите, какие строки скомпилируются.',TIMESTAMP '1970-01-01 03:00:00',TIMESTAMP '1970-01-01 03:00:00');
	INSERT INTO Answer (id,questionId,text,correct,comment) OVERRIDING SYSTEM VALUE VALUES (726,324,'<p>public void walk1() {}</p>',true,'');
	INSERT INTO Answer (id,questionId,text,correct,comment) OVERRIDING SYSTEM VALUE VALUES (727,324,'<p>public final void walk2() {}</p>',true,'');
	INSERT INTO Answer (id,questionId,text,correct,comment) OVERRIDING SYSTEM VALUE VALUES (728,324,'<p>public static final void walk3() {}</p>',true,'');
	INSERT INTO Answer (id,questionId,text,correct,comment) OVERRIDING SYSTEM VALUE VALUES (729,324,'<p>public final static void walk4() {}</p>',true,'');
	INSERT INTO Answer (id,questionId,text,correct,comment) OVERRIDING SYSTEM VALUE VALUES (730,324,'<p>public modifier void walk5() {}</p>',false,'');
	INSERT INTO Answer (id,questionId,text,correct,comment) OVERRIDING SYSTEM VALUE VALUES (731,324,'<p>public void final walk6() {}</p>',false,'');
	INSERT INTO Answer (id,questionId,text,correct,comment) OVERRIDING SYSTEM VALUE VALUES (732,324,'<p>final public void walk7() {}</p>',true,'доп. модификаторы могут быть перед модификаторами доступа');
INSERT INTO Question (id,realmId,type,text,regDate,updateDate) OVERRIDING SYSTEM VALUE VALUES (325,4,1,'Какие строчки из нижеприведенных скомпилируются?',TIMESTAMP '1970-01-01 03:00:00',TIMESTAMP '1970-01-01 03:00:00');
	INSERT INTO Answer (id,questionId,text,correct,comment) OVERRIDING SYSTEM VALUE VALUES (736,325,'public String walk4() { }',false,'');
	INSERT INTO Answer (id,questionId,text,correct,comment) OVERRIDING SYSTEM VALUE VALUES (737,325,'public walk5() { }',false,'');
	INSERT INTO Answer (id,questionId,text,correct,comment) OVERRIDING SYSTEM VALUE VALUES (738,325,'String walk6(int a) { if (a == 4) return ""; }',false,'return внутри условия, поэтому есть вероятность, что он не выполнится. Компилятор&nbsp;отслеживает такую ситуацию');
	INSERT INTO Answer (id,questionId,text,correct,comment) OVERRIDING SYSTEM VALUE VALUES (733,325,'public void walk1() { }',true,'');
	INSERT INTO Answer (id,questionId,text,correct,comment) OVERRIDING SYSTEM VALUE VALUES (734,325,'public void walk2() { return; }',true,'');
	INSERT INTO Answer (id,questionId,text,correct,comment) OVERRIDING SYSTEM VALUE VALUES (735,325,'public String walk3() { return ""; }',true,'');
INSERT INTO Question (id,realmId,type,text,regDate,updateDate) OVERRIDING SYSTEM VALUE VALUES (326,4,1,'Какие строки из нижеследующих скомпилируются?',TIMESTAMP '1970-01-01 03:00:00',TIMESTAMP '1970-01-01 03:00:00');
	INSERT INTO Answer (id,questionId,text,correct,comment) OVERRIDING SYSTEM VALUE VALUES (739,326,'public void walk1() { }',true,'');
	INSERT INTO Answer (id,questionId,text,correct,comment) OVERRIDING SYSTEM VALUE VALUES (740,326,'public void walk2 { }',false,'');
	INSERT INTO Answer (id,questionId,text,correct,comment) OVERRIDING SYSTEM VALUE VALUES (741,326,'public void walk3(int a) { }',true,'');
	INSERT INTO Answer (id,questionId,text,correct,comment) OVERRIDING SYSTEM VALUE VALUES (742,326,'public void walk4(int a; int b) { }',false,'');
	INSERT INTO Answer (id,questionId,text,correct,comment) OVERRIDING SYSTEM VALUE VALUES (743,326,'public void walk5(int a, int b) { }',true,'');
INSERT INTO Question (id,realmId,type,text,regDate,updateDate) OVERRIDING SYSTEM VALUE VALUES (327,4,2,'Приведите пример метода, который может породить исключения',TIMESTAMP '1970-01-01 03:00:00',TIMESTAMP '1970-01-01 03:00:00');
	INSERT INTO Answer (id,questionId,text,correct,comment) OVERRIDING SYSTEM VALUE VALUES (744,327,'public void twoExceptions() throws <br />&nbsp;&nbsp;&nbsp; IllegalArgumentException, InterruptedException { }',true,'');
INSERT INTO Question (id,realmId,type,text,regDate,updateDate) OVERRIDING SYSTEM VALUE VALUES (328,4,2,'Какие ограничения накладываются на аргументы типа vararg?',TIMESTAMP '1970-01-01 03:00:00',TIMESTAMP '1970-01-01 03:00:00');
	INSERT INTO Answer (id,questionId,text,correct,comment) OVERRIDING SYSTEM VALUE VALUES (745,328,'1) только один аргумент такого типа в сигнатуре метода<br />2) располагается строго на последнем месте',true,'');
INSERT INTO Question (id,realmId,type,text,regDate,updateDate) OVERRIDING SYSTEM VALUE VALUES (329,4,1,'Какие строки из нижеперечисленных скомпилируются?',TIMESTAMP '1970-01-01 03:00:00',TIMESTAMP '1970-01-01 03:00:00');
	INSERT INTO Answer (id,questionId,text,correct,comment) OVERRIDING SYSTEM VALUE VALUES (746,329,'public void walk1(int... nums) { }',true,'');
	INSERT INTO Answer (id,questionId,text,correct,comment) OVERRIDING SYSTEM VALUE VALUES (747,329,'public void walk2(int start, int... nums) { }',true,'');
	INSERT INTO Answer (id,questionId,text,correct,comment) OVERRIDING SYSTEM VALUE VALUES (748,329,'public void walk3(int... nums, int start) { }',false,'варарг должен быть только один&nbsp; и на последнем месте');
	INSERT INTO Answer (id,questionId,text,correct,comment) OVERRIDING SYSTEM VALUE VALUES (749,329,'public void walk4(int... start, int... nums) { }',false,'варарг должен быть только один&nbsp; и на последнем месте');
INSERT INTO Question (id,realmId,type,text,regDate,updateDate) OVERRIDING SYSTEM VALUE VALUES (330,4,2,'Что позволяет осуществить тип аргумента vararg?',TIMESTAMP '1970-01-01 03:00:00',TIMESTAMP '1970-01-01 03:00:00');
	INSERT INTO Answer (id,questionId,text,correct,comment) OVERRIDING SYSTEM VALUE VALUES (750,330,'<strong>1</strong>) позволяет подать в метод массив:<strong><br /><br /></strong>void walk(int start, int... nums) {}<br />...<br />walk(1, new int[]{6,7}); // start = 1, nums = [6,7]<br /><strong><br />2</strong>) позволяет вместо массива отправить в метод произвольное число элементов массива:<br /><br />void walk(int start, int... nums) {}<br />...<br />walk(1, 2, 3, 4, 5); // start = 1, nums = [2,3,4,5]<br /><br /><strong>3</strong>) позволяет вообще не указывать vararg-аргумент:<br /><br />void walk(int start, int... nums) {}<br />...<br />walk(1); // start = 1, nums = []<br /><br /><strong>4</strong>) позволяет передавать <strong>null</strong>. В этом случае при вызове метода возможен RuntimeException',true,'');
INSERT INTO Question (id,realmId,type,text,regDate,updateDate) OVERRIDING SYSTEM VALUE VALUES (331,4,2,'<p>Назовите принципы доступа к protected-членам класса.</p>',TIMESTAMP '1970-01-01 03:00:00',TIMESTAMP '1970-01-01 03:00:00');
	INSERT INTO Answer (id,questionId,text,correct,comment) OVERRIDING SYSTEM VALUE VALUES (751,331,'<p>1) код в классе имеет доступ ко всем <span style="text-decoration: underline;">собственным</span> (this) членам, которые объявлены <strong>protected</strong> в классе-предке.<br /><br />2) общее правило: если в коде класса (в т.ч. в static-методах) используется объект, доступный по ссылке типа данного класса, то имеется доступ ко всем членам объекта, к которым был бы доступ на уровне this.<br /><br />3) если в коде класса есть ссылка на объект-потомок данного класса, то есть доступ к protected-членам, но, естественно, нет доступа к членам, которые объявлены private в данном классе (поскольку сам объект-потомок не имеет к ним доступ).<br /><br /><br />package pond.swan;<br />import pond.shore.Bird;<br />public class Swan extends Bird { //subclass of bird</p>
<p>&nbsp;private String privTest;<br />&nbsp;<br />&nbsp;public void swim() {<br />&nbsp;&nbsp;floatInWater(); // floatInWater() is protected in superclass<br />&nbsp;&nbsp;System.out.println(text); // text is protected in superclass<br />&nbsp;&nbsp;System.out.println(privTest); // own private field<br />&nbsp;}</p>
<p>&nbsp;public void helpOtherSwanSwim() {<br />&nbsp;&nbsp;Swan other = new Swan();<br />&nbsp;&nbsp;other.floatInWater(); <br />&nbsp;&nbsp;System.out.println(other.text);<br />&nbsp;&nbsp;System.out.println(other.privTest);<br />&nbsp;}</p>
<p>&nbsp;public void helpOtherBirdSwim() {<br />&nbsp;&nbsp;Bird other = new Bird();<br />&nbsp;&nbsp;other.floatInWater(); // DOES NOT COMPILE<br />&nbsp;&nbsp;System.out.println(other.text); // DOES NOT COMPILE<br />&nbsp;}</p>
<p>&nbsp;public void helpChild() {<br />&nbsp;&nbsp;BlackSwan bs = new BlackSwan();<br />&nbsp;&nbsp;bs.floatInWater(); <br />&nbsp;&nbsp;System.out.println(bs.text);<br />&nbsp;&nbsp;System.out.println(bs.privTest); // DOES NOT COMPILE - private in Swan<br />&nbsp;&nbsp;System.out.println(bs.ownPrivateFiled); // DOES NOT COMPILE - private in BlackSwan<br />&nbsp;}<br />}</p>',true,'');
INSERT INTO Question (id,realmId,type,text,regDate,updateDate) OVERRIDING SYSTEM VALUE VALUES (332,4,2,'Каковы основные общие выгоды от использования static-методов и полей?',TIMESTAMP '1970-01-01 03:00:00',TIMESTAMP '1970-01-01 03:00:00');
	INSERT INTO Answer (id,questionId,text,correct,comment) OVERRIDING SYSTEM VALUE VALUES (752,332,'1) Возможность выполнять код, который не требует создания объекта (например, разнообразные утилиты)<br />2) Возможность иметь некоторую конфигурацию состояния, доступ к которой есть у всех экземпляров класса (например, счетчики).',true,'');
INSERT INTO Question (id,realmId,type,text,regDate,updateDate) OVERRIDING SYSTEM VALUE VALUES (333,4,0,'Чтобы вызвать static-метод, можно использовать не только имя класса, но и любую ссылку типа данного класса. Содержимое ссылки значения не имеет.',TIMESTAMP '1970-01-01 03:00:00',TIMESTAMP '1970-01-01 03:00:00');
INSERT INTO Question (id,realmId,type,text,regDate,updateDate) OVERRIDING SYSTEM VALUE VALUES (334,4,1,'Каким будет вывод следующего кода?<br /><br />public class Koala {<br />&nbsp;public static int count = 0; // static variable<br />}<br />...<br />Koala k = new Koala();<br />System.out.println(k.count);<br />k = null;<br />System.out.println(k.count);',TIMESTAMP '1970-01-01 03:00:00',TIMESTAMP '1970-01-01 03:00:00');
	INSERT INTO Answer (id,questionId,text,correct,comment) OVERRIDING SYSTEM VALUE VALUES (753,334,'0<br />0',true,'для обращения к статичным членам класса важен только тип ссылки, а ее содержимое');
	INSERT INTO Answer (id,questionId,text,correct,comment) OVERRIDING SYSTEM VALUE VALUES (754,334,'0<br />null',false,'');
	INSERT INTO Answer (id,questionId,text,correct,comment) OVERRIDING SYSTEM VALUE VALUES (755,334,'0<br />&lt;RuntimeException&gt;',false,'исключения не будет, т.к. идет обращение к статичному полю класса, которое не зависит от объекта, на котором вызывается.');
	INSERT INTO Answer (id,questionId,text,correct,comment) OVERRIDING SYSTEM VALUE VALUES (756,334,'Код не скомпилируется.',false,'');
INSERT INTO Question (id,realmId,type,text,regDate,updateDate) OVERRIDING SYSTEM VALUE VALUES (335,4,2,'Каков будет результат работы следующего кода?<br /><br />public class Koala {<br />&nbsp;public static int count = 0;<br />}<br />...<br />Koala.count = 4;<br />Koala koala1 = new Koala();<br />Koala koala2 = new Koala();<br />koala1.count = 6;<br />koala2.count = 5;<br />System.out.println(Koala.count);',TIMESTAMP '1970-01-01 03:00:00',TIMESTAMP '1970-01-01 03:00:00');
	INSERT INTO Answer (id,questionId,text,correct,comment) OVERRIDING SYSTEM VALUE VALUES (757,335,'5<br />count - статическая переменная класса, а не поле экземпляра',true,'');
INSERT INTO Question (id,realmId,type,text,regDate,updateDate) OVERRIDING SYSTEM VALUE VALUES (336,4,0,'Доступ к членам экземпляра отсутствует из static-методов:<br /><br />public class Static {<br />&nbsp;private String name = "Static class";<br />&nbsp;public static void first() { }<br />&nbsp;public static void second() { }<br />&nbsp;public void third() { System.out.println(name); }<br />&nbsp;public static void main(String args[]) {<br />&nbsp;&nbsp;first();<br />&nbsp;&nbsp;second();<br />&nbsp;&nbsp;third(); // DOES NOT COMPILE<br />&nbsp;} <br />}<br /><br />а вот доступ к статичным членам из методов экземпляра имеется:<br /><br />public class Test {<br />&nbsp;&nbsp;&nbsp; public static void main(String... args) {}<br />&nbsp;&nbsp;&nbsp; <br />&nbsp;&nbsp;&nbsp; public void test() {<br />&nbsp;&nbsp;&nbsp;&nbsp;&nbsp;&nbsp;&nbsp; main("asd");<br />&nbsp;&nbsp;&nbsp; }<br />}',TIMESTAMP '1970-01-01 03:00:00',TIMESTAMP '1970-01-01 03:00:00');
INSERT INTO Question (id,realmId,type,text,regDate,updateDate) OVERRIDING SYSTEM VALUE VALUES (337,4,0,'Обычный пример использования статичных полей - подсчет числа экземпляров.<br /><br />public class Counter {<br />&nbsp; private static int count;<br />&nbsp; public Counter() { count++; }<br />}',TIMESTAMP '1970-01-01 03:00:00',TIMESTAMP '1970-01-01 03:00:00');
INSERT INTO Question (id,realmId,type,text,regDate,updateDate) OVERRIDING SYSTEM VALUE VALUES (338,4,2,'Можно ли объявить статичную переменную как final и не присвоить ей значение?',TIMESTAMP '1970-01-01 03:00:00',TIMESTAMP '1970-01-01 03:00:00');
	INSERT INTO Answer (id,questionId,text,correct,comment) OVERRIDING SYSTEM VALUE VALUES (758,338,'Да, если присвоить значение в static initializer. Иначе - ошибка компиляции.',true,'');
INSERT INTO Question (id,realmId,type,text,regDate,updateDate) OVERRIDING SYSTEM VALUE VALUES (339,4,1,'Какие строки из нижеприведенного примера НЕ скомпилируются?<br /><br />14: private static int one;<br />15: private static final int two;<br />16: private static final int three = 3;<br />17: private static final int four;<br />18: static {<br />19:&nbsp;&nbsp;&nbsp;&nbsp; one = 1;<br />20:&nbsp;&nbsp;&nbsp;&nbsp; two = 2;<br />21:&nbsp;&nbsp;&nbsp;&nbsp; three = 3;<br />22:&nbsp;&nbsp;&nbsp;&nbsp; two = 4;<br />23: }',TIMESTAMP '1970-01-01 03:00:00',TIMESTAMP '1970-01-01 03:00:00');
	INSERT INTO Answer (id,questionId,text,correct,comment) OVERRIDING SYSTEM VALUE VALUES (759,339,'Все скомпилируются.',false,'');
	INSERT INTO Answer (id,questionId,text,correct,comment) OVERRIDING SYSTEM VALUE VALUES (760,339,'14',false,'');
	INSERT INTO Answer (id,questionId,text,correct,comment) OVERRIDING SYSTEM VALUE VALUES (761,339,'17',true,'финальная переменная объявлена, но нигде не присваивается');
	INSERT INTO Answer (id,questionId,text,correct,comment) OVERRIDING SYSTEM VALUE VALUES (762,339,'16',false,'присваивание при объявлении - корректно');
	INSERT INTO Answer (id,questionId,text,correct,comment) OVERRIDING SYSTEM VALUE VALUES (763,339,'21',true,'финальная переменная уже была присвоена при объявлении');
	INSERT INTO Answer (id,questionId,text,correct,comment) OVERRIDING SYSTEM VALUE VALUES (764,339,'22',true,'финальная переменная уже была присвоена двумя строкам выше');
INSERT INTO Question (id,realmId,type,text,regDate,updateDate) OVERRIDING SYSTEM VALUE VALUES (340,4,0,'Замечания по использованию инициализаторов в классе.<br /><br />1) instance initizlizer не надо использовать <span style="text-decoration: underline;">никогда</span>. Это резко снижает читаемость кода, при том что с помощью конструкторов можно сделать все то же самое, что и с помощью инициализатора.<br /><br />2) static initializer надо использовать только в одном случае: когда инициализация какого-либо статического поля занимает более одной строки (например, инициализация коллекции). Кроме того, если в классе появляется static initializer, надо для удобства перенести в него всю инициализацию статических полей; это, по меньшей мере, сделает очевидным порядок инициализации.',TIMESTAMP '1970-01-01 03:00:00',TIMESTAMP '1970-01-01 03:00:00');
INSERT INTO Question (id,realmId,type,text,regDate,updateDate) OVERRIDING SYSTEM VALUE VALUES (341,4,2,'Каков смысл статического импорта? Приведите синтаксис и примеры применения.',TIMESTAMP '1970-01-01 03:00:00',TIMESTAMP '1970-01-01 03:00:00');
	INSERT INTO Answer (id,questionId,text,correct,comment) OVERRIDING SYSTEM VALUE VALUES (765,341,'<p>Статический импорт (static import) нужен, чтобы импортировать статические члены какого-либо класса и использовать их напрямую, без имени класса.<br /><br />Синтаксис:<br />import static package.ClassName.methodName<br />import static package.ClassName.fieldName<br />import static package.ClassName.*<br /><br />Пример:<br /><br />import java.util.List;<br />import static java.util.Arrays.<strong>asList</strong>;</p>
<p>public class StaticImports {<br />&nbsp;public static void main(String[] args) {<br />&nbsp;&nbsp;List&lt;String&gt; list = <strong>asList</strong>("one", "two");<br />&nbsp;} <br />}<br /><br />Часто static import используется для импорта большого количества констант какого-либо класса.</p>',true,'');
INSERT INTO Question (id,realmId,type,text,regDate,updateDate) OVERRIDING SYSTEM VALUE VALUES (342,4,0,'Static imports надо использовать с осторожностью. В&nbsp;крупном проекте большое количество импортов приводит к тому, что начинается путаница, из какого класса какой метод импортируетсяю',TIMESTAMP '1970-01-01 03:00:00',TIMESTAMP '1970-01-01 03:00:00');
INSERT INTO Question (id,realmId,type,text,regDate,updateDate) OVERRIDING SYSTEM VALUE VALUES (343,4,1,'Что произойдет, если объявлен import static некоторого метода, причем метод с таким же именем объявлен в коде класса?',TIMESTAMP '1970-01-01 03:00:00',TIMESTAMP '1970-01-01 03:00:00');
	INSERT INTO Answer (id,questionId,text,correct,comment) OVERRIDING SYSTEM VALUE VALUES (768,343,'Будет выполняться метод, объявленный&nbsp;в классе.',true,'');
	INSERT INTO Answer (id,questionId,text,correct,comment) OVERRIDING SYSTEM VALUE VALUES (766,343,'Ошибка компиляции',false,'');
	INSERT INTO Answer (id,questionId,text,correct,comment) OVERRIDING SYSTEM VALUE VALUES (767,343,'Будет выполняться импортированный метод.',false,'');
INSERT INTO Question (id,realmId,type,text,regDate,updateDate) OVERRIDING SYSTEM VALUE VALUES (344,4,1,'Что можно сказать о следующем коде?<br /><br />1: import static java.util.Arrays.asList;<br />2: static import java.util.Arrays.*;<br />3: public class BadStaticImports {<br />4:&nbsp;&nbsp;&nbsp;&nbsp; public static void main(String[] args) {<br />5:&nbsp;&nbsp;&nbsp;&nbsp;&nbsp;&nbsp;&nbsp;&nbsp; Arrays.asList("one");<br />6:&nbsp;&nbsp;&nbsp;&nbsp; } <br />7: }',TIMESTAMP '1970-01-01 03:00:00',TIMESTAMP '1970-01-01 03:00:00');
	INSERT INTO Answer (id,questionId,text,correct,comment) OVERRIDING SYSTEM VALUE VALUES (769,344,'Скомпилируется без проблем.',false,'');
	INSERT INTO Answer (id,questionId,text,correct,comment) OVERRIDING SYSTEM VALUE VALUES (770,344,'Ошибка компиляции в строке 2.',false,'');
	INSERT INTO Answer (id,questionId,text,correct,comment) OVERRIDING SYSTEM VALUE VALUES (771,344,'Ошибка компиляции в строках 2 и 5.',true,'Ошибка в строке 2 - из-за неверного порядка ключевых слов static и import.<br /><br />Ошибка в строке 5 - из-за того, что явно указывается класс Arrays, который не был импортирован. Если бы вызывалось просто asList, то ошибки бы не было.');
INSERT INTO Question (id,realmId,type,text,regDate,updateDate) OVERRIDING SYSTEM VALUE VALUES (345,4,0,'Как говорит учебник:<br />В конструкции import static, так же как в обычном импорте, нельзя явно импортировать два метода/поля с одинаковым именем.<br /><br />Как на практике:<br />- Импортировать два статичных метода или две статичных переменных с одним именем - МОЖНО!<br />- если переменные, то при попытке использования - ошибка компиляции<br />- если wildcard, то при попытке использования переменной - ошибка компиляции<br />- если методы, то при попытке использования - берется первый из указанных<br />- если wildcard, то при попытке использования метода - берется первый из указанных',TIMESTAMP '1970-01-01 03:00:00',TIMESTAMP '1970-01-01 03:00:00');
INSERT INTO Question (id,realmId,type,text,regDate,updateDate) OVERRIDING SYSTEM VALUE VALUES (346,4,0,'Java использует передачу по значению (pass-vy-value), а не по ссылке. Это означает, что при передаче переменной в метод создается ее копия, которая ссылается на тот же объект или на такой же примитив. Таким образом, если в метод передается примитив, то переменной в вызывающем методе ничего не угрожает, а если передается объект, то ссылка в вызывающем методе будет продолжать указывать на тот же объект, что бы ни&nbsp;случилось. Однако само состояние объекта может измениться.',TIMESTAMP '1970-01-01 03:00:00',TIMESTAMP '1970-01-01 03:00:00');
INSERT INTO Question (id,realmId,type,text,regDate,updateDate) OVERRIDING SYSTEM VALUE VALUES (347,4,0,'Запрещено иметь в одном классе несколько методов с одинаковыми именем и сигнатурой. Даже если при этом имеются массовые отличия в модификаторах/возвращаемых типах.',TIMESTAMP '1970-01-01 03:00:00',TIMESTAMP '1970-01-01 03:00:00');
INSERT INTO Question (id,realmId,type,text,regDate,updateDate) OVERRIDING SYSTEM VALUE VALUES (348,4,2,'Можно ли сделать перезагруженные методы, один из которых принимает на вход массив, а другой - vararg?',TIMESTAMP '1970-01-01 03:00:00',TIMESTAMP '1970-01-01 03:00:00');
	INSERT INTO Answer (id,questionId,text,correct,comment) OVERRIDING SYSTEM VALUE VALUES (772,348,'Нельзя, будет ошибка компиляции. Хотя байт-код, в который компилируются методы, принимающие массив и vararg, различается,&nbsp;список аргументов&nbsp;в контексте перезагрузки считается одинаковым.',true,'');
INSERT INTO Question (id,realmId,type,text,regDate,updateDate) OVERRIDING SYSTEM VALUE VALUES (349,4,2,'Что будет, если в перегруженных методах набор аргументов одинаковый, но их порядок разный?',TIMESTAMP '1970-01-01 03:00:00',TIMESTAMP '1970-01-01 03:00:00');
	INSERT INTO Answer (id,questionId,text,correct,comment) OVERRIDING SYSTEM VALUE VALUES (773,349,'Такая перегрузка корректна.',true,'');
INSERT INTO Question (id,realmId,type,text,regDate,updateDate) OVERRIDING SYSTEM VALUE VALUES (350,4,2,'Что будет, если есть два перегруженных метода, один из которых принимает примитивный аргумент, а второй - обертку?',TIMESTAMP '1970-01-01 03:00:00',TIMESTAMP '1970-01-01 03:00:00');
	INSERT INTO Answer (id,questionId,text,correct,comment) OVERRIDING SYSTEM VALUE VALUES (774,350,'Код скомпилируется нормально. При вызове этих методов запустится тот из них, который соответствует поданному аргументу. Если бы метода для примитивного типа в коде не было, то запустился бы метод с объектом обертки (посредством autoboxing).',true,'');
INSERT INTO Question (id,realmId,type,text,regDate,updateDate) OVERRIDING SYSTEM VALUE VALUES (351,4,2,'Что напечатается после выполнения следующего кода?<br /><br />public class ReferenceTypes {<br />&nbsp;&nbsp;&nbsp; public void fly(String s) {<br />&nbsp;&nbsp;&nbsp;&nbsp;&nbsp;&nbsp;&nbsp; System.out.print("string ");<br />&nbsp;&nbsp;&nbsp; }<br />&nbsp;&nbsp;&nbsp; public void fly(Object o) {<br />&nbsp;&nbsp;&nbsp;&nbsp;&nbsp;&nbsp;&nbsp; System.out.print("object ");<br />&nbsp;&nbsp;&nbsp; }<br />&nbsp;&nbsp;&nbsp; public static void main(String[] args) {<br />&nbsp;&nbsp;&nbsp;&nbsp;&nbsp;&nbsp;&nbsp; ReferenceTypes r = new ReferenceTypes();<br />&nbsp;&nbsp;&nbsp;&nbsp;&nbsp;&nbsp;&nbsp; r.fly("test");<br />&nbsp;&nbsp;&nbsp;&nbsp;&nbsp;&nbsp;&nbsp; r.fly(56);<br />&nbsp;&nbsp;&nbsp; } <br />}',TIMESTAMP '1970-01-01 03:00:00',TIMESTAMP '1970-01-01 03:00:00');
	INSERT INTO Answer (id,questionId,text,correct,comment) OVERRIDING SYSTEM VALUE VALUES (775,351,'string object<br /><br />Первый вызов fly предсказуемо&nbsp;запускает метод fly(String).<br />Второй вызов пытается найти метод с сигнатурой int, не находит, производит autoboxing, ищет метод для Integer, не находит, ищет метод для класса-предка Integer, находит fly(Object) и запускает его.',true,'');
INSERT INTO Question (id,realmId,type,text,regDate,updateDate) OVERRIDING SYSTEM VALUE VALUES (352,4,0,'Общий принцип, характерный для перегруженных методов: если несколько методов могут выполниться для заданного аргумента, выполнится тот, который ближе всего соответствует типу этого аргумента.',TIMESTAMP '1970-01-01 03:00:00',TIMESTAMP '1970-01-01 03:00:00');
INSERT INTO Question (id,realmId,type,text,regDate,updateDate) OVERRIDING SYSTEM VALUE VALUES (353,4,1,'В каком порядке компилятор будет искать подходящий перегруженный метод для вызова glide(1,2)?',TIMESTAMP '1970-01-01 03:00:00',TIMESTAMP '1970-01-01 03:00:00');
	INSERT INTO Answer (id,questionId,text,correct,comment) OVERRIDING SYSTEM VALUE VALUES (776,353,'public String glide(int i, int j) {}<br />public String glide(long i, long j) {}<br />public String glide(Integer i, Integer j) {}<br />public String glide(int... nums) {}',true,'vararg идет на последнем месте, т.к. он появился в языке сравнительно недавно, и из соображений обратной совместимости применяется в последнюю очередь');
	INSERT INTO Answer (id,questionId,text,correct,comment) OVERRIDING SYSTEM VALUE VALUES (777,353,'public String glide(int... nums) {}<br />public String glide(int i, int j) {}<br />public String glide(long i, long j) {}<br />public String glide(Integer i, Integer j) {}',false,'');
	INSERT INTO Answer (id,questionId,text,correct,comment) OVERRIDING SYSTEM VALUE VALUES (778,353,'public String glide(int i, int j) {}<br />public String glide(Integer i, Integer j) {}<br />public String glide(long i, long j) {}<br />public String glide(int... nums) {}',false,'более широкий примитивный тип с точки зрения компилятора "ближе" заданному аргументу, чем его обертка.');
	INSERT INTO Answer (id,questionId,text,correct,comment) OVERRIDING SYSTEM VALUE VALUES (779,353,'public String glide(long i, long j) {}<br />public String glide(int i, int j) {}<br />public String glide(Integer i, Integer j) {}<br />public String glide(int... nums) {}',false,'');
INSERT INTO Question (id,realmId,type,text,regDate,updateDate) OVERRIDING SYSTEM VALUE VALUES (354,4,2,'Какой результат будет у следующего кода?<br /><br />public class Glider2 {<br />&nbsp;&nbsp;&nbsp; public static String glide(String s) {<br />&nbsp;&nbsp;&nbsp;&nbsp;&nbsp;&nbsp;&nbsp; return "1";<br />&nbsp;&nbsp;&nbsp; }<br />&nbsp;&nbsp;&nbsp; public static String glide(String... s) {<br />&nbsp;&nbsp;&nbsp;&nbsp;&nbsp;&nbsp;&nbsp; return "2";<br />&nbsp;&nbsp;&nbsp; }<br />&nbsp;&nbsp;&nbsp; public static String glide(Object o) {<br />&nbsp;&nbsp;&nbsp;&nbsp;&nbsp;&nbsp;&nbsp; return "3";<br />&nbsp;&nbsp;&nbsp; }<br />&nbsp;&nbsp;&nbsp; public static String glide(String s, String t) {<br />&nbsp;&nbsp;&nbsp;&nbsp;&nbsp;&nbsp;&nbsp; return "4";<br />&nbsp;&nbsp;&nbsp; }<br />&nbsp;&nbsp;&nbsp; public static void main(String[] args) {<br />&nbsp;&nbsp;&nbsp;&nbsp;&nbsp;&nbsp;&nbsp; System.out.print(glide("a"));<br />&nbsp;&nbsp;&nbsp;&nbsp;&nbsp;&nbsp;&nbsp; System.out.print(glide("a", "b"));<br />&nbsp;&nbsp;&nbsp;&nbsp;&nbsp;&nbsp;&nbsp; System.out.print(glide("a", "b", "c"));<br />&nbsp;&nbsp;&nbsp; } <br />}',TIMESTAMP '1970-01-01 03:00:00',TIMESTAMP '1970-01-01 03:00:00');
	INSERT INTO Answer (id,questionId,text,correct,comment) OVERRIDING SYSTEM VALUE VALUES (780,354,'142',true,'');
INSERT INTO Question (id,realmId,type,text,regDate,updateDate) OVERRIDING SYSTEM VALUE VALUES (355,4,0,'В процессе подбора подходящего метода, если не нашлось идеального совпадения, &nbsp;Java делает только одно существенное преобразование поданного аргумента. Например, int можно преобразовать в Integer или в long, но нельзя в Long (для этого потребуется 2 преобразования):<br /><br />public class TooManyConversions {<br />&nbsp;&nbsp;&nbsp; public static void play(Long l) { }<br />&nbsp;&nbsp;&nbsp; public static void play(Long... l) { }<br />&nbsp;&nbsp;&nbsp; public static void main(String[] args) {<br />&nbsp;&nbsp;&nbsp;&nbsp;&nbsp;&nbsp;&nbsp; play(4); // DOES NOT COMPILE<br />&nbsp;&nbsp;&nbsp;&nbsp;&nbsp;&nbsp;&nbsp; play(4L); // calls the Long version<br />&nbsp;&nbsp;&nbsp; } <br />}<br /><br />Подача Integer в метод с аргументом Object не требует отдельного преобразования, т.к. Integer уже является Object.',TIMESTAMP '1970-01-01 03:00:00',TIMESTAMP '1970-01-01 03:00:00');
INSERT INTO Question (id,realmId,type,text,regDate,updateDate) OVERRIDING SYSTEM VALUE VALUES (356,4,2,'Какой Java-код был бы эквивалентом конструктору по умолчанию для класса ClassName?',TIMESTAMP '1970-01-01 03:00:00',TIMESTAMP '1970-01-01 03:00:00');
	INSERT INTO Answer (id,questionId,text,correct,comment) OVERRIDING SYSTEM VALUE VALUES (781,356,'public ClassName() {}',true,'');
INSERT INTO Question (id,realmId,type,text,regDate,updateDate) OVERRIDING SYSTEM VALUE VALUES (357,4,0,'Конструктор по умолчанию генерируется, только если в коде класса явно не указано ни одного конструктора!',TIMESTAMP '1970-01-01 03:00:00',TIMESTAMP '1970-01-01 03:00:00');
INSERT INTO Question (id,realmId,type,text,regDate,updateDate) OVERRIDING SYSTEM VALUE VALUES (358,4,1,'В каких классах из нижеуказанных генерируется конструктор по умолчанию?',TIMESTAMP '1970-01-01 03:00:00',TIMESTAMP '1970-01-01 03:00:00');
	INSERT INTO Answer (id,questionId,text,correct,comment) OVERRIDING SYSTEM VALUE VALUES (784,358,'class Rabbit3 {<br />&nbsp;&nbsp;&nbsp; public Rabbit3(boolean b) { }<br />}',false,'');
	INSERT INTO Answer (id,questionId,text,correct,comment) OVERRIDING SYSTEM VALUE VALUES (785,358,'class Rabbit4 {<br />&nbsp;&nbsp;&nbsp; private Rabbit4() { }<br />}',false,'');
	INSERT INTO Answer (id,questionId,text,correct,comment) OVERRIDING SYSTEM VALUE VALUES (782,358,'class Rabbit1 {<br />}',true,'');
	INSERT INTO Answer (id,questionId,text,correct,comment) OVERRIDING SYSTEM VALUE VALUES (783,358,'class Rabbit2 {<br />&nbsp;&nbsp;&nbsp; public Rabbit2() { }<br />}',false,'');
INSERT INTO Question (id,realmId,type,text,regDate,updateDate) OVERRIDING SYSTEM VALUE VALUES (359,4,0,'Конструктор с модификатором private используется, когда в классе имеются только статичные методы (создание экземпляров не нужно) или когда создание экзмепляров должно контролироваться только самим классом.',TIMESTAMP '1970-01-01 03:00:00',TIMESTAMP '1970-01-01 03:00:00');
INSERT INTO Question (id,realmId,type,text,regDate,updateDate) OVERRIDING SYSTEM VALUE VALUES (360,4,2,'Скомпилируется ли следующий код?<br /><br />public class Hamster {<br />&nbsp;&nbsp;&nbsp; public Hamster(int weight) { <br />&nbsp;&nbsp;&nbsp;&nbsp; Hamster(weight, "brown");<br />&nbsp;&nbsp;&nbsp; }<br />&nbsp;&nbsp;&nbsp; public Hamster(int weight, String color) { }<br />}',TIMESTAMP '1970-01-01 03:00:00',TIMESTAMP '1970-01-01 03:00:00');
	INSERT INTO Answer (id,questionId,text,correct,comment) OVERRIDING SYSTEM VALUE VALUES (786,360,'Не скомпилируется. Конструктор нельзя вызывать подобно методу. Имя конструктора может идти только за ключевым словом <strong>new</strong>.',true,'');
INSERT INTO Question (id,realmId,type,text,regDate,updateDate) OVERRIDING SYSTEM VALUE VALUES (361,4,2,'Скомпилируется ли следующий код?<br /><br />public class Hamster {<br />&nbsp;&nbsp;&nbsp; public Hamster(int weight) {<br />&nbsp;&nbsp;&nbsp;&nbsp;&nbsp;&nbsp;&nbsp; new Hamster(weight, "brown");<br />&nbsp;&nbsp;&nbsp; }<br />&nbsp;&nbsp;&nbsp; public Hamster(int weight, String color) { }<br />}',TIMESTAMP '1970-01-01 03:00:00',TIMESTAMP '1970-01-01 03:00:00');
	INSERT INTO Answer (id,questionId,text,correct,comment) OVERRIDING SYSTEM VALUE VALUES (787,361,'скомпилируется, но смысла большого в себе не несет',true,'');
INSERT INTO Question (id,realmId,type,text,regDate,updateDate) OVERRIDING SYSTEM VALUE VALUES (362,4,2,'Как вызвать один конструктор из другого?',TIMESTAMP '1970-01-01 03:00:00',TIMESTAMP '1970-01-01 03:00:00');
	INSERT INTO Answer (id,questionId,text,correct,comment) OVERRIDING SYSTEM VALUE VALUES (788,362,'С помощью ключевого слова <strong>this</strong>.<br /><br />public class Hamster {<br />&nbsp;&nbsp;&nbsp; public Hamster(int weight) {&nbsp; <br />&nbsp;&nbsp;&nbsp;&nbsp;&nbsp;&nbsp;&nbsp; this(weight, "brown");<br />&nbsp;&nbsp;&nbsp; }<br />&nbsp;&nbsp;&nbsp; public Hamster(int weight, String color) { }<br />}<br /><br />Однако для успешной компиляции конструкция с this() должна быть первым&nbsp;выражением в конструкторе (комментарии не в счет)! Из этого следует, что дважды this() вызвать не получится.',true,'');
INSERT INTO Question (id,realmId,type,text,regDate,updateDate) OVERRIDING SYSTEM VALUE VALUES (363,4,0,'<p>Цепочка конструкторов (constructor chaining):<br /><br />public class Mouse {<br />&nbsp;&nbsp;&nbsp; private int numTeeth;<br />&nbsp;&nbsp;&nbsp; private int numWhiskers;<br />&nbsp;&nbsp;&nbsp; private int weight;</p>
<p>&nbsp;&nbsp;&nbsp; public Mouse(int weight) {<br />&nbsp;&nbsp;&nbsp;&nbsp;&nbsp;&nbsp;&nbsp; this(weight, 16);<br />&nbsp;&nbsp;&nbsp; }<br />&nbsp;&nbsp;&nbsp; public Mouse(int weight, int numTeeth) {<br />&nbsp;&nbsp;&nbsp;&nbsp;&nbsp;&nbsp;&nbsp; this(weight, numTeeth, 6);<br />&nbsp;&nbsp;&nbsp; }<br />&nbsp;&nbsp;&nbsp; public Mouse(int weight, int numTeeth, int numWhiskers) {<br />&nbsp;&nbsp;&nbsp;&nbsp;&nbsp;&nbsp;&nbsp; this.weight = weight;<br />&nbsp;&nbsp;&nbsp;&nbsp;&nbsp;&nbsp;&nbsp; this.numTeeth = numTeeth;<br />&nbsp;&nbsp;&nbsp;&nbsp;&nbsp;&nbsp;&nbsp; this.numWhiskers = numWhiskers;<br />&nbsp;&nbsp;&nbsp; }<br />}</p>',TIMESTAMP '1970-01-01 03:00:00',TIMESTAMP '1970-01-01 03:00:00');
INSERT INTO Question (id,realmId,type,text,regDate,updateDate) OVERRIDING SYSTEM VALUE VALUES (364,4,0,'Финальные&nbsp;поля экземпляра могут быть присвоены в конструкторе.',TIMESTAMP '1970-01-01 03:00:00',TIMESTAMP '1970-01-01 03:00:00');
INSERT INTO Question (id,realmId,type,text,regDate,updateDate) OVERRIDING SYSTEM VALUE VALUES (365,4,2,'Опишите порядок инициализации при создании экземпляра класса.',TIMESTAMP '1970-01-01 03:00:00',TIMESTAMP '1970-01-01 03:00:00');
	INSERT INTO Answer (id,questionId,text,correct,comment) OVERRIDING SYSTEM VALUE VALUES (789,365,'<strong>1</strong>. Если есть родительский класс - инициализировать сперва его.<br /><strong>2</strong>. Статические переменные&nbsp;и статические инициализаторы - в том порядке, в котором встречаются в файле.<br /><strong>3</strong>. Переменные экземпляра и инициализаторы экземпляра - в том порядке, в котором встречаются в файле.<br /><strong>4</strong>. Конструктор.',true,'');
INSERT INTO Question (id,realmId,type,text,regDate,updateDate) OVERRIDING SYSTEM VALUE VALUES (366,4,0,'В классе может быть несколько&nbsp;инициализаторов - как статических, так и экземпляра!',TIMESTAMP '1970-01-01 03:00:00',TIMESTAMP '1970-01-01 03:00:00');
INSERT INTO Question (id,realmId,type,text,regDate,updateDate) OVERRIDING SYSTEM VALUE VALUES (367,4,2,'Каким будет вывод следующего кода?<br /><br />public class InitializationOrderSimple {<br />&nbsp;&nbsp;&nbsp; private String name = "Torchie";<br />&nbsp;&nbsp;&nbsp; { System.out.println(name); }<br />&nbsp;&nbsp;&nbsp; private static int COUNT = 0;<br />&nbsp;&nbsp;&nbsp; static { System.out.println(COUNT); }<br />&nbsp;&nbsp;&nbsp; static { COUNT += 10; System.out.println(COUNT); }<br />&nbsp;&nbsp;&nbsp; public InitializationOrderSimple() {<br />&nbsp;&nbsp;&nbsp;&nbsp;&nbsp;&nbsp;&nbsp; System.out.println("constructor");<br />&nbsp;&nbsp;&nbsp; } <br />}<br />...<br />public class CallInitializationOrderSimple {<br />&nbsp;&nbsp;&nbsp; public static void main(String[] args) {<br />&nbsp;&nbsp;&nbsp;&nbsp;&nbsp;&nbsp;&nbsp; InitializationOrderSimple init = new InitializationOrderSimple();<br />&nbsp;&nbsp;&nbsp; } <br />}',TIMESTAMP '1970-01-01 03:00:00',TIMESTAMP '1970-01-01 03:00:00');
	INSERT INTO Answer (id,questionId,text,correct,comment) OVERRIDING SYSTEM VALUE VALUES (790,367,'0<br />10<br />Torchie<br />constructor',true,'');
INSERT INTO Question (id,realmId,type,text,regDate,updateDate) OVERRIDING SYSTEM VALUE VALUES (368,4,2,'Каким будет вывод следующего кода?<br /><br />public class InitializationOrder {<br />&nbsp;&nbsp;&nbsp; private String name = "Torchie";<br />&nbsp;&nbsp;&nbsp; { System.out.println(name); }<br />&nbsp;&nbsp;&nbsp; private static int COUNT = 0;<br />&nbsp;&nbsp;&nbsp; static { System.out.println(COUNT); }<br />&nbsp;&nbsp;&nbsp; { COUNT++; System.out.println(COUNT); }<br />&nbsp;&nbsp;&nbsp; public InitializationOrder() {<br />&nbsp;&nbsp;&nbsp;&nbsp;&nbsp;&nbsp;&nbsp; System.out.println("constructor");<br />&nbsp;&nbsp;&nbsp; }<br />&nbsp;&nbsp;&nbsp; public static void main(String[] args) {<br />&nbsp;&nbsp;&nbsp;&nbsp;&nbsp;&nbsp;&nbsp; System.out.println("read to construct");<br />&nbsp;&nbsp;&nbsp;&nbsp;&nbsp;&nbsp;&nbsp; new InitializationOrder();<br />&nbsp;&nbsp;&nbsp; }<br />}',TIMESTAMP '1970-01-01 03:00:00',TIMESTAMP '1970-01-01 03:00:00');
	INSERT INTO Answer (id,questionId,text,correct,comment) OVERRIDING SYSTEM VALUE VALUES (791,368,'0<br />read to construct<br />Torchie<br />1<br />constructor',true,'');
INSERT INTO Question (id,realmId,type,text,regDate,updateDate) OVERRIDING SYSTEM VALUE VALUES (369,4,2,'Каким будет вывод следующего кода?<br /><br />public class YetMoreInitializationOrder {<br />&nbsp;&nbsp;&nbsp; static { add(2); }<br />&nbsp;&nbsp;&nbsp; static void add(int num) { System.out.print(num + " "); }<br />&nbsp;&nbsp;&nbsp; YetMoreInitializationOrder() { add(5); }<br />&nbsp;&nbsp;&nbsp; static { add(4); }<br />&nbsp;&nbsp;&nbsp; { add(6); }<br />&nbsp;&nbsp;&nbsp; static { new YetMoreInitializationOrder(); }<br />&nbsp;&nbsp;&nbsp; { add(8); }<br />&nbsp;&nbsp;&nbsp; public static void main(String[] args) { } <br />}',TIMESTAMP '1970-01-01 03:00:00',TIMESTAMP '1970-01-01 03:00:00');
	INSERT INTO Answer (id,questionId,text,correct,comment) OVERRIDING SYSTEM VALUE VALUES (792,369,'2 4 6 8 5',true,'');
INSERT INTO Question (id,realmId,type,text,regDate,updateDate) OVERRIDING SYSTEM VALUE VALUES (370,4,2,'Назовите основные правила для JavaBean.',TIMESTAMP '1970-01-01 03:00:00',TIMESTAMP '1970-01-01 03:00:00');
	INSERT INTO Answer (id,questionId,text,correct,comment) OVERRIDING SYSTEM VALUE VALUES (793,370,'- Все поля - private<br />- Геттер начинается с get. Для boolean более употребителен префикс is.<br />- Сеттер начинается с set.<br />- За префиксами геттера/сеттера - camelCase, причем первый символ имени поля - заглавный.',true,'');
INSERT INTO Question (id,realmId,type,text,regDate,updateDate) OVERRIDING SYSTEM VALUE VALUES (371,4,0,'Самый простой способ сделать неизменяемый класс - это не объявлять в нем сеттеры и заполнять все поля при конструировании экземпляра.<br /><br />Однако если поля класса - объектные, то геттеры должны возвращать копию объекта либо неизменяемый объект, производный от исходного (например, toString() для StringBuilder).',TIMESTAMP '1970-01-01 03:00:00',TIMESTAMP '1970-01-01 03:00:00');
INSERT INTO Question (id,realmId,type,text,regDate,updateDate) OVERRIDING SYSTEM VALUE VALUES (372,4,0,'Лямбда-выражение - это блок кода, который можно куда-либо передавать. Его можно рассматривать как анонимный метод, который имеет тело и параметры, но не имеет имени.',TIMESTAMP '1970-01-01 03:00:00',TIMESTAMP '1970-01-01 03:00:00');
INSERT INTO Question (id,realmId,type,text,regDate,updateDate) OVERRIDING SYSTEM VALUE VALUES (373,4,2,'Как читается следующая лямда?<br /><br />a -&gt; a.canHop()',TIMESTAMP '1970-01-01 03:00:00',TIMESTAMP '1970-01-01 03:00:00');
	INSERT INTO Answer (id,questionId,text,correct,comment) OVERRIDING SYSTEM VALUE VALUES (794,373,'a - входной параметр<br /><br />a.canHop() - результат этого метода должен вернуться из лямбды.',true,'');
INSERT INTO Question (id,realmId,type,text,regDate,updateDate) OVERRIDING SYSTEM VALUE VALUES (374,4,2,'Пусть мы имеем интерфейс:<br /><br />public interface CheckTrait {<br />&nbsp;&nbsp;&nbsp; boolean test(Animal a);<br />}<br /><br />&nbsp;и класс, его реализующий:<br /><br />public class CheckIfHopper implements CheckTrait {<br />&nbsp;&nbsp;&nbsp; public boolean test(Animal a) {<br />&nbsp;&nbsp;&nbsp;&nbsp;&nbsp;&nbsp;&nbsp; return a.canHop();<br />&nbsp;&nbsp;&nbsp; }<br />}<br /><br />а также, печатающий метод:<br /><br />print(List&lt;Animal&gt; animals, CheckTrait checker)<br /><br />Как в этом случае следует интерпретировать следующее выражение?<br /><br />print(animals, a -&gt; a.canHop());',TIMESTAMP '1970-01-01 03:00:00',TIMESTAMP '1970-01-01 03:00:00');
	INSERT INTO Answer (id,questionId,text,correct,comment) OVERRIDING SYSTEM VALUE VALUES (795,374,'Java полагается на контекст, в котором оказывается лямбда. В данном случае происходит маппинг лямбды на интерфейс CheckTrait, которого ожидает метод print. Метод интерфейса принимает на вход Animal, значит, <strong>a</strong> - это экземпляр Animal. Метод интерфейса возвращает boolean, значит, лямбда возвращает boolean.<br />Вероятно, компилятор генерит анонимный класс, идентичный по функциональности классу CheckIfHopper.<br /><br /><br />Важно! Интерфейс должен быть <strong>функциональным</strong>, иначе схема не сработает.',true,'');
INSERT INTO Question (id,realmId,type,text,regDate,updateDate) OVERRIDING SYSTEM VALUE VALUES (375,4,2,'Укажите <span style="text-decoration: underline;">полный синтаксис</span> для простой лямбды, принимающей один параметр и возвращающей значение какого-либо метода этого параметра.',TIMESTAMP '1970-01-01 03:00:00',TIMESTAMP '1970-01-01 03:00:00');
	INSERT INTO Answer (id,questionId,text,correct,comment) OVERRIDING SYSTEM VALUE VALUES (796,375,'(Animal a) -&gt; { return a.canHop(); }',true,'');
INSERT INTO Question (id,realmId,type,text,regDate,updateDate) OVERRIDING SYSTEM VALUE VALUES (376,4,2,'Когда в лямбде могут быть опущены фигурные скобки, двоеточие и ключевое слово return?',TIMESTAMP '1970-01-01 03:00:00',TIMESTAMP '1970-01-01 03:00:00');
	INSERT INTO Answer (id,questionId,text,correct,comment) OVERRIDING SYSTEM VALUE VALUES (797,376,'Когда в&nbsp;&nbsp;в теле лямбды только одно выражение.<br />(скобки, двоеточие и return либо все присутствуют, либо все отсутствуют, частично опускать нельзя)',true,'');
INSERT INTO Question (id,realmId,type,text,regDate,updateDate) OVERRIDING SYSTEM VALUE VALUES (377,4,0,'При написании лямбды разработчик не обязан использовать в теле все параметры.',TIMESTAMP '1970-01-01 03:00:00',TIMESTAMP '1970-01-01 03:00:00');
INSERT INTO Question (id,realmId,type,text,regDate,updateDate) OVERRIDING SYSTEM VALUE VALUES (378,4,2,'Когда в лямбде могут быть опущены скобки вокруг параметров?',TIMESTAMP '1970-01-01 03:00:00',TIMESTAMP '1970-01-01 03:00:00');
	INSERT INTO Answer (id,questionId,text,correct,comment) OVERRIDING SYSTEM VALUE VALUES (798,378,'- Строго один параметр<br />- Тип параметра не указан<br />(скобки в этом случае можно и не опускать)',true,'');
INSERT INTO Question (id,realmId,type,text,regDate,updateDate) OVERRIDING SYSTEM VALUE VALUES (379,4,1,'Укажите, какие из нижеприведенных лямбд корректны.',TIMESTAMP '1970-01-01 03:00:00',TIMESTAMP '1970-01-01 03:00:00');
	INSERT INTO Answer (id,questionId,text,correct,comment) OVERRIDING SYSTEM VALUE VALUES (800,379,'print(a -&gt; a.startsWith("test"));',true,'');
	INSERT INTO Answer (id,questionId,text,correct,comment) OVERRIDING SYSTEM VALUE VALUES (801,379,'print((a) -&gt; a.startsWith("test"));',true,'');
	INSERT INTO Answer (id,questionId,text,correct,comment) OVERRIDING SYSTEM VALUE VALUES (802,379,'print((String a) -&gt; a.startsWith("test"));',true,'');
	INSERT INTO Answer (id,questionId,text,correct,comment) OVERRIDING SYSTEM VALUE VALUES (803,379,'print((a, b) -&gt; a.startsWith("test"));',true,'2 входных параметра. Можно не использовать все параметры.');
	INSERT INTO Answer (id,questionId,text,correct,comment) OVERRIDING SYSTEM VALUE VALUES (804,379,'print((String a, String b) -&gt; a.startsWith("test"));',true,'2 входных параметра. Можно не использовать все параметры.');
	INSERT INTO Answer (id,questionId,text,correct,comment) OVERRIDING SYSTEM VALUE VALUES (805,379,'print(a, b -&gt; a.startsWith("test"));',false,'нет скобок вокруг нескольких параметров');
	INSERT INTO Answer (id,questionId,text,correct,comment) OVERRIDING SYSTEM VALUE VALUES (806,379,'print(a -&gt; { a.startsWith("test"); });',false,'нет ключевого слова return');
	INSERT INTO Answer (id,questionId,text,correct,comment) OVERRIDING SYSTEM VALUE VALUES (807,379,'print(a -&gt; { return a.startsWith("test") });',false,'нет двоеточия перед фигурной скобкой');
	INSERT INTO Answer (id,questionId,text,correct,comment) OVERRIDING SYSTEM VALUE VALUES (799,379,'print(() -&gt; true);',true,'Допустимо иметь 0 параметров. Данная лямбда будет всегда возвращать true.');
INSERT INTO Question (id,realmId,type,text,regDate,updateDate) OVERRIDING SYSTEM VALUE VALUES (380,4,2,'К каким переменным есть доступ из кода лямбды?',TIMESTAMP '1970-01-01 03:00:00',TIMESTAMP '1970-01-01 03:00:00');
	INSERT INTO Answer (id,questionId,text,correct,comment) OVERRIDING SYSTEM VALUE VALUES (808,380,'- к статическим&nbsp;полям класса<br />- к полям экземпляра<br />- к финальным переменным - в т.ч. локальным и аргумантам метода.<br />- к аргументам метода и локальным переменным - <span style="text-decoration: underline;">если они не переприсваивались</span>!',true,'');
INSERT INTO Question (id,realmId,type,text,regDate,updateDate) OVERRIDING SYSTEM VALUE VALUES (381,4,2,'Скомпилируется ли следующая лямбда?<br /><br />(a, b) -&gt; { int a = 0; return 5;}',TIMESTAMP '1970-01-01 03:00:00',TIMESTAMP '1970-01-01 03:00:00');
	INSERT INTO Answer (id,questionId,text,correct,comment) OVERRIDING SYSTEM VALUE VALUES (809,381,'Нет, т.к. идет попытка переприсвоить переменную <strong>a</strong>. С т.з. Java это повторное объявление локальной переменной.',true,'');
INSERT INTO Question (id,realmId,type,text,regDate,updateDate) OVERRIDING SYSTEM VALUE VALUES (382,4,2,'Что такое функциональный интерфейс (на уровне OCA)?',TIMESTAMP '1970-01-01 03:00:00',TIMESTAMP '1970-01-01 03:00:00');
	INSERT INTO Answer (id,questionId,text,correct,comment) OVERRIDING SYSTEM VALUE VALUES (810,382,'Это интерфейс с единственным методом.',true,'');
INSERT INTO Question (id,realmId,type,text,regDate,updateDate) OVERRIDING SYSTEM VALUE VALUES (383,4,2,'Что Вы можете рассказать об интерфейсе java.util.function.Predicate&lt;T&gt;?',TIMESTAMP '1970-01-01 03:00:00',TIMESTAMP '1970-01-01 03:00:00');
	INSERT INTO Answer (id,questionId,text,correct,comment) OVERRIDING SYSTEM VALUE VALUES (811,383,'Это функциональный интерфейс с методом test , возвращающим булево значение от одного аргумента).',true,'');
INSERT INTO Question (id,realmId,type,text,regDate,updateDate) OVERRIDING SYSTEM VALUE VALUES (384,4,0,'<em>интерфейс java.util.Collection<span style="text-decoration: underline;">&lt;E&gt;</span></em><br /><br />default&nbsp;boolean <strong>removeIf</strong>(Predicate&lt;? super E&gt; <em>filter</em>)<br /><br />удаляет все элементы коллекции, удовлетворяющие заданному предикату.<br /><br />возвращает true, если было произведено хоть одно удаление<br />',TIMESTAMP '1970-01-01 03:00:00',TIMESTAMP '1970-01-01 03:00:00');
INSERT INTO Question (id,realmId,type,text,regDate,updateDate) OVERRIDING SYSTEM VALUE VALUES (385,4,2,'Напишите код в функциональном стиле, удаляющий из списка строк <strong>lines</strong> элементы, начинающиеся с символа ''1''',TIMESTAMP '1970-01-01 03:00:00',TIMESTAMP '1970-01-01 03:00:00');
	INSERT INTO Answer (id,questionId,text,correct,comment) OVERRIDING SYSTEM VALUE VALUES (812,385,'lines.removeIf(s -&gt; s.charAt(0) == ''1'');',true,'');
INSERT INTO Question (id,realmId,type,text,regDate,updateDate) OVERRIDING SYSTEM VALUE VALUES (386,4,0,'На экзамене OCA будут только лямбды, использующие интерфейс Predicate.',TIMESTAMP '1970-01-01 03:00:00',TIMESTAMP '1970-01-01 03:00:00');
INSERT INTO Question (id,realmId,type,text,regDate,updateDate) OVERRIDING SYSTEM VALUE VALUES (387,4,1,'<p>Which of the following can fill in the blank in this code to make it compile? (Choose all that apply)</p>
<p>public class Ant {<br />&nbsp;&nbsp;&nbsp; _____ void method() { }<br />}</p>',TIMESTAMP '1970-01-01 03:00:00',TIMESTAMP '1970-01-01 03:00:00');
	INSERT INTO Answer (id,questionId,text,correct,comment) OVERRIDING SYSTEM VALUE VALUES (816,387,'Public',false,'');
	INSERT INTO Answer (id,questionId,text,correct,comment) OVERRIDING SYSTEM VALUE VALUES (817,387,'String',false,'');
	INSERT INTO Answer (id,questionId,text,correct,comment) OVERRIDING SYSTEM VALUE VALUES (818,387,'zzz:',false,'метки нельзя указывать перед методами');
	INSERT INTO Answer (id,questionId,text,correct,comment) OVERRIDING SYSTEM VALUE VALUES (813,387,'default',false,'');
	INSERT INTO Answer (id,questionId,text,correct,comment) OVERRIDING SYSTEM VALUE VALUES (814,387,'final',true,'');
	INSERT INTO Answer (id,questionId,text,correct,comment) OVERRIDING SYSTEM VALUE VALUES (815,387,'private',true,'');
INSERT INTO Question (id,realmId,type,text,regDate,updateDate) OVERRIDING SYSTEM VALUE VALUES (388,4,1,'Which of the following compile? (Choose all that apply)',TIMESTAMP '1970-01-01 03:00:00',TIMESTAMP '1970-01-01 03:00:00');
	INSERT INTO Answer (id,questionId,text,correct,comment) OVERRIDING SYSTEM VALUE VALUES (819,388,'final static void method4() { }',true,'');
	INSERT INTO Answer (id,questionId,text,correct,comment) OVERRIDING SYSTEM VALUE VALUES (820,388,'public final int void method() { }',false,'');
	INSERT INTO Answer (id,questionId,text,correct,comment) OVERRIDING SYSTEM VALUE VALUES (821,388,'private void int method() { }',false,'');
	INSERT INTO Answer (id,questionId,text,correct,comment) OVERRIDING SYSTEM VALUE VALUES (822,388,'static final void method3() { }',true,'');
	INSERT INTO Answer (id,questionId,text,correct,comment) OVERRIDING SYSTEM VALUE VALUES (823,388,'void final method() {}',false,'');
	INSERT INTO Answer (id,questionId,text,correct,comment) OVERRIDING SYSTEM VALUE VALUES (824,388,'void public method() { }',false,'');
INSERT INTO Question (id,realmId,type,text,regDate,updateDate) OVERRIDING SYSTEM VALUE VALUES (389,4,1,'Which of the following methods compile? (Choose all that apply)',TIMESTAMP '1970-01-01 03:00:00',TIMESTAMP '1970-01-01 03:00:00');
	INSERT INTO Answer (id,questionId,text,correct,comment) OVERRIDING SYSTEM VALUE VALUES (825,389,'public void methodA() { return;}',true,'');
	INSERT INTO Answer (id,questionId,text,correct,comment) OVERRIDING SYSTEM VALUE VALUES (826,389,'public void methodB() { return null;}',false,'');
	INSERT INTO Answer (id,questionId,text,correct,comment) OVERRIDING SYSTEM VALUE VALUES (827,389,'public void methodD() {}',true,'');
	INSERT INTO Answer (id,questionId,text,correct,comment) OVERRIDING SYSTEM VALUE VALUES (828,389,'public int methodD() { return 9;}',true,'');
	INSERT INTO Answer (id,questionId,text,correct,comment) OVERRIDING SYSTEM VALUE VALUES (829,389,'public int methodE() { return 9.0;}',false,'');
	INSERT INTO Answer (id,questionId,text,correct,comment) OVERRIDING SYSTEM VALUE VALUES (830,389,'public int methodF() { return;}',false,'');
	INSERT INTO Answer (id,questionId,text,correct,comment) OVERRIDING SYSTEM VALUE VALUES (831,389,'public int methodG()',false,'');
INSERT INTO Question (id,realmId,type,text,regDate,updateDate) OVERRIDING SYSTEM VALUE VALUES (390,4,1,'Which of the following compile? (Choose all that apply)',TIMESTAMP '1970-01-01 03:00:00',TIMESTAMP '1970-01-01 03:00:00');
	INSERT INTO Answer (id,questionId,text,correct,comment) OVERRIDING SYSTEM VALUE VALUES (832,390,'public void moreA(int... nums) {}',true,'');
	INSERT INTO Answer (id,questionId,text,correct,comment) OVERRIDING SYSTEM VALUE VALUES (833,390,'public void moreB(String values, int... nums) {}',true,'');
	INSERT INTO Answer (id,questionId,text,correct,comment) OVERRIDING SYSTEM VALUE VALUES (834,390,'public void moreC(int... nums, String values) {}',false,'');
	INSERT INTO Answer (id,questionId,text,correct,comment) OVERRIDING SYSTEM VALUE VALUES (835,390,'public void moreD(String... values, int... nums) {}',false,'');
	INSERT INTO Answer (id,questionId,text,correct,comment) OVERRIDING SYSTEM VALUE VALUES (836,390,'public void moreE(String[] values, ...int nums) {}',false,'');
	INSERT INTO Answer (id,questionId,text,correct,comment) OVERRIDING SYSTEM VALUE VALUES (837,390,'public void moreF(String... values, int[] nums) {}',false,'');
	INSERT INTO Answer (id,questionId,text,correct,comment) OVERRIDING SYSTEM VALUE VALUES (838,390,'public void moreG(String[] values, int[] nums) {}',true,'');
INSERT INTO Question (id,realmId,type,text,regDate,updateDate) OVERRIDING SYSTEM VALUE VALUES (391,4,1,'<p>Given the following method, which of the method calls return 2? (Choose all that apply)</p>
<p>public int howMany(boolean b, boolean... b2) {<br />&nbsp;&nbsp;&nbsp; return b2.length;<br />}</p>',TIMESTAMP '1970-01-01 03:00:00',TIMESTAMP '1970-01-01 03:00:00');
	INSERT INTO Answer (id,questionId,text,correct,comment) OVERRIDING SYSTEM VALUE VALUES (839,391,'howMany();',false,'');
	INSERT INTO Answer (id,questionId,text,correct,comment) OVERRIDING SYSTEM VALUE VALUES (840,391,'howMany(true);',false,'');
	INSERT INTO Answer (id,questionId,text,correct,comment) OVERRIDING SYSTEM VALUE VALUES (841,391,'howMany(true, true);',false,'');
	INSERT INTO Answer (id,questionId,text,correct,comment) OVERRIDING SYSTEM VALUE VALUES (842,391,'howMany(true, true, true);',true,'');
	INSERT INTO Answer (id,questionId,text,correct,comment) OVERRIDING SYSTEM VALUE VALUES (843,391,'howMany(true, {true});',false,'');
	INSERT INTO Answer (id,questionId,text,correct,comment) OVERRIDING SYSTEM VALUE VALUES (844,391,'howMany(true, {true, true});',false,'');
	INSERT INTO Answer (id,questionId,text,correct,comment) OVERRIDING SYSTEM VALUE VALUES (845,391,'howMany(true, new boolean[2]);',true,'');
INSERT INTO Question (id,realmId,type,text,regDate,updateDate) OVERRIDING SYSTEM VALUE VALUES (392,4,2,'Что будет, если в vararg передать null?<br />Если ничего не передать?<br />Если несколько null-ов?',TIMESTAMP '1970-01-01 03:00:00',TIMESTAMP '1970-01-01 03:00:00');
	INSERT INTO Answer (id,questionId,text,correct,comment) OVERRIDING SYSTEM VALUE VALUES (846,392,'Если передать null, то vararg-аргумент будет равен null.<br />Если ничего не передать, то vararg-аргумент станет пустым массивом<br />Если передать несколько null-ов, то в случае с объектным vararg''ом будет массив null-ов, а с примитивным - ошибка компиляции.',true,'');
INSERT INTO Question (id,realmId,type,text,regDate,updateDate) OVERRIDING SYSTEM VALUE VALUES (393,4,1,'Which of the following are true? (Choose all that apply)',TIMESTAMP '1970-01-01 03:00:00',TIMESTAMP '1970-01-01 03:00:00');
	INSERT INTO Answer (id,questionId,text,correct,comment) OVERRIDING SYSTEM VALUE VALUES (848,393,'A public class that has private fields and package private methods is not visible to classes outside the package.',false,'');
	INSERT INTO Answer (id,questionId,text,correct,comment) OVERRIDING SYSTEM VALUE VALUES (849,393,'You can use access modifiers so only some of the classes in a package see a particular package private class.',false,'');
	INSERT INTO Answer (id,questionId,text,correct,comment) OVERRIDING SYSTEM VALUE VALUES (850,393,'You can use access modifiers to allow read access to all methods, but not any instance variables.',true,'');
	INSERT INTO Answer (id,questionId,text,correct,comment) OVERRIDING SYSTEM VALUE VALUES (851,393,'You can use access modifiers to restrict read access to all classes that begin with the word Test.',false,'');
	INSERT INTO Answer (id,questionId,text,correct,comment) OVERRIDING SYSTEM VALUE VALUES (847,393,'Package private access is more lenient (мягкий, гибкий)&nbsp;than protected access.',false,'');
INSERT INTO Question (id,realmId,type,text,regDate,updateDate) OVERRIDING SYSTEM VALUE VALUES (394,4,1,'<p>Given the following my.school.Classroom and my.city.School class definitions, which line numbers in main() generate a compiler error? (Choose all that apply)</p>
<p>1: package my.school;<br />2: public class Classroom {<br />3:&nbsp;&nbsp;&nbsp;&nbsp; private int roomNumber;<br />4:&nbsp;&nbsp;&nbsp;&nbsp; protected String teacherName;<br />5:&nbsp;&nbsp;&nbsp;&nbsp; static int globalKey = 54321;<br />6:&nbsp;&nbsp;&nbsp;&nbsp; public int floor = 3;<br />7:&nbsp;&nbsp;&nbsp;&nbsp; Classroom(int r, String t) {<br />8:&nbsp;&nbsp;&nbsp;&nbsp;&nbsp;&nbsp;&nbsp;&nbsp; roomNumber = r;<br />9:&nbsp;&nbsp;&nbsp;&nbsp;&nbsp;&nbsp;&nbsp;&nbsp; teacherName = t; } }</p>
<p>1: package my.city;<br />2: import my.school.*;<br />3: public class School {<br />4:&nbsp;&nbsp;&nbsp;&nbsp; public static void main(String[] args) {<br />5:&nbsp;&nbsp;&nbsp;&nbsp;&nbsp;&nbsp;&nbsp;&nbsp; System.out.println(Classroom.globalKey);<br />6:&nbsp;&nbsp;&nbsp;&nbsp;&nbsp;&nbsp;&nbsp;&nbsp; Classroom room = new Classroom(101, "Mrs. Anderson");<br />7:&nbsp;&nbsp;&nbsp;&nbsp;&nbsp;&nbsp;&nbsp;&nbsp; System.out.println(room.roomNumber);<br />8:&nbsp;&nbsp;&nbsp;&nbsp;&nbsp;&nbsp;&nbsp;&nbsp; System.out.println(room.floor);<br />9:&nbsp;&nbsp;&nbsp;&nbsp;&nbsp;&nbsp;&nbsp;&nbsp; System.out.println(room.teacherName); } }</p>',TIMESTAMP '1970-01-01 03:00:00',TIMESTAMP '1970-01-01 03:00:00');
	INSERT INTO Answer (id,questionId,text,correct,comment) OVERRIDING SYSTEM VALUE VALUES (852,394,'None, the code compiles fine.',false,'');
	INSERT INTO Answer (id,questionId,text,correct,comment) OVERRIDING SYSTEM VALUE VALUES (853,394,'Line 5',true,'');
	INSERT INTO Answer (id,questionId,text,correct,comment) OVERRIDING SYSTEM VALUE VALUES (854,394,'Line 6',true,'');
	INSERT INTO Answer (id,questionId,text,correct,comment) OVERRIDING SYSTEM VALUE VALUES (855,394,'Line 7',true,'');
	INSERT INTO Answer (id,questionId,text,correct,comment) OVERRIDING SYSTEM VALUE VALUES (856,394,'Line 8',false,'');
	INSERT INTO Answer (id,questionId,text,correct,comment) OVERRIDING SYSTEM VALUE VALUES (857,394,'Line 9',true,'');
INSERT INTO Question (id,realmId,type,text,regDate,updateDate) OVERRIDING SYSTEM VALUE VALUES (395,4,1,'Which of the following are true? (Choose all that apply)',TIMESTAMP '1970-01-01 03:00:00',TIMESTAMP '1970-01-01 03:00:00');
	INSERT INTO Answer (id,questionId,text,correct,comment) OVERRIDING SYSTEM VALUE VALUES (858,395,'Encapsulation uses package private instance variables.',false,'');
	INSERT INTO Answer (id,questionId,text,correct,comment) OVERRIDING SYSTEM VALUE VALUES (859,395,'Encapsulation uses private instance variables.',true,'');
	INSERT INTO Answer (id,questionId,text,correct,comment) OVERRIDING SYSTEM VALUE VALUES (860,395,'Encapsulation allows setters.',true,'');
	INSERT INTO Answer (id,questionId,text,correct,comment) OVERRIDING SYSTEM VALUE VALUES (861,395,'Immutability uses package private instance variables.',false,'');
	INSERT INTO Answer (id,questionId,text,correct,comment) OVERRIDING SYSTEM VALUE VALUES (862,395,'Immutability uses private instance variables.',true,'');
	INSERT INTO Answer (id,questionId,text,correct,comment) OVERRIDING SYSTEM VALUE VALUES (863,395,'Immutability allows setters.',false,'');
INSERT INTO Question (id,realmId,type,text,regDate,updateDate) OVERRIDING SYSTEM VALUE VALUES (396,4,1,'Which are methods using JavaBeans naming conventions for accessors and mutators? (Choose all that apply)',TIMESTAMP '1970-01-01 03:00:00',TIMESTAMP '1970-01-01 03:00:00');
	INSERT INTO Answer (id,questionId,text,correct,comment) OVERRIDING SYSTEM VALUE VALUES (864,396,'public boolean getCanSwim() { return canSwim;}',true,'');
	INSERT INTO Answer (id,questionId,text,correct,comment) OVERRIDING SYSTEM VALUE VALUES (865,396,'public boolean canSwim() { return numberWings;}',false,'');
	INSERT INTO Answer (id,questionId,text,correct,comment) OVERRIDING SYSTEM VALUE VALUES (866,396,'public int getNumWings() { return numWings;}',true,'');
	INSERT INTO Answer (id,questionId,text,correct,comment) OVERRIDING SYSTEM VALUE VALUES (867,396,'public int numWings() { return numberWings;}',false,'');
	INSERT INTO Answer (id,questionId,text,correct,comment) OVERRIDING SYSTEM VALUE VALUES (868,396,'public void setCanSwim(boolean b) { canSwim = b;}',true,'');
INSERT INTO Question (id,realmId,type,text,regDate,updateDate) OVERRIDING SYSTEM VALUE VALUES (397,4,1,'<p>What is the output of the following code?</p>
<p>1: package rope;<br />2: public class Rope {<br />3:&nbsp;&nbsp;&nbsp;&nbsp; public static int LENGTH = 5;<br />4:&nbsp;&nbsp;&nbsp;&nbsp; static {<br />5:&nbsp;&nbsp;&nbsp;&nbsp;&nbsp;&nbsp;&nbsp;&nbsp; LENGTH = 10;<br />6:&nbsp;&nbsp;&nbsp;&nbsp; }<br />7:&nbsp;&nbsp;&nbsp;&nbsp; public static void swing() {<br />8:&nbsp;&nbsp;&nbsp;&nbsp;&nbsp;&nbsp;&nbsp;&nbsp; System.out.print("swing ");<br />9:&nbsp;&nbsp;&nbsp;&nbsp; }<br />10: }</p>
<p>1: import rope.*;<br />2: import static rope.Rope.*;<br />3: public class Chimp {<br />4:&nbsp;&nbsp;&nbsp;&nbsp; public static void main(String[] args) {<br />5:&nbsp;&nbsp;&nbsp;&nbsp;&nbsp;&nbsp;&nbsp;&nbsp; Rope.swing();<br />6:&nbsp;&nbsp;&nbsp;&nbsp;&nbsp;&nbsp;&nbsp;&nbsp; new Rope().swing();<br />7:&nbsp;&nbsp;&nbsp;&nbsp;&nbsp;&nbsp;&nbsp;&nbsp; System.out.println(LENGTH);<br />8:&nbsp;&nbsp;&nbsp;&nbsp; }<br />9: }</p>',TIMESTAMP '1970-01-01 03:00:00',TIMESTAMP '1970-01-01 03:00:00');
	INSERT INTO Answer (id,questionId,text,correct,comment) OVERRIDING SYSTEM VALUE VALUES (869,397,'swing swing 5',false,'');
	INSERT INTO Answer (id,questionId,text,correct,comment) OVERRIDING SYSTEM VALUE VALUES (870,397,'swing swing 10',true,'');
	INSERT INTO Answer (id,questionId,text,correct,comment) OVERRIDING SYSTEM VALUE VALUES (871,397,'Compiler error on line 2 of Chimp.',false,'');
	INSERT INTO Answer (id,questionId,text,correct,comment) OVERRIDING SYSTEM VALUE VALUES (872,397,'Compiler error on line 5 of Chimp.',false,'');
	INSERT INTO Answer (id,questionId,text,correct,comment) OVERRIDING SYSTEM VALUE VALUES (873,397,'Compiler error on line 6 of Chimp.',false,'');
	INSERT INTO Answer (id,questionId,text,correct,comment) OVERRIDING SYSTEM VALUE VALUES (874,397,'Compiler error on line 7 of Chimp.',false,'');
INSERT INTO Question (id,realmId,type,text,regDate,updateDate) OVERRIDING SYSTEM VALUE VALUES (398,4,1,'<p>Which are true of the following code? (Choose all that apply)</p>
<p>1: public class Rope {<br />2:&nbsp;&nbsp;&nbsp;&nbsp; public static void swing() {<br />3:&nbsp;&nbsp;&nbsp;&nbsp;&nbsp;&nbsp;&nbsp;&nbsp; System.out.print("swing ");<br />4:&nbsp;&nbsp;&nbsp;&nbsp; }<br />5:&nbsp;&nbsp;&nbsp;&nbsp; public void climb() {<br />6:&nbsp;&nbsp;&nbsp;&nbsp;&nbsp;&nbsp;&nbsp;&nbsp; System.out.println("climb ");<br />7:&nbsp;&nbsp;&nbsp;&nbsp; }<br />8:&nbsp;&nbsp;&nbsp;&nbsp; public static void play() {<br />9:&nbsp;&nbsp;&nbsp;&nbsp;&nbsp;&nbsp;&nbsp;&nbsp; swing();<br />10:&nbsp;&nbsp;&nbsp;&nbsp;&nbsp;&nbsp;&nbsp; climb();<br />11:&nbsp;&nbsp;&nbsp; }<br />12:&nbsp;&nbsp;&nbsp; public static void main(String[] args) {<br />13:&nbsp;&nbsp;&nbsp;&nbsp;&nbsp;&nbsp;&nbsp; Rope rope = new Rope();<br />14:&nbsp;&nbsp;&nbsp;&nbsp;&nbsp;&nbsp;&nbsp; rope.play();<br />15:&nbsp;&nbsp;&nbsp;&nbsp;&nbsp;&nbsp;&nbsp; Rope rope2 = null;<br />16:&nbsp;&nbsp;&nbsp;&nbsp;&nbsp;&nbsp;&nbsp; rope2.play();<br />17:&nbsp;&nbsp;&nbsp; }<br />18: }</p>',TIMESTAMP '1970-01-01 03:00:00',TIMESTAMP '1970-01-01 03:00:00');
	INSERT INTO Answer (id,questionId,text,correct,comment) OVERRIDING SYSTEM VALUE VALUES (880,398,'If the lines with compile errors are removed, the code throws a NullPointerException.',false,'');
	INSERT INTO Answer (id,questionId,text,correct,comment) OVERRIDING SYSTEM VALUE VALUES (875,398,'The code compiles as is.',false,'');
	INSERT INTO Answer (id,questionId,text,correct,comment) OVERRIDING SYSTEM VALUE VALUES (876,398,'There is exactly one compiler error in the code.',true,'');
	INSERT INTO Answer (id,questionId,text,correct,comment) OVERRIDING SYSTEM VALUE VALUES (877,398,'There are exactly two compiler errors in the code.',false,'');
	INSERT INTO Answer (id,questionId,text,correct,comment) OVERRIDING SYSTEM VALUE VALUES (878,398,'If the lines with compiler errors are removed, the output is climb climb.',false,'');
	INSERT INTO Answer (id,questionId,text,correct,comment) OVERRIDING SYSTEM VALUE VALUES (879,398,'If the lines with compiler errors are removed, the output is swing swing.',true,'');
INSERT INTO Question (id,realmId,type,text,regDate,updateDate) OVERRIDING SYSTEM VALUE VALUES (399,4,1,'<p>What is the output of the following code?</p>
<p>import rope.*;<br />import static rope.Rope.*;<br />public class RopeSwing {<br />&nbsp;&nbsp;&nbsp; private static Rope rope1 = new Rope();</p>
<p>&nbsp;&nbsp;&nbsp; private static Rope rope2 = new Rope();<br />&nbsp;&nbsp;&nbsp; {<br />&nbsp;&nbsp;&nbsp;&nbsp;&nbsp;&nbsp;&nbsp; System.out.println(rope1.length);<br />&nbsp;&nbsp;&nbsp; }<br />&nbsp;&nbsp;&nbsp; public static void main(String[] args) {<br />&nbsp;&nbsp;&nbsp;&nbsp;&nbsp;&nbsp;&nbsp; rope1.length = 2;<br />&nbsp;&nbsp;&nbsp;&nbsp;&nbsp;&nbsp;&nbsp; rope2.length = 8;<br />&nbsp;&nbsp;&nbsp;&nbsp;&nbsp;&nbsp;&nbsp; System.out.println(rope1.length);<br />&nbsp;&nbsp;&nbsp; }<br />}</p>
<p>package rope;<br />public class Rope {<br />&nbsp;&nbsp;&nbsp; public static int length = 0;<br />}</p>',TIMESTAMP '1970-01-01 03:00:00',TIMESTAMP '1970-01-01 03:00:00');
	INSERT INTO Answer (id,questionId,text,correct,comment) OVERRIDING SYSTEM VALUE VALUES (881,399,'02',false,'');
	INSERT INTO Answer (id,questionId,text,correct,comment) OVERRIDING SYSTEM VALUE VALUES (882,399,'08',false,'');
	INSERT INTO Answer (id,questionId,text,correct,comment) OVERRIDING SYSTEM VALUE VALUES (883,399,'2',false,'');
	INSERT INTO Answer (id,questionId,text,correct,comment) OVERRIDING SYSTEM VALUE VALUES (884,399,'8',true,'');
	INSERT INTO Answer (id,questionId,text,correct,comment) OVERRIDING SYSTEM VALUE VALUES (885,399,'The code does not compile.',false,'');
	INSERT INTO Answer (id,questionId,text,correct,comment) OVERRIDING SYSTEM VALUE VALUES (886,399,'An exception is thrown.',false,'');
INSERT INTO Question (id,realmId,type,text,regDate,updateDate) OVERRIDING SYSTEM VALUE VALUES (400,4,1,'<p>How many compiler errors are in the following code?</p>
<p>1: public class RopeSwing {<br />2:&nbsp;&nbsp;&nbsp;&nbsp; private static final String leftRope;<br />3:&nbsp;&nbsp;&nbsp;&nbsp; private static final String rightRope;<br />4:&nbsp;&nbsp;&nbsp;&nbsp; private static final String bench;<br />5:&nbsp;&nbsp;&nbsp;&nbsp; private static final String name = "name";<br />6:&nbsp;&nbsp;&nbsp;&nbsp; static {<br />7:&nbsp;&nbsp;&nbsp;&nbsp;&nbsp;&nbsp;&nbsp;&nbsp; leftRope = "left";<br />8:&nbsp;&nbsp;&nbsp;&nbsp;&nbsp;&nbsp;&nbsp;&nbsp; rightRope = "right";<br />9:&nbsp;&nbsp;&nbsp;&nbsp; }<br />10:&nbsp;&nbsp;&nbsp;&nbsp; static {<br />11:&nbsp;&nbsp;&nbsp;&nbsp;&nbsp;&nbsp;&nbsp;&nbsp; name = "name";<br />12:&nbsp;&nbsp;&nbsp;&nbsp;&nbsp;&nbsp;&nbsp;&nbsp; rightRope = "right";<br />13:&nbsp;&nbsp;&nbsp;&nbsp; }<br />14:&nbsp;&nbsp;&nbsp;&nbsp; public static void main(String[] args) {<br />15:&nbsp;&nbsp;&nbsp;&nbsp;&nbsp;&nbsp;&nbsp;&nbsp; bench = "bench";<br />16:&nbsp;&nbsp;&nbsp;&nbsp; }<br />17: }</p>',TIMESTAMP '1970-01-01 03:00:00',TIMESTAMP '1970-01-01 03:00:00');
	INSERT INTO Answer (id,questionId,text,correct,comment) OVERRIDING SYSTEM VALUE VALUES (887,400,'0',false,'');
	INSERT INTO Answer (id,questionId,text,correct,comment) OVERRIDING SYSTEM VALUE VALUES (888,400,'1',false,'');
	INSERT INTO Answer (id,questionId,text,correct,comment) OVERRIDING SYSTEM VALUE VALUES (889,400,'2',false,'');
	INSERT INTO Answer (id,questionId,text,correct,comment) OVERRIDING SYSTEM VALUE VALUES (890,400,'3',false,'');
	INSERT INTO Answer (id,questionId,text,correct,comment) OVERRIDING SYSTEM VALUE VALUES (891,400,'4',true,'Ошибки: <br />- в строке 4: статическая финальная переменная должна быть инициализирована в момент объявления или в static-initializer<br />- в строке 11: name уже было инициализировано в момент объявления<br />- в строке 12: rightRope уже было инициализовано в&nbsp; первом static-initializer<br />- в строке 15: финальные переменные нельзя присвоить в методе.');
	INSERT INTO Answer (id,questionId,text,correct,comment) OVERRIDING SYSTEM VALUE VALUES (892,400,'5',false,'');
INSERT INTO Question (id,realmId,type,text,regDate,updateDate) OVERRIDING SYSTEM VALUE VALUES (401,4,1,'<p>Which of the following can replace line 2 to make this code compile? (Choose all that apply)</p>
<p>1: import java.util.*;<br />2: // INSERT CODE HERE<br />3: public class Imports {<br />4:&nbsp;&nbsp;&nbsp;&nbsp; public void method(ArrayList&lt;String&gt; list) {<br />5:&nbsp;&nbsp;&nbsp;&nbsp;&nbsp;&nbsp;&nbsp;&nbsp; sort(list);<br />6:&nbsp;&nbsp;&nbsp;&nbsp; }<br />7: }</p>',TIMESTAMP '1970-01-01 03:00:00',TIMESTAMP '1970-01-01 03:00:00');
	INSERT INTO Answer (id,questionId,text,correct,comment) OVERRIDING SYSTEM VALUE VALUES (896,401,'static import java.util.Collections;',false,'');
	INSERT INTO Answer (id,questionId,text,correct,comment) OVERRIDING SYSTEM VALUE VALUES (897,401,'static import java.util.Collections.*;',false,'');
	INSERT INTO Answer (id,questionId,text,correct,comment) OVERRIDING SYSTEM VALUE VALUES (898,401,'static import java.util.Collections.sort(ArrayList&lt;String&gt;);',false,'');
	INSERT INTO Answer (id,questionId,text,correct,comment) OVERRIDING SYSTEM VALUE VALUES (893,401,'import static java.util.Collections;',false,'');
	INSERT INTO Answer (id,questionId,text,correct,comment) OVERRIDING SYSTEM VALUE VALUES (894,401,'import static java.util.Collections.*;',true,'');
	INSERT INTO Answer (id,questionId,text,correct,comment) OVERRIDING SYSTEM VALUE VALUES (895,401,'import static java.util.Collections.sort(ArrayList&lt;String&gt;);',false,'');
INSERT INTO Question (id,realmId,type,text,regDate,updateDate) OVERRIDING SYSTEM VALUE VALUES (402,4,1,'<p>What is the result of the following statements?</p>
<p>1: public class Test {<br />2:&nbsp;&nbsp;&nbsp;&nbsp; public void print(byte x) {<br />3:&nbsp;&nbsp;&nbsp;&nbsp;&nbsp;&nbsp;&nbsp;&nbsp; System.out.print("byte");<br />4:&nbsp;&nbsp;&nbsp;&nbsp; }<br />5:&nbsp;&nbsp;&nbsp;&nbsp; public void print(int x) {<br />6:&nbsp;&nbsp;&nbsp;&nbsp;&nbsp;&nbsp;&nbsp;&nbsp; System.out.print("int");<br />7:&nbsp;&nbsp;&nbsp;&nbsp; }<br />8:&nbsp;&nbsp;&nbsp;&nbsp; public void print(float x) {<br />9:&nbsp;&nbsp;&nbsp;&nbsp;&nbsp;&nbsp;&nbsp;&nbsp; System.out.print("float");<br />10:&nbsp;&nbsp;&nbsp; }<br />11:&nbsp;&nbsp;&nbsp; public void print(Object x) {<br />12:&nbsp;&nbsp;&nbsp;&nbsp;&nbsp;&nbsp;&nbsp; System.out.print("Object");<br />13:&nbsp;&nbsp;&nbsp; }<br />14:&nbsp;&nbsp;&nbsp; public static void main(String[] args) {<br />15:&nbsp;&nbsp;&nbsp;&nbsp;&nbsp;&nbsp;&nbsp; Test t = new Test();<br />16:&nbsp;&nbsp;&nbsp;&nbsp;&nbsp;&nbsp;&nbsp; short s = 123;<br />17:&nbsp;&nbsp;&nbsp;&nbsp;&nbsp;&nbsp;&nbsp; t.print(s);<br />18:&nbsp;&nbsp;&nbsp;&nbsp;&nbsp;&nbsp;&nbsp; t.print(true);<br />19:&nbsp;&nbsp;&nbsp;&nbsp;&nbsp;&nbsp;&nbsp; t.print(6.789);<br />20:&nbsp;&nbsp;&nbsp; }<br />21: }</p>',TIMESTAMP '1970-01-01 03:00:00',TIMESTAMP '1970-01-01 03:00:00');
	INSERT INTO Answer (id,questionId,text,correct,comment) OVERRIDING SYSTEM VALUE VALUES (899,402,'bytefloatObject',false,'');
	INSERT INTO Answer (id,questionId,text,correct,comment) OVERRIDING SYSTEM VALUE VALUES (900,402,'intfloatObject',false,'');
	INSERT INTO Answer (id,questionId,text,correct,comment) OVERRIDING SYSTEM VALUE VALUES (901,402,'byteObjectfloat',false,'');
	INSERT INTO Answer (id,questionId,text,correct,comment) OVERRIDING SYSTEM VALUE VALUES (902,402,'intObjectfloat',false,'');
	INSERT INTO Answer (id,questionId,text,correct,comment) OVERRIDING SYSTEM VALUE VALUES (903,402,'intObjectObject',true,'для true и 6.789 нет подходящих методов, поэтому они преобразуются в обертки и идут под метод, принимающий Object в качестве параметра');
	INSERT INTO Answer (id,questionId,text,correct,comment) OVERRIDING SYSTEM VALUE VALUES (904,402,'byteObjectObject',false,'');
INSERT INTO Question (id,realmId,type,text,regDate,updateDate) OVERRIDING SYSTEM VALUE VALUES (403,4,1,'<p>What is the result of the following program?</p>
<p>1: public class Squares {<br />2:&nbsp;&nbsp;&nbsp;&nbsp; public static long square(int x) {<br />3:&nbsp;&nbsp;&nbsp;&nbsp;&nbsp;&nbsp;&nbsp;&nbsp; long y = x * (long) x;<br />4:&nbsp;&nbsp;&nbsp;&nbsp;&nbsp;&nbsp;&nbsp;&nbsp; x = -1;<br />5:&nbsp;&nbsp;&nbsp;&nbsp;&nbsp;&nbsp;&nbsp;&nbsp; return y;<br />6:&nbsp;&nbsp;&nbsp;&nbsp; }<br />7:&nbsp;&nbsp;&nbsp;&nbsp; public static void main(String[] args) {<br />8:&nbsp;&nbsp;&nbsp;&nbsp;&nbsp;&nbsp;&nbsp;&nbsp; int value = 9;<br />9:&nbsp;&nbsp;&nbsp;&nbsp;&nbsp;&nbsp;&nbsp;&nbsp; long result = square(value);<br />10:&nbsp;&nbsp;&nbsp;&nbsp;&nbsp;&nbsp;&nbsp;&nbsp; System.out.println(value);<br />11: } }</p>',TIMESTAMP '1970-01-01 03:00:00',TIMESTAMP '1970-01-01 03:00:00');
	INSERT INTO Answer (id,questionId,text,correct,comment) OVERRIDING SYSTEM VALUE VALUES (905,403,'-1',false,'');
	INSERT INTO Answer (id,questionId,text,correct,comment) OVERRIDING SYSTEM VALUE VALUES (906,403,'9',true,'');
	INSERT INTO Answer (id,questionId,text,correct,comment) OVERRIDING SYSTEM VALUE VALUES (907,403,'81',false,'');
	INSERT INTO Answer (id,questionId,text,correct,comment) OVERRIDING SYSTEM VALUE VALUES (908,403,'Compiler error on line 9.',false,'');
	INSERT INTO Answer (id,questionId,text,correct,comment) OVERRIDING SYSTEM VALUE VALUES (909,403,'Compiler error on a different line.',false,'');
INSERT INTO Question (id,realmId,type,text,regDate,updateDate) OVERRIDING SYSTEM VALUE VALUES (404,4,1,'<p>Which of the following are output by the following code? (Choose all that apply)</p>
<p>public class StringBuilders {<br />&nbsp;&nbsp;&nbsp; public static StringBuilder work(StringBuilder a,<br />StringBuilder b) {<br />&nbsp;&nbsp;&nbsp;&nbsp;&nbsp;&nbsp;&nbsp; a = new StringBuilder("a");<br />&nbsp;&nbsp;&nbsp;&nbsp;&nbsp;&nbsp;&nbsp; b.append("b");<br />&nbsp;&nbsp;&nbsp;&nbsp;&nbsp;&nbsp;&nbsp; return a;<br />&nbsp;&nbsp;&nbsp; }<br />&nbsp;&nbsp;&nbsp; public static void main(String[] args) {<br />&nbsp;&nbsp;&nbsp;&nbsp;&nbsp;&nbsp;&nbsp; StringBuilder s1 = new StringBuilder("s1");<br />&nbsp;&nbsp;&nbsp;&nbsp;&nbsp;&nbsp;&nbsp; StringBuilder s2 = new StringBuilder("s2");<br />&nbsp;&nbsp;&nbsp;&nbsp;&nbsp;&nbsp;&nbsp; StringBuilder s3 = work(s1, s2);<br />&nbsp;&nbsp;&nbsp;&nbsp;&nbsp;&nbsp;&nbsp; System.out.println("s1 = " + s1);<br />&nbsp;&nbsp;&nbsp;&nbsp;&nbsp;&nbsp;&nbsp; System.out.println("s2 = " + s2);<br />&nbsp;&nbsp;&nbsp;&nbsp;&nbsp;&nbsp;&nbsp; System.out.println("s3 = " + s3);<br />&nbsp;&nbsp;&nbsp; }<br />}</p>',TIMESTAMP '1970-01-01 03:00:00',TIMESTAMP '1970-01-01 03:00:00');
	INSERT INTO Answer (id,questionId,text,correct,comment) OVERRIDING SYSTEM VALUE VALUES (912,404,'s2 = s2',false,'');
	INSERT INTO Answer (id,questionId,text,correct,comment) OVERRIDING SYSTEM VALUE VALUES (913,404,'s2 = s2b',true,'');
	INSERT INTO Answer (id,questionId,text,correct,comment) OVERRIDING SYSTEM VALUE VALUES (914,404,'s3 = a',true,'');
	INSERT INTO Answer (id,questionId,text,correct,comment) OVERRIDING SYSTEM VALUE VALUES (915,404,'s3 = null',false,'');
	INSERT INTO Answer (id,questionId,text,correct,comment) OVERRIDING SYSTEM VALUE VALUES (916,404,'The code does not compile.',false,'');
	INSERT INTO Answer (id,questionId,text,correct,comment) OVERRIDING SYSTEM VALUE VALUES (910,404,'s1 = a',false,'');
	INSERT INTO Answer (id,questionId,text,correct,comment) OVERRIDING SYSTEM VALUE VALUES (911,404,'s1 = s1',true,'');
INSERT INTO Question (id,realmId,type,text,regDate,updateDate) OVERRIDING SYSTEM VALUE VALUES (405,4,1,'Which of the following are true? (Choose 2)',TIMESTAMP '1970-01-01 03:00:00',TIMESTAMP '1970-01-01 03:00:00');
	INSERT INTO Answer (id,questionId,text,correct,comment) OVERRIDING SYSTEM VALUE VALUES (917,405,'this() can be called from anywhere in a constructor.',false,'');
	INSERT INTO Answer (id,questionId,text,correct,comment) OVERRIDING SYSTEM VALUE VALUES (918,405,'this() can be called from any instance method in the class.',false,'');
	INSERT INTO Answer (id,questionId,text,correct,comment) OVERRIDING SYSTEM VALUE VALUES (919,405,'this.variableName can be called from any instance method in the class.',true,'');
	INSERT INTO Answer (id,questionId,text,correct,comment) OVERRIDING SYSTEM VALUE VALUES (920,405,'this.variableName can be called from any static method in the class.',false,'');
	INSERT INTO Answer (id,questionId,text,correct,comment) OVERRIDING SYSTEM VALUE VALUES (921,405,'You must include a default constructor in the code if the compiler does not include one.',false,'');
	INSERT INTO Answer (id,questionId,text,correct,comment) OVERRIDING SYSTEM VALUE VALUES (922,405,'You can call the default constructor written by the compiler using this().',false,'если есть любой другой конструктор (в частности, тот, из которого мы вызываем this()), то конструктора по умолчанию компилятор уже не создаст');
	INSERT INTO Answer (id,questionId,text,correct,comment) OVERRIDING SYSTEM VALUE VALUES (923,405,'You can access a private constructor with the main() method.',true,'имеется в виду private конструктор того же класса');
INSERT INTO Question (id,realmId,type,text,regDate,updateDate) OVERRIDING SYSTEM VALUE VALUES (406,4,1,'Which of these classes compile and use a default constructor? (Choose all that apply)',TIMESTAMP '1970-01-01 03:00:00',TIMESTAMP '1970-01-01 03:00:00');
	INSERT INTO Answer (id,questionId,text,correct,comment) OVERRIDING SYSTEM VALUE VALUES (928,406,'public class Bird { Bird(String name) {} }',false,'');
	INSERT INTO Answer (id,questionId,text,correct,comment) OVERRIDING SYSTEM VALUE VALUES (929,406,'public class Bird { private Bird(int age) {} }',false,'');
	INSERT INTO Answer (id,questionId,text,correct,comment) OVERRIDING SYSTEM VALUE VALUES (930,406,'public class Bird { void Bird() { } }',true,'');
	INSERT INTO Answer (id,questionId,text,correct,comment) OVERRIDING SYSTEM VALUE VALUES (924,406,'public class Bird { }',true,'');
	INSERT INTO Answer (id,questionId,text,correct,comment) OVERRIDING SYSTEM VALUE VALUES (925,406,'public class Bird { public bird() {} }',false,'');
	INSERT INTO Answer (id,questionId,text,correct,comment) OVERRIDING SYSTEM VALUE VALUES (926,406,'public class Bird { public bird(String name) {} }',false,'');
	INSERT INTO Answer (id,questionId,text,correct,comment) OVERRIDING SYSTEM VALUE VALUES (927,406,'public class Bird { public Bird() {} }',false,'');
INSERT INTO Question (id,realmId,type,text,regDate,updateDate) OVERRIDING SYSTEM VALUE VALUES (407,4,1,'<p>Which code can be inserted to have the code print 2?</p>
<p>public class BirdSeed {<br />&nbsp;&nbsp;&nbsp; private int numberBags;<br />&nbsp;&nbsp;&nbsp; boolean call;</p>
<p>&nbsp;public BirdSeed() {<br />&nbsp;&nbsp;&nbsp;&nbsp;&nbsp;&nbsp;&nbsp; // LINE 1<br />&nbsp;&nbsp;&nbsp;&nbsp;&nbsp;&nbsp;&nbsp; call = false;<br />&nbsp;&nbsp;&nbsp;&nbsp;&nbsp;&nbsp;&nbsp; // LINE 2<br />&nbsp;&nbsp;&nbsp; }<br />&nbsp;&nbsp;&nbsp; public BirdSeed(int numberBags) {<br />&nbsp;&nbsp;&nbsp;&nbsp;&nbsp;&nbsp;&nbsp; this.numberBags = numberBags;<br />&nbsp;&nbsp;&nbsp; }<br />&nbsp;&nbsp;&nbsp; public static void main(String[] args) {<br />&nbsp;&nbsp;&nbsp;&nbsp;&nbsp;&nbsp;&nbsp; BirdSeed seed = new BirdSeed();<br />&nbsp;&nbsp;&nbsp;&nbsp;&nbsp;&nbsp;&nbsp; System.out.println(seed.numberBags);<br />} }</p>',TIMESTAMP '1970-01-01 03:00:00',TIMESTAMP '1970-01-01 03:00:00');
	INSERT INTO Answer (id,questionId,text,correct,comment) OVERRIDING SYSTEM VALUE VALUES (931,407,'Replace line 1 with BirdSeed(2);',false,'');
	INSERT INTO Answer (id,questionId,text,correct,comment) OVERRIDING SYSTEM VALUE VALUES (932,407,'Replace line 2 with BirdSeed(2);',false,'');
	INSERT INTO Answer (id,questionId,text,correct,comment) OVERRIDING SYSTEM VALUE VALUES (933,407,'Replace line 1 with new BirdSeed(2);',false,'');
	INSERT INTO Answer (id,questionId,text,correct,comment) OVERRIDING SYSTEM VALUE VALUES (934,407,'Replace line 2 with new BirdSeed(2);',false,'');
	INSERT INTO Answer (id,questionId,text,correct,comment) OVERRIDING SYSTEM VALUE VALUES (935,407,'Replace line 1 with this(2);',true,'');
	INSERT INTO Answer (id,questionId,text,correct,comment) OVERRIDING SYSTEM VALUE VALUES (936,407,'Replace line 2 with this(2);',false,'');
INSERT INTO Question (id,realmId,type,text,regDate,updateDate) OVERRIDING SYSTEM VALUE VALUES (408,4,1,'<p>Which of the following complete the constructor so that this code prints out 50? (Choose all that apply)</p>
<p>public class Cheetah {<br />&nbsp;&nbsp;&nbsp; int numSpots;<br />&nbsp;&nbsp;&nbsp; public Cheetah(int numSpots) {<br />&nbsp;&nbsp;&nbsp;&nbsp;&nbsp;&nbsp;&nbsp; // INSERT CODE HERE<br />&nbsp;&nbsp;&nbsp; }<br />&nbsp;&nbsp;&nbsp; public static void main(String[] args) {<br />&nbsp;&nbsp;&nbsp;&nbsp;&nbsp;&nbsp;&nbsp; System.out.println(new Cheetah(50).numSpots);<br />&nbsp;&nbsp;&nbsp; }<br />}</p>',TIMESTAMP '1970-01-01 03:00:00',TIMESTAMP '1970-01-01 03:00:00');
	INSERT INTO Answer (id,questionId,text,correct,comment) OVERRIDING SYSTEM VALUE VALUES (937,408,'numSpots = numSpots;',false,'');
	INSERT INTO Answer (id,questionId,text,correct,comment) OVERRIDING SYSTEM VALUE VALUES (938,408,'numSpots = this.numSpots;',false,'');
	INSERT INTO Answer (id,questionId,text,correct,comment) OVERRIDING SYSTEM VALUE VALUES (939,408,'this.numSpots = numSpots;',true,'');
	INSERT INTO Answer (id,questionId,text,correct,comment) OVERRIDING SYSTEM VALUE VALUES (940,408,'numSpots = super.numSpots;',false,'');
	INSERT INTO Answer (id,questionId,text,correct,comment) OVERRIDING SYSTEM VALUE VALUES (941,408,'super.numSpots = numSpots;',false,'');
	INSERT INTO Answer (id,questionId,text,correct,comment) OVERRIDING SYSTEM VALUE VALUES (942,408,'None of the above.',false,'');
INSERT INTO Question (id,realmId,type,text,regDate,updateDate) OVERRIDING SYSTEM VALUE VALUES (409,4,1,'<p>What is the result of the following?</p>
<p>1: public class Order {<br />2:&nbsp;&nbsp;&nbsp;&nbsp; static String result = "";<br />3:&nbsp;&nbsp;&nbsp;&nbsp; { result += "c"; }<br />4:&nbsp;&nbsp;&nbsp;&nbsp; static<br />5:&nbsp;&nbsp;&nbsp;&nbsp; { result += "u"; }<br />6:&nbsp;&nbsp;&nbsp;&nbsp; { result += "r"; }<br />7: }</p>
<p>1: public class OrderDriver {<br />2:&nbsp;&nbsp;&nbsp;&nbsp; public static void main(String[] args) {<br />3:&nbsp;&nbsp;&nbsp;&nbsp;&nbsp;&nbsp;&nbsp;&nbsp; System.out.print(Order.result + " ");<br />4:&nbsp;&nbsp;&nbsp;&nbsp;&nbsp;&nbsp;&nbsp;&nbsp; System.out.print(Order.result + " ");<br />5:&nbsp;&nbsp;&nbsp;&nbsp;&nbsp;&nbsp;&nbsp;&nbsp; new Order();<br />6:&nbsp;&nbsp;&nbsp;&nbsp;&nbsp;&nbsp;&nbsp;&nbsp; new Order();<br />7:&nbsp;&nbsp;&nbsp;&nbsp;&nbsp;&nbsp;&nbsp;&nbsp; System.out.print(Order.result + " ");<br />8:&nbsp;&nbsp;&nbsp;&nbsp; }<br />9: }</p>',TIMESTAMP '1970-01-01 03:00:00',TIMESTAMP '1970-01-01 03:00:00');
	INSERT INTO Answer (id,questionId,text,correct,comment) OVERRIDING SYSTEM VALUE VALUES (944,409,'ucrcr',false,'');
	INSERT INTO Answer (id,questionId,text,correct,comment) OVERRIDING SYSTEM VALUE VALUES (945,409,'u ucrcr',false,'');
	INSERT INTO Answer (id,questionId,text,correct,comment) OVERRIDING SYSTEM VALUE VALUES (946,409,'u u curcur',false,'');
	INSERT INTO Answer (id,questionId,text,correct,comment) OVERRIDING SYSTEM VALUE VALUES (947,409,'u u ucrcr',true,'');
	INSERT INTO Answer (id,questionId,text,correct,comment) OVERRIDING SYSTEM VALUE VALUES (948,409,'ur ur urc',false,'');
	INSERT INTO Answer (id,questionId,text,correct,comment) OVERRIDING SYSTEM VALUE VALUES (949,409,'The code does not compile.',false,'');
	INSERT INTO Answer (id,questionId,text,correct,comment) OVERRIDING SYSTEM VALUE VALUES (943,409,'curur',false,'');
INSERT INTO Question (id,realmId,type,text,regDate,updateDate) OVERRIDING SYSTEM VALUE VALUES (410,4,1,'<p>What is the result of the following?</p>
<p>1: public class Order {<br />2:&nbsp;&nbsp;&nbsp;&nbsp; String value = "t";<br />3:&nbsp;&nbsp;&nbsp;&nbsp; { value += "a"; }<br />4:&nbsp;&nbsp;&nbsp;&nbsp; { value += "c"; }<br />5:&nbsp;&nbsp;&nbsp;&nbsp; public Order() {<br />6:&nbsp;&nbsp;&nbsp;&nbsp;&nbsp;&nbsp;&nbsp;&nbsp; value += "b";<br />7:&nbsp;&nbsp;&nbsp;&nbsp; }<br />8:&nbsp;&nbsp;&nbsp;&nbsp; public Order(String s) {<br />9:&nbsp;&nbsp;&nbsp;&nbsp;&nbsp;&nbsp;&nbsp;&nbsp; value += s;<br />10:&nbsp;&nbsp;&nbsp; }<br />11:&nbsp;&nbsp;&nbsp; public static void main(String[] args) {<br />12:&nbsp;&nbsp;&nbsp;&nbsp;&nbsp;&nbsp;&nbsp; Order order = new Order("f");<br />13:&nbsp;&nbsp;&nbsp;&nbsp;&nbsp;&nbsp;&nbsp; order = new Order();<br />14:&nbsp;&nbsp;&nbsp;&nbsp;&nbsp;&nbsp;&nbsp; System.out.println(order.value);<br />15: } }</p>',TIMESTAMP '1970-01-01 03:00:00',TIMESTAMP '1970-01-01 03:00:00');
	INSERT INTO Answer (id,questionId,text,correct,comment) OVERRIDING SYSTEM VALUE VALUES (950,410,'tacb',true,'');
	INSERT INTO Answer (id,questionId,text,correct,comment) OVERRIDING SYSTEM VALUE VALUES (951,410,'tacf',false,'');
	INSERT INTO Answer (id,questionId,text,correct,comment) OVERRIDING SYSTEM VALUE VALUES (952,410,'tacbf',false,'');
	INSERT INTO Answer (id,questionId,text,correct,comment) OVERRIDING SYSTEM VALUE VALUES (953,410,'tacfb',false,'');
	INSERT INTO Answer (id,questionId,text,correct,comment) OVERRIDING SYSTEM VALUE VALUES (954,410,'tacftacb',false,'');
	INSERT INTO Answer (id,questionId,text,correct,comment) OVERRIDING SYSTEM VALUE VALUES (955,410,'The code does not compile.',false,'');
	INSERT INTO Answer (id,questionId,text,correct,comment) OVERRIDING SYSTEM VALUE VALUES (956,410,'An exception is thrown.',false,'');
INSERT INTO Question (id,realmId,type,text,regDate,updateDate) OVERRIDING SYSTEM VALUE VALUES (411,4,1,'<p>Which of the following will compile when inserted in the following code? (Choose all that apply)</p>
<p>public class Order3 {<br />&nbsp;&nbsp;&nbsp; final String value1 = "1";<br />&nbsp;&nbsp;&nbsp; static String value2 = "2";<br />&nbsp;&nbsp;&nbsp; String value3 = "3";<br />&nbsp;&nbsp;&nbsp; {<br />&nbsp;&nbsp;&nbsp;&nbsp;&nbsp;&nbsp;&nbsp; // CODE SNIPPET 1<br />&nbsp;&nbsp;&nbsp; }<br />&nbsp;&nbsp;&nbsp; static {<br />&nbsp;&nbsp;&nbsp;&nbsp;&nbsp;&nbsp;&nbsp; // CODE SNIPPET 2<br />&nbsp;&nbsp;&nbsp; }<br />}</p>',TIMESTAMP '1970-01-01 03:00:00',TIMESTAMP '1970-01-01 03:00:00');
	INSERT INTO Answer (id,questionId,text,correct,comment) OVERRIDING SYSTEM VALUE VALUES (960,411,'value1 = "g"; instead of // CODE SNIPPET 2',false,'');
	INSERT INTO Answer (id,questionId,text,correct,comment) OVERRIDING SYSTEM VALUE VALUES (961,411,'value2 = "h"; instead of // CODE SNIPPET 2',true,'');
	INSERT INTO Answer (id,questionId,text,correct,comment) OVERRIDING SYSTEM VALUE VALUES (962,411,'value3 = "i"; instead of // CODE SNIPPET 2',false,'');
	INSERT INTO Answer (id,questionId,text,correct,comment) OVERRIDING SYSTEM VALUE VALUES (957,411,'value1 = "d"; instead of // CODE SNIPPET 1',false,'');
	INSERT INTO Answer (id,questionId,text,correct,comment) OVERRIDING SYSTEM VALUE VALUES (958,411,'value2 = "e"; instead of // CODE SNIPPET 1',true,'');
	INSERT INTO Answer (id,questionId,text,correct,comment) OVERRIDING SYSTEM VALUE VALUES (959,411,'value3 = "f"; instead of // CODE SNIPPET 1',true,'');
INSERT INTO Question (id,realmId,type,text,regDate,updateDate) OVERRIDING SYSTEM VALUE VALUES (412,4,1,'<p>Which of the following are true about the following code? (Choose all that apply)</p>
<p>public class Create {<br />&nbsp;&nbsp;&nbsp; Create() {<br />&nbsp;&nbsp;&nbsp;&nbsp;&nbsp;&nbsp;&nbsp; System.out.print("1 ");<br />&nbsp;&nbsp;&nbsp; }<br />&nbsp;&nbsp;&nbsp; Create(int num) {<br />&nbsp;&nbsp;&nbsp;&nbsp;&nbsp;&nbsp;&nbsp; System.out.print("2 ");<br />&nbsp;&nbsp;&nbsp; }<br />&nbsp;&nbsp;&nbsp; Create(Integer num) {<br />&nbsp;&nbsp;&nbsp;&nbsp;&nbsp;&nbsp;&nbsp; System.out.print("3 ");<br />&nbsp;&nbsp;&nbsp; }<br />&nbsp;&nbsp;&nbsp; Create(Object num) {<br />&nbsp;&nbsp;&nbsp;&nbsp;&nbsp;&nbsp;&nbsp; System.out.print("4 ");<br />&nbsp;&nbsp;&nbsp; }<br />&nbsp;&nbsp;&nbsp; Create(int... nums) {<br />&nbsp;&nbsp;&nbsp;&nbsp;&nbsp;&nbsp;&nbsp; System.out.print("5 ");<br />&nbsp;&nbsp;&nbsp; }<br />&nbsp;&nbsp;&nbsp; public static void main(String[] args) {<br />&nbsp;&nbsp;&nbsp;&nbsp;&nbsp;&nbsp;&nbsp; new Create(100);<br />&nbsp;&nbsp;&nbsp;&nbsp;&nbsp;&nbsp;&nbsp; new Create(100L);<br />&nbsp;&nbsp;&nbsp; }<br />}</p>',TIMESTAMP '1970-01-01 03:00:00',TIMESTAMP '1970-01-01 03:00:00');
	INSERT INTO Answer (id,questionId,text,correct,comment) OVERRIDING SYSTEM VALUE VALUES (963,412,'The code prints out 2 4 .',true,'');
	INSERT INTO Answer (id,questionId,text,correct,comment) OVERRIDING SYSTEM VALUE VALUES (964,412,'The code prints out 3 4 .',false,'');
	INSERT INTO Answer (id,questionId,text,correct,comment) OVERRIDING SYSTEM VALUE VALUES (965,412,'The code prints out 4 2 .',false,'');
	INSERT INTO Answer (id,questionId,text,correct,comment) OVERRIDING SYSTEM VALUE VALUES (966,412,'The code prints out 4 4 .',false,'');
	INSERT INTO Answer (id,questionId,text,correct,comment) OVERRIDING SYSTEM VALUE VALUES (967,412,'The code prints 3 4 if you remove the constructor Create(int num).',true,'');
	INSERT INTO Answer (id,questionId,text,correct,comment) OVERRIDING SYSTEM VALUE VALUES (968,412,'The code prints 4 4 if you remove the constructor Create(int num).',false,'');
	INSERT INTO Answer (id,questionId,text,correct,comment) OVERRIDING SYSTEM VALUE VALUES (969,412,'The code prints 5 4 if you remove the constructor Create(int num).',false,'');
INSERT INTO Question (id,realmId,type,text,regDate,updateDate) OVERRIDING SYSTEM VALUE VALUES (413,4,1,'What is the result of the following class?<br /><br />1: import java.util.function.*;<br />2:<br />3: public class Panda {<br />4:&nbsp;&nbsp;&nbsp;&nbsp; int age;<br />5:&nbsp;&nbsp;&nbsp;&nbsp; public static void main(String[] args) {<br />6:&nbsp;&nbsp;&nbsp;&nbsp;&nbsp;&nbsp;&nbsp;&nbsp; Panda p1 = new Panda();<br />7:&nbsp;&nbsp;&nbsp;&nbsp;&nbsp;&nbsp;&nbsp;&nbsp; p1.age = 1;<br />8:&nbsp;&nbsp;&nbsp;&nbsp;&nbsp;&nbsp;&nbsp;&nbsp; check(p1, p -&gt; p.age &lt; 5);<br />9:&nbsp;&nbsp;&nbsp;&nbsp; }<br />10:&nbsp;&nbsp;&nbsp; private static void check(Panda panda, Predicate&lt;Panda&gt; pred) {<br />11:&nbsp;&nbsp;&nbsp;&nbsp;&nbsp;&nbsp;&nbsp; String result = pred.test(panda) ? "match" : "not match";<br />12:&nbsp;&nbsp;&nbsp;&nbsp;&nbsp;&nbsp;&nbsp; System.out.print(result);<br />13: } }',TIMESTAMP '1970-01-01 03:00:00',TIMESTAMP '1970-01-01 03:00:00');
	INSERT INTO Answer (id,questionId,text,correct,comment) OVERRIDING SYSTEM VALUE VALUES (970,413,'match',true,'');
	INSERT INTO Answer (id,questionId,text,correct,comment) OVERRIDING SYSTEM VALUE VALUES (971,413,'not match',false,'');
	INSERT INTO Answer (id,questionId,text,correct,comment) OVERRIDING SYSTEM VALUE VALUES (972,413,'Compiler error on line 8.',false,'');
	INSERT INTO Answer (id,questionId,text,correct,comment) OVERRIDING SYSTEM VALUE VALUES (973,413,'Compiler error on line 10.',false,'');
	INSERT INTO Answer (id,questionId,text,correct,comment) OVERRIDING SYSTEM VALUE VALUES (974,413,'Compiler error on line 11.',false,'');
	INSERT INTO Answer (id,questionId,text,correct,comment) OVERRIDING SYSTEM VALUE VALUES (975,413,'A runtime exception is thrown.',false,'');
INSERT INTO Question (id,realmId,type,text,regDate,updateDate) OVERRIDING SYSTEM VALUE VALUES (414,4,1,'<p>What is the result of the following code?</p>
<p>1: interface Climb {<br />2:&nbsp;&nbsp;&nbsp;&nbsp; boolean isTooHigh(int height, int limit);<br />3: }<br />4:<br />5: public class Climber {<br />6:&nbsp;&nbsp;&nbsp;&nbsp; public static void main(String[] args) {<br />7:&nbsp;&nbsp;&nbsp;&nbsp; check((h, l) -&gt; h.append(l).isEmpty(), 5);<br />8:&nbsp;&nbsp;&nbsp;&nbsp; }<br />9:&nbsp;&nbsp;&nbsp;&nbsp; private static void check(Climb climb, int height) {<br />10:&nbsp;&nbsp;&nbsp;&nbsp;&nbsp;&nbsp;&nbsp; if (climb.isTooHigh(height, 10))<br />11:&nbsp;&nbsp;&nbsp;&nbsp;&nbsp;&nbsp;&nbsp;&nbsp;&nbsp;&nbsp;&nbsp; System.out.println("too high");<br />12:&nbsp;&nbsp;&nbsp;&nbsp;&nbsp;&nbsp;&nbsp; else<br />13:&nbsp;&nbsp;&nbsp;&nbsp;&nbsp;&nbsp;&nbsp;&nbsp;&nbsp;&nbsp;&nbsp; System.out.println("ok");<br />14:&nbsp;&nbsp;&nbsp; }<br />15: }</p>',TIMESTAMP '1970-01-01 03:00:00',TIMESTAMP '1970-01-01 03:00:00');
	INSERT INTO Answer (id,questionId,text,correct,comment) OVERRIDING SYSTEM VALUE VALUES (976,414,'ok',false,'');
	INSERT INTO Answer (id,questionId,text,correct,comment) OVERRIDING SYSTEM VALUE VALUES (977,414,'too high',false,'');
	INSERT INTO Answer (id,questionId,text,correct,comment) OVERRIDING SYSTEM VALUE VALUES (978,414,'Compiler error on line 7.',true,'Интерфейс Climb, на который мапится лямбда, принимает на вход два параметра int, а в лямбде на одном из параметров производится попытка выполнить метод append.');
	INSERT INTO Answer (id,questionId,text,correct,comment) OVERRIDING SYSTEM VALUE VALUES (979,414,'Compiler error on line 10.',false,'');
	INSERT INTO Answer (id,questionId,text,correct,comment) OVERRIDING SYSTEM VALUE VALUES (980,414,'Compiler error on a different line.',false,'');
	INSERT INTO Answer (id,questionId,text,correct,comment) OVERRIDING SYSTEM VALUE VALUES (981,414,'A runtime exception is thrown.',false,'');
INSERT INTO Question (id,realmId,type,text,regDate,updateDate) OVERRIDING SYSTEM VALUE VALUES (415,4,1,'<p>Which of the following lambda expressions can fill in the blank? (Choose all that apply)</p>
<p>List&lt;String&gt; list = new ArrayList&lt;&gt;();<br />list.removeIf(___________________);</p>',TIMESTAMP '1970-01-01 03:00:00',TIMESTAMP '1970-01-01 03:00:00');
	INSERT INTO Answer (id,questionId,text,correct,comment) OVERRIDING SYSTEM VALUE VALUES (982,415,'s -&gt; s.isEmpty()',true,'');
	INSERT INTO Answer (id,questionId,text,correct,comment) OVERRIDING SYSTEM VALUE VALUES (983,415,'s -&gt; {s.isEmpty()}',false,'');
	INSERT INTO Answer (id,questionId,text,correct,comment) OVERRIDING SYSTEM VALUE VALUES (984,415,'s -&gt; {s.isEmpty();}',false,'');
	INSERT INTO Answer (id,questionId,text,correct,comment) OVERRIDING SYSTEM VALUE VALUES (985,415,'s -&gt; {return s.isEmpty();}',true,'');
	INSERT INTO Answer (id,questionId,text,correct,comment) OVERRIDING SYSTEM VALUE VALUES (986,415,'String s -&gt; s.isEmpty()',false,'');
	INSERT INTO Answer (id,questionId,text,correct,comment) OVERRIDING SYSTEM VALUE VALUES (987,415,'(String s) -&gt; s.isEmpty()',true,'');
INSERT INTO Question (id,realmId,type,text,regDate,updateDate) OVERRIDING SYSTEM VALUE VALUES (416,4,1,'<p>Which lambda can replace the MySecret class to return the same value? (Choose all that apply)</p>
<p>interface Secret {<br />&nbsp;&nbsp;&nbsp; String magic(double d);<br />}</p>
<p>class MySecret implements Secret {<br />&nbsp;&nbsp;&nbsp; public String magic(double d) {<br />&nbsp;&nbsp;&nbsp;&nbsp;&nbsp;&nbsp;&nbsp; return "Poof";<br />&nbsp;&nbsp;&nbsp; }<br />}</p>',TIMESTAMP '1970-01-01 03:00:00',TIMESTAMP '1970-01-01 03:00:00');
	INSERT INTO Answer (id,questionId,text,correct,comment) OVERRIDING SYSTEM VALUE VALUES (992,416,'caller((e) -&gt; { String e = ""; return "Poof" });',false,'');
	INSERT INTO Answer (id,questionId,text,correct,comment) OVERRIDING SYSTEM VALUE VALUES (993,416,'caller((e) -&gt; { String f = ""; return "Poof"; });',true,'');
	INSERT INTO Answer (id,questionId,text,correct,comment) OVERRIDING SYSTEM VALUE VALUES (988,416,'caller((e) -&gt; "Poof");',true,'');
	INSERT INTO Answer (id,questionId,text,correct,comment) OVERRIDING SYSTEM VALUE VALUES (989,416,'caller((e) -&gt; {"Poof"});',false,'');
	INSERT INTO Answer (id,questionId,text,correct,comment) OVERRIDING SYSTEM VALUE VALUES (990,416,'caller((e) -&gt; { String e = ""; "Poof" });',false,'');
	INSERT INTO Answer (id,questionId,text,correct,comment) OVERRIDING SYSTEM VALUE VALUES (991,416,'caller((e) -&gt; { String e = ""; return "Poof"; });',false,'');
INSERT INTO Question (id,realmId,type,text,regDate,updateDate) OVERRIDING SYSTEM VALUE VALUES (417,4,0,'Нельзя наследовать&nbsp;от класса с модификатором final.',TIMESTAMP '1970-01-01 03:00:00',TIMESTAMP '1970-01-01 03:00:00');
INSERT INTO Question (id,realmId,type,text,regDate,updateDate) OVERRIDING SYSTEM VALUE VALUES (418,4,2,'Укажите общий синтаксис объявления класса (не внутреннего).',TIMESTAMP '1970-01-01 03:00:00',TIMESTAMP '1970-01-01 03:00:00');
	INSERT INTO Answer (id,questionId,text,correct,comment) OVERRIDING SYSTEM VALUE VALUES (994,418,'[public] [abstract|final] class ClassName [extends OtherClass] {}<br /><br />модификатор доступа и опциональные модификаторы могут меняться местами',true,'');
INSERT INTO Question (id,realmId,type,text,regDate,updateDate) OVERRIDING SYSTEM VALUE VALUES (419,4,0,'Правила применения модификаторов доступа и принципов распределения по файлам идентичны для классов и интерфейсов.',TIMESTAMP '1970-01-01 03:00:00',TIMESTAMP '1970-01-01 03:00:00');
INSERT INTO Question (id,realmId,type,text,regDate,updateDate) OVERRIDING SYSTEM VALUE VALUES (420,4,2,'От какого класса наследуют все остальные классы Java?',TIMESTAMP '1970-01-01 03:00:00',TIMESTAMP '1970-01-01 03:00:00');
	INSERT INTO Answer (id,questionId,text,correct,comment) OVERRIDING SYSTEM VALUE VALUES (995,420,'java.lang.Object',true,'');
INSERT INTO Question (id,realmId,type,text,regDate,updateDate) OVERRIDING SYSTEM VALUE VALUES (421,4,0,'В Java первой строкой <strong>любого</strong> конструктора идет либо <strong>this</strong>(...), либо <strong>super</strong>(...). Даже если в коде не видно super(), он незримо присутствует в байт-коде.<br /><br />Как и в случае с this(), super() может встречаться только однажды и только первой строкой конструктора.<br /><br />Если вызовы this() в конструкторах приводят к зацикливанию (рекурсии), то это отслеживается на этапе компиляции.',TIMESTAMP '1970-01-01 03:00:00',TIMESTAMP '1970-01-01 03:00:00');
INSERT INTO Question (id,realmId,type,text,regDate,updateDate) OVERRIDING SYSTEM VALUE VALUES (422,4,0,'Если у родительского класса определено несколько конструкторов, доступных для потомков, то потомок может вызвать любой из этих конструкторов в своем конструкторе. Аргументы конструктора-потомка не обязаны соответствовать аргументам конструктора-родителя.',TIMESTAMP '1970-01-01 03:00:00',TIMESTAMP '1970-01-01 03:00:00');
INSERT INTO Question (id,realmId,type,text,regDate,updateDate) OVERRIDING SYSTEM VALUE VALUES (423,4,2,'Напишите код произвольного класса (без конструкторов, методов и полей), который соответствует байт-коду.',TIMESTAMP '1970-01-01 03:00:00',TIMESTAMP '1970-01-01 03:00:00');
	INSERT INTO Answer (id,questionId,text,correct,comment) OVERRIDING SYSTEM VALUE VALUES (996,423,'public class Donkey {<br />&nbsp;&nbsp;&nbsp; public Donkey() {<br />&nbsp;&nbsp;&nbsp;&nbsp;&nbsp;&nbsp;&nbsp; super();<br />&nbsp;&nbsp;&nbsp; }<br />}',true,'');
INSERT INTO Question (id,realmId,type,text,regDate,updateDate) OVERRIDING SYSTEM VALUE VALUES (424,4,0,'Опасная ситуация на экзамене: если у родительского класса нет дефолтного конструктора, а дочерний класс объявлен без конструкторов (т.е. с дефолтным), будет ошибка компиляции.',TIMESTAMP '1970-01-01 03:00:00',TIMESTAMP '1970-01-01 03:00:00');
INSERT INTO Question (id,realmId,type,text,regDate,updateDate) OVERRIDING SYSTEM VALUE VALUES (425,4,0,'В Java родительский конструктор всегда выполняется ДО дочернего.',TIMESTAMP '1970-01-01 03:00:00',TIMESTAMP '1970-01-01 03:00:00');
INSERT INTO Question (id,realmId,type,text,regDate,updateDate) OVERRIDING SYSTEM VALUE VALUES (426,4,2,'<p>Каким будет вывод следующего кода?<br /><br />class Primate {<br />&nbsp;&nbsp;&nbsp; public Primate() {<br />&nbsp;&nbsp;&nbsp;&nbsp;&nbsp;&nbsp;&nbsp; System.out.println("Primate");<br />&nbsp;&nbsp;&nbsp; }<br />}</p>
<p>class Ape extends Primate {<br />&nbsp;&nbsp;&nbsp; public Ape() {<br />&nbsp;&nbsp;&nbsp;&nbsp;&nbsp;&nbsp;&nbsp; System.out.println("Ape");<br />&nbsp;&nbsp;&nbsp; }<br />}</p>
<p>public class Chimpanzee extends Ape {<br />&nbsp;&nbsp;&nbsp; public static void main(String[] args) {<br />&nbsp;&nbsp;&nbsp;&nbsp;&nbsp;&nbsp;&nbsp; new Chimpanzee();<br />&nbsp;&nbsp;&nbsp; }<br />}</p>',TIMESTAMP '1970-01-01 03:00:00',TIMESTAMP '1970-01-01 03:00:00');
	INSERT INTO Answer (id,questionId,text,correct,comment) OVERRIDING SYSTEM VALUE VALUES (997,426,'Primate<br />Ape',true,'');
INSERT INTO Question (id,realmId,type,text,regDate,updateDate) OVERRIDING SYSTEM VALUE VALUES (427,4,0,'Если родительский класс находится в том же пакете, что и дочерний, то у дочернего имеется доступ к package-private членам родительского.',TIMESTAMP '1970-01-01 03:00:00',TIMESTAMP '1970-01-01 03:00:00');
INSERT INTO Question (id,realmId,type,text,regDate,updateDate) OVERRIDING SYSTEM VALUE VALUES (428,4,0,'Если некоторый член родительского класса не переопределен в дочернем, то к нему можно обращаться как через this, так и через super.<br /><br />Члены класса - как методы, так и поля, не "перетираются" при переопределении методов или при объявлении полей с такими же именами в&nbsp;дочернем классе.&nbsp;Если доступ позволяет, к ним можно обращаться через super.',TIMESTAMP '1970-01-01 03:00:00',TIMESTAMP '1970-01-01 03:00:00');
INSERT INTO Question (id,realmId,type,text,regDate,updateDate) OVERRIDING SYSTEM VALUE VALUES (429,4,2,'Скомпилируется ли следующий конструктор?<br /><br />public Rabbit(int age) {<br />&nbsp;&nbsp;&nbsp; super();<br />&nbsp;&nbsp;&nbsp; super.setAge(10);<br />}',TIMESTAMP '1970-01-01 03:00:00',TIMESTAMP '1970-01-01 03:00:00');
	INSERT INTO Answer (id,questionId,text,correct,comment) OVERRIDING SYSTEM VALUE VALUES (998,429,'Да. Первая строка вызывает конструктор родительского класса, значит, на момент выполнения второй строки объект родительского уже готов, и к его членам можно обращаться посредством <strong>super</strong>.',true,'');
INSERT INTO Question (id,realmId,type,text,regDate,updateDate) OVERRIDING SYSTEM VALUE VALUES (430,4,2,'Перечислите правила (ограничения) при переопределении/скрывании метода.',TIMESTAMP '1970-01-01 03:00:00',TIMESTAMP '1970-01-01 03:00:00');
	INSERT INTO Answer (id,questionId,text,correct,comment) OVERRIDING SYSTEM VALUE VALUES (999,430,'<strong>0</strong>. Метод не должен быть private.<strong><br />1</strong>. Метод в дочернем классе должен иметь такое же имя и сигнатуру, как и в родительском.<br /><strong>2</strong>. Метод в дочернем классе должен иметь такой же или более широкий модификатор доступа.<br /><strong>3</strong>. Проверяемые (checked) исключения, выбрасываемые методом в дочернем классе, должны совпадать с исключениями родительского класса, либо быть их потомками, либо вообще отсутствовать. Иными словами, список выбрасываемых методом-потомком исключений не может расширяться.<br /><strong>4</strong>. Если метод возвращает значение, оно должно быть того же типа, что и в родительском классе, или быть потомком этого типа (<em>covariant return types</em>). Внимание! Примитивные типы (например, short&gt;int&gt;long) не состоят в отношениях наследования и не могут быть ковариантами.<br /><strong>5</strong>. Методы с той же сигнатурой в родительском и дочернем классе должны быть либо оба <strong>static</strong>, либо оба non-<strong>static</strong>.',true,'');
INSERT INTO Question (id,realmId,type,text,regDate,updateDate) OVERRIDING SYSTEM VALUE VALUES (431,4,0,'Если метод в дочернем классе по имени и сигнатуре совпадает с методом родительского класса, но имеет другой возвращаемый тип, то будет ошибка компиляции.',TIMESTAMP '1970-01-01 03:00:00',TIMESTAMP '1970-01-01 03:00:00');
INSERT INTO Question (id,realmId,type,text,regDate,updateDate) OVERRIDING SYSTEM VALUE VALUES (432,4,0,'Если метод явным образом выбрасывает исключение (посредством ключевого слова <strong>throw</strong>), то <strong>return</strong> указывать не нужно - и даже запрещено (<em>unreachable code</em>).',TIMESTAMP '1970-01-01 03:00:00',TIMESTAMP '1970-01-01 03:00:00');
INSERT INTO Question (id,realmId,type,text,regDate,updateDate) OVERRIDING SYSTEM VALUE VALUES (433,4,0,'private-метод в родительском классе и non-private-метод с той же сигнатурой в дочернем не связаны никакими иерархическими отношениями.',TIMESTAMP '1970-01-01 03:00:00',TIMESTAMP '1970-01-01 03:00:00');
INSERT INTO Question (id,realmId,type,text,regDate,updateDate) OVERRIDING SYSTEM VALUE VALUES (434,4,2,'Что такое <em>method hiding</em>?',TIMESTAMP '1970-01-01 03:00:00',TIMESTAMP '1970-01-01 03:00:00');
	INSERT INTO Answer (id,questionId,text,correct,comment) OVERRIDING SYSTEM VALUE VALUES (1000,434,'Это когда в дочернем классе определяется статичный метод с такой же сигнатурой, как и в родительском (<em>hidden method</em>). Скрывание метода похоже на переопределение.',true,'');
INSERT INTO Question (id,realmId,type,text,regDate,updateDate) OVERRIDING SYSTEM VALUE VALUES (435,4,2,'Опишите отличие между переопределением (overriding) и скрыванием (hiding)/',TIMESTAMP '1970-01-01 03:00:00',TIMESTAMP '1970-01-01 03:00:00');
	INSERT INTO Answer (id,questionId,text,correct,comment) OVERRIDING SYSTEM VALUE VALUES (1001,435,'Переопределение возможно только для <span style="text-decoration: underline;">методов</span> <span style="text-decoration: underline;">экземпляра</span>. Если на объекте вызывается метод, то отработает его самая последняя переопределенная версия, даже если метод вызвался в контексте класса предка (например, из унаследованного, не переопределенного метода или по ссылке типа класса-предка). Единственное исключение - явный вызов родительской версии метода посредством ключевого слова <strong>super</strong>.<br />Скрывание говорит о том, что определенный в потомке&nbsp;метод "скрывает" родительский при вызове, но если контекст родительский, то и метод возьмется из родителя.<br />Опыт показывает, что для методов экземпляра характерно переопределение, а для переменных экземпляра, а также для любых статических членов - скрывание.<br />Однако есть и базовое отличие между скрыванием методов и полей - у последних допускается сужение доступа. Это может привести к тому, что потомок не сможет напрямую обратиться к полю, которое помечено public у его "деда", но заперто на private у "отца".',true,'');
INSERT INTO Question (id,realmId,type,text,regDate,updateDate) OVERRIDING SYSTEM VALUE VALUES (436,4,0,'Методы, помеченные final, нельзя переопределить. Или скрыть!',TIMESTAMP '1970-01-01 03:00:00',TIMESTAMP '1970-01-01 03:00:00');
INSERT INTO Question (id,realmId,type,text,regDate,updateDate) OVERRIDING SYSTEM VALUE VALUES (437,4,0,'Через <strong>super</strong> можно обратиться не только к методу, но и к переменной родителя.',TIMESTAMP '1970-01-01 03:00:00',TIMESTAMP '1970-01-01 03:00:00');
INSERT INTO Question (id,realmId,type,text,regDate,updateDate) OVERRIDING SYSTEM VALUE VALUES (438,4,0,'Не надо использовать скрывание переменных в практическом программировании.',TIMESTAMP '1970-01-01 03:00:00',TIMESTAMP '1970-01-01 03:00:00');
INSERT INTO Question (id,realmId,type,text,regDate,updateDate) OVERRIDING SYSTEM VALUE VALUES (439,4,2,'Что такое абстрактный класс и абстрактный метод?',TIMESTAMP '1970-01-01 03:00:00',TIMESTAMP '1970-01-01 03:00:00');
	INSERT INTO Answer (id,questionId,text,correct,comment) OVERRIDING SYSTEM VALUE VALUES (1002,439,'Абстрактный класс - это класс, который нельзя инстанциировать и который может (но не обязан) иметь абстрактные методы.<br />Абстрактный метод - это метод экземпляра без реализации, который должен переопределяться в потомках. Не имеет фигурных скобок, двоеточие ставится сразу за закрывающей круглой скобкой.<br />Абстрактные класс и метод помечаются модификатором <strong>abstract</strong>.<br />Статических абстрактных методов <span style="text-decoration: underline;">не бывает</span>. (ошибка компиляции)',true,'');
INSERT INTO Question (id,realmId,type,text,regDate,updateDate) OVERRIDING SYSTEM VALUE VALUES (440,4,0,'Создатели экзамена&nbsp;очень любят вопросы, где в коде есть абстрактные методы в классах, не помеченных abstract. А еще они любят абстрактные методы с реализацией.',TIMESTAMP '1970-01-01 03:00:00',TIMESTAMP '1970-01-01 03:00:00');
INSERT INTO Question (id,realmId,type,text,regDate,updateDate) OVERRIDING SYSTEM VALUE VALUES (441,4,0,'<strong>abstract</strong> и <strong>final</strong> - несовместимые модификаторы, так же как <strong>abstract</strong> и <strong>private</strong>',TIMESTAMP '1970-01-01 03:00:00',TIMESTAMP '1970-01-01 03:00:00');
INSERT INTO Question (id,realmId,type,text,regDate,updateDate) OVERRIDING SYSTEM VALUE VALUES (442,4,2,'Что такое (concrete class)?',TIMESTAMP '1970-01-01 03:00:00',TIMESTAMP '1970-01-01 03:00:00');
	INSERT INTO Answer (id,questionId,text,correct,comment) OVERRIDING SYSTEM VALUE VALUES (1003,442,'<em>Concrete class</em> - это первый неабстрактный класс в иерархии. Т.е. в этом классе имплементированы все абстрактные методы.',true,'');
INSERT INTO Question (id,realmId,type,text,regDate,updateDate) OVERRIDING SYSTEM VALUE VALUES (443,4,2,'<p>Скомпилируется ли следующий код?<br /><br />public abstract class Animal {<br />&nbsp;&nbsp;&nbsp; public abstract String getName();<br />}</p>
<p>public class Bird extends Animal { }</p>
<p>public class Flamingo extends Bird {<br />&nbsp;&nbsp;&nbsp; public String getName() {<br />&nbsp;&nbsp;&nbsp;&nbsp;&nbsp; return "Flamingo";<br />&nbsp;&nbsp; }<br />}</p>',TIMESTAMP '1970-01-01 03:00:00',TIMESTAMP '1970-01-01 03:00:00');
	INSERT INTO Answer (id,questionId,text,correct,comment) OVERRIDING SYSTEM VALUE VALUES (1004,443,'Нет. Класс Bird - это concrete class, он обязан имплементировать метод getName().',true,'');
INSERT INTO Question (id,realmId,type,text,regDate,updateDate) OVERRIDING SYSTEM VALUE VALUES (444,4,2,'<p>Скомпилируется ли следующий код?<br /><br />public abstract class Animal {<br />&nbsp;&nbsp;&nbsp; public abstract String getName();<br />}<br />public abstract class BigCat extends Animal {<br />&nbsp;&nbsp;&nbsp; public String getName() {<br />&nbsp;&nbsp;&nbsp;&nbsp;&nbsp; return "BigCat";<br />&nbsp;&nbsp;&nbsp; }<br />&nbsp;&nbsp;&nbsp; public abstract void roar();<br />}</p>
<p>public class Lion extends BigCat {<br />&nbsp;&nbsp;&nbsp; public void roar() {<br />&nbsp;&nbsp;&nbsp;&nbsp;&nbsp; System.out.println("The Lion lets out a loud ROAR!");<br />&nbsp;&nbsp;&nbsp; }<br />}</p>',TIMESTAMP '1970-01-01 03:00:00',TIMESTAMP '1970-01-01 03:00:00');
	INSERT INTO Answer (id,questionId,text,correct,comment) OVERRIDING SYSTEM VALUE VALUES (1005,444,'Да. Concrete class не обязан имплементировать абстрактный метод, если это уже сделано в промежуточном абстрактном предке.',true,'');
INSERT INTO Question (id,realmId,type,text,regDate,updateDate) OVERRIDING SYSTEM VALUE VALUES (445,4,2,'Можно ли объявить абстрактным метод, который имеет реализацию в родителе?',TIMESTAMP '1970-01-01 03:00:00',TIMESTAMP '1970-01-01 03:00:00');
	INSERT INTO Answer (id,questionId,text,correct,comment) OVERRIDING SYSTEM VALUE VALUES (1006,445,'Да, можно.',true,'');
INSERT INTO Question (id,realmId,type,text,regDate,updateDate) OVERRIDING SYSTEM VALUE VALUES (446,4,0,'При переопределении абстрактного метода ссылаться на родительскую версию посредством <strong>super</strong> - нельзя (как и на любой другой абстрактный метод в родителе).',TIMESTAMP '1970-01-01 03:00:00',TIMESTAMP '1970-01-01 03:00:00');
INSERT INTO Question (id,realmId,type,text,regDate,updateDate) OVERRIDING SYSTEM VALUE VALUES (447,4,0,'5 законов абстрактных классов:<br /><br /><strong>1</strong>. Нельзя инстанциировать<br /><strong>2</strong>. Может содержать 0+ абстрактных методов<br /><strong>3</strong>. Не может быть protected, private (как любой класс), final.<br /><strong>4</strong>. Абстрактный наследник наследует все абстрактные методы родителя.<br /><strong>5</strong>. Первый неабстрактный класс в иерархии должен реализовать все абстрактные методы.<br /><br />5 законов абстрактных методов:<br /><br /><strong>1</strong>. Могут быть только в абстрактных классах<br /><strong>2</strong>. Не могут быть private или final<br /><strong>3</strong>. Не могут иметь имплементации (точка с запятой вместо фигурных скобок)<br /><strong>4</strong>. Подчиняются всем правилам переопределения: имя/сигнатура, запрет снижения видимости.',TIMESTAMP '1970-01-01 03:00:00',TIMESTAMP '1970-01-01 03:00:00');
INSERT INTO Question (id,realmId,type,text,regDate,updateDate) OVERRIDING SYSTEM VALUE VALUES (448,4,2,'Что такое интерфейс?',TIMESTAMP '1970-01-01 03:00:00',TIMESTAMP '1970-01-01 03:00:00');
	INSERT INTO Answer (id,questionId,text,correct,comment) OVERRIDING SYSTEM VALUE VALUES (1007,448,'Интерфейс это абстрактный тип данных, определяющий список абстрактных <span style="text-decoration: underline;">public</span>-методов, которые обязаны быть реализованы любым конкретным классом, имплементирующим интерфейс. (абстрактный класс не обязан делать реализацию)',true,'');
INSERT INTO Question (id,realmId,type,text,regDate,updateDate) OVERRIDING SYSTEM VALUE VALUES (449,4,2,'Что может содержать интерфейс?',TIMESTAMP '1970-01-01 03:00:00',TIMESTAMP '1970-01-01 03:00:00');
	INSERT INTO Answer (id,questionId,text,correct,comment) OVERRIDING SYSTEM VALUE VALUES (1008,449,'- определения методов экземпляра (все они abstract и public, даже если не указано явно)<br />- константы (все они public static final, даже если не указано явно)<br />- методы по умолчанию (default)<br />- статичные методы (public, даже если не указано явно)',true,'');
INSERT INTO Question (id,realmId,type,text,regDate,updateDate) OVERRIDING SYSTEM VALUE VALUES (450,4,0,'Класс может имплементировать несколько интерфейсов - через запятую.',TIMESTAMP '1970-01-01 03:00:00',TIMESTAMP '1970-01-01 03:00:00');
INSERT INTO Question (id,realmId,type,text,regDate,updateDate) OVERRIDING SYSTEM VALUE VALUES (451,4,0,'5 правил определения интерфейсов:<br /><br /><strong>1</strong>. Интерфейс не может быть инстанциирован напрямую.<br /><strong>2</strong>. Интерфейс не обязан иметь методы.<br /><strong>3</strong>. Интерфейс не может быть определен как final.<br /><strong>4</strong>. Интерфейсы верхнего уровня, как и классы, могут иметь модификатор доступа public или default. Автоматически имеют модификатор abstract, что не рекомендуется указывать явно.<br /><strong>5</strong>. Все non-default&nbsp; методы интерфейса не могут иметь мофидикаторов private, protected, final.',TIMESTAMP '1970-01-01 03:00:00',TIMESTAMP '1970-01-01 03:00:00');
INSERT INTO Question (id,realmId,type,text,regDate,updateDate) OVERRIDING SYSTEM VALUE VALUES (452,4,2,'Каковы правила наследования интерфейсов?',TIMESTAMP '1970-01-01 03:00:00',TIMESTAMP '1970-01-01 03:00:00');
	INSERT INTO Answer (id,questionId,text,correct,comment) OVERRIDING SYSTEM VALUE VALUES (1009,452,'1. Используется ключевое слово <strong>extends</strong>.<br />2. Можно наследовать нескольким интерфейсам (через запятую).',true,'');
INSERT INTO Question (id,realmId,type,text,regDate,updateDate) OVERRIDING SYSTEM VALUE VALUES (453,4,0,'Если класс имплементирует два интерфейса с одинаковым методом, то ему достаточно реализовать этот метод.<br /><br />Если методы с одним именем, но разной сигнатурой - это расценивается как overloading.<br /><br />Если имя метода и сигнатура совпадают, но тип возвращаемого значения отличается - могут сработать ковариантные типы (если возвращаемые значения из одной иерархии). Тогда имплементирующий класс должен реализовать метод с более узким классом.<br /><br />Если типы несовместимы - ошибка компиляции',TIMESTAMP '1970-01-01 03:00:00',TIMESTAMP '1970-01-01 03:00:00');
INSERT INTO Question (id,realmId,type,text,regDate,updateDate) OVERRIDING SYSTEM VALUE VALUES (454,4,0,'<p>При наследовании интерфейсов ковариантные типы - работают!<br /><br />interface Int1 {<br />&nbsp;&nbsp;&nbsp; Object get();<br />}</p>
<p>interface Int2 extends Int1{<br />&nbsp;&nbsp;&nbsp; String get();<br />}<br /><br />Классу, имплементирующему оба интерфейса, достаточно будет реализовать String get().</p>',TIMESTAMP '1970-01-01 03:00:00',TIMESTAMP '1970-01-01 03:00:00');
INSERT INTO Question (id,realmId,type,text,regDate,updateDate) OVERRIDING SYSTEM VALUE VALUES (455,4,0,'У класса, имплементирующего интерфейс и не&nbsp;реализующего хотя бы один абстрактный метод, будет ошибка компиляции в строке определения класса.',TIMESTAMP '1970-01-01 03:00:00',TIMESTAMP '1970-01-01 03:00:00');
INSERT INTO Question (id,realmId,type,text,regDate,updateDate) OVERRIDING SYSTEM VALUE VALUES (456,4,0,'Поскольку переменные интерфейса всегда final, они должны быть определены в момент объявления.',TIMESTAMP '1970-01-01 03:00:00',TIMESTAMP '1970-01-01 03:00:00');
INSERT INTO Question (id,realmId,type,text,regDate,updateDate) OVERRIDING SYSTEM VALUE VALUES (457,4,2,'Почему не скомпилируются строки данного интерфейса?<br /><br />public interface CanDig {<br />&nbsp;&nbsp;&nbsp; private int MAXIMUM_DEPTH = 100;<br />&nbsp;&nbsp;&nbsp; protected abstract boolean UNDERWATER = false;<br />&nbsp;&nbsp;&nbsp; public static String TYPE;<br />}',TIMESTAMP '1970-01-01 03:00:00',TIMESTAMP '1970-01-01 03:00:00');
	INSERT INTO Answer (id,questionId,text,correct,comment) OVERRIDING SYSTEM VALUE VALUES (1010,457,'1-я строка - потому что <strong>private.<br /></strong>2-я строка<strong> - </strong>потому что <strong>protected</strong> и <strong>abstract</strong>.<br />3-я строка - потому что не определена финальная переменная.',true,'');
INSERT INTO Question (id,realmId,type,text,regDate,updateDate) OVERRIDING SYSTEM VALUE VALUES (458,4,2,'Что такое метод по умолчанию в интерфейсе?',TIMESTAMP '1970-01-01 03:00:00',TIMESTAMP '1970-01-01 03:00:00');
	INSERT INTO Answer (id,questionId,text,correct,comment) OVERRIDING SYSTEM VALUE VALUES (1011,458,'Методы по умолчанию (default methods) - это методы, объявленные в интерфейсе с помощью ключевого слова default c обязательным наличием тела метода; это методы с реализацией по умолчанию, их можно переопределять. Они, разумеется, public.',true,'');
INSERT INTO Question (id,realmId,type,text,regDate,updateDate) OVERRIDING SYSTEM VALUE VALUES (459,4,0,'Одно из оснований введения в Java интерфейсных методов по умолчанию - облегчение разработки и обеспечение оратной совместимости. Теперь в широко используемый интерфейс можно добавить метод с реализацией по умолчанию, и остальные разработчики не обязаны менять свой код, имплементируя новый метод.',TIMESTAMP '1970-01-01 03:00:00',TIMESTAMP '1970-01-01 03:00:00');
INSERT INTO Question (id,realmId,type,text,regDate,updateDate) OVERRIDING SYSTEM VALUE VALUES (460,4,0,'4 правила методов по умолчанию:<br /><br /><strong>1</strong>. Может быть объявлен только внутри интерфейса.<br /><strong>2</strong>. Должен иметь модификатор <strong>default</strong> и тело метода.<br /><strong>3</strong>. Не может быть <strong>static</strong>, <strong>final</strong> или <strong>abstract</strong>.<br />4. Является <strong>public</strong> и не может быть помечен как <strong>private</strong> или <strong>protected</strong>.',TIMESTAMP '1970-01-01 03:00:00',TIMESTAMP '1970-01-01 03:00:00');
INSERT INTO Question (id,realmId,type,text,regDate,updateDate) OVERRIDING SYSTEM VALUE VALUES (461,4,0,'У интерфейса не может быть статичных <span style="text-decoration: underline;">дефолтных</span> методов (а обычные могут быть статичными)',TIMESTAMP '1970-01-01 03:00:00',TIMESTAMP '1970-01-01 03:00:00');
INSERT INTO Question (id,realmId,type,text,regDate,updateDate) OVERRIDING SYSTEM VALUE VALUES (462,4,2,'Можно ли помечать абстрактными унаследованные методы с реализацией?',TIMESTAMP '1970-01-01 03:00:00',TIMESTAMP '1970-01-01 03:00:00');
	INSERT INTO Answer (id,questionId,text,correct,comment) OVERRIDING SYSTEM VALUE VALUES (1012,462,'Да. Если абстрактный класс наследует конкретный метод от другого класса или дефолтный метод от интерфейса, он может объявить его абстрактным. Аналогично интерфейс, наследующий дефолтный метод, может объявить его абстрактным.<br />',true,'');
INSERT INTO Question (id,realmId,type,text,regDate,updateDate) OVERRIDING SYSTEM VALUE VALUES (463,4,0,'Если класс реализует несколько интерфейсов с одинаковым методом, и хотя бы в одном метод абстрактный, то надо обеспечить его реализацию (дефолтные методы из других интерфейсов не подтянутся). Аналогично при наследовании абстрактного метода из абстрактного класса его придется переопределять даже при наличии дефолтного в интерфейсе.<br /><br />И еще . Нельзя имплементировать два интерфейса с одним и тем же дефолтным методом и не переопределить его. Либо упомянутые интерфейсы должны наследовать один от другого.',TIMESTAMP '1970-01-01 03:00:00',TIMESTAMP '1970-01-01 03:00:00');
INSERT INTO Question (id,realmId,type,text,regDate,updateDate) OVERRIDING SYSTEM VALUE VALUES (464,4,0,'При наследовании интерфейсов ковариантные типы в дефолтных методах работают. (равно как и при реализации метода интерфейса).',TIMESTAMP '1970-01-01 03:00:00',TIMESTAMP '1970-01-01 03:00:00');
INSERT INTO Question (id,realmId,type,text,regDate,updateDate) OVERRIDING SYSTEM VALUE VALUES (465,4,2,'Чем отличается статический метод в интерфейсе от статического метода в классе?',TIMESTAMP '1970-01-01 03:00:00',TIMESTAMP '1970-01-01 03:00:00');
	INSERT INTO Answer (id,questionId,text,correct,comment) OVERRIDING SYSTEM VALUE VALUES (1013,465,'1. Всегда public.<br />2. Не наследуется классами, реализующими интерфейс - требуется явно ссылаться на имя интерфейса. Доступа к методу нет, даже если переменная типа интерфейса или если статический метод вызывается из метода экземпляра.',true,'');
INSERT INTO Question (id,realmId,type,text,regDate,updateDate) OVERRIDING SYSTEM VALUE VALUES (466,4,0,'Переменные в интерфейсе доступны не только с имени интерфейса, но и с ссылки на объект, реализующий интерфейс.',TIMESTAMP '1970-01-01 03:00:00',TIMESTAMP '1970-01-01 03:00:00');
INSERT INTO Question (id,realmId,type,text,regDate,updateDate) OVERRIDING SYSTEM VALUE VALUES (467,4,2,'Может ли один класс имплементировать два интерфейса, если в каждом из них оъявлен один и тот же статический метод?',TIMESTAMP '1970-01-01 03:00:00',TIMESTAMP '1970-01-01 03:00:00');
	INSERT INTO Answer (id,questionId,text,correct,comment) OVERRIDING SYSTEM VALUE VALUES (1014,467,'Да. Статические методы интерфейсов не наследуются классами, поэтому конфликта не будет.',true,'');
INSERT INTO Question (id,realmId,type,text,regDate,updateDate) OVERRIDING SYSTEM VALUE VALUES (468,4,2,'Опишите явление полиморфизма.',TIMESTAMP '1970-01-01 03:00:00',TIMESTAMP '1970-01-01 03:00:00');
	INSERT INTO Answer (id,questionId,text,correct,comment) OVERRIDING SYSTEM VALUE VALUES (1015,468,'Полиморфизм - это, по сути, способность одного и то же объекта выступать в разных обличьях. Это значит, что ссылаться на один и тот же объект могут ссылки разных классов и интерфейсов, если они есть в дереве наследования/имплементации. Эти ссылки будут иметь доступ к тем членам класса, о которых они знают. Если при этом речь идет о методе экземпляра, то всегда будет вызываться последний переопределенный.<br /><br />Характерной чертой полиморфизма явлется способность присваивать объект ссылке, вышестоящей в иерархии (кастинг не нужен) или нижестоящей (кастинг требуется). С этой способностью связан принцип "полиморфных параметров", когда благодаря неявному кастингу мы можем подавать объект в метод, который ожидает тип суперкласса или интерфейса).',true,'');
INSERT INTO Question (id,realmId,type,text,regDate,updateDate) OVERRIDING SYSTEM VALUE VALUES (469,4,0,'4 правила кастинга ссылочных типов:<br /><br /><strong>1</strong>. Кастинг объекта к вышестоящему классу происходит неявно.<br /><strong>2</strong>. Кастинг объекта к нижестоящему классу должен быть указан явно.<br /><strong>3</strong>. Кастинг объектов из разных ветвей иерархии (т.е. если попасть от одного к другому можно только, продвинувшись по дереву наследования вверх и вниз) не допускается компилятором.<br /><strong>4</strong>. Даже если код компилируется нормально, во время выполнения может быть ошибка применения кастинга.',TIMESTAMP '1970-01-01 03:00:00',TIMESTAMP '1970-01-01 03:00:00');
INSERT INTO Question (id,realmId,type,text,regDate,updateDate) OVERRIDING SYSTEM VALUE VALUES (470,4,2,'Как обезопасить себя от ClassCastException в рантайме?',TIMESTAMP '1970-01-01 03:00:00',TIMESTAMP '1970-01-01 03:00:00');
	INSERT INTO Answer (id,questionId,text,correct,comment) OVERRIDING SYSTEM VALUE VALUES (1016,470,'Использовать <strong>instanceof</strong>:<br /><br />if(rodent instanceof Capybara) {<br />&nbsp;&nbsp;&nbsp; Capybara capybara = (Capybara)rodent;<br />}',true,'');
INSERT INTO Question (id,realmId,type,text,regDate,updateDate) OVERRIDING SYSTEM VALUE VALUES (471,4,2,'Что такое виртуальные методы в Java?',TIMESTAMP '1970-01-01 03:00:00',TIMESTAMP '1970-01-01 03:00:00');
	INSERT INTO Answer (id,questionId,text,correct,comment) OVERRIDING SYSTEM VALUE VALUES (1017,471,'Виртуальный метод (<em>virtual method</em>) - это метод, реализация которого не установлена до момента старта программы. Фактически - это все не-финальные, не-статические и не-приватные методы в Java. Компилятор не может предсказать, какой именно реализованный метод будет запущен при обращении к нему по ссылке. По факту - самый ближний переопределенный метод в классе.',true,'');
INSERT INTO Question (id,realmId,type,text,regDate,updateDate) OVERRIDING SYSTEM VALUE VALUES (472,4,1,'What modifiers are implicitly applied to all interface methods? (Choose all that apply)',TIMESTAMP '1970-01-01 03:00:00',TIMESTAMP '1970-01-01 03:00:00');
	INSERT INTO Answer (id,questionId,text,correct,comment) OVERRIDING SYSTEM VALUE VALUES (1018,472,'protected',false,'');
	INSERT INTO Answer (id,questionId,text,correct,comment) OVERRIDING SYSTEM VALUE VALUES (1019,472,'public',true,'');
	INSERT INTO Answer (id,questionId,text,correct,comment) OVERRIDING SYSTEM VALUE VALUES (1020,472,'static',false,'');
	INSERT INTO Answer (id,questionId,text,correct,comment) OVERRIDING SYSTEM VALUE VALUES (1021,472,'void',false,'');
	INSERT INTO Answer (id,questionId,text,correct,comment) OVERRIDING SYSTEM VALUE VALUES (1022,472,'abstract',false,'');
	INSERT INTO Answer (id,questionId,text,correct,comment) OVERRIDING SYSTEM VALUE VALUES (1023,472,'default',false,'');
INSERT INTO Question (id,realmId,type,text,regDate,updateDate) OVERRIDING SYSTEM VALUE VALUES (473,4,1,'What is the output of the following code?<br /><br />1: class Mammal {<br />2:&nbsp;&nbsp;&nbsp;&nbsp; public Mammal(int age) {<br />3:&nbsp;&nbsp;&nbsp;&nbsp;&nbsp;&nbsp;&nbsp;&nbsp; System.out.print("Mammal");<br />4:&nbsp;&nbsp;&nbsp;&nbsp; }<br />5: }<br />6: public class Platypus extends Mammal {<br />7:&nbsp;&nbsp;&nbsp;&nbsp; public Platypus() {<br />8:&nbsp;&nbsp;&nbsp;&nbsp;&nbsp;&nbsp;&nbsp;&nbsp; System.out.print("Platypus");<br />9:&nbsp;&nbsp;&nbsp;&nbsp; }<br />10:&nbsp;&nbsp;&nbsp;&nbsp; public static void main(String[] args) {<br />11:&nbsp;&nbsp;&nbsp;&nbsp;&nbsp;&nbsp;&nbsp; new Mammal(5);<br />12:&nbsp;&nbsp;&nbsp; }<br />13:}',TIMESTAMP '1970-01-01 03:00:00',TIMESTAMP '1970-01-01 03:00:00');
	INSERT INTO Answer (id,questionId,text,correct,comment) OVERRIDING SYSTEM VALUE VALUES (1024,473,'Platypus',false,'');
	INSERT INTO Answer (id,questionId,text,correct,comment) OVERRIDING SYSTEM VALUE VALUES (1025,473,'Mammal',false,'');
	INSERT INTO Answer (id,questionId,text,correct,comment) OVERRIDING SYSTEM VALUE VALUES (1026,473,'PlatypusMammal',false,'');
	INSERT INTO Answer (id,questionId,text,correct,comment) OVERRIDING SYSTEM VALUE VALUES (1027,473,'MammalPlatypus',false,'');
	INSERT INTO Answer (id,questionId,text,correct,comment) OVERRIDING SYSTEM VALUE VALUES (1028,473,'The code will not compile because of line 7.',true,'У дочернего класса нет вызова конструктора родительского, в котором нет конструктора по умолчанию.');
	INSERT INTO Answer (id,questionId,text,correct,comment) OVERRIDING SYSTEM VALUE VALUES (1029,473,'The code will not compile because of line 11.',false,'');
INSERT INTO Question (id,realmId,type,text,regDate,updateDate) OVERRIDING SYSTEM VALUE VALUES (474,4,1,'Which of the following statements can be inserted in the blank line so that the code will compile successfully? (Choose all that apply)<br /><br />public interface CanHop {}<br />public class Frog implements CanHop {<br />&nbsp;&nbsp;&nbsp; public static void main(String[] args) {<br />&nbsp;&nbsp;&nbsp;&nbsp;&nbsp;&nbsp;&nbsp; _________ frog = new TurtleFrog();<br />&nbsp;&nbsp;&nbsp; }<br />}<br />public class BrazilianHornedFrog extends Frog {}<br />public class TurtleFrog extends Frog {}',TIMESTAMP '1970-01-01 03:00:00',TIMESTAMP '1970-01-01 03:00:00');
	INSERT INTO Answer (id,questionId,text,correct,comment) OVERRIDING SYSTEM VALUE VALUES (1030,474,'Frog',true,'');
	INSERT INTO Answer (id,questionId,text,correct,comment) OVERRIDING SYSTEM VALUE VALUES (1031,474,'TurtleFrog',true,'');
	INSERT INTO Answer (id,questionId,text,correct,comment) OVERRIDING SYSTEM VALUE VALUES (1032,474,'BrazilianHornedFrog',false,'');
	INSERT INTO Answer (id,questionId,text,correct,comment) OVERRIDING SYSTEM VALUE VALUES (1033,474,'CanHop',true,'');
	INSERT INTO Answer (id,questionId,text,correct,comment) OVERRIDING SYSTEM VALUE VALUES (1034,474,'Object',true,'');
	INSERT INTO Answer (id,questionId,text,correct,comment) OVERRIDING SYSTEM VALUE VALUES (1035,474,'Long',false,'');
INSERT INTO Question (id,realmId,type,text,regDate,updateDate) OVERRIDING SYSTEM VALUE VALUES (475,4,1,'Which statement(s) are correct about the following code? (Choose all that apply)<br /><br />public class Rodent {<br />&nbsp;&nbsp;&nbsp; protected static Integer chew() throws Exception {<br />&nbsp;&nbsp;&nbsp;&nbsp;&nbsp;&nbsp;&nbsp; System.out.println("Rodent is chewing");<br />&nbsp;&nbsp;&nbsp;&nbsp;&nbsp;&nbsp;&nbsp; return 1;<br />&nbsp;&nbsp;&nbsp; }<br />}<br />public class Beaver extends Rodent {<br />&nbsp;&nbsp;&nbsp; public Number chew() throws RuntimeException {<br />&nbsp;&nbsp;&nbsp;&nbsp;&nbsp;&nbsp;&nbsp; System.out.println("Beaver is chewing on wood");<br />&nbsp;&nbsp;&nbsp;&nbsp;&nbsp;&nbsp;&nbsp; return 2;<br />&nbsp;&nbsp;&nbsp; }<br />}',TIMESTAMP '1970-01-01 03:00:00',TIMESTAMP '1970-01-01 03:00:00');
	INSERT INTO Answer (id,questionId,text,correct,comment) OVERRIDING SYSTEM VALUE VALUES (1040,475,'It fails to compile because of a static modifier mismatch between the two methods.',true,'');
	INSERT INTO Answer (id,questionId,text,correct,comment) OVERRIDING SYSTEM VALUE VALUES (1036,475,'It will compile without issue.',false,'');
	INSERT INTO Answer (id,questionId,text,correct,comment) OVERRIDING SYSTEM VALUE VALUES (1037,475,'It fails to compile because the type of the exception the method throws is a subclass of the type of exception the parent method throws.',false,'');
	INSERT INTO Answer (id,questionId,text,correct,comment) OVERRIDING SYSTEM VALUE VALUES (1038,475,'It fails to compile because the return types are not covariant.',true,'При скрывании метода действуют те же правила, что при переопределении: нельзя ослаблять доступ, должны быть ковариантные типы, нельзя выбрасывать больше исключений');
	INSERT INTO Answer (id,questionId,text,correct,comment) OVERRIDING SYSTEM VALUE VALUES (1039,475,'It fails to compile because the method is protected in the parent class and public in the subclass.',false,'');
INSERT INTO Question (id,realmId,type,text,regDate,updateDate) OVERRIDING SYSTEM VALUE VALUES (476,4,1,'Which of the following may only be hidden and not overridden? (Choose all that apply)',TIMESTAMP '1970-01-01 03:00:00',TIMESTAMP '1970-01-01 03:00:00');
	INSERT INTO Answer (id,questionId,text,correct,comment) OVERRIDING SYSTEM VALUE VALUES (1041,476,'private instance methods',true,'private-члены считаются скрытыми изначально');
	INSERT INTO Answer (id,questionId,text,correct,comment) OVERRIDING SYSTEM VALUE VALUES (1042,476,'protected instance methods',false,'');
	INSERT INTO Answer (id,questionId,text,correct,comment) OVERRIDING SYSTEM VALUE VALUES (1043,476,'public instance methods',false,'');
	INSERT INTO Answer (id,questionId,text,correct,comment) OVERRIDING SYSTEM VALUE VALUES (1044,476,'static methods',true,'');
	INSERT INTO Answer (id,questionId,text,correct,comment) OVERRIDING SYSTEM VALUE VALUES (1045,476,'public variables',true,'');
	INSERT INTO Answer (id,questionId,text,correct,comment) OVERRIDING SYSTEM VALUE VALUES (1046,476,'private variables',true,'private-члены считаются скрытыми изначально');
INSERT INTO Question (id,realmId,type,text,regDate,updateDate) OVERRIDING SYSTEM VALUE VALUES (477,4,1,'Choose the correct statement about the following code:<br /><br />1: interface HasExoskeleton {<br />2:&nbsp;&nbsp;&nbsp;&nbsp; abstract int getNumberOfSections();<br />3: }<br />4: abstract class Insect implements HasExoskeleton {<br />5:&nbsp;&nbsp;&nbsp;&nbsp; abstract int getNumberOfLegs();<br />6: }<br />7: public class Beetle extends Insect {<br />8:&nbsp;&nbsp;&nbsp;&nbsp; int getNumberOfLegs() { return 6; }<br />9: }',TIMESTAMP '1970-01-01 03:00:00',TIMESTAMP '1970-01-01 03:00:00');
	INSERT INTO Answer (id,questionId,text,correct,comment) OVERRIDING SYSTEM VALUE VALUES (1047,477,'It compiles and runs without issue.',false,'');
	INSERT INTO Answer (id,questionId,text,correct,comment) OVERRIDING SYSTEM VALUE VALUES (1048,477,'The code will not compile because of line 2.',false,'');
	INSERT INTO Answer (id,questionId,text,correct,comment) OVERRIDING SYSTEM VALUE VALUES (1049,477,'The code will not compile because of line 4.',false,'');
	INSERT INTO Answer (id,questionId,text,correct,comment) OVERRIDING SYSTEM VALUE VALUES (1050,477,'The code will not compile because of line 7.',true,'');
	INSERT INTO Answer (id,questionId,text,correct,comment) OVERRIDING SYSTEM VALUE VALUES (1051,477,'It compiles but throws an exception at runtime.',false,'');
INSERT INTO Question (id,realmId,type,text,regDate,updateDate) OVERRIDING SYSTEM VALUE VALUES (478,4,1,'Which of the following statements about polymorphism are true? (Choose all that apply)',TIMESTAMP '1970-01-01 03:00:00',TIMESTAMP '1970-01-01 03:00:00');
	INSERT INTO Answer (id,questionId,text,correct,comment) OVERRIDING SYSTEM VALUE VALUES (1056,478,'By defining a public instance method in the superclass, you guarantee that the specific method will be called in the parent class at runtime.',false,'');
	INSERT INTO Answer (id,questionId,text,correct,comment) OVERRIDING SYSTEM VALUE VALUES (1052,478,'A reference to an object may be cast to a subclass of the object without an explicit cast.',false,'');
	INSERT INTO Answer (id,questionId,text,correct,comment) OVERRIDING SYSTEM VALUE VALUES (1053,478,'If a method takes a superclass of three objects, then any of those classes may be passed as a parameter to the method.',true,'');
	INSERT INTO Answer (id,questionId,text,correct,comment) OVERRIDING SYSTEM VALUE VALUES (1054,478,'A method that takes a parameter with type java.lang.Object will take any reference.',true,'');
	INSERT INTO Answer (id,questionId,text,correct,comment) OVERRIDING SYSTEM VALUE VALUES (1055,478,'All cast exceptions can be detected at compile-time.',false,'');
INSERT INTO Question (id,realmId,type,text,regDate,updateDate) OVERRIDING SYSTEM VALUE VALUES (479,4,1,'Choose the correct statement about the following code:<br /><br />1: public interface Herbivore {<br />2:&nbsp;&nbsp;&nbsp;&nbsp; int amount = 10;<br />3:&nbsp;&nbsp;&nbsp;&nbsp; public static void eatGrass();<br />4:&nbsp;&nbsp;&nbsp;&nbsp; public int chew() {<br />5:&nbsp;&nbsp;&nbsp;&nbsp;&nbsp;&nbsp;&nbsp;&nbsp; return 13;<br />6:&nbsp;&nbsp;&nbsp;&nbsp; }<br />7: }',TIMESTAMP '1970-01-01 03:00:00',TIMESTAMP '1970-01-01 03:00:00');
	INSERT INTO Answer (id,questionId,text,correct,comment) OVERRIDING SYSTEM VALUE VALUES (1057,479,'It compiles and runs without issue.',false,'');
	INSERT INTO Answer (id,questionId,text,correct,comment) OVERRIDING SYSTEM VALUE VALUES (1058,479,'The code will not compile because of line 2.',false,'');
	INSERT INTO Answer (id,questionId,text,correct,comment) OVERRIDING SYSTEM VALUE VALUES (1059,479,'The code will not compile because of line 3.',false,'');
	INSERT INTO Answer (id,questionId,text,correct,comment) OVERRIDING SYSTEM VALUE VALUES (1060,479,'The code will not compile because of line 4.',false,'');
	INSERT INTO Answer (id,questionId,text,correct,comment) OVERRIDING SYSTEM VALUE VALUES (1061,479,'The code will not compile because of lines 2 and 3.',false,'');
	INSERT INTO Answer (id,questionId,text,correct,comment) OVERRIDING SYSTEM VALUE VALUES (1062,479,'The code will not compile because of lines 3 and 4.',true,'');
INSERT INTO Question (id,realmId,type,text,regDate,updateDate) OVERRIDING SYSTEM VALUE VALUES (480,4,1,'Choose the correct statement about the following code:<br /><br />1: public interface CanFly {<br />2:&nbsp;&nbsp;&nbsp;&nbsp; void fly();<br />3: }<br />4: interface HasWings {<br />5:&nbsp;&nbsp;&nbsp;&nbsp; public abstract Object getWindSpan();<br />6: }<br />7: abstract class Falcon implements CanFly, HasWings {<br />8: }',TIMESTAMP '1970-01-01 03:00:00',TIMESTAMP '1970-01-01 03:00:00');
	INSERT INTO Answer (id,questionId,text,correct,comment) OVERRIDING SYSTEM VALUE VALUES (1063,480,'It compiles without issue.',true,'');
	INSERT INTO Answer (id,questionId,text,correct,comment) OVERRIDING SYSTEM VALUE VALUES (1064,480,'The code will not compile because of line 2.',false,'');
	INSERT INTO Answer (id,questionId,text,correct,comment) OVERRIDING SYSTEM VALUE VALUES (1065,480,'The code will not compile because of line 4.',false,'');
	INSERT INTO Answer (id,questionId,text,correct,comment) OVERRIDING SYSTEM VALUE VALUES (1066,480,'The code will not compile because of line 5.',false,'');
	INSERT INTO Answer (id,questionId,text,correct,comment) OVERRIDING SYSTEM VALUE VALUES (1067,480,'The code will not compile because of lines 2 and 5.',false,'');
	INSERT INTO Answer (id,questionId,text,correct,comment) OVERRIDING SYSTEM VALUE VALUES (1068,480,'The code will not compile because the class Falcon doesn&rsquo;t implement the interface methods.',false,'');
INSERT INTO Question (id,realmId,type,text,regDate,updateDate) OVERRIDING SYSTEM VALUE VALUES (481,4,1,'Which statements are true for both abstract classes and interfaces? (Choose all that apply)',TIMESTAMP '1970-01-01 03:00:00',TIMESTAMP '1970-01-01 03:00:00');
	INSERT INTO Answer (id,questionId,text,correct,comment) OVERRIDING SYSTEM VALUE VALUES (1072,481,'Both can contain default methods.',false,'');
	INSERT INTO Answer (id,questionId,text,correct,comment) OVERRIDING SYSTEM VALUE VALUES (1073,481,'Both can contain static methods.',true,'');
	INSERT INTO Answer (id,questionId,text,correct,comment) OVERRIDING SYSTEM VALUE VALUES (1074,481,'Neither can be instantiated directly.',true,'');
	INSERT INTO Answer (id,questionId,text,correct,comment) OVERRIDING SYSTEM VALUE VALUES (1075,481,'Both inherit java.lang.Object.',false,'');
	INSERT INTO Answer (id,questionId,text,correct,comment) OVERRIDING SYSTEM VALUE VALUES (1069,481,'All methods within them are assumed to be abstract.',false,'');
	INSERT INTO Answer (id,questionId,text,correct,comment) OVERRIDING SYSTEM VALUE VALUES (1070,481,'Both can contain public static final variables.',true,'');
	INSERT INTO Answer (id,questionId,text,correct,comment) OVERRIDING SYSTEM VALUE VALUES (1071,481,'Both can be extended using the extends keyword.',true,'');
INSERT INTO Question (id,realmId,type,text,regDate,updateDate) OVERRIDING SYSTEM VALUE VALUES (482,4,1,'What modifiers are assumed for all interface variables? (Choose all that apply)',TIMESTAMP '1970-01-01 03:00:00',TIMESTAMP '1970-01-01 03:00:00');
	INSERT INTO Answer (id,questionId,text,correct,comment) OVERRIDING SYSTEM VALUE VALUES (1076,482,'public',true,'');
	INSERT INTO Answer (id,questionId,text,correct,comment) OVERRIDING SYSTEM VALUE VALUES (1077,482,'protected',false,'');
	INSERT INTO Answer (id,questionId,text,correct,comment) OVERRIDING SYSTEM VALUE VALUES (1078,482,'private',false,'');
	INSERT INTO Answer (id,questionId,text,correct,comment) OVERRIDING SYSTEM VALUE VALUES (1079,482,'static',true,'');
	INSERT INTO Answer (id,questionId,text,correct,comment) OVERRIDING SYSTEM VALUE VALUES (1080,482,'final',true,'');
	INSERT INTO Answer (id,questionId,text,correct,comment) OVERRIDING SYSTEM VALUE VALUES (1081,482,'abstract',false,'');
INSERT INTO Question (id,realmId,type,text,regDate,updateDate) OVERRIDING SYSTEM VALUE VALUES (483,4,1,'<p>What is the output of the following code?</p>
<p>1: interface Nocturnal {<br />2:&nbsp;&nbsp;&nbsp;&nbsp; default boolean isBlind() { return true; }<br />3: }<br />4: public class Owl implements Nocturnal {<br />5:&nbsp;&nbsp;&nbsp;&nbsp; public boolean isBlind() { return false; }<br />6:&nbsp;&nbsp;&nbsp;&nbsp; public static void main(String[] args) {<br />7:&nbsp;&nbsp;&nbsp;&nbsp;&nbsp;&nbsp;&nbsp;&nbsp; Nocturnal nocturnal = (Nocturnal)new Owl();<br />8:&nbsp;&nbsp;&nbsp;&nbsp;&nbsp;&nbsp;&nbsp;&nbsp; System.out.println(nocturnal.isBlind());<br />9:&nbsp;&nbsp;&nbsp;&nbsp; }<br />10:}</p>',TIMESTAMP '1970-01-01 03:00:00',TIMESTAMP '1970-01-01 03:00:00');
	INSERT INTO Answer (id,questionId,text,correct,comment) OVERRIDING SYSTEM VALUE VALUES (1082,483,'true',false,'');
	INSERT INTO Answer (id,questionId,text,correct,comment) OVERRIDING SYSTEM VALUE VALUES (1083,483,'false',true,'');
	INSERT INTO Answer (id,questionId,text,correct,comment) OVERRIDING SYSTEM VALUE VALUES (1084,483,'The code will not compile because of line 2.',false,'');
	INSERT INTO Answer (id,questionId,text,correct,comment) OVERRIDING SYSTEM VALUE VALUES (1085,483,'The code will not compile because of line 5.',false,'');
	INSERT INTO Answer (id,questionId,text,correct,comment) OVERRIDING SYSTEM VALUE VALUES (1086,483,'The code will not compile because of line 7.',false,'');
	INSERT INTO Answer (id,questionId,text,correct,comment) OVERRIDING SYSTEM VALUE VALUES (1087,483,'The code will not compile because of line 8.',false,'');
INSERT INTO Question (id,realmId,type,text,regDate,updateDate) OVERRIDING SYSTEM VALUE VALUES (484,4,1,'<p>What is the output of the following code?</p>
<p>1: class Arthropod {<br />2:&nbsp;&nbsp;&nbsp;&nbsp; public void printName(double input) { System.out<br />&nbsp;&nbsp;&nbsp; .print("Arthropod"); }<br />3: }<br />4: public class Spider extends Arthropod {<br />5:&nbsp;&nbsp;&nbsp;&nbsp; public void printName(int input) { System.out.print("Spider"); }<br />6:&nbsp;&nbsp;&nbsp;&nbsp; public static void main(String[] args) {<br />7:&nbsp;&nbsp;&nbsp;&nbsp;&nbsp;&nbsp;&nbsp;&nbsp; Spider spider = new Spider();<br />8:&nbsp;&nbsp;&nbsp;&nbsp;&nbsp;&nbsp;&nbsp;&nbsp; spider.printName(4);<br />9:&nbsp;&nbsp;&nbsp;&nbsp;&nbsp;&nbsp;&nbsp;&nbsp; spider.printName(9.0);<br />10:&nbsp;&nbsp;&nbsp; }<br />11: }</p>',TIMESTAMP '1970-01-01 03:00:00',TIMESTAMP '1970-01-01 03:00:00');
	INSERT INTO Answer (id,questionId,text,correct,comment) OVERRIDING SYSTEM VALUE VALUES (1088,484,'SpiderArthropod',true,'');
	INSERT INTO Answer (id,questionId,text,correct,comment) OVERRIDING SYSTEM VALUE VALUES (1089,484,'ArthropodSpider',false,'');
	INSERT INTO Answer (id,questionId,text,correct,comment) OVERRIDING SYSTEM VALUE VALUES (1090,484,'SpiderSpider',false,'');
	INSERT INTO Answer (id,questionId,text,correct,comment) OVERRIDING SYSTEM VALUE VALUES (1091,484,'ArthropodArthropod',false,'');
	INSERT INTO Answer (id,questionId,text,correct,comment) OVERRIDING SYSTEM VALUE VALUES (1092,484,'The code will not compile because of line 5.',false,'');
	INSERT INTO Answer (id,questionId,text,correct,comment) OVERRIDING SYSTEM VALUE VALUES (1093,484,'The code will not compile because of line 9.',false,'');
INSERT INTO Question (id,realmId,type,text,regDate,updateDate) OVERRIDING SYSTEM VALUE VALUES (485,4,1,'<p>Which statements are true about the following code? (Choose all that apply)</p>
<p>1: interface HasVocalCords {<br />2:&nbsp;&nbsp;&nbsp;&nbsp; public abstract void makeSound();<br />3: }<br />4: public interface CanBark extends HasVocalCords {<br />5:&nbsp;&nbsp;&nbsp;&nbsp; public void bark();<br />6: }</p>',TIMESTAMP '1970-01-01 03:00:00',TIMESTAMP '1970-01-01 03:00:00');
	INSERT INTO Answer (id,questionId,text,correct,comment) OVERRIDING SYSTEM VALUE VALUES (1094,485,'The CanBark interface doesn&rsquo;t compile.',false,'');
	INSERT INTO Answer (id,questionId,text,correct,comment) OVERRIDING SYSTEM VALUE VALUES (1095,485,'A class that implements HasVocalCords must override the makeSound() method.',false,'Не обязан, т.к. может быть абстрактным.');
	INSERT INTO Answer (id,questionId,text,correct,comment) OVERRIDING SYSTEM VALUE VALUES (1096,485,'A class that implements CanBark inherits both the makeSound() and bark() methods.',true,'');
	INSERT INTO Answer (id,questionId,text,correct,comment) OVERRIDING SYSTEM VALUE VALUES (1097,485,'A class that implements CanBark only inherits the bark() method.',false,'');
	INSERT INTO Answer (id,questionId,text,correct,comment) OVERRIDING SYSTEM VALUE VALUES (1098,485,'An interface cannot extend another interface.',false,'');
INSERT INTO Question (id,realmId,type,text,regDate,updateDate) OVERRIDING SYSTEM VALUE VALUES (486,4,1,'Which of the following is true about a concrete subclass? (Choose all that apply)',TIMESTAMP '1970-01-01 03:00:00',TIMESTAMP '1970-01-01 03:00:00');
	INSERT INTO Answer (id,questionId,text,correct,comment) OVERRIDING SYSTEM VALUE VALUES (1099,486,'A concrete subclass can be declared as abstract.',false,'');
	INSERT INTO Answer (id,questionId,text,correct,comment) OVERRIDING SYSTEM VALUE VALUES (1100,486,'A concrete subclass must implement all inherited abstract methods.',true,'');
	INSERT INTO Answer (id,questionId,text,correct,comment) OVERRIDING SYSTEM VALUE VALUES (1101,486,'A concrete subclass must implement all methods defined in an inherited interface.',false,'Не обязан, т.к. методы интерфейса уже могли быть имплементированы в родительском классе; к тому же, у интерфейса есть дефолтные методы, которые не требуется переопределять.');
	INSERT INTO Answer (id,questionId,text,correct,comment) OVERRIDING SYSTEM VALUE VALUES (1102,486,'A concrete subclass cannot be marked as final.',false,'');
	INSERT INTO Answer (id,questionId,text,correct,comment) OVERRIDING SYSTEM VALUE VALUES (1103,486,'Abstract methods cannot be overridden by a concrete subclass.',false,'');
INSERT INTO Question (id,realmId,type,text,regDate,updateDate) OVERRIDING SYSTEM VALUE VALUES (487,4,1,'<p>What is the output of the following code?</p>
<p>1: abstract class Reptile {<br />2:&nbsp;&nbsp;&nbsp;&nbsp; public final void layEggs() { System.out.println("Reptile laying eggs");<br />&nbsp;&nbsp; }<br />3:&nbsp;&nbsp;&nbsp;&nbsp; public static void main(String[] args) {<br />4:&nbsp;&nbsp;&nbsp;&nbsp;&nbsp;&nbsp;&nbsp;&nbsp; Reptile reptile = new Lizard();<br />5:&nbsp;&nbsp;&nbsp;&nbsp;&nbsp;&nbsp;&nbsp;&nbsp; reptile.layEggs();<br />6:&nbsp;&nbsp;&nbsp;&nbsp; }<br />7: }<br />8: public class Lizard extends Reptile {<br />9:&nbsp;&nbsp;&nbsp;&nbsp; public void layEggs() { System.out.println("Lizard laying eggs"); }<br />10: }</p>',TIMESTAMP '1970-01-01 03:00:00',TIMESTAMP '1970-01-01 03:00:00');
	INSERT INTO Answer (id,questionId,text,correct,comment) OVERRIDING SYSTEM VALUE VALUES (1104,487,'Reptile laying eggs',false,'');
	INSERT INTO Answer (id,questionId,text,correct,comment) OVERRIDING SYSTEM VALUE VALUES (1105,487,'Lizard laying eggs',false,'');
	INSERT INTO Answer (id,questionId,text,correct,comment) OVERRIDING SYSTEM VALUE VALUES (1106,487,'The code will not compile because of line 4.',false,'');
	INSERT INTO Answer (id,questionId,text,correct,comment) OVERRIDING SYSTEM VALUE VALUES (1107,487,'The code will not compile because of line 5.',false,'');
	INSERT INTO Answer (id,questionId,text,correct,comment) OVERRIDING SYSTEM VALUE VALUES (1108,487,'The code will not compile because of line 9.',true,'Нельзя переопределять финальный метод.');
INSERT INTO Question (id,realmId,type,text,regDate,updateDate) OVERRIDING SYSTEM VALUE VALUES (488,4,1,'<p>What is the output of the following code?</p>
<p>1: public abstract class Whale {<br />2:&nbsp;&nbsp;&nbsp;&nbsp; public abstract void dive() {};<br />3:&nbsp;&nbsp;&nbsp;&nbsp; public static void main(String[] args) {<br />4:&nbsp;&nbsp;&nbsp;&nbsp;&nbsp;&nbsp;&nbsp;&nbsp; Whale whale = new Orca();<br />5:&nbsp;&nbsp;&nbsp;&nbsp;&nbsp;&nbsp;&nbsp;&nbsp; whale.dive();<br />6:&nbsp;&nbsp;&nbsp;&nbsp; }<br />7: }<br />8: class Orca extends Whale {<br />9:&nbsp;&nbsp;&nbsp;&nbsp; public void dive(int depth) { System.out.println("Orca diving"); }<br />10: }</p>',TIMESTAMP '1970-01-01 03:00:00',TIMESTAMP '1970-01-01 03:00:00');
	INSERT INTO Answer (id,questionId,text,correct,comment) OVERRIDING SYSTEM VALUE VALUES (1109,488,'Orca diving',false,'');
	INSERT INTO Answer (id,questionId,text,correct,comment) OVERRIDING SYSTEM VALUE VALUES (1110,488,'The code will not compile because of line 2.',true,'у абстрактного метода не может быть тела');
	INSERT INTO Answer (id,questionId,text,correct,comment) OVERRIDING SYSTEM VALUE VALUES (1111,488,'The code will not compile because of line 8.',true,'класс не имплеметирует метод dive()');
	INSERT INTO Answer (id,questionId,text,correct,comment) OVERRIDING SYSTEM VALUE VALUES (1112,488,'The code will not compile because of line 9.',false,'');
	INSERT INTO Answer (id,questionId,text,correct,comment) OVERRIDING SYSTEM VALUE VALUES (1113,488,'The output cannot be determined from the code provided.',false,'');
INSERT INTO Question (id,realmId,type,text,regDate,updateDate) OVERRIDING SYSTEM VALUE VALUES (489,4,1,'<p>What is the output of the following code? (Choose all that apply)</p>
<p>1: interface Aquatic {<br />2:&nbsp;&nbsp;&nbsp;&nbsp; public default int getNumberOfGills(int input) { return 2; }<br />3: }<br />4: public class ClownFish implements Aquatic {<br />5:&nbsp;&nbsp;&nbsp;&nbsp; public String getNumberOfGills() { return "4"; }<br />6:&nbsp;&nbsp;&nbsp;&nbsp; public String getNumberOfGills(int input) { return "6"; }<br />7:&nbsp;&nbsp;&nbsp;&nbsp; public static void main(String[] args) {<br />8:&nbsp;&nbsp;&nbsp;&nbsp;&nbsp;&nbsp;&nbsp;&nbsp; System.out.println(new ClownFish().getNumberOfGills(-1));<br />9:&nbsp;&nbsp;&nbsp;&nbsp; }<br />10: }</p>',TIMESTAMP '1970-01-01 03:00:00',TIMESTAMP '1970-01-01 03:00:00');
	INSERT INTO Answer (id,questionId,text,correct,comment) OVERRIDING SYSTEM VALUE VALUES (1114,489,'2',false,'');
	INSERT INTO Answer (id,questionId,text,correct,comment) OVERRIDING SYSTEM VALUE VALUES (1115,489,'4',false,'');
	INSERT INTO Answer (id,questionId,text,correct,comment) OVERRIDING SYSTEM VALUE VALUES (1116,489,'6',false,'');
	INSERT INTO Answer (id,questionId,text,correct,comment) OVERRIDING SYSTEM VALUE VALUES (1117,489,'The code will not compile because of line 5.',false,'');
	INSERT INTO Answer (id,questionId,text,correct,comment) OVERRIDING SYSTEM VALUE VALUES (1118,489,'The code will not compile because of line 6.',true,'');
	INSERT INTO Answer (id,questionId,text,correct,comment) OVERRIDING SYSTEM VALUE VALUES (1119,489,'The code will not compile because of line 8.',false,'');
INSERT INTO Question (id,realmId,type,text,regDate,updateDate) OVERRIDING SYSTEM VALUE VALUES (490,4,1,'<p>Which of the following statements can be inserted in the blank so that the code will compile successfully? (Choose all that apply)</p>
<p>public class Snake {}<br />public class Cobra extends Snake {}<br />public class GardenSnake {}<br />public class SnakeHandler {<br />&nbsp;&nbsp;&nbsp; private Snake snake;<br />&nbsp;&nbsp;&nbsp; public void setSnake(Snake snake) { this.snake = snake; }<br />&nbsp;&nbsp;&nbsp; public static void main(String[] args) {<br />&nbsp;&nbsp;&nbsp;&nbsp;&nbsp;&nbsp;&nbsp; new SnakeHandler().setSnake(________);<br />&nbsp;&nbsp;&nbsp; }<br />}</p>',TIMESTAMP '1970-01-01 03:00:00',TIMESTAMP '1970-01-01 03:00:00');
	INSERT INTO Answer (id,questionId,text,correct,comment) OVERRIDING SYSTEM VALUE VALUES (1120,490,'new Cobra()',true,'');
	INSERT INTO Answer (id,questionId,text,correct,comment) OVERRIDING SYSTEM VALUE VALUES (1121,490,'new GardenSnake()',false,'');
	INSERT INTO Answer (id,questionId,text,correct,comment) OVERRIDING SYSTEM VALUE VALUES (1122,490,'new Snake()',true,'');
	INSERT INTO Answer (id,questionId,text,correct,comment) OVERRIDING SYSTEM VALUE VALUES (1123,490,'new Object()',false,'');
	INSERT INTO Answer (id,questionId,text,correct,comment) OVERRIDING SYSTEM VALUE VALUES (1124,490,'new String("Snake")',false,'');
	INSERT INTO Answer (id,questionId,text,correct,comment) OVERRIDING SYSTEM VALUE VALUES (1125,490,'null',true,'');
INSERT INTO Question (id,realmId,type,text,regDate,updateDate) OVERRIDING SYSTEM VALUE VALUES (491,4,1,'<p>What is the result of the following code?</p>
<p>1: public abstract class Bird {<br />2:&nbsp;&nbsp;&nbsp;&nbsp; private void fly() { System.out.println("Bird is flying"); }<br />3:&nbsp;&nbsp;&nbsp;&nbsp; public static void main(String[] args) {<br />4:&nbsp;&nbsp;&nbsp;&nbsp;&nbsp;&nbsp;&nbsp;&nbsp; Bird bird = new Pelican();<br />5:&nbsp;&nbsp;&nbsp;&nbsp;&nbsp;&nbsp;&nbsp;&nbsp; bird.fly();<br />6:&nbsp;&nbsp;&nbsp;&nbsp; }<br />7: }<br />8: class Pelican extends Bird {<br />9:&nbsp;&nbsp;&nbsp;&nbsp; protected void fly() { System.out.println("Pelican is flying"); }<br />10: }</p>',TIMESTAMP '1970-01-01 03:00:00',TIMESTAMP '1970-01-01 03:00:00');
	INSERT INTO Answer (id,questionId,text,correct,comment) OVERRIDING SYSTEM VALUE VALUES (1126,491,'Bird is flying',true,'Метод fly() в Bird объявлен private, это означает, что его нельзя переопределить, только скрыть. А скрытие означает, что запустится тот метод, который актуален для контекста вызова (полиморфизм не работает). В данном случае контекст вызова - Bird, т.к. используется ссылка этого типа.');
	INSERT INTO Answer (id,questionId,text,correct,comment) OVERRIDING SYSTEM VALUE VALUES (1127,491,'Pelican is flying',false,'');
	INSERT INTO Answer (id,questionId,text,correct,comment) OVERRIDING SYSTEM VALUE VALUES (1128,491,'The code will not compile because of line 4.',false,'');
	INSERT INTO Answer (id,questionId,text,correct,comment) OVERRIDING SYSTEM VALUE VALUES (1129,491,'The code will not compile because of line 5.',false,'');
	INSERT INTO Answer (id,questionId,text,correct,comment) OVERRIDING SYSTEM VALUE VALUES (1130,491,'The code will not compile because of line 9.',false,'');
INSERT INTO Question (id,realmId,type,text,regDate,updateDate) OVERRIDING SYSTEM VALUE VALUES (492,4,0,'При написании кода мы решаем, что делать с исключительными ситуациями - разбираться с ними самостоятельно или предоставлять это вызывающему методу.',TIMESTAMP '1970-01-01 03:00:00',TIMESTAMP '1970-01-01 03:00:00');
INSERT INTO Question (id,realmId,type,text,regDate,updateDate) OVERRIDING SYSTEM VALUE VALUES (493,4,0,'Исключение по сути своей - это событие, изменяющее ход выполнения программы. Все такие события восходят к классу java.lang.<span style="text-decoration: underline;"><em>Throwable</em></span>',TIMESTAMP '1970-01-01 03:00:00',TIMESTAMP '1970-01-01 03:00:00');
INSERT INTO Question (id,realmId,type,text,regDate,updateDate) OVERRIDING SYSTEM VALUE VALUES (494,4,2,'Опишите общую иерархию классов исключений.',TIMESTAMP '1970-01-01 03:00:00',TIMESTAMP '1970-01-01 03:00:00');
	INSERT INTO Answer (id,questionId,text,correct,comment) OVERRIDING SYSTEM VALUE VALUES (1131,494,'java.lang.<strong>Object</strong><br />-- java.lang.<strong>Throwable</strong><br />-- -- java.lang.<strong>Exception</strong><br />-- -- -- java.lang.<strong>RuntimeException</strong><br />-- -- java.lang.<strong>Error</strong>',true,'');
INSERT INTO Question (id,realmId,type,text,regDate,updateDate) OVERRIDING SYSTEM VALUE VALUES (495,4,0,'java.lang.<strong>Error</strong> - это нечто столь ужасное, после чего программа уже не надеется восстановиться. В реальной жизни встречается редко.',TIMESTAMP '1970-01-01 03:00:00',TIMESTAMP '1970-01-01 03:00:00');
INSERT INTO Question (id,realmId,type,text,regDate,updateDate) OVERRIDING SYSTEM VALUE VALUES (496,4,2,'Что такое проверяемое исключение?',TIMESTAMP '1970-01-01 03:00:00',TIMESTAMP '1970-01-01 03:00:00');
	INSERT INTO Answer (id,questionId,text,correct,comment) OVERRIDING SYSTEM VALUE VALUES (1132,496,'Проверяемое исключение (<em>checked exception</em>) - это исключение, отражающее исключительную ситуацию, которую можно предвидеть на этапе написания кода и, соответственно, нужно обработать. Это java.lang.<strong>Exception</strong> и все его потомки, <span style="text-decoration: underline;">кроме java.lang.RuntimeException</span>',true,'');
INSERT INTO Question (id,realmId,type,text,regDate,updateDate) OVERRIDING SYSTEM VALUE VALUES (497,4,2,'Что такое непроверяемое исключение?',TIMESTAMP '1970-01-01 03:00:00',TIMESTAMP '1970-01-01 03:00:00');
	INSERT INTO Answer (id,questionId,text,correct,comment) OVERRIDING SYSTEM VALUE VALUES (1133,497,'Непроверяемое исключение (<em>unchecked exception</em>) - это исключение, которое невозможно было предвидеть на этапе написания кода. Отражает классическую программную ошибку (баг). Реализуется классом java.lang.<strong>RuntimeException</strong> и всеми его потомками.',true,'');
INSERT INTO Question (id,realmId,type,text,regDate,updateDate) OVERRIDING SYSTEM VALUE VALUES (498,4,2,'Что представляет собой правило "обрабатывай или объявляй"?',TIMESTAMP '1970-01-01 03:00:00',TIMESTAMP '1970-01-01 03:00:00');
	INSERT INTO Answer (id,questionId,text,correct,comment) OVERRIDING SYSTEM VALUE VALUES (1134,498,'Правило <em>handle or declare</em> говорит о том, что для <span style="text-decoration: underline;">проверяемых исключений</span> требуется либо написать обработчик, либо объявить в сигнатуре метода, что он может выдать такое исключение.',true,'');
INSERT INTO Question (id,realmId,type,text,regDate,updateDate) OVERRIDING SYSTEM VALUE VALUES (499,4,2,'Каков синтаксис для выдачи исключений методом?',TIMESTAMP '1970-01-01 03:00:00',TIMESTAMP '1970-01-01 03:00:00');
	INSERT INTO Answer (id,questionId,text,correct,comment) OVERRIDING SYSTEM VALUE VALUES (1135,499,'void fall() throws Exception1, Exception2 {<br />&nbsp;&nbsp;&nbsp; if (condition1)<br />&nbsp;&nbsp;&nbsp; &nbsp;&nbsp;&nbsp; throw new Exception1();<br />&nbsp;&nbsp;&nbsp; else if (condition2)<br />&nbsp;&nbsp;&nbsp; &nbsp;&nbsp;&nbsp; throw new Exception2();<br />&nbsp;&nbsp;&nbsp; else<br />&nbsp;&nbsp;&nbsp;&nbsp;&nbsp;&nbsp;&nbsp;&nbsp; //some code<br />}',true,'');
INSERT INTO Question (id,realmId,type,text,regDate,updateDate) OVERRIDING SYSTEM VALUE VALUES (500,4,0,'Существует мнение, что без проверяемых исключений вообще можно обойтись. Очень часто люди предпочитают не обрабатывать проверяемые исключения, а просто выдавать непроверяемые.',TIMESTAMP '1970-01-01 03:00:00',TIMESTAMP '1970-01-01 03:00:00');
INSERT INTO Question (id,realmId,type,text,regDate,updateDate) OVERRIDING SYSTEM VALUE VALUES (501,4,0,'На экзамене OCA будут либо уже имеющиеся в Java исключения, либо придуманные специально для вопросов. Знать API и особенности существующих исключений не надо, вопросы будут только на синтаксис и иерархию.',TIMESTAMP '1970-01-01 03:00:00',TIMESTAMP '1970-01-01 03:00:00');
INSERT INTO Question (id,realmId,type,text,regDate,updateDate) OVERRIDING SYSTEM VALUE VALUES (502,4,0,'При создании исключений посредством throw можно в конструкторе указывать текстовое сообщение:<br /><br />&nbsp;throw new Exception("Ow! I fell.");<br /><br />Это соглашение, а не правило. Можно представить ситуацию, что создатель класса-исключения не предусмотрит конструктора, принимающего произвольную строку.',TIMESTAMP '1970-01-01 03:00:00',TIMESTAMP '1970-01-01 03:00:00');
INSERT INTO Question (id,realmId,type,text,regDate,updateDate) OVERRIDING SYSTEM VALUE VALUES (503,4,2,'Охарактеризуйте три основных разновидности Throwable с точки зрения<br />1) иерархии<br />2) возможности поймать<br />3) обязательности handle or declare',TIMESTAMP '1970-01-01 03:00:00',TIMESTAMP '2019-01-26 14:15:27');
	INSERT INTO Answer (id,questionId,text,correct,comment) OVERRIDING SYSTEM VALUE VALUES (1136,503,'I. Непроверяемые исключения<br />1) java.lang.RuntimeException и подклассы<br />2) можно поймать<br />3) не нужно handle or declare<br /><br />II. Проверяемые исключения<br />1) java.lang.Exception и подклассы, кроме RuntimeException<br />2) можно поймать<br />3) нужно handle or declare<br /><br />III. Ошибки<br />1) Error и подклассы<br />2) можно поймать, но не нужно - обработать Error не удастся, все слишком плохо<br />3) не нужно handle or declare',true,'');
INSERT INTO Question (id,realmId,type,text,regDate,updateDate) OVERRIDING SYSTEM VALUE VALUES (504,4,2,'Опишите синтаксис try-catch-finally',TIMESTAMP '1970-01-01 03:00:00',TIMESTAMP '1970-01-01 03:00:00');
	INSERT INTO Answer (id,questionId,text,correct,comment) OVERRIDING SYSTEM VALUE VALUES (1137,504,'<strong>try</strong> {<br />&nbsp;&nbsp;&nbsp; // блок кода, в котором может быть исключение<br />&nbsp;&nbsp;&nbsp; // (также называется protected code)<br />} <strong>catch</strong> (<span style="text-decoration: underline;">ExceptionType1</span> <em>exRef</em>) {<br />&nbsp;&nbsp;&nbsp; // код, обрабатывающий исключение<br />} [<strong>catch</strong> (<span style="text-decoration: underline;">ExceptionType2</span> <em>exRef</em>) {<br />&nbsp;&nbsp;&nbsp; // код, обрабатывающий исключение<br />}] <strong>finally</strong> {<br />&nbsp;&nbsp;&nbsp; // код, который выполняется всегда, независимо от того,<br />&nbsp;&nbsp;&nbsp; // встретилось ли исключение<br />}<br /><br />Фигурные скобки <span style="text-decoration: underline;">обязательны</span>.<br />Наличие catch и/или finally (только в таком порядке) <span style="text-decoration: underline;">обязательно</span>.',true,'');
INSERT INTO Question (id,realmId,type,text,regDate,updateDate) OVERRIDING SYSTEM VALUE VALUES (505,4,0,'<strong>try</strong> не может использоваться без <strong>catch</strong> или <strong>finally</strong>.',TIMESTAMP '1970-01-01 03:00:00',TIMESTAMP '1970-01-01 03:00:00');
INSERT INTO Question (id,realmId,type,text,regDate,updateDate) OVERRIDING SYSTEM VALUE VALUES (506,4,1,'Отметьте примеры кода, которые скомпилируются.',TIMESTAMP '1970-01-01 03:00:00',TIMESTAMP '1970-01-01 03:00:00');
	INSERT INTO Answer (id,questionId,text,correct,comment) OVERRIDING SYSTEM VALUE VALUES (1138,506,'try {<br />&nbsp;&nbsp;&nbsp; fall();<br />} finally {<br />&nbsp;&nbsp;&nbsp; System.out.println("all better");<br />} catch (Exception e) {<br />&nbsp;&nbsp;&nbsp; System.out.println("get up");<br />}',false,'неверный порядок catch/finally');
	INSERT INTO Answer (id,questionId,text,correct,comment) OVERRIDING SYSTEM VALUE VALUES (1139,506,'try {<br />&nbsp;&nbsp;&nbsp; fall();<br />}',false,'try без catch и/или finally');
	INSERT INTO Answer (id,questionId,text,correct,comment) OVERRIDING SYSTEM VALUE VALUES (1140,506,'try {<br />&nbsp;&nbsp;&nbsp; fall();<br />} finally {<br />&nbsp;&nbsp;&nbsp; System.out.println("all better");<br />}',true,'');
INSERT INTO Question (id,realmId,type,text,regDate,updateDate) OVERRIDING SYSTEM VALUE VALUES (507,4,2,'Каким будет результат работы следующего кода?<br /><br />String s = "";<br />try {<br />&nbsp;&nbsp;&nbsp; s += "t";<br />} catch(Exception e) {<br />&nbsp;&nbsp;&nbsp; s += "c";<br />} finally {<br />&nbsp;&nbsp;&nbsp; s += "f";<br />}<br />s += "a";<br />System.out.print(s);',TIMESTAMP '1970-01-01 03:00:00',TIMESTAMP '1970-01-01 03:00:00');
	INSERT INTO Answer (id,questionId,text,correct,comment) OVERRIDING SYSTEM VALUE VALUES (1141,507,'tfa',true,'');
INSERT INTO Question (id,realmId,type,text,regDate,updateDate) OVERRIDING SYSTEM VALUE VALUES (508,4,0,'Если в блоках try или catch вызывается метод System.exit(int), то блок finally не отрабатывает.',TIMESTAMP '1970-01-01 03:00:00',TIMESTAMP '1970-01-01 03:00:00');
INSERT INTO Question (id,realmId,type,text,regDate,updateDate) OVERRIDING SYSTEM VALUE VALUES (509,4,0,'Если имеется несколько блоков <strong>catch</strong>, то компилятор просматривает их в порядке появления. Если какой-либо из блоков <strong>catch</strong> недостижим (например, сначала ловится родительский класс, а потом дочерний) - будет ошибка компиляции',TIMESTAMP '1970-01-01 03:00:00',TIMESTAMP '1970-01-01 03:00:00');
INSERT INTO Question (id,realmId,type,text,regDate,updateDate) OVERRIDING SYSTEM VALUE VALUES (510,4,2,'Когда порядок исключений в блоках catch не важен?',TIMESTAMP '1970-01-01 03:00:00',TIMESTAMP '1970-01-01 03:00:00');
	INSERT INTO Answer (id,questionId,text,correct,comment) OVERRIDING SYSTEM VALUE VALUES (1142,510,'Когда исключения не связаны иерархически.',true,'');
INSERT INTO Question (id,realmId,type,text,regDate,updateDate) OVERRIDING SYSTEM VALUE VALUES (511,4,0,'В примере<br /><br />26: try {<br />27:&nbsp;&nbsp;&nbsp;&nbsp; throw new RuntimeException();<br />28: } catch (RuntimeException e) {<br />29:&nbsp;&nbsp;&nbsp;&nbsp; throw new RuntimeException();<br />30: } finally {<br />31:&nbsp;&nbsp;&nbsp;&nbsp; throw new Exception();<br />32: }<br /><br />происходит следующее. Блок <strong>catch</strong> выбрасывает исключение. Однако блок <strong>finally</strong> отрабатывает сразу после <strong>catch</strong> и выбрасывает собственное исключение. В результате исключение из <strong>catch</strong> теряется! Выход - обрабатывать исключения в коде <strong>finally</strong>.',TIMESTAMP '1970-01-01 03:00:00',TIMESTAMP '1970-01-01 03:00:00');
INSERT INTO Question (id,realmId,type,text,regDate,updateDate) OVERRIDING SYSTEM VALUE VALUES (512,4,2,'Каким будет результат работы следующего кода?<br /><br />30: public String exceptions() {<br />31:&nbsp;&nbsp;&nbsp;&nbsp; String result = "";<br />32:&nbsp;&nbsp;&nbsp;&nbsp; String v = null;<br />33:&nbsp;&nbsp;&nbsp;&nbsp; try {<br />34:&nbsp;&nbsp;&nbsp;&nbsp;&nbsp;&nbsp;&nbsp;&nbsp; try {<br />35:&nbsp;&nbsp;&nbsp;&nbsp;&nbsp;&nbsp;&nbsp;&nbsp;&nbsp;&nbsp;&nbsp;&nbsp; result += "before";<br />36:&nbsp;&nbsp;&nbsp;&nbsp;&nbsp;&nbsp;&nbsp;&nbsp;&nbsp;&nbsp;&nbsp;&nbsp; v.length();<br />37:&nbsp;&nbsp;&nbsp;&nbsp;&nbsp;&nbsp;&nbsp;&nbsp;&nbsp;&nbsp;&nbsp;&nbsp; result += "after";<br />38:&nbsp;&nbsp;&nbsp;&nbsp;&nbsp;&nbsp;&nbsp;&nbsp; } catch (NullPointerException e) {<br />39:&nbsp;&nbsp;&nbsp;&nbsp;&nbsp;&nbsp;&nbsp;&nbsp;&nbsp;&nbsp;&nbsp;&nbsp; result += "catch";<br />40:&nbsp;&nbsp;&nbsp;&nbsp;&nbsp;&nbsp;&nbsp;&nbsp;&nbsp;&nbsp;&nbsp;&nbsp; throw new RuntimeException();<br />41:&nbsp;&nbsp;&nbsp;&nbsp;&nbsp;&nbsp;&nbsp;&nbsp; } finally {<br />42:&nbsp;&nbsp;&nbsp;&nbsp;&nbsp;&nbsp;&nbsp;&nbsp;&nbsp;&nbsp;&nbsp;&nbsp; result += "finally";<br />43:&nbsp;&nbsp;&nbsp;&nbsp;&nbsp;&nbsp;&nbsp;&nbsp;&nbsp;&nbsp;&nbsp;&nbsp; throw new Exception();<br />44:&nbsp;&nbsp;&nbsp;&nbsp;&nbsp;&nbsp;&nbsp;&nbsp; }<br />45:&nbsp;&nbsp;&nbsp;&nbsp; } catch (Exception e) {<br />46:&nbsp;&nbsp;&nbsp;&nbsp;&nbsp;&nbsp;&nbsp;&nbsp;&nbsp;&nbsp;&nbsp;&nbsp; result += "done";<br />47:&nbsp;&nbsp;&nbsp;&nbsp; }<br />48:&nbsp;&nbsp;&nbsp;&nbsp; return result;<br />49: }',TIMESTAMP '1970-01-01 03:00:00',TIMESTAMP '1970-01-01 03:00:00');
	INSERT INTO Answer (id,questionId,text,correct,comment) OVERRIDING SYSTEM VALUE VALUES (1143,512,'beforecatchfinallydone',true,'');
INSERT INTO Question (id,realmId,type,text,regDate,updateDate) OVERRIDING SYSTEM VALUE VALUES (513,4,0,'Список наиболее популярных непроверяемых исключений:<br /><br /><strong>ArithmeticException</strong> <br />Порождается JVM при делении на ноль<br /><strong>ArrayIndexOutOfBoundsException</strong> <br />Порождается JVM при попытке обращению к массиву по несуществующему индексу<br /><strong>ClassCastException</strong> <br />Порождается JVM при попытке осуществить кастинг объекта в типу, которым тот не является<br /><strong>IllegalArgumentException</strong> <br />Порождается программистом при передаче в метод невалидного аргумента:<br />public void setNumberEggs(int numberEggs) {<br />&nbsp;&nbsp;&nbsp; if (numberEggs &lt; 0)<br />&nbsp;&nbsp;&nbsp;&nbsp;&nbsp;&nbsp;&nbsp; throw new IllegalArgumentException(<br />&nbsp;&nbsp;&nbsp; "# eggs must not be negative");<br />&nbsp;&nbsp;&nbsp; this.numberEggs = numberEggs;<br />}<br /><strong>NullPointerException</strong> <br />Порождается JVM при попытке обращения к методам пустой ссылки<br /><strong>NumberFormatException&nbsp;</strong>(подкласс IllegalArgumentException) <br />Порождается программистом при попытке преобразовать к числу строку в неверном формате.',TIMESTAMP '1970-01-01 03:00:00',TIMESTAMP '1970-01-01 03:00:00');
INSERT INTO Question (id,realmId,type,text,regDate,updateDate) OVERRIDING SYSTEM VALUE VALUES (514,4,0,'<p>Часто встречающиеся проверяемые исключения:<br /><br /><strong>FileNotFoundException</strong> (подкласс IOException)<br />Порождаются программно, если код пытается обратиться к файлу, которого нет.<br /><strong>IOException</strong> <br />Порождаются программно, если при чтении из файла/записи в файл возникают проблемы.</p>',TIMESTAMP '1970-01-01 03:00:00',TIMESTAMP '1970-01-01 03:00:00');
INSERT INTO Question (id,realmId,type,text,regDate,updateDate) OVERRIDING SYSTEM VALUE VALUES (515,4,0,'Часто встречающиеся <span style="text-decoration: underline;">ошибки</span>:<br /><br /><strong>ExceptionInInitializerError</strong> <br />Порождаются JVM, если в статическом инициализаторе возникает и не обрабатывается исключение. В этом случае класс нельзя использовать:<br />Exception in thread "main" java.lang.ExceptionInInitializerError<br />Caused by: java.lang.ArrayIndexOutOfBoundsException: -1<br /><strong>StackOverflowError</strong> <br />Порождаются JVM при бесконечной рекурсии<br /><strong>NoClassDefFoundError</strong> <br />Порождаются JVM, если класс, используемый кодом, доступен на этапе компиляции, но не виден в рантайме.<br />java.lang.<strong>NoSuchMethodError</strong><br />Порождаются JVM, если метод, используемый кодом, доступен на этапе компиляции, но не виден в рантайме.',TIMESTAMP '1970-01-01 03:00:00',TIMESTAMP '2019-01-26 13:37:38');
INSERT INTO Question (id,realmId,type,text,regDate,updateDate) OVERRIDING SYSTEM VALUE VALUES (516,4,2,'Скомпилируется ли следующий код?<br /><br />class NoMoreCarrotsException extends Exception {}<br />public class Bunny {<br />&nbsp;&nbsp;&nbsp; public static void main(String[] args) {<br />&nbsp;&nbsp;&nbsp;&nbsp;&nbsp;&nbsp;&nbsp; eatCarrot();<br />&nbsp;&nbsp;&nbsp; }<br />&nbsp;&nbsp;&nbsp; private static void eatCarrot() throws NoMoreCarrotsException {}<br />}',TIMESTAMP '1970-01-01 03:00:00',TIMESTAMP '1970-01-01 03:00:00');
	INSERT INTO Answer (id,questionId,text,correct,comment) OVERRIDING SYSTEM VALUE VALUES (1144,516,'Нет. В методе main проверяемое исключение должно либо обрабатываться:<br />public static void main(String[] args) {<br />&nbsp;&nbsp;&nbsp; try {<br />&nbsp;&nbsp;&nbsp;&nbsp;&nbsp;&nbsp;&nbsp; eatCarrot();<br />&nbsp;&nbsp;&nbsp; } catch (NoMoreCarrotsException e ) {<br />&nbsp;&nbsp;&nbsp;&nbsp;&nbsp;&nbsp;&nbsp; System.out.print("sad rabbit");<br />&nbsp;&nbsp;&nbsp; }<br />}<br />либо объявляться:<br />public static void main(String[] args) throws NoMoreCarrotsException {<br />&nbsp;&nbsp;&nbsp; eatCarrot();<br />}',true,'');
INSERT INTO Question (id,realmId,type,text,regDate,updateDate) OVERRIDING SYSTEM VALUE VALUES (517,4,2,'Скомпилируется ли следующий код?<br /><br />class NoMoreCarrotsException extends Exception {}<br />public class Bunny {<br />&nbsp;&nbsp;&nbsp; public static void main(String[] args) {<br />&nbsp; &nbsp;&nbsp; &nbsp;&nbsp; try {<br />&nbsp;&nbsp;&nbsp; &nbsp; &nbsp; &nbsp; eatCarrot();<br />&nbsp; &nbsp;&nbsp; &nbsp;&nbsp; } catch (NoMoreCarrotsException e ) {<br />&nbsp;&nbsp;&nbsp; &nbsp; &nbsp;&nbsp; &nbsp;&nbsp; System.out.print("sad rabbit");<br />&nbsp; &nbsp;&nbsp; &nbsp;&nbsp; }<br />&nbsp;&nbsp;&nbsp; }<br />&nbsp;&nbsp;&nbsp; private static void eatCarrot() {}<br />}',TIMESTAMP '1970-01-01 03:00:00',TIMESTAMP '1970-01-01 03:00:00');
	INSERT INTO Answer (id,questionId,text,correct,comment) OVERRIDING SYSTEM VALUE VALUES (1145,517,'Нет. В методе main производится попытка обработать <span style="text-decoration: underline;">проверяемое</span> исключение, которое не продуцируется методом eatCarrot(). Поэтому компилятор детектирует недостижимый код.',true,'');
INSERT INTO Question (id,realmId,type,text,regDate,updateDate) OVERRIDING SYSTEM VALUE VALUES (518,4,2,'Скомпилируется ли следующий код?<br /><br />class CanNotHopException extends Exception { }<br />class Hopper {<br />&nbsp;&nbsp;&nbsp; public void hop() { }<br />}<br />class Bunny extends Hopper {<br />&nbsp;&nbsp;&nbsp; public void hop() throws CanNotHopException { }<br />}',TIMESTAMP '1970-01-01 03:00:00',TIMESTAMP '1970-01-01 03:00:00');
	INSERT INTO Answer (id,questionId,text,correct,comment) OVERRIDING SYSTEM VALUE VALUES (1146,518,'Нет. Переопределенный метод не имеет права вводить новые или расширять имеющиеся в родительском методе исключения.',true,'');
INSERT INTO Question (id,realmId,type,text,regDate,updateDate) OVERRIDING SYSTEM VALUE VALUES (519,4,2,'Скомпилируется ли следующий код?<br /><br />class CanNotHopException extends Exception { }<br />class Hopper {<br />&nbsp;&nbsp;&nbsp; public void hop() throws Exception { }<br />}<br />class Bunny extends Hopper {<br />&nbsp;&nbsp;&nbsp; public void hop() throws CanNotHopException { }<br />}',TIMESTAMP '1970-01-01 03:00:00',TIMESTAMP '1970-01-01 03:00:00');
	INSERT INTO Answer (id,questionId,text,correct,comment) OVERRIDING SYSTEM VALUE VALUES (1147,519,'Да. Переопределенный класс имеет право порождать исключения, являющиеся подклассами исключений, порождаемых в родительском классе.',true,'');
INSERT INTO Question (id,realmId,type,text,regDate,updateDate) OVERRIDING SYSTEM VALUE VALUES (520,4,2,'Скомпилируется ли следующий код?<br /><br />class Hopper {<br />&nbsp;&nbsp;&nbsp; public void hop() { }<br />}<br />class Bunny extends Hopper {<br />&nbsp;&nbsp;&nbsp; public void hop() throws IllegalStateException { }<br />}',TIMESTAMP '1970-01-01 03:00:00',TIMESTAMP '1970-01-01 03:00:00');
	INSERT INTO Answer (id,questionId,text,correct,comment) OVERRIDING SYSTEM VALUE VALUES (1148,520,'Да. IllegalStateException - это проверяемое исключение, поэтому его не нужно специально декларировать/обрабатывать.',true,'');
INSERT INTO Question (id,realmId,type,text,regDate,updateDate) OVERRIDING SYSTEM VALUE VALUES (521,4,2,'Назовите 3 способа печати исключения (например, при обработке):',TIMESTAMP '1970-01-01 03:00:00',TIMESTAMP '1970-01-01 03:00:00');
	INSERT INTO Answer (id,questionId,text,correct,comment) OVERRIDING SYSTEM VALUE VALUES (1149,521,'<strong>1</strong>. Просто напечатать в консоль:<br />System.out.println(ex);<br />По умолчанию должен напечататься тип исключение и сообщение об ошибке.<br /><strong><br />2</strong>. Напечатать в консоль только сообщение об ошибке:<br />System.out.println(ex.getMessage());<br /><strong><br />3</strong>. Напечатать в консоль всю доступную информацию, включая стек исключения:<br />ex.printStackTrace();',true,'');
INSERT INTO Question (id,realmId,type,text,regDate,updateDate) OVERRIDING SYSTEM VALUE VALUES (522,4,1,'Which of the following statements are true? (Choose all that apply)',TIMESTAMP '1970-01-01 03:00:00',TIMESTAMP '1970-01-01 03:00:00');
	INSERT INTO Answer (id,questionId,text,correct,comment) OVERRIDING SYSTEM VALUE VALUES (1152,522,'You can declare only checked exceptions.',false,'');
	INSERT INTO Answer (id,questionId,text,correct,comment) OVERRIDING SYSTEM VALUE VALUES (1153,522,'You can declare only unchecked exceptions.',false,'');
	INSERT INTO Answer (id,questionId,text,correct,comment) OVERRIDING SYSTEM VALUE VALUES (1154,522,'You can handle only Exception subclasses.',false,'Можно обрабатывать и подклассы Error но это плохая идея.');
	INSERT INTO Answer (id,questionId,text,correct,comment) OVERRIDING SYSTEM VALUE VALUES (1150,522,'Runtime exceptions are the same thing as checked exceptions.',false,'');
	INSERT INTO Answer (id,questionId,text,correct,comment) OVERRIDING SYSTEM VALUE VALUES (1151,522,'Runtime exceptions are the same thing as unchecked exceptions.',true,'');
INSERT INTO Question (id,realmId,type,text,regDate,updateDate) OVERRIDING SYSTEM VALUE VALUES (523,4,0,'Мы можем объявлять непроверяемое исключение, но обрабатывать его в вызывающем методе не обязаны.',TIMESTAMP '1970-01-01 03:00:00',TIMESTAMP '1970-01-01 03:00:00');
INSERT INTO Question (id,realmId,type,text,regDate,updateDate) OVERRIDING SYSTEM VALUE VALUES (524,4,1,'<p>Which of the following pairs fill in the blanks to make this code compile? (Choose all that apply)</p>
<p>7: public void ohNo() _____ Exception {<br />8: _____________ Exception();<br />9: }</p>',TIMESTAMP '1970-01-01 03:00:00',TIMESTAMP '1970-01-01 03:00:00');
	INSERT INTO Answer (id,questionId,text,correct,comment) OVERRIDING SYSTEM VALUE VALUES (1155,524,'On line 7, fill in throw',false,'');
	INSERT INTO Answer (id,questionId,text,correct,comment) OVERRIDING SYSTEM VALUE VALUES (1156,524,'On line 7, fill in throws',true,'');
	INSERT INTO Answer (id,questionId,text,correct,comment) OVERRIDING SYSTEM VALUE VALUES (1157,524,'On line 8, fill in throw',false,'');
	INSERT INTO Answer (id,questionId,text,correct,comment) OVERRIDING SYSTEM VALUE VALUES (1158,524,'On line 8, fill in throw new',true,'');
	INSERT INTO Answer (id,questionId,text,correct,comment) OVERRIDING SYSTEM VALUE VALUES (1159,524,'On line 8, fill in throws',false,'');
	INSERT INTO Answer (id,questionId,text,correct,comment) OVERRIDING SYSTEM VALUE VALUES (1160,524,'On line 8, fill in throws new',false,'');
INSERT INTO Question (id,realmId,type,text,regDate,updateDate) OVERRIDING SYSTEM VALUE VALUES (525,4,1,'When are you required to use a finally block in a regular try statement (not a try-withresources)?',TIMESTAMP '1970-01-01 03:00:00',TIMESTAMP '1970-01-01 03:00:00');
	INSERT INTO Answer (id,questionId,text,correct,comment) OVERRIDING SYSTEM VALUE VALUES (1161,525,'Never.',false,'');
	INSERT INTO Answer (id,questionId,text,correct,comment) OVERRIDING SYSTEM VALUE VALUES (1162,525,'When the program code doesn&rsquo;t terminate on its own.',false,'');
	INSERT INTO Answer (id,questionId,text,correct,comment) OVERRIDING SYSTEM VALUE VALUES (1163,525,'When there are no catch blocks in a try statement.',true,'');
	INSERT INTO Answer (id,questionId,text,correct,comment) OVERRIDING SYSTEM VALUE VALUES (1164,525,'When there is exactly one catch block in a try statement.',false,'');
	INSERT INTO Answer (id,questionId,text,correct,comment) OVERRIDING SYSTEM VALUE VALUES (1165,525,'When there are two or more catch blocks in a try statement.',false,'');
INSERT INTO Question (id,realmId,type,text,regDate,updateDate) OVERRIDING SYSTEM VALUE VALUES (526,4,1,'<p>Which exception will the following throw?</p>
<p>Object obj = new Integer(3);<br />String str = (String) obj;<br />System.out.println(str);</p>',TIMESTAMP '1970-01-01 03:00:00',TIMESTAMP '1970-01-01 03:00:00');
	INSERT INTO Answer (id,questionId,text,correct,comment) OVERRIDING SYSTEM VALUE VALUES (1168,526,'IllegalArgumentException',false,'');
	INSERT INTO Answer (id,questionId,text,correct,comment) OVERRIDING SYSTEM VALUE VALUES (1169,526,'NumberFormatException',false,'');
	INSERT INTO Answer (id,questionId,text,correct,comment) OVERRIDING SYSTEM VALUE VALUES (1170,526,'None of the above.',false,'');
	INSERT INTO Answer (id,questionId,text,correct,comment) OVERRIDING SYSTEM VALUE VALUES (1166,526,'ArrayIndexOutOfBoundsException',false,'');
	INSERT INTO Answer (id,questionId,text,correct,comment) OVERRIDING SYSTEM VALUE VALUES (1167,526,'ClassCastException',true,'');
INSERT INTO Question (id,realmId,type,text,regDate,updateDate) OVERRIDING SYSTEM VALUE VALUES (527,4,1,'Which of the following exceptions are thrown by the JVM? (Choose all that apply)',TIMESTAMP '1970-01-01 03:00:00',TIMESTAMP '1970-01-01 03:00:00');
	INSERT INTO Answer (id,questionId,text,correct,comment) OVERRIDING SYSTEM VALUE VALUES (1171,527,'ArrayIndexOutOfBoundsException',true,'');
	INSERT INTO Answer (id,questionId,text,correct,comment) OVERRIDING SYSTEM VALUE VALUES (1172,527,'ExceptionInInitializerError',true,'');
	INSERT INTO Answer (id,questionId,text,correct,comment) OVERRIDING SYSTEM VALUE VALUES (1173,527,'java.io.IOException',false,'');
	INSERT INTO Answer (id,questionId,text,correct,comment) OVERRIDING SYSTEM VALUE VALUES (1174,527,'NullPointerException',true,'');
	INSERT INTO Answer (id,questionId,text,correct,comment) OVERRIDING SYSTEM VALUE VALUES (1175,527,'NumberFormatException',false,'');
INSERT INTO Question (id,realmId,type,text,regDate,updateDate) OVERRIDING SYSTEM VALUE VALUES (528,4,1,'What will happen if you add the statement System.out.println(5 / 0); to a working main() method?',TIMESTAMP '1970-01-01 03:00:00',TIMESTAMP '1970-01-01 03:00:00');
	INSERT INTO Answer (id,questionId,text,correct,comment) OVERRIDING SYSTEM VALUE VALUES (1176,528,'It will not compile.',false,'');
	INSERT INTO Answer (id,questionId,text,correct,comment) OVERRIDING SYSTEM VALUE VALUES (1177,528,'It will not run.',false,'');
	INSERT INTO Answer (id,questionId,text,correct,comment) OVERRIDING SYSTEM VALUE VALUES (1178,528,'It will run and throw an ArithmeticException.',true,'');
	INSERT INTO Answer (id,questionId,text,correct,comment) OVERRIDING SYSTEM VALUE VALUES (1179,528,'It will run and throw an IllegalArgumentException.',false,'');
	INSERT INTO Answer (id,questionId,text,correct,comment) OVERRIDING SYSTEM VALUE VALUES (1180,528,'None of the above.',false,'');
INSERT INTO Question (id,realmId,type,text,regDate,updateDate) OVERRIDING SYSTEM VALUE VALUES (529,4,1,'<p>What is printed besides the stack trace caused by the NullPointerException from line 16?</p>
<p>1: public class DoSomething {<br />2:&nbsp;&nbsp;&nbsp;&nbsp; public void go() {<br />3:&nbsp;&nbsp;&nbsp;&nbsp;&nbsp;&nbsp;&nbsp;&nbsp; System.out.print("A");<br />4:&nbsp;&nbsp;&nbsp;&nbsp;&nbsp;&nbsp;&nbsp;&nbsp; try {<br />5:&nbsp;&nbsp;&nbsp;&nbsp;&nbsp;&nbsp;&nbsp;&nbsp;&nbsp;&nbsp;&nbsp;&nbsp; stop();<br />6:&nbsp;&nbsp;&nbsp;&nbsp;&nbsp;&nbsp;&nbsp;&nbsp; } catch (ArithmeticException e) {<br />7:&nbsp;&nbsp;&nbsp;&nbsp;&nbsp;&nbsp;&nbsp;&nbsp;&nbsp;&nbsp;&nbsp;&nbsp; System.out.print("B");<br />8:&nbsp;&nbsp;&nbsp;&nbsp;&nbsp;&nbsp;&nbsp;&nbsp; } finally {<br />9:&nbsp;&nbsp;&nbsp;&nbsp;&nbsp;&nbsp;&nbsp;&nbsp;&nbsp;&nbsp;&nbsp;&nbsp; System.out.print("C");<br />10:&nbsp;&nbsp;&nbsp;&nbsp;&nbsp;&nbsp;&nbsp; }<br />11:&nbsp;&nbsp;&nbsp;&nbsp;&nbsp;&nbsp;&nbsp; System.out.print("D");<br />12:&nbsp;&nbsp;&nbsp; }<br />13:&nbsp;&nbsp;&nbsp; public void stop() {<br />14:&nbsp;&nbsp;&nbsp;&nbsp;&nbsp;&nbsp;&nbsp; System.out.print("E");<br />15:&nbsp;&nbsp;&nbsp;&nbsp;&nbsp;&nbsp;&nbsp; Object x = null;<br />16:&nbsp;&nbsp;&nbsp;&nbsp;&nbsp;&nbsp;&nbsp; x.toString();<br />17:&nbsp;&nbsp;&nbsp;&nbsp;&nbsp;&nbsp;&nbsp; System.out.print("F");<br />18:&nbsp;&nbsp;&nbsp; }<br />19:&nbsp;&nbsp;&nbsp; public static void main(String[] args) {<br />20:&nbsp;&nbsp;&nbsp;&nbsp;&nbsp;&nbsp;&nbsp; new DoSomething().go();<br />21:&nbsp;&nbsp;&nbsp; }<br />22: }</p>',TIMESTAMP '1970-01-01 03:00:00',TIMESTAMP '1970-01-01 03:00:00');
	INSERT INTO Answer (id,questionId,text,correct,comment) OVERRIDING SYSTEM VALUE VALUES (1184,529,'AECD',false,'');
	INSERT INTO Answer (id,questionId,text,correct,comment) OVERRIDING SYSTEM VALUE VALUES (1185,529,'No output appears other than the stack trace.',false,'');
	INSERT INTO Answer (id,questionId,text,correct,comment) OVERRIDING SYSTEM VALUE VALUES (1181,529,'AE',false,'');
	INSERT INTO Answer (id,questionId,text,correct,comment) OVERRIDING SYSTEM VALUE VALUES (1182,529,'AEBCD',false,'');
	INSERT INTO Answer (id,questionId,text,correct,comment) OVERRIDING SYSTEM VALUE VALUES (1183,529,'AEC',true,'');
INSERT INTO Question (id,realmId,type,text,regDate,updateDate) OVERRIDING SYSTEM VALUE VALUES (530,4,1,'<p>What is the output of the following snippet, assuming a and b are both 0?</p>
<p>3: try {<br />4:&nbsp;&nbsp;&nbsp;&nbsp; return a / b;<br />5: } catch (RuntimeException e) {<br />6:&nbsp;&nbsp;&nbsp;&nbsp; return -1;<br />7: } catch (ArithmeticException e) {<br />8:&nbsp;&nbsp;&nbsp;&nbsp; return 0;<br />9: } finally {<br />10:&nbsp;&nbsp;&nbsp;&nbsp; System.out.print("done");<br />11: }</p>',TIMESTAMP '1970-01-01 03:00:00',TIMESTAMP '1970-01-01 03:00:00');
	INSERT INTO Answer (id,questionId,text,correct,comment) OVERRIDING SYSTEM VALUE VALUES (1186,530,'-1',false,'');
	INSERT INTO Answer (id,questionId,text,correct,comment) OVERRIDING SYSTEM VALUE VALUES (1187,530,'0',false,'');
	INSERT INTO Answer (id,questionId,text,correct,comment) OVERRIDING SYSTEM VALUE VALUES (1188,530,'done-1',false,'');
	INSERT INTO Answer (id,questionId,text,correct,comment) OVERRIDING SYSTEM VALUE VALUES (1189,530,'done0',false,'');
	INSERT INTO Answer (id,questionId,text,correct,comment) OVERRIDING SYSTEM VALUE VALUES (1190,530,'The code does not compile.',true,'т.к. сначала ловится родительский класс, а потом дочерний');
	INSERT INTO Answer (id,questionId,text,correct,comment) OVERRIDING SYSTEM VALUE VALUES (1191,530,'An uncaught exception is thrown.',false,'');
INSERT INTO Question (id,realmId,type,text,regDate,updateDate) OVERRIDING SYSTEM VALUE VALUES (531,4,1,'<p>What is the output of the following program?</p>
<p>1: public class Laptop {<br />2:&nbsp;&nbsp;&nbsp;&nbsp; public void start() {<br />3:&nbsp;&nbsp;&nbsp;&nbsp;&nbsp;&nbsp;&nbsp;&nbsp; try {<br />4:&nbsp;&nbsp;&nbsp;&nbsp;&nbsp;&nbsp;&nbsp;&nbsp;&nbsp;&nbsp;&nbsp;&nbsp; System.out.print("Starting up ");<br />5:&nbsp;&nbsp;&nbsp;&nbsp;&nbsp;&nbsp;&nbsp;&nbsp;&nbsp;&nbsp;&nbsp;&nbsp; throw new Exception();<br />6:&nbsp;&nbsp;&nbsp;&nbsp;&nbsp;&nbsp;&nbsp;&nbsp; } catch (Exception e) {<br />7:&nbsp;&nbsp;&nbsp;&nbsp;&nbsp;&nbsp;&nbsp;&nbsp;&nbsp;&nbsp;&nbsp;&nbsp; System.out.print("Problem ");<br />8:&nbsp;&nbsp;&nbsp;&nbsp;&nbsp;&nbsp;&nbsp;&nbsp;&nbsp;&nbsp;&nbsp;&nbsp; System.exit(0);<br />9:&nbsp;&nbsp;&nbsp;&nbsp;&nbsp;&nbsp;&nbsp;&nbsp; } finally {<br />10:&nbsp;&nbsp;&nbsp;&nbsp;&nbsp;&nbsp;&nbsp;&nbsp;&nbsp;&nbsp;&nbsp; System.out.print("Shutting down ");<br />11:&nbsp;&nbsp;&nbsp;&nbsp;&nbsp;&nbsp;&nbsp; }<br />12:&nbsp;&nbsp;&nbsp; }<br />13:&nbsp;&nbsp;&nbsp; public static void main(String[] args) {<br />14:&nbsp;&nbsp;&nbsp;&nbsp;&nbsp;&nbsp;&nbsp; new Laptop().start();<br />15: } }</p>',TIMESTAMP '1970-01-01 03:00:00',TIMESTAMP '1970-01-01 03:00:00');
	INSERT INTO Answer (id,questionId,text,correct,comment) OVERRIDING SYSTEM VALUE VALUES (1192,531,'Starting up',false,'');
	INSERT INTO Answer (id,questionId,text,correct,comment) OVERRIDING SYSTEM VALUE VALUES (1193,531,'Starting up Problem',true,'');
	INSERT INTO Answer (id,questionId,text,correct,comment) OVERRIDING SYSTEM VALUE VALUES (1194,531,'Starting up Problem Shutting down',false,'');
	INSERT INTO Answer (id,questionId,text,correct,comment) OVERRIDING SYSTEM VALUE VALUES (1195,531,'Starting up Shutting down',false,'');
	INSERT INTO Answer (id,questionId,text,correct,comment) OVERRIDING SYSTEM VALUE VALUES (1196,531,'The code does not compile.',false,'');
	INSERT INTO Answer (id,questionId,text,correct,comment) OVERRIDING SYSTEM VALUE VALUES (1197,531,'An uncaught exception is thrown.',false,'');
INSERT INTO Question (id,realmId,type,text,regDate,updateDate) OVERRIDING SYSTEM VALUE VALUES (532,4,1,'<p>What is the output of the following program?</p>
<p>1: public class Dog {<br />2:&nbsp;&nbsp;&nbsp;&nbsp; public String name;<br />3:&nbsp;&nbsp;&nbsp;&nbsp; public void parseName() {<br />4:&nbsp;&nbsp;&nbsp;&nbsp;&nbsp;&nbsp;&nbsp;&nbsp; System.out.print("1");<br />5:&nbsp;&nbsp;&nbsp;&nbsp;&nbsp;&nbsp;&nbsp;&nbsp; try {<br />6:&nbsp;&nbsp;&nbsp;&nbsp;&nbsp;&nbsp;&nbsp;&nbsp;&nbsp;&nbsp;&nbsp;&nbsp; System.out.print("2");<br />7:&nbsp;&nbsp;&nbsp;&nbsp;&nbsp;&nbsp;&nbsp;&nbsp;&nbsp;&nbsp;&nbsp;&nbsp; int x = Integer.parseInt(name);<br />8:&nbsp;&nbsp;&nbsp;&nbsp;&nbsp;&nbsp;&nbsp;&nbsp;&nbsp;&nbsp;&nbsp;&nbsp; System.out.print("3");<br />9:&nbsp;&nbsp;&nbsp;&nbsp;&nbsp;&nbsp;&nbsp;&nbsp; } catch (NumberFormatException e) {<br />10:&nbsp;&nbsp;&nbsp;&nbsp;&nbsp;&nbsp;&nbsp;&nbsp;&nbsp;&nbsp;&nbsp; System.out.print("4");<br />11:&nbsp;&nbsp;&nbsp;&nbsp;&nbsp;&nbsp;&nbsp; }<br />12:&nbsp;&nbsp;&nbsp; }<br />13:&nbsp;&nbsp;&nbsp; public static void main(String[] args) {<br />14:&nbsp;&nbsp;&nbsp;&nbsp;&nbsp;&nbsp;&nbsp; Dog leroy = new Dog();<br />15:&nbsp;&nbsp;&nbsp;&nbsp;&nbsp;&nbsp;&nbsp; leroy.name = "Leroy";<br />16:&nbsp;&nbsp;&nbsp;&nbsp;&nbsp;&nbsp;&nbsp; leroy.parseName();<br />17:&nbsp;&nbsp;&nbsp;&nbsp;&nbsp;&nbsp;&nbsp; System.out.print("5");<br />18: } }</p>',TIMESTAMP '1970-01-01 03:00:00',TIMESTAMP '1970-01-01 03:00:00');
	INSERT INTO Answer (id,questionId,text,correct,comment) OVERRIDING SYSTEM VALUE VALUES (1200,532,'1235',false,'');
	INSERT INTO Answer (id,questionId,text,correct,comment) OVERRIDING SYSTEM VALUE VALUES (1201,532,'124',false,'');
	INSERT INTO Answer (id,questionId,text,correct,comment) OVERRIDING SYSTEM VALUE VALUES (1202,532,'1245',true,'');
	INSERT INTO Answer (id,questionId,text,correct,comment) OVERRIDING SYSTEM VALUE VALUES (1203,532,'The code does not compile.',false,'');
	INSERT INTO Answer (id,questionId,text,correct,comment) OVERRIDING SYSTEM VALUE VALUES (1204,532,'An uncaught exception is thrown.',false,'');
	INSERT INTO Answer (id,questionId,text,correct,comment) OVERRIDING SYSTEM VALUE VALUES (1198,532,'12',false,'');
	INSERT INTO Answer (id,questionId,text,correct,comment) OVERRIDING SYSTEM VALUE VALUES (1199,532,'1234',false,'');
INSERT INTO Question (id,realmId,type,text,regDate,updateDate) OVERRIDING SYSTEM VALUE VALUES (533,4,1,'<p>What is the output of the following program?</p>
<p>1: public class Cat {<br />2:&nbsp;&nbsp;&nbsp;&nbsp; public String name;<br />3:&nbsp;&nbsp;&nbsp;&nbsp; public void parseName() {<br />4:&nbsp;&nbsp;&nbsp;&nbsp;&nbsp;&nbsp;&nbsp;&nbsp; System.out.print("1");<br />5:&nbsp;&nbsp;&nbsp;&nbsp;&nbsp;&nbsp;&nbsp;&nbsp; try {<br />6:&nbsp;&nbsp;&nbsp;&nbsp;&nbsp;&nbsp;&nbsp;&nbsp;&nbsp;&nbsp;&nbsp;&nbsp; System.out.print("2");<br />7:&nbsp;&nbsp;&nbsp;&nbsp;&nbsp;&nbsp;&nbsp;&nbsp;&nbsp;&nbsp;&nbsp;&nbsp; int x = Integer.parseInt(name);<br />8:&nbsp;&nbsp;&nbsp;&nbsp;&nbsp;&nbsp;&nbsp;&nbsp;&nbsp;&nbsp;&nbsp;&nbsp; System.out.print("3");<br />9:&nbsp;&nbsp;&nbsp;&nbsp;&nbsp;&nbsp;&nbsp;&nbsp; } catch (NullPointerException e) {<br />10:&nbsp;&nbsp;&nbsp;&nbsp;&nbsp;&nbsp;&nbsp;&nbsp;&nbsp;&nbsp;&nbsp; System.out.print("4");<br />11:&nbsp;&nbsp;&nbsp;&nbsp;&nbsp;&nbsp;&nbsp; }<br />12:&nbsp;&nbsp;&nbsp;&nbsp;&nbsp;&nbsp;&nbsp; System.out.print("5");<br />13:&nbsp;&nbsp;&nbsp; }<br />14:&nbsp;&nbsp;&nbsp; public static void main(String[] args) {<br />15:&nbsp;&nbsp;&nbsp;&nbsp;&nbsp;&nbsp;&nbsp; Cat leo = new Cat();<br />16:&nbsp;&nbsp;&nbsp;&nbsp;&nbsp;&nbsp;&nbsp; leo.name = "Leo";<br />17:&nbsp;&nbsp;&nbsp;&nbsp;&nbsp;&nbsp;&nbsp; leo.parseName();<br />18:&nbsp;&nbsp;&nbsp;&nbsp;&nbsp;&nbsp;&nbsp; System.out.print("6");<br />19:&nbsp;&nbsp;&nbsp; }<br />20: }</p>',TIMESTAMP '1970-01-01 03:00:00',TIMESTAMP '1970-01-01 03:00:00');
	INSERT INTO Answer (id,questionId,text,correct,comment) OVERRIDING SYSTEM VALUE VALUES (1205,533,'12, followed by a stack trace for a NumberFormatException',true,'');
	INSERT INTO Answer (id,questionId,text,correct,comment) OVERRIDING SYSTEM VALUE VALUES (1206,533,'124, followed by a stack trace for a NumberFormatException',false,'');
	INSERT INTO Answer (id,questionId,text,correct,comment) OVERRIDING SYSTEM VALUE VALUES (1207,533,'12456',false,'');
	INSERT INTO Answer (id,questionId,text,correct,comment) OVERRIDING SYSTEM VALUE VALUES (1208,533,'1256, followed by a stack trace for a NumberFormatException',false,'');
	INSERT INTO Answer (id,questionId,text,correct,comment) OVERRIDING SYSTEM VALUE VALUES (1209,533,'The code does not compile.',false,'');
	INSERT INTO Answer (id,questionId,text,correct,comment) OVERRIDING SYSTEM VALUE VALUES (1210,533,'An uncaught exception is thrown.',false,'');
INSERT INTO Question (id,realmId,type,text,regDate,updateDate) OVERRIDING SYSTEM VALUE VALUES (534,4,1,'What is printed by the following? (Choose all that apply)<br /><br />1: public class Mouse {<br />2:&nbsp;&nbsp;&nbsp;&nbsp; public String name;<br />3:&nbsp;&nbsp;&nbsp;&nbsp; public void run() {<br />4:&nbsp;&nbsp;&nbsp;&nbsp;&nbsp;&nbsp;&nbsp;&nbsp; System.out.print("1");<br />5:&nbsp;&nbsp;&nbsp;&nbsp;&nbsp;&nbsp;&nbsp;&nbsp; try {<br />6:&nbsp;&nbsp;&nbsp;&nbsp;&nbsp;&nbsp;&nbsp;&nbsp;&nbsp;&nbsp;&nbsp;&nbsp; System.out.print("2");<br />7:&nbsp;&nbsp;&nbsp;&nbsp;&nbsp;&nbsp;&nbsp;&nbsp;&nbsp;&nbsp;&nbsp;&nbsp; name.toString();<br />8:&nbsp;&nbsp;&nbsp;&nbsp;&nbsp;&nbsp;&nbsp;&nbsp;&nbsp;&nbsp;&nbsp;&nbsp; System.out.print("3");<br />9:&nbsp;&nbsp;&nbsp;&nbsp;&nbsp;&nbsp;&nbsp;&nbsp; } catch (NullPointerException e) {<br />10:&nbsp;&nbsp;&nbsp;&nbsp;&nbsp;&nbsp;&nbsp;&nbsp;&nbsp;&nbsp;&nbsp; System.out.print("4");<br />11:&nbsp;&nbsp;&nbsp;&nbsp;&nbsp;&nbsp;&nbsp;&nbsp;&nbsp;&nbsp;&nbsp; throw e;<br />12:&nbsp;&nbsp;&nbsp;&nbsp;&nbsp;&nbsp;&nbsp; }<br />13:&nbsp;&nbsp;&nbsp;&nbsp;&nbsp;&nbsp; System.out.print("5");<br />14:&nbsp;&nbsp;&nbsp; }<br />15:&nbsp;&nbsp;&nbsp; public static void main(String[] args) {<br />16:&nbsp;&nbsp;&nbsp;&nbsp;&nbsp;&nbsp;&nbsp; Mouse jerry = new Mouse();<br />17:&nbsp;&nbsp;&nbsp;&nbsp;&nbsp;&nbsp;&nbsp; jerry.run();<br />18:&nbsp;&nbsp;&nbsp;&nbsp;&nbsp;&nbsp;&nbsp; System.out.print("6");<br />19: } }',TIMESTAMP '1970-01-01 03:00:00',TIMESTAMP '1970-01-01 03:00:00');
	INSERT INTO Answer (id,questionId,text,correct,comment) OVERRIDING SYSTEM VALUE VALUES (1216,534,'6',false,'');
	INSERT INTO Answer (id,questionId,text,correct,comment) OVERRIDING SYSTEM VALUE VALUES (1217,534,'The stack trace for a NullPointerException',true,'Если программа заканчивается непойманным исключением, то печатается стек');
	INSERT INTO Answer (id,questionId,text,correct,comment) OVERRIDING SYSTEM VALUE VALUES (1211,534,'1',true,'');
	INSERT INTO Answer (id,questionId,text,correct,comment) OVERRIDING SYSTEM VALUE VALUES (1212,534,'2',true,'');
	INSERT INTO Answer (id,questionId,text,correct,comment) OVERRIDING SYSTEM VALUE VALUES (1213,534,'3',false,'');
	INSERT INTO Answer (id,questionId,text,correct,comment) OVERRIDING SYSTEM VALUE VALUES (1214,534,'4',true,'');
	INSERT INTO Answer (id,questionId,text,correct,comment) OVERRIDING SYSTEM VALUE VALUES (1215,534,'5',false,'');
INSERT INTO Question (id,realmId,type,text,regDate,updateDate) OVERRIDING SYSTEM VALUE VALUES (535,4,1,'Which of the following statements are true? (Choose all that apply)',TIMESTAMP '1970-01-01 03:00:00',TIMESTAMP '1970-01-01 03:00:00');
	INSERT INTO Answer (id,questionId,text,correct,comment) OVERRIDING SYSTEM VALUE VALUES (1218,535,'You can declare a method with Exception as the return type.',true,'');
	INSERT INTO Answer (id,questionId,text,correct,comment) OVERRIDING SYSTEM VALUE VALUES (1219,535,'You can declare any subclass of Error in the throws part of a method declaration.',true,'объявлять можно все, что можно породить (throw). Породить можно все, что является Throwable');
	INSERT INTO Answer (id,questionId,text,correct,comment) OVERRIDING SYSTEM VALUE VALUES (1220,535,'You can declare any subclass of Exception in the throws part of a method declaration.',true,'');
	INSERT INTO Answer (id,questionId,text,correct,comment) OVERRIDING SYSTEM VALUE VALUES (1221,535,'You can declare any subclass of Object in the throws part of a method declaration.',false,'');
	INSERT INTO Answer (id,questionId,text,correct,comment) OVERRIDING SYSTEM VALUE VALUES (1222,535,'You can declare any subclass of RuntimeException in the throws part of a method declaration.',true,'');
INSERT INTO Question (id,realmId,type,text,regDate,updateDate) OVERRIDING SYSTEM VALUE VALUES (536,4,0,'Класс <strong>Error</strong> и его потомков, объявленных в сигнатуре метода, вызывающий метод обрабатывать не обязан. <strong>Throwable</strong> и его потомков, кроме ветвей <strong>Error</strong> и <strong>RuntimeException</strong> - обязан.',TIMESTAMP '1970-01-01 03:00:00',TIMESTAMP '1970-01-01 03:00:00');
INSERT INTO Question (id,realmId,type,text,regDate,updateDate) OVERRIDING SYSTEM VALUE VALUES (537,4,1,'Which of the following can be inserted on line 8 to make this code compile? (Choose all that apply)<br /><br />7: public void ohNo() throws IOException {<br />8:&nbsp;&nbsp;&nbsp;&nbsp; // INSERT CODE HERE<br />9: }',TIMESTAMP '1970-01-01 03:00:00',TIMESTAMP '1970-01-01 03:00:00');
	INSERT INTO Answer (id,questionId,text,correct,comment) OVERRIDING SYSTEM VALUE VALUES (1223,537,'System.out.println("it''s ok");',true,'');
	INSERT INTO Answer (id,questionId,text,correct,comment) OVERRIDING SYSTEM VALUE VALUES (1224,537,'throw new Exception();',false,'');
	INSERT INTO Answer (id,questionId,text,correct,comment) OVERRIDING SYSTEM VALUE VALUES (1225,537,'throw new IllegalArgumentException();',true,'');
	INSERT INTO Answer (id,questionId,text,correct,comment) OVERRIDING SYSTEM VALUE VALUES (1226,537,'throw new java.io.IOException();',true,'');
	INSERT INTO Answer (id,questionId,text,correct,comment) OVERRIDING SYSTEM VALUE VALUES (1227,537,'throw new RuntimeException();',true,'');
INSERT INTO Question (id,realmId,type,text,regDate,updateDate) OVERRIDING SYSTEM VALUE VALUES (538,4,1,'Which of the following are unchecked exceptions? (Choose all that apply)',TIMESTAMP '1970-01-01 03:00:00',TIMESTAMP '1970-01-01 03:00:00');
	INSERT INTO Answer (id,questionId,text,correct,comment) OVERRIDING SYSTEM VALUE VALUES (1232,538,'Any exception that extends RuntimeException',true,'');
	INSERT INTO Answer (id,questionId,text,correct,comment) OVERRIDING SYSTEM VALUE VALUES (1233,538,'&nbsp;Any exception that extends Exception',false,'');
	INSERT INTO Answer (id,questionId,text,correct,comment) OVERRIDING SYSTEM VALUE VALUES (1228,538,'ArrayIndexOutOfBoundsException',true,'');
	INSERT INTO Answer (id,questionId,text,correct,comment) OVERRIDING SYSTEM VALUE VALUES (1229,538,'IllegalArgumentException',true,'');
	INSERT INTO Answer (id,questionId,text,correct,comment) OVERRIDING SYSTEM VALUE VALUES (1230,538,'IOException',false,'');
	INSERT INTO Answer (id,questionId,text,correct,comment) OVERRIDING SYSTEM VALUE VALUES (1231,538,'NumberFormatException',true,'');
INSERT INTO Question (id,realmId,type,text,regDate,updateDate) OVERRIDING SYSTEM VALUE VALUES (539,4,1,'Which scenario is the best use of an exception?',TIMESTAMP '1970-01-01 03:00:00',TIMESTAMP '1970-01-01 03:00:00');
	INSERT INTO Answer (id,questionId,text,correct,comment) OVERRIDING SYSTEM VALUE VALUES (1234,539,'An element is not found when searching a list.',false,'');
	INSERT INTO Answer (id,questionId,text,correct,comment) OVERRIDING SYSTEM VALUE VALUES (1235,539,'An unexpected parameter is passed into a method.',true,'');
	INSERT INTO Answer (id,questionId,text,correct,comment) OVERRIDING SYSTEM VALUE VALUES (1236,539,'The computer caught fire.',false,'Бежать надо, а не исключения программировать');
	INSERT INTO Answer (id,questionId,text,correct,comment) OVERRIDING SYSTEM VALUE VALUES (1237,539,'You want to loop through a list.',false,'');
	INSERT INTO Answer (id,questionId,text,correct,comment) OVERRIDING SYSTEM VALUE VALUES (1238,539,'You don&rsquo;t know how to code a method.',false,'');
INSERT INTO Question (id,realmId,type,text,regDate,updateDate) OVERRIDING SYSTEM VALUE VALUES (540,4,1,'<p>Which of the following can be inserted into Lion to make this code compile? (Choose all that apply)</p>
<p>class HasSoreThroatException extends Exception {}<br />class TiredException extends RuntimeException {}<br />interface Roar {<br />&nbsp;&nbsp;&nbsp; void roar() throws HasSoreThroatException;<br />}<br />class Lion implements Roar {// INSERT CODE HERE<br />}</p>',TIMESTAMP '1970-01-01 03:00:00',TIMESTAMP '1970-01-01 03:00:00');
	INSERT INTO Answer (id,questionId,text,correct,comment) OVERRIDING SYSTEM VALUE VALUES (1239,540,'public void roar(){}',true,'');
	INSERT INTO Answer (id,questionId,text,correct,comment) OVERRIDING SYSTEM VALUE VALUES (1240,540,'public void roar() throws Exception{}',false,'');
	INSERT INTO Answer (id,questionId,text,correct,comment) OVERRIDING SYSTEM VALUE VALUES (1241,540,'public void roar() throws HasSoreThroatException{}',true,'');
	INSERT INTO Answer (id,questionId,text,correct,comment) OVERRIDING SYSTEM VALUE VALUES (1242,540,'public void roar() throws IllegalArgumentException{}',true,'');
	INSERT INTO Answer (id,questionId,text,correct,comment) OVERRIDING SYSTEM VALUE VALUES (1243,540,'public void roar() throws TiredException{}',true,'');
INSERT INTO Question (id,realmId,type,text,regDate,updateDate) OVERRIDING SYSTEM VALUE VALUES (541,4,1,'Which of the following are true? (Choose all that apply)',TIMESTAMP '1970-01-01 03:00:00',TIMESTAMP '1970-01-01 03:00:00');
	INSERT INTO Answer (id,questionId,text,correct,comment) OVERRIDING SYSTEM VALUE VALUES (1248,541,'Runtime exceptions are allowed to be handled or declared.',true,'');
	INSERT INTO Answer (id,questionId,text,correct,comment) OVERRIDING SYSTEM VALUE VALUES (1249,541,'Runtime exceptions are required to be handled or declared.',false,'');
	INSERT INTO Answer (id,questionId,text,correct,comment) OVERRIDING SYSTEM VALUE VALUES (1244,541,'Checked exceptions are allowed to be handled or declared.',true,'');
	INSERT INTO Answer (id,questionId,text,correct,comment) OVERRIDING SYSTEM VALUE VALUES (1245,541,'Checked exceptions are required to be handled or declared.',true,'');
	INSERT INTO Answer (id,questionId,text,correct,comment) OVERRIDING SYSTEM VALUE VALUES (1246,541,'Errors are allowed to be handled or declared.',true,'...но это плохая практика');
	INSERT INTO Answer (id,questionId,text,correct,comment) OVERRIDING SYSTEM VALUE VALUES (1247,541,'Errors are required to be handled or declared.',false,'');
INSERT INTO Question (id,realmId,type,text,regDate,updateDate) OVERRIDING SYSTEM VALUE VALUES (542,4,1,'<p>Which of the following can be inserted in the blank to make the code compile? (Choose all that apply)</p>
<p>public static void main(String[] args) {<br />&nbsp;&nbsp;&nbsp; try {<br />&nbsp;&nbsp;&nbsp;&nbsp;&nbsp;&nbsp;&nbsp; System.out.println("work real hard");<br />&nbsp;&nbsp;&nbsp; } catch (_____________ e) {<br />&nbsp;&nbsp;&nbsp; } catch (RuntimeException e) {<br />&nbsp;&nbsp;&nbsp; }<br />}</p>',TIMESTAMP '1970-01-01 03:00:00',TIMESTAMP '1970-01-01 03:00:00');
	INSERT INTO Answer (id,questionId,text,correct,comment) OVERRIDING SYSTEM VALUE VALUES (1250,542,'Exception',false,'');
	INSERT INTO Answer (id,questionId,text,correct,comment) OVERRIDING SYSTEM VALUE VALUES (1251,542,'IOException',false,'нельзя. System.out.println() не выбрасывает такого исключения, взяться ему неоткуда, так что получится недостижимый код.');
	INSERT INTO Answer (id,questionId,text,correct,comment) OVERRIDING SYSTEM VALUE VALUES (1252,542,'IllegalArgumentException',true,'');
	INSERT INTO Answer (id,questionId,text,correct,comment) OVERRIDING SYSTEM VALUE VALUES (1253,542,'RuntimeException',false,'');
	INSERT INTO Answer (id,questionId,text,correct,comment) OVERRIDING SYSTEM VALUE VALUES (1254,542,'StackOverflowError',true,'');
	INSERT INTO Answer (id,questionId,text,correct,comment) OVERRIDING SYSTEM VALUE VALUES (1255,542,'None of the above.',false,'');
INSERT INTO Question (id,realmId,type,text,regDate,updateDate) OVERRIDING SYSTEM VALUE VALUES (543,4,2,'Скомпилируется ли следующий код?<br /><br />try {<br />&nbsp;&nbsp;&nbsp; System.out.println(5);<br />} catch (Exception e) {<br />&nbsp;&nbsp;&nbsp;&nbsp;&nbsp;&nbsp;&nbsp;&nbsp;&nbsp;<br />}',TIMESTAMP '1970-01-01 03:00:00',TIMESTAMP '1970-01-01 03:00:00');
	INSERT INTO Answer (id,questionId,text,correct,comment) OVERRIDING SYSTEM VALUE VALUES (1256,543,'Да. Хотя Exception - это непроверяемое исключение, а метод System.out.println() такого не выбрасывает, оно является родителем для проверяемых исключений, поэтому его можно ловить.',true,'');
INSERT INTO Question (id,realmId,type,text,regDate,updateDate) OVERRIDING SYSTEM VALUE VALUES (544,4,2,'Скомпилируется ли следующий код?<br /><br />try {<br />&nbsp;&nbsp;&nbsp; System.out.println(5);<br />} catch (IOException e) {<br />&nbsp;&nbsp;&nbsp;&nbsp;&nbsp;&nbsp;&nbsp;&nbsp;&nbsp;<br />}',TIMESTAMP '1970-01-01 03:00:00',TIMESTAMP '1970-01-01 03:00:00');
	INSERT INTO Answer (id,questionId,text,correct,comment) OVERRIDING SYSTEM VALUE VALUES (1257,544,'Нет. Метод System.out.println() не выбрасывает IOException, поэтому образуется недостижимый код.',true,'');
INSERT INTO Question (id,realmId,type,text,regDate,updateDate) OVERRIDING SYSTEM VALUE VALUES (545,4,1,'<p>What does the output of the following contain? (Choose all that apply)</p>
<p>12: public static void main(String[] args) {<br />13:&nbsp;&nbsp;&nbsp; System.out.print("a");<br />14:&nbsp;&nbsp;&nbsp; try {<br />15:&nbsp;&nbsp;&nbsp;&nbsp;&nbsp;&nbsp; System.out.print("b");<br />16:&nbsp;&nbsp;&nbsp;&nbsp;&nbsp;&nbsp; throw new IllegalArgumentException();<br />17:&nbsp;&nbsp;&nbsp; } catch (IllegalArgumentException e) {<br />18:&nbsp;&nbsp;&nbsp;&nbsp;&nbsp;&nbsp; System.out.print("c");<br />19:&nbsp;&nbsp;&nbsp;&nbsp;&nbsp;&nbsp; throw new RuntimeException("1");<br />20:&nbsp;&nbsp;&nbsp; } catch (RuntimeException e) {<br />21:&nbsp;&nbsp;&nbsp;&nbsp;&nbsp;&nbsp; System.out.print("d");<br />22:&nbsp;&nbsp;&nbsp;&nbsp;&nbsp;&nbsp; throw new RuntimeException("2");<br />23:&nbsp;&nbsp;&nbsp; } finally {<br />24:&nbsp;&nbsp;&nbsp;&nbsp;&nbsp;&nbsp; System.out.print("e");<br />25:&nbsp;&nbsp;&nbsp;&nbsp;&nbsp;&nbsp; throw new RuntimeException("3");<br />26:&nbsp;&nbsp;&nbsp; }<br />27: }</p>',TIMESTAMP '1970-01-01 03:00:00',TIMESTAMP '1970-01-01 03:00:00');
	INSERT INTO Answer (id,questionId,text,correct,comment) OVERRIDING SYSTEM VALUE VALUES (1258,545,'abce',true,'');
	INSERT INTO Answer (id,questionId,text,correct,comment) OVERRIDING SYSTEM VALUE VALUES (1259,545,'abde',false,'');
	INSERT INTO Answer (id,questionId,text,correct,comment) OVERRIDING SYSTEM VALUE VALUES (1260,545,'An exception with the message set to "1"',false,'');
	INSERT INTO Answer (id,questionId,text,correct,comment) OVERRIDING SYSTEM VALUE VALUES (1261,545,'An exception with the message set to "2"',false,'');
	INSERT INTO Answer (id,questionId,text,correct,comment) OVERRIDING SYSTEM VALUE VALUES (1262,545,'An exception with the message set to "3"',true,'исключение из finally отменяет то, которое появилось в блоке catch');
	INSERT INTO Answer (id,questionId,text,correct,comment) OVERRIDING SYSTEM VALUE VALUES (1263,545,'Nothing; the code does not compile.',false,'');
INSERT INTO Question (id,realmId,type,text,regDate,updateDate) OVERRIDING SYSTEM VALUE VALUES (546,8,2,'Скомпилируется ли следующий код?<br /><br />
<div>package cat;</div>
<div>public class BigCat {</div>
<div>&nbsp; &nbsp; public String name = "cat";</div>
<div>&nbsp; &nbsp; protected boolean hasFur = true;</div>
<div>&nbsp; &nbsp; boolean hasPaws = true;</div>
<div>&nbsp; &nbsp; private int id;</div>
<div>}</div>
<div>&nbsp;</div>
<div>package cat.species;</div>
<div>import cat.BigCat;</div>
<div>public class Lynx extends BigCat {&nbsp;</div>
<div>&nbsp; &nbsp; public static void main(String[] args) {</div>
<div>&nbsp; &nbsp; &nbsp; &nbsp; BigCat cat = new Lynx();</div>
<div>&nbsp; &nbsp; &nbsp; &nbsp; System.out.println(cat.name);</div>
<div>&nbsp; &nbsp; &nbsp; &nbsp; System.out.println(cat.hasFur);</div>
<div>&nbsp; &nbsp; }</div>
<div>}</div>',TIMESTAMP '1970-01-01 03:00:00',TIMESTAMP '1970-01-01 03:00:00');
	INSERT INTO Answer (id,questionId,text,correct,comment) OVERRIDING SYSTEM VALUE VALUES (1264,546,'Нет. К полю&nbsp;<strong>hasFur</strong> имеется доступ у ссылки типа&nbsp;Lynx (по <strong>protected</strong>), но нет доступа у ссылки типа <strong>BigCat</strong>, даже если реальный экземпляр имеет тип <strong>Lynx</strong>. То же самое было бы актуально для <strong>protected</strong>-метода.',true,'');
INSERT INTO Question (id,realmId,type,text,regDate,updateDate) OVERRIDING SYSTEM VALUE VALUES (547,8,2,'Укажите приоритеты критериев, по которым&nbsp;Java выбирает, какой метод вызвать среди перезагруженных, если по аргументу подходят несколько.',TIMESTAMP '1970-01-01 03:00:00',TIMESTAMP '1970-01-01 03:00:00');
	INSERT INTO Answer (id,questionId,text,correct,comment) OVERRIDING SYSTEM VALUE VALUES (1265,547,'1) точное соответствие по типу<br />2) соответствие по родительскому классу<br />3) соответствие по примитивному типу большей размерности<br />4) соответствие по классу обертки<br />5) варарги',true,'');
INSERT INTO Question (id,realmId,type,text,regDate,updateDate) OVERRIDING SYSTEM VALUE VALUES (548,8,1,'<div>К каким строкам нижеприведенного кода можно добавить модификатор <strong>static</strong>? (укажите все возможные варианты)<br /><br />1: abstract class Cat {</div>
<div>2: &nbsp; &nbsp; String name = "The Cat";</div>
<div>3: &nbsp; &nbsp; void clean() { }</div>
<div>4: }</div>
<div>5: class Lion extends Cat {</div>
<div>6: &nbsp; &nbsp; void clean() { }</div>
<div>7: }</div>',TIMESTAMP '1970-01-01 03:00:00',TIMESTAMP '1970-01-01 03:00:00');
	INSERT INTO Answer (id,questionId,text,correct,comment) OVERRIDING SYSTEM VALUE VALUES (1266,548,'3 и 7',true,'методы с одинаковой сигнатурой &nbsp;могут быть статичными, хотя это не будет наследование');
	INSERT INTO Answer (id,questionId,text,correct,comment) OVERRIDING SYSTEM VALUE VALUES (1267,548,'3',false,'нельзя. переопределяемый метод не может быть static');
	INSERT INTO Answer (id,questionId,text,correct,comment) OVERRIDING SYSTEM VALUE VALUES (1268,548,'7',false,'<span style="line-height: 18.2000007629395px;">нельзя. переопределяющий метод не может быть static</span>');
	INSERT INTO Answer (id,questionId,text,correct,comment) OVERRIDING SYSTEM VALUE VALUES (1269,548,'2',true,'');
INSERT INTO Question (id,realmId,type,text,regDate,updateDate) OVERRIDING SYSTEM VALUE VALUES (549,8,1,'<div>К каким строкам нижеприведенного кода можно добавить модификатор <strong>final</strong>? (укажите все возможные варианты)</div>
<div>&nbsp;</div>
<div>1: abstract class Cat {</div>
<div>2: &nbsp; &nbsp; String name = "The Cat";</div>
<div>3: &nbsp; &nbsp; void clean() { }</div>
<div>4: }</div>
<div>5: class Lion extends Cat {</div>
<div>6: &nbsp; &nbsp; void clean() { }</div>
<div>7: }</div>',TIMESTAMP '1970-01-01 03:00:00',TIMESTAMP '1970-01-01 03:00:00');
	INSERT INTO Answer (id,questionId,text,correct,comment) OVERRIDING SYSTEM VALUE VALUES (1270,549,'2',true,'');
	INSERT INTO Answer (id,questionId,text,correct,comment) OVERRIDING SYSTEM VALUE VALUES (1271,549,'3',false,'в дочернем классе производится попытка переопределить этот метод, а он финальный');
	INSERT INTO Answer (id,questionId,text,correct,comment) OVERRIDING SYSTEM VALUE VALUES (1272,549,'1',false,'класс не может быть одновременно абстрактным и финальным');
	INSERT INTO Answer (id,questionId,text,correct,comment) OVERRIDING SYSTEM VALUE VALUES (1273,549,'6',true,'');
	INSERT INTO Answer (id,questionId,text,correct,comment) OVERRIDING SYSTEM VALUE VALUES (1274,549,'5',true,'');
INSERT INTO Question (id,realmId,type,text,regDate,updateDate) OVERRIDING SYSTEM VALUE VALUES (550,8,2,'Добавьте в нижеприведенный код блок import, чтобы исчезли ошибки компиляции.<br /><br />public class ListHelper {<br />&nbsp;&nbsp;&nbsp; public List &lt;String&gt; copyAndSortList(List &lt;String&gt; original) {<br />&nbsp;&nbsp;&nbsp;&nbsp;&nbsp;&nbsp;&nbsp; List &lt;String&gt; list = new ArrayList &lt;String&gt;(original);<br />&nbsp;&nbsp;&nbsp;&nbsp;&nbsp;&nbsp;&nbsp; sort(list);<br />&nbsp;&nbsp;&nbsp;&nbsp;&nbsp;&nbsp;&nbsp; return list;<br />&nbsp;&nbsp;&nbsp; }<br />}',TIMESTAMP '1970-01-01 03:00:00',TIMESTAMP '1970-01-01 03:00:00');
	INSERT INTO Answer (id,questionId,text,correct,comment) OVERRIDING SYSTEM VALUE VALUES (1275,550,'import java.util.*<br />import static java.util.Collections.*<br /><br />или<br /><br />import java.util.List<br />import java.util.ArrayList<br />import static java.util.Collections.sort',true,'');
INSERT INTO Question (id,realmId,type,text,regDate,updateDate) OVERRIDING SYSTEM VALUE VALUES (551,8,2,'В каком случае instanceof будет всегда возвращать <strong>false</strong>?',TIMESTAMP '1970-01-01 03:00:00',TIMESTAMP '1970-01-01 03:00:00');
	INSERT INTO Answer (id,questionId,text,correct,comment) OVERRIDING SYSTEM VALUE VALUES (1276,551,'если сравнивается литерал <strong>null</strong> или null-ссылка:<br /><br />boolean b = null instanceof Object; // false<br /><br />Object o = null;<br />boolean b = o instanceof Object; //false',true,'');
INSERT INTO Question (id,realmId,type,text,regDate,updateDate) OVERRIDING SYSTEM VALUE VALUES (552,8,2,'Когда instanceof будет всегда возвращать <strong>true</strong>?',TIMESTAMP '1970-01-01 03:00:00',TIMESTAMP '1970-01-01 03:00:00');
	INSERT INTO Answer (id,questionId,text,correct,comment) OVERRIDING SYSTEM VALUE VALUES (1277,552,'Когда непустая объектная ссылка сравнивается с Object:<br /><br />boolean b = new String() instanceof Object; // true',true,'');
INSERT INTO Question (id,realmId,type,text,regDate,updateDate) OVERRIDING SYSTEM VALUE VALUES (553,8,1,'Что вернет <strong>instanceof</strong>, если ссылка определенного типа сравнивается с типом&nbsp;из другой ветви иерархии?<br /><br />boolean b = new String() instanceof&nbsp;ArrayList;',TIMESTAMP '1970-01-01 03:00:00',TIMESTAMP '1970-01-01 03:00:00');
	INSERT INTO Answer (id,questionId,text,correct,comment) OVERRIDING SYSTEM VALUE VALUES (1280,553,'Ошибка компиляции',true,'');
	INSERT INTO Answer (id,questionId,text,correct,comment) OVERRIDING SYSTEM VALUE VALUES (1278,553,'true',false,'');
	INSERT INTO Answer (id,questionId,text,correct,comment) OVERRIDING SYSTEM VALUE VALUES (1279,553,'false',false,'');
INSERT INTO Question (id,realmId,type,text,regDate,updateDate) OVERRIDING SYSTEM VALUE VALUES (554,8,1,'Что вернет <strong>instanceof</strong>, если ссылка определенного типа сравнивается с типом&nbsp;интерфейса, который не реализует?<br /><br />boolean b = new String() instanceof List;',TIMESTAMP '1970-01-01 03:00:00',TIMESTAMP '1970-01-01 03:00:00');
	INSERT INTO Answer (id,questionId,text,correct,comment) OVERRIDING SYSTEM VALUE VALUES (1281,554,'true',false,'');
	INSERT INTO Answer (id,questionId,text,correct,comment) OVERRIDING SYSTEM VALUE VALUES (1282,554,'false',false,'');
	INSERT INTO Answer (id,questionId,text,correct,comment) OVERRIDING SYSTEM VALUE VALUES (1283,554,'Ошибка компиляции',false,'<p>&nbsp;</p>');
	INSERT INTO Answer (id,questionId,text,correct,comment) OVERRIDING SYSTEM VALUE VALUES (1284,554,'false, если класс не финальный, ошибка компиляции, если финальный.',true,'Для нефинального класса ошибки не будет, поскольку даже если класс не реализует интерфейс, в дальнейшем потомок этого класса, возможно, реализует интерфейс.');
INSERT INTO Question (id,realmId,type,text,regDate,updateDate) OVERRIDING SYSTEM VALUE VALUES (555,8,0,'Одна из функций <strong>instanceof</strong> - предварять кастинг объектов.<br /><br />public void feedAnimal(Animal animal) {<br />&nbsp;&nbsp;&nbsp; if(animal instanceof Cow) {<br />&nbsp;&nbsp;&nbsp;&nbsp;&nbsp;&nbsp;&nbsp; ((Cow)animal).addHay();<br />&nbsp;&nbsp;&nbsp; } else if(animal instanceof Bird) {<br />&nbsp;&nbsp;&nbsp;&nbsp;&nbsp;&nbsp;&nbsp; ((Bird)animal).addSeed();<br />&nbsp;&nbsp;&nbsp; } else if(animal instanceof Lion) {<br />&nbsp;&nbsp;&nbsp;&nbsp;&nbsp;&nbsp;&nbsp; ((Lion)animal).addMeat();<br />&nbsp;&nbsp;&nbsp; } else {<br />&nbsp;&nbsp;&nbsp;&nbsp;&nbsp;&nbsp;&nbsp; throw new RuntimeException("Unsupported animal");<br />&nbsp;&nbsp;&nbsp; } <br />}',TIMESTAMP '1970-01-01 03:00:00',TIMESTAMP '1970-01-01 03:00:00');
INSERT INTO Question (id,realmId,type,text,regDate,updateDate) OVERRIDING SYSTEM VALUE VALUES (556,8,2,'Что такое <strong>virtual method invocation</strong>?',TIMESTAMP '1970-01-01 03:00:00',TIMESTAMP '1970-01-01 03:00:00');
	INSERT INTO Answer (id,questionId,text,correct,comment) OVERRIDING SYSTEM VALUE VALUES (1285,556,'Это определение в суперклассе метода, имплементация которого предполагается в дочерних классах. Это позволяет вызывать метод на ссылке типа суперкласса (например, при передаче такой ссылки в сервисный метод).<br /><br />В большинстве случаев вышеуказанный метод будет абстрактным.',true,'');
INSERT INTO Question (id,realmId,type,text,regDate,updateDate) OVERRIDING SYSTEM VALUE VALUES (557,8,2,'Что будет напечатано после выполнения следующего кода?<br /><br />abstract class Animal {<br />&nbsp;&nbsp;&nbsp; String name = "???";<br />&nbsp;&nbsp;&nbsp; public void printName() {<br />&nbsp;&nbsp;&nbsp;&nbsp;&nbsp;&nbsp;&nbsp; System.out.println(name);<br />&nbsp;&nbsp;&nbsp; }<br />}<br />class Lion extends Animal {<br />&nbsp;&nbsp;&nbsp; String name = "Leo";<br />}<br />public class PlayWithAnimal {<br />&nbsp;&nbsp;&nbsp; public static void main(String... args) {<br />&nbsp;&nbsp;&nbsp;&nbsp;&nbsp;&nbsp;&nbsp; Animal animal = new Lion();<br />&nbsp;&nbsp;&nbsp;&nbsp;&nbsp;&nbsp;&nbsp; animal.printName();<br />&nbsp;&nbsp;&nbsp; }<br />}',TIMESTAMP '1970-01-01 03:00:00',TIMESTAMP '1970-01-01 03:00:00');
	INSERT INTO Answer (id,questionId,text,correct,comment) OVERRIDING SYSTEM VALUE VALUES (1286,557,'???<br /><br />переменные экземпляра определяются по типу ссылки, а не по реальному типу объекта (т.е. ссылка Animal дает доступ к переменным (и статическим методам) экземпляра суперкласса, который инкапсулирован в экземпляр реального класса, созданного посредством <strong>new</strong>).',true,'');
INSERT INTO Question (id,realmId,type,text,regDate,updateDate) OVERRIDING SYSTEM VALUE VALUES (558,8,2,'Что будет напечатано в результате выполнения следующего кода?<br /><br />abstract class Animal {<br />&nbsp;&nbsp;&nbsp; public void careFor() {<br />&nbsp;&nbsp;&nbsp;&nbsp;&nbsp;&nbsp;&nbsp; play();<br />&nbsp;&nbsp;&nbsp; }<br />&nbsp;&nbsp;&nbsp; public void play() {<br />&nbsp;&nbsp;&nbsp;&nbsp;&nbsp;&nbsp;&nbsp; System.out.println("pet animal");<br />&nbsp;&nbsp;&nbsp; } <br />}<br />class Lion extends Animal {<br />&nbsp;&nbsp;&nbsp; public void play() {<br />&nbsp;&nbsp;&nbsp;&nbsp;&nbsp;&nbsp;&nbsp; System.out.println("toss in meat");<br />&nbsp;&nbsp;&nbsp; } <br />}<br />public class PlayWithAnimal {<br />&nbsp;&nbsp;&nbsp; public static void main(String... args) {<br />&nbsp;&nbsp;&nbsp;&nbsp;&nbsp;&nbsp;&nbsp; Animal animal = new Lion();<br />&nbsp;&nbsp;&nbsp;&nbsp;&nbsp;&nbsp;&nbsp; animal.careFor();<br />&nbsp;&nbsp;&nbsp; } <br />}',TIMESTAMP '1970-01-01 03:00:00',TIMESTAMP '1970-01-01 03:00:00');
	INSERT INTO Answer (id,questionId,text,correct,comment) OVERRIDING SYSTEM VALUE VALUES (1287,558,'toss in meat<br /><br />выполнится переопределенный метод реального класса',true,'');
INSERT INTO Question (id,realmId,type,text,regDate,updateDate) OVERRIDING SYSTEM VALUE VALUES (559,8,2,'Приведите пример использования аннотации <strong>@Override</strong>',TIMESTAMP '1970-01-01 03:00:00',TIMESTAMP '1970-01-01 03:00:00');
	INSERT INTO Answer (id,questionId,text,correct,comment) OVERRIDING SYSTEM VALUE VALUES (1288,559,'class Bobcat {<br />&nbsp;&nbsp;&nbsp; public void findDen() { }<br />}<br />class BobcatMother extends Bobcat {<br />&nbsp;&nbsp;&nbsp; @Override<br />&nbsp;&nbsp;&nbsp; public void findDen() { }<br />}<br /><br />или<br /><br />...<br />@Override public void findDen() { }<br />...',true,'');
INSERT INTO Question (id,realmId,type,text,regDate,updateDate) OVERRIDING SYSTEM VALUE VALUES (560,8,2,'Каков смысл и предназначение аннотации <strong>@Override</strong>?',TIMESTAMP '1970-01-01 03:00:00',TIMESTAMP '1970-01-01 03:00:00');
	INSERT INTO Answer (id,questionId,text,correct,comment) OVERRIDING SYSTEM VALUE VALUES (1289,560,'Эта аннотация не дает случайно ошибиться и перезагрузить метод вместо переопределения.<br /><br />Если&nbsp;в родительском классе интерфейсе нет метода с данной сигнатурой, то добавление @Overriden приведет к ошибке компиляции.',true,'');
INSERT INTO Question (id,realmId,type,text,regDate,updateDate) OVERRIDING SYSTEM VALUE VALUES (561,8,0,'Методы toString(), equals(), hashCode() класса Object предполагаются для переопределения в большинстве реализуемых пользовательских классов (особенно JavaBean)',TIMESTAMP '1970-01-01 03:00:00',TIMESTAMP '1970-01-01 03:00:00');
INSERT INTO Question (id,realmId,type,text,regDate,updateDate) OVERRIDING SYSTEM VALUE VALUES (562,8,0,'<strong>String</strong> переопределяет метод <strong>equals</strong>(), в то время как <strong>StringBuilder</strong> использует версию <strong>Object</strong>.',TIMESTAMP '1970-01-01 03:00:00',TIMESTAMP '1970-01-01 03:00:00');
INSERT INTO Question (id,realmId,type,text,regDate,updateDate) OVERRIDING SYSTEM VALUE VALUES (563,8,2,'Приведите пример реализации элементарного <strong>equals</strong> (без hashCode) для класса:<br /><br />public class Lion {<br />&nbsp;&nbsp;&nbsp; private int idNumber;<br />&nbsp;&nbsp;&nbsp; public Lion(int idNumber) {<br />&nbsp;&nbsp;&nbsp;&nbsp;&nbsp;&nbsp;&nbsp; this.idNumber = idNumber;<br />&nbsp;&nbsp;&nbsp; }<br />}',TIMESTAMP '1970-01-01 03:00:00',TIMESTAMP '1970-01-01 03:00:00');
	INSERT INTO Answer (id,questionId,text,correct,comment) OVERRIDING SYSTEM VALUE VALUES (1290,563,'@Override public boolean equals(Object obj) {<br />&nbsp;&nbsp;&nbsp; if (!(obj instanceof Lion)) return false;<br />&nbsp;&nbsp;&nbsp; Lion otherLion = (Lion) obj;<br />&nbsp;&nbsp;&nbsp; return this.idNumber == otherLion.idNumber;<br />}',true,'');
INSERT INTO Question (id,realmId,type,text,regDate,updateDate) OVERRIDING SYSTEM VALUE VALUES (564,8,2,'Приведите основные правила ("контракт"), которым должен следовать грамотно написанный метод&nbsp; <strong>equals</strong>().',TIMESTAMP '1970-01-01 03:00:00',TIMESTAMP '1970-01-01 03:00:00');
	INSERT INTO Answer (id,questionId,text,correct,comment) OVERRIDING SYSTEM VALUE VALUES (1291,564,'1) <strong>Рефлексивность</strong>: x.equals(x) == true<br /><strong><br /></strong>2)<strong> Симметричность</strong>: x.equals(y) == y.equals(x)<br /><strong><br /></strong>3)<strong> Транзитивность</strong>: Если x.equals(y) == y.equals(z), то x.equals(z)<br /><strong><br /></strong>4)<strong> Консистентность</strong>: x.equals(y) возвращает одно и то же значение независимо от обстоятельств и количества проверок на равенство (<em>при условии, что свойства объектов, используемые в equals, не изменились</em>).<br /><br />5) x.equals(null) должно всегда давать false. (<em>а не продуцировать NPE</em>)',true,'');
INSERT INTO Question (id,realmId,type,text,regDate,updateDate) OVERRIDING SYSTEM VALUE VALUES (565,8,2,'Что плохо в этом методе equals?<br /><br />public boolean equals(Lion obj) {<br />&nbsp;&nbsp;&nbsp; if (obj == null) return false;<br />&nbsp;&nbsp;&nbsp; return this.idNumber == obj.idNumber;<br />}',TIMESTAMP '1970-01-01 03:00:00',TIMESTAMP '1970-01-01 03:00:00');
	INSERT INTO Answer (id,questionId,text,correct,comment) OVERRIDING SYSTEM VALUE VALUES (1292,565,'неверная сигнатура. Этот метод не переопределяет Object.equals()',true,'');
INSERT INTO Question (id,realmId,type,text,regDate,updateDate) OVERRIDING SYSTEM VALUE VALUES (566,0,0,'Для быстрого написания <strong>equals</strong>() можно использовать EqualsBuilder из ApacheCommons:<br /><br />public boolean equals(Object obj) {<br />&nbsp;&nbsp;&nbsp; return EqualsBuilder.reflectionEquals(this, obj);<br />}<br /><br />Если сравнение нужно только по некоторым полям, то делается так:<br /><br />public boolean equals(Object obj) {<br />&nbsp;&nbsp;&nbsp; if ( !(obj instanceof Lion)) return false;<br />&nbsp;&nbsp;&nbsp; Lion other = (Lion) obj;<br />&nbsp;&nbsp;&nbsp; return new EqualsBuilder().appendSuper(super.equals(obj))<br />&nbsp;&nbsp;&nbsp;&nbsp;&nbsp;&nbsp;&nbsp; .append(idNumber, other.idNumber)<br />&nbsp;&nbsp;&nbsp;&nbsp;&nbsp;&nbsp;&nbsp; .append(name, other.name)<br />&nbsp;&nbsp;&nbsp;&nbsp;&nbsp;&nbsp;&nbsp; .isEquals();<br />}<br /><br />Выглядит громоздко, зато не надо заморачиваться с обработкой null у объектных полей.<br /><br />NB! appendSuper - если надо обеспечить проверку и методом equals вышестоящего класса.',TIMESTAMP '1970-01-01 03:00:00',TIMESTAMP '1970-01-01 03:00:00');
INSERT INTO Question (id,realmId,type,text,regDate,updateDate) OVERRIDING SYSTEM VALUE VALUES (567,8,0,'Если переопределяем <strong>equals</strong>(), надо переопределить и <strong>hashCode</strong>()',TIMESTAMP '1970-01-01 03:00:00',TIMESTAMP '1970-01-01 03:00:00');
INSERT INTO Question (id,realmId,type,text,regDate,updateDate) OVERRIDING SYSTEM VALUE VALUES (568,8,2,'Для чего нужен hashCode?',TIMESTAMP '1970-01-01 03:00:00',TIMESTAMP '1970-01-01 03:00:00');
	INSERT INTO Answer (id,questionId,text,correct,comment) OVERRIDING SYSTEM VALUE VALUES (1293,568,'Хеш-код - это число, которое можно рассчитать для некоторого экземпляра некоторого класса и которое позволяет группировать экземпляры класса по некоторому конечному числу категорий - с тем, чтобы легче было искать нужный экземпляр при работе с хешированными структурами.',true,'');
INSERT INTO Question (id,realmId,type,text,regDate,updateDate) OVERRIDING SYSTEM VALUE VALUES (569,8,0,'Поля экземпляра типов <strong>boolean</strong> и <strong>char</strong> обычно не включают в расчет <strong>hashCode</strong>().',TIMESTAMP '1970-01-01 03:00:00',TIMESTAMP '1970-01-01 03:00:00');
INSERT INTO Question (id,realmId,type,text,regDate,updateDate) OVERRIDING SYSTEM VALUE VALUES (570,8,2,'Каковы правила имплементации ("контракт") метода <strong>hashCode</strong>()?',TIMESTAMP '1970-01-01 03:00:00',TIMESTAMP '1970-01-01 03:00:00');
	INSERT INTO Answer (id,questionId,text,correct,comment) OVERRIDING SYSTEM VALUE VALUES (1294,570,'<strong>1</strong>. Внутри программы результат <strong>hashCode</strong>() не должен меняться (т.е. у экземпляра не должны меняться поля, которые участвуют в расчете <strong>hashCode</strong>())<br /><strong>2</strong>. Если два объекта равны друг другу по <strong>equals</strong>(), их <strong>hashCode</strong>() также должен быть равным. (т.е. в расчете <strong>hashCode</strong>() должно участвовать подмножество полей, используемых в <strong>equals</strong>()).<br /><strong>3</strong>. Если два объекта не равны по <strong>equals</strong>(), <strong>hashCode</strong>() <span style="text-decoration: underline;">не обязан</span> быть отличным.',true,'');
INSERT INTO Question (id,realmId,type,text,regDate,updateDate) OVERRIDING SYSTEM VALUE VALUES (571,8,1,'Какие имплементации <strong>hashCode</strong>() из нижеперечисленных валидны?<br /><br />public class Lion {<br />&nbsp;&nbsp;&nbsp; private int idNumber;<br />&nbsp;&nbsp;&nbsp; private int age;<br />&nbsp;&nbsp;&nbsp; public Lion(int idNumber, int age) {<br />&nbsp;&nbsp;&nbsp;&nbsp;&nbsp;&nbsp;&nbsp; this.idNumber = idNumber;<br />&nbsp;&nbsp;&nbsp;&nbsp;&nbsp;&nbsp;&nbsp; this.age = age;<br />&nbsp;&nbsp;&nbsp; }<br />&nbsp;&nbsp;&nbsp; public boolean equals(Object obj) {<br />&nbsp;&nbsp;&nbsp;&nbsp;&nbsp;&nbsp;&nbsp; if ( !(obj instanceof Lion)) return false;<br />&nbsp;&nbsp; &nbsp; &nbsp;&nbsp; Lion otherLion = (Lion) obj;<br />&nbsp;&nbsp; &nbsp; &nbsp;&nbsp; return this.idNumber == otherLion.idNumber;<br />&nbsp;&nbsp;&nbsp; }<br />}',TIMESTAMP '1970-01-01 03:00:00',TIMESTAMP '1970-01-01 03:00:00');
	INSERT INTO Answer (id,questionId,text,correct,comment) OVERRIDING SYSTEM VALUE VALUES (1296,571,'public long hashcode() { return idNumber; }',false,'неверный тип возвращаемого значения (не скомпилируется), плюс hashcode неправильно написано');
	INSERT INTO Answer (id,questionId,text,correct,comment) OVERRIDING SYSTEM VALUE VALUES (1297,571,'public int hashCode() { return 6; }',true,'плохо, но по контракту допустимо');
	INSERT INTO Answer (id,questionId,text,correct,comment) OVERRIDING SYSTEM VALUE VALUES (1298,571,'public int hashCode() { return idNumber * 7 + age; }',false,'метод опирается на поле <strong>age</strong>, которое не используется в <strong>equals</strong>(),');
	INSERT INTO Answer (id,questionId,text,correct,comment) OVERRIDING SYSTEM VALUE VALUES (1295,571,'public int hashCode() { return idNumber; }',true,'');
INSERT INTO Question (id,realmId,type,text,regDate,updateDate) OVERRIDING SYSTEM VALUE VALUES (572,8,2,'Какой самый простой способ написать хороший <strong>hashCode</strong>()?',TIMESTAMP '1970-01-01 03:00:00',TIMESTAMP '1970-01-01 03:00:00');
	INSERT INTO Answer (id,questionId,text,correct,comment) OVERRIDING SYSTEM VALUE VALUES (1299,572,'сложить хешкоды полей, предварительно умножая их на некоторое заранее выбранное простое число.',true,'');
INSERT INTO Question (id,realmId,type,text,regDate,updateDate) OVERRIDING SYSTEM VALUE VALUES (573,8,2,'Что такое <em>enum</em> в Java?',TIMESTAMP '1970-01-01 03:00:00',TIMESTAMP '1970-01-01 03:00:00');
	INSERT INTO Answer (id,questionId,text,correct,comment) OVERRIDING SYSTEM VALUE VALUES (1300,573,'<em>Enum</em>, или<em> перечислимый тип </em>- это класс, реализующий энумерацию, т.е. фиксированный набор констант. Преимущество этого типа в том, что любые ошибки в использовании констант отслеживаются на уровне компиляции.',true,'');
INSERT INTO Question (id,realmId,type,text,regDate,updateDate) OVERRIDING SYSTEM VALUE VALUES (574,8,2,'Приведите синтаксис определения перечислимого типа, а также присванивание переменной',TIMESTAMP '1970-01-01 03:00:00',TIMESTAMP '1970-01-01 03:00:00');
	INSERT INTO Answer (id,questionId,text,correct,comment) OVERRIDING SYSTEM VALUE VALUES (1301,574,'public enum Season {<br />&nbsp;&nbsp;&nbsp; WINTER, SPRING, SUMMER, AUTUMN[;]<br />}<br />...<br />Season s = Season.WINTER;<br />(заглавные буквы в константах enum - это не требование компилятора, а соглашение)',true,'');
INSERT INTO Question (id,realmId,type,text,regDate,updateDate) OVERRIDING SYSTEM VALUE VALUES (575,8,0,'Экземпляры enum - это, фактически, статичные финальные константы.',TIMESTAMP '1970-01-01 03:00:00',TIMESTAMP '1970-01-01 03:00:00');
INSERT INTO Question (id,realmId,type,text,regDate,updateDate) OVERRIDING SYSTEM VALUE VALUES (576,8,0,'Основной API перечислимых типов.<br /><br /><strong>1</strong>. Статический метод <strong>values</strong>(), который возвращает <span style="text-decoration: underline;">массив</span> всех экзампляров типа:<br />Season[] ss = Season.values();<br /><br /><strong>2</strong>. Метод экземпляра <strong>ordinal</strong>(), возвращающий порядковый номер элемента в перечислении.<br /><br /><strong>3</strong>. Статический метод <strong>valueOf</strong>(), преобразующий строку в экземпляр типа:<br />Season s = Season.valueOf("SUMMER");',TIMESTAMP '1970-01-01 03:00:00',TIMESTAMP '1970-01-01 03:00:00');
INSERT INTO Question (id,realmId,type,text,regDate,updateDate) OVERRIDING SYSTEM VALUE VALUES (577,8,0,'Перечислимый тип нельзя дополнить новыми элементами в runtime. Также невозможно наследование от перечислимого типа.',TIMESTAMP '1970-01-01 03:00:00',TIMESTAMP '1970-01-01 03:00:00');
INSERT INTO Question (id,realmId,type,text,regDate,updateDate) OVERRIDING SYSTEM VALUE VALUES (578,8,2,'Приведите пример использования перечислимого типа в конструкции <strong>switch</strong>.',TIMESTAMP '1970-01-01 03:00:00',TIMESTAMP '1970-01-01 03:00:00');
	INSERT INTO Answer (id,questionId,text,correct,comment) OVERRIDING SYSTEM VALUE VALUES (1302,578,'Season summer = Season.SUMMER;<br />switch(summer) {<br />&nbsp;&nbsp;&nbsp; case WINTER:<br />&nbsp;&nbsp;&nbsp;&nbsp;&nbsp;&nbsp;&nbsp; ...<br />&nbsp;&nbsp;&nbsp;&nbsp;&nbsp;&nbsp;&nbsp; break;<br />&nbsp;&nbsp;&nbsp; case SUMMER:<br />&nbsp;&nbsp;&nbsp;&nbsp;&nbsp;&nbsp;&nbsp; ...<br />}',true,'');
INSERT INTO Question (id,realmId,type,text,regDate,updateDate) OVERRIDING SYSTEM VALUE VALUES (579,8,0,'В перечислимых типах можно определять конструкторы, переменные и методы экземпляра:<br /><br />public enum Season {<br />&nbsp;&nbsp;&nbsp; WINTER("Low"), SPRING("Medium"), SUMMER("High"), FALL("Medium");<br />&nbsp;&nbsp;&nbsp; private String expectedVisitors;<br />&nbsp;&nbsp;&nbsp; private Season(String expectedVisitors) {<br />&nbsp;&nbsp;&nbsp;&nbsp;&nbsp;&nbsp;&nbsp; this.expectedVisitors = expectedVisitors;<br />&nbsp;&nbsp;&nbsp; }<br />&nbsp;&nbsp;&nbsp; public void printExpectedVisitors() {<br />&nbsp;&nbsp;&nbsp;&nbsp;&nbsp;&nbsp;&nbsp; System.out.println(expectedVisitors);<br />&nbsp;&nbsp;&nbsp; } <br />}<br /><br />Внимание! 1) Список значений идет первым. 2) Двоеточие после списка становится обязательным, если кроме списка есть еще что-то. 3) Конструктор может быть только private или вообще без модификатора доступа (private по факту).',TIMESTAMP '1970-01-01 03:00:00',TIMESTAMP '1970-01-01 03:00:00');
INSERT INTO Question (id,realmId,type,text,regDate,updateDate) OVERRIDING SYSTEM VALUE VALUES (580,8,0,'Конструкторы перечислимого типа выполняются в момент первого упоминания типа в коде.',TIMESTAMP '1970-01-01 03:00:00',TIMESTAMP '1970-01-01 03:00:00');
INSERT INTO Question (id,realmId,type,text,regDate,updateDate) OVERRIDING SYSTEM VALUE VALUES (581,8,0,'Члены&nbsp;экземпляра перечислимого типа могут маркироваться <strong>protected</strong>, хотя особого смысла это не имеет - по факту равно <strong>default</strong>.',TIMESTAMP '1970-01-01 03:00:00',TIMESTAMP '1970-01-01 03:00:00');
INSERT INTO Question (id,realmId,type,text,regDate,updateDate) OVERRIDING SYSTEM VALUE VALUES (582,8,0,'<p>В перечислимом типе возможно переопределить метод экземпляра на уровне каждого элемента списка:<br /><br />enum Season {<br />&nbsp;&nbsp;&nbsp; WINTER {<br />&nbsp;&nbsp;&nbsp;&nbsp;&nbsp;&nbsp; public void test2() {<br />&nbsp;&nbsp;&nbsp;&nbsp;&nbsp;&nbsp;&nbsp;&nbsp;&nbsp;&nbsp;&nbsp; System.out.println("test2!!!!");<br />&nbsp;&nbsp;&nbsp;&nbsp;&nbsp;&nbsp;&nbsp; }<br />&nbsp;&nbsp;&nbsp; }, SPRING, SUMMER, AUTUMN;<br />&nbsp;&nbsp;&nbsp; <br />&nbsp;&nbsp;&nbsp; <br />&nbsp;&nbsp;&nbsp; public&nbsp; void test2(){<br />&nbsp;&nbsp;&nbsp;&nbsp;&nbsp;&nbsp;&nbsp; <br />&nbsp;&nbsp;&nbsp; }</p>
<p>}<br /><br />(но основное определение метода должно быть на уровне всего типа, а не отдельного экземпляра; иначе метод нельзя будет вызвать).<br /><br />Общий метод может быть и абстрактным, но тогда его надо переопределить для всех экземпляров, иначе ошибка компиляции (если у экземпляров нет собственных блоков, ошибку компиляции увидеть не легко, в IDE не подсвечивается)</p>',TIMESTAMP '1970-01-01 03:00:00',TIMESTAMP '1970-01-01 03:00:00');
INSERT INTO Question (id,realmId,type,text,regDate,updateDate) OVERRIDING SYSTEM VALUE VALUES (583,8,2,'Перечислите типы вложенных классов в Java.',TIMESTAMP '1970-01-01 03:00:00',TIMESTAMP '1970-01-01 03:00:00');
	INSERT INTO Answer (id,questionId,text,correct,comment) OVERRIDING SYSTEM VALUE VALUES (1303,583,'1) Внутренний класс экземпляра (member inner class, или просто inner class) - определен на уровне членов экземпляра.<br />2) Локальный внутренний класс (local inner class) - определяется внутри метода.<br />3) Анонимный внутренний класс (anonymous inner class) - особая разновидность локального внутреннего класса, не имеет имени.<br />4) Статический вложенный класс (static nested class) - определен на уровне статических членов.',true,'');
INSERT INTO Question (id,realmId,type,text,regDate,updateDate) OVERRIDING SYSTEM VALUE VALUES (584,8,2,'Перечислите основные преимущества использования внутренних классов в Java.',TIMESTAMP '1970-01-01 03:00:00',TIMESTAMP '1970-01-01 03:00:00');
	INSERT INTO Answer (id,questionId,text,correct,comment) OVERRIDING SYSTEM VALUE VALUES (1304,584,'- инкапсуляция вспомогательных классов внутри конкретного класса (ограничение доступа)<br />- создание "одноразовых" классов<br />- создание более удобочитаемого кода',true,'');
INSERT INTO Question (id,realmId,type,text,regDate,updateDate) OVERRIDING SYSTEM VALUE VALUES (585,8,2,'Укажите формальные свойства внутренних классов-членов (<em>member inner classes</em>):',TIMESTAMP '1970-01-01 03:00:00',TIMESTAMP '1970-01-01 03:00:00');
	INSERT INTO Answer (id,questionId,text,correct,comment) OVERRIDING SYSTEM VALUE VALUES (1305,585,'<strong>1</strong>. Могут иметь любые модификаторы доступа<br /><strong>2</strong>. Могут наследовать любому классу и реализовывать любой интерфейс.<br /><strong>3</strong>. Могут быть абстрактными или финальными (или не быть таковыми).<br /><strong>4</strong>. НЕ МОГУТ объявлять статические поля или методы (за исключением финальных статичных полей).<br /><strong>5</strong>. Имеют доступ ко всем членам своего внешнего класса, включая приватные.',true,'');
INSERT INTO Question (id,realmId,type,text,regDate,updateDate) OVERRIDING SYSTEM VALUE VALUES (586,8,0,'Перечислимые типы могут иметь статические переменные и методы!',TIMESTAMP '1970-01-01 03:00:00',TIMESTAMP '1970-01-01 03:00:00');
INSERT INTO Question (id,realmId,type,text,regDate,updateDate) OVERRIDING SYSTEM VALUE VALUES (587,8,0,'Внутренние классы экземпляра имеют непосредственный доступ без каких-либо префиксов к членам своего внешнего класса (как статическим, так и экземпляра). Префикс <strong>this</strong> в этом случае использовать нельзя - он&nbsp; только для членов самого внутренного класса.',TIMESTAMP '1970-01-01 03:00:00',TIMESTAMP '1970-01-01 03:00:00');
INSERT INTO Question (id,realmId,type,text,regDate,updateDate) OVERRIDING SYSTEM VALUE VALUES (588,8,2,'Напишите простейший код создания экземпляра внутреннего класса во внешнем.',TIMESTAMP '1970-01-01 03:00:00',TIMESTAMP '1970-01-01 03:00:00');
	INSERT INTO Answer (id,questionId,text,correct,comment) OVERRIDING SYSTEM VALUE VALUES (1306,588,'class Outer {<br />&nbsp;&nbsp;&nbsp; class Inner {}<br />&nbsp;&nbsp;&nbsp; public void go() {<br />&nbsp;&nbsp;&nbsp;&nbsp;&nbsp;&nbsp;&nbsp; Inner in = new Inner();<br />&nbsp;&nbsp;&nbsp; }<br />}',true,'');
INSERT INTO Question (id,realmId,type,text,regDate,updateDate) OVERRIDING SYSTEM VALUE VALUES (589,8,2,'Создайте экземпляр внутреннего класса (member inner class) с помощью объекта внешнего.',TIMESTAMP '1970-01-01 03:00:00',TIMESTAMP '1970-01-01 03:00:00');
	INSERT INTO Answer (id,questionId,text,correct,comment) OVERRIDING SYSTEM VALUE VALUES (1307,589,'Outer outer = new Outer();<br />Inner inner = outer.new Inner();',true,'');
INSERT INTO Question (id,realmId,type,text,regDate,updateDate) OVERRIDING SYSTEM VALUE VALUES (590,8,0,'Для создания внутреннего (member inner) класса необходим <span style="text-decoration: underline;">экземпляр</span> внешнего.',TIMESTAMP '1970-01-01 03:00:00',TIMESTAMP '1970-01-01 03:00:00');
INSERT INTO Question (id,realmId,type,text,regDate,updateDate) OVERRIDING SYSTEM VALUE VALUES (591,8,0,'Внутренний (member inner) класс может содержать такие же имена полей, как и внешний, в этом случае выбор той или иной переменной контролируется с помощью <strong>this</strong>, но делать так <span style="text-decoration: underline;">не надо</span>.',TIMESTAMP '1970-01-01 03:00:00',TIMESTAMP '1970-01-01 03:00:00');
INSERT INTO Question (id,realmId,type,text,regDate,updateDate) OVERRIDING SYSTEM VALUE VALUES (592,8,2,'Есть класс:<br /><br />class Outer {<br />&nbsp;&nbsp;&nbsp; String x = "Outer";<br /><br />&nbsp;&nbsp;&nbsp; class Inner {<br />&nbsp;&nbsp;&nbsp;&nbsp;&nbsp;&nbsp;&nbsp; String&nbsp; x = "Inner";<br /><br />&nbsp;&nbsp;&nbsp;&nbsp;&nbsp;&nbsp;&nbsp; void test() {<br />&nbsp;&nbsp;&nbsp; &nbsp;&nbsp;&nbsp; <br />&nbsp;&nbsp;&nbsp; &nbsp;&nbsp;&nbsp; }<br />&nbsp;&nbsp;&nbsp; }<br />}<br /><br />1) Как в методе <strong>test</strong>() обратиться к переменной <strong>x</strong> класса Outer?<br />2) Как вне класса Outer создать экземпляр класса Inner?',TIMESTAMP '1970-01-01 03:00:00',TIMESTAMP '1970-01-01 03:00:00');
	INSERT INTO Answer (id,questionId,text,correct,comment) OVERRIDING SYSTEM VALUE VALUES (1308,592,'1) Outer.this.x<br /><br />2) Outer.Inner in = new Outer().new Inner();',true,'');
INSERT INTO Question (id,realmId,type,text,regDate,updateDate) OVERRIDING SYSTEM VALUE VALUES (593,8,0,'Если во внутреннем (member inner) классе обращаться к члену экземпляра какого-то из вышестоящих классов по вложенности, то в случае совпадения имен члена в нескольких классах возьмется самый ближний, если идти снизу вверх.',TIMESTAMP '1970-01-01 03:00:00',TIMESTAMP '1970-01-01 03:00:00');
INSERT INTO Question (id,realmId,type,text,regDate,updateDate) OVERRIDING SYSTEM VALUE VALUES (594,8,0,'В статических методах внешнего класса можно создавать ссылки напрямую на тип внутреннего (member inner) класса, однако для этого все равно потребуется экземпляр внешнего:<br /><br />class Outer {<br />&nbsp;&nbsp;&nbsp; <br />&nbsp;&nbsp;&nbsp; class Inner {<br />&nbsp;&nbsp;&nbsp;&nbsp;&nbsp;&nbsp;&nbsp; <br />&nbsp;&nbsp;&nbsp; }<br />&nbsp;&nbsp;&nbsp; <br />&nbsp;&nbsp;&nbsp; static void test() {<br />&nbsp;&nbsp;&nbsp;&nbsp;&nbsp;&nbsp;&nbsp; [Outer.]Inner in2 = new Outer().new Inner();<br />&nbsp;&nbsp;&nbsp; }<br />}',TIMESTAMP '1970-01-01 03:00:00',TIMESTAMP '1970-01-01 03:00:00');
INSERT INTO Question (id,realmId,type,text,regDate,updateDate) OVERRIDING SYSTEM VALUE VALUES (595,8,0,'Внутренним (member inner) может быть и интерфейс:<br /><br />public class CaseOfThePrivateInterface {<br />&nbsp;&nbsp;&nbsp; private interface Secret {<br />&nbsp;&nbsp;&nbsp;&nbsp;&nbsp;&nbsp;&nbsp; public void shh();<br />&nbsp;&nbsp;&nbsp; }<br />&nbsp;&nbsp;&nbsp; class DontTell implements Secret {<br />&nbsp;&nbsp;&nbsp;&nbsp;&nbsp;&nbsp;&nbsp; public void shh() { }<br />&nbsp;&nbsp;&nbsp; } <br />}',TIMESTAMP '1970-01-01 03:00:00',TIMESTAMP '1970-01-01 03:00:00');
INSERT INTO Question (id,realmId,type,text,regDate,updateDate) OVERRIDING SYSTEM VALUE VALUES (596,8,2,'Что такое "локальный внутренний класс" (local inner class)?',TIMESTAMP '1970-01-01 03:00:00',TIMESTAMP '1970-01-01 03:00:00');
	INSERT INTO Answer (id,questionId,text,correct,comment) OVERRIDING SYSTEM VALUE VALUES (1309,596,'Локальный внутренний класс - вложенный класс, определенный внутри <span style="text-decoration: underline;">метода</span>. Класс существует только внутри метода, объявляется только при вызове метода и выходит за пределы области видимости при выходе из метода. Однако экземпляры таких классов можно вернуть из метода.',true,'');
INSERT INTO Question (id,realmId,type,text,regDate,updateDate) OVERRIDING SYSTEM VALUE VALUES (597,8,2,'Перечислите свойства локальных внутренних (local inner) классов.',TIMESTAMP '1970-01-01 03:00:00',TIMESTAMP '1970-01-01 03:00:00');
	INSERT INTO Answer (id,questionId,text,correct,comment) OVERRIDING SYSTEM VALUE VALUES (1310,597,'<strong>1</strong>. Не могут иметь модификатора доступа.<br /><strong>2</strong>. Не могут быть объявлены статическими и не могут иметь статических членов (за исключением статических финальных полей).<br /><strong>3</strong>. Имеют доступ ко всем полям и методам окружающего класса.<br /><strong>4</strong>. Не имеют доступа к локальным переменным метода, за исключением финальных либо "эффективно финальных", причем переменная должна получить значение ДО объявления класса.',true,'');
INSERT INTO Question (id,realmId,type,text,regDate,updateDate) OVERRIDING SYSTEM VALUE VALUES (598,8,2,'В чем состоит концепция "эффективно финальных" локальных переменных, введенная в Java 8?',TIMESTAMP '1970-01-01 03:00:00',TIMESTAMP '1970-01-01 03:00:00');
	INSERT INTO Answer (id,questionId,text,correct,comment) OVERRIDING SYSTEM VALUE VALUES (1311,598,'"Эффективно финальной" считается локальная переменная, к объявлению которой можно добавить модификатор <strong>final</strong> без возникновения ошибки компиляции.',true,'');
INSERT INTO Question (id,realmId,type,text,regDate,updateDate) OVERRIDING SYSTEM VALUE VALUES (599,8,1,'Отметьте все&nbsp;"эффективно финальные" локальные переменные нижеприведенного кода.<br /><br />public void isItFinal() {<br />&nbsp;&nbsp;&nbsp; int one = 20;<br />&nbsp;&nbsp;&nbsp; int two = one;<br />&nbsp;&nbsp;&nbsp; two++;<br />&nbsp;&nbsp;&nbsp; int three;<br />&nbsp;&nbsp;&nbsp; if ( one == 4) three = 3;<br />&nbsp;&nbsp;&nbsp; else three = 4;<br />&nbsp;&nbsp;&nbsp; int four = 4;<br />&nbsp;&nbsp;&nbsp; class Inner { }<br />&nbsp;&nbsp;&nbsp; four = 5;<br />}',TIMESTAMP '1970-01-01 03:00:00',TIMESTAMP '1970-01-01 03:00:00');
	INSERT INTO Answer (id,questionId,text,correct,comment) OVERRIDING SYSTEM VALUE VALUES (1312,599,'one',true,'присваивается единственный раз в строке объявления');
	INSERT INTO Answer (id,questionId,text,correct,comment) OVERRIDING SYSTEM VALUE VALUES (1313,599,'two',false,'значение меняется после присваивания (инкремент)');
	INSERT INTO Answer (id,questionId,text,correct,comment) OVERRIDING SYSTEM VALUE VALUES (1314,599,'three',true,'присваивается единственный раз в альтернативе');
	INSERT INTO Answer (id,questionId,text,correct,comment) OVERRIDING SYSTEM VALUE VALUES (1315,599,'four',false,'значение меняется после присваивания (то, что это происходит ПОСЛЕ объявления локального внутреннего класса, ситуацию не меняет)');
INSERT INTO Question (id,realmId,type,text,regDate,updateDate) OVERRIDING SYSTEM VALUE VALUES (600,8,2,'Что такое "анонимный внутренний (anonymous inner) класс"?',TIMESTAMP '1970-01-01 03:00:00',TIMESTAMP '1970-01-01 03:00:00');
	INSERT INTO Answer (id,questionId,text,correct,comment) OVERRIDING SYSTEM VALUE VALUES (1316,600,'Анонимный внутренний класс - это локальный внутренний класс без имени. Он создается с помощью ключевого слова <strong>new</strong> и в обязательном порядке наследует существующему классу либо реализует существующий интерфейс. Анонимные классы нужны, чтобы быстро инстанциировать "одноразовый" экземпляр.',true,'');
INSERT INTO Question (id,realmId,type,text,regDate,updateDate) OVERRIDING SYSTEM VALUE VALUES (601,8,2,'Приведите простой пример инстанциирования анонимного внутреннего класса.',TIMESTAMP '1970-01-01 03:00:00',TIMESTAMP '1970-01-01 03:00:00');
	INSERT INTO Answer (id,questionId,text,correct,comment) OVERRIDING SYSTEM VALUE VALUES (1317,601,'&nbsp;&nbsp;&nbsp;&nbsp;&nbsp;&nbsp;&nbsp; Object obj = new Object() {<br />&nbsp;&nbsp;&nbsp;&nbsp;&nbsp;&nbsp;&nbsp;&nbsp;&nbsp;&nbsp;&nbsp; public String toString() {<br />&nbsp;&nbsp;&nbsp;&nbsp;&nbsp;&nbsp;&nbsp;&nbsp;&nbsp;&nbsp;&nbsp;&nbsp;&nbsp;&nbsp;&nbsp; return&nbsp; "obj" + super.toString();<br />&nbsp;&nbsp;&nbsp;&nbsp;&nbsp;&nbsp;&nbsp;&nbsp;&nbsp;&nbsp;&nbsp; }<br />&nbsp;&nbsp;&nbsp;&nbsp;&nbsp;&nbsp;&nbsp; };',true,'');
INSERT INTO Question (id,realmId,type,text,regDate,updateDate) OVERRIDING SYSTEM VALUE VALUES (602,8,0,'Анонимный внутренний класс не может одновременно наследовать классу (кроме Object) и реализовывать интерфейс. В этом случае можно использовать локальный внутренний класс.',TIMESTAMP '1970-01-01 03:00:00',TIMESTAMP '1970-01-01 03:00:00');
INSERT INTO Question (id,realmId,type,text,regDate,updateDate) OVERRIDING SYSTEM VALUE VALUES (603,8,0,'Анонимный внутренний класс можно использовать даже в качестве аргумента метода!<br /><br />public int pay() {<br />&nbsp;&nbsp;&nbsp; return admission(5, new SaleTodayOnly() {<br />&nbsp;&nbsp;&nbsp;&nbsp;&nbsp;&nbsp;&nbsp; public int dollarsOff() { return 3; }<br />&nbsp;&nbsp;&nbsp; });<br />}',TIMESTAMP '1970-01-01 03:00:00',TIMESTAMP '1970-01-01 03:00:00');
INSERT INTO Question (id,realmId,type,text,regDate,updateDate) OVERRIDING SYSTEM VALUE VALUES (604,8,0,'Анонимные внутренние классы очень часто используются в построении графических интерфейсов. Например в качестве листенера удобно подать экземпляр анонимного класса, который имеет доступ к экземпляру класса, в котором он был создан:<br /><br />JButton button = new JButton("red");<br />button.addActionListener(new ActionListener() {<br />&nbsp;&nbsp;&nbsp; public void actionPerformed(ActionEvent e) {<br />&nbsp;&nbsp;&nbsp;&nbsp;&nbsp;&nbsp;&nbsp; //handle the button click<br />&nbsp;&nbsp;&nbsp; }<br />});',TIMESTAMP '1970-01-01 03:00:00',TIMESTAMP '1970-01-01 03:00:00');
INSERT INTO Question (id,realmId,type,text,regDate,updateDate) OVERRIDING SYSTEM VALUE VALUES (605,8,2,'Что такое вложенный (static nested) класс?',TIMESTAMP '1970-01-01 03:00:00',TIMESTAMP '1970-01-01 03:00:00');
	INSERT INTO Answer (id,questionId,text,correct,comment) OVERRIDING SYSTEM VALUE VALUES (1318,605,'Вложенный класс - это класс, определенный как статический член класса. Для инстанциирования такому классу не нужен объект внешнего класса, т.е. доступа к полям экземпляра внешнего класса напрямую нет.',true,'');
INSERT INTO Question (id,realmId,type,text,regDate,updateDate) OVERRIDING SYSTEM VALUE VALUES (606,8,2,'Перечислите особенности вложенных (static nested) классов.',TIMESTAMP '1970-01-01 03:00:00',TIMESTAMP '1970-01-01 03:00:00');
	INSERT INTO Answer (id,questionId,text,correct,comment) OVERRIDING SYSTEM VALUE VALUES (1319,606,'<strong>1</strong>. Для обращения к вложенному классу извне требуется имя внешнего класса<br /><strong>2</strong>. У вложенного класса могут быть любые модификаторы доступа.<br /><strong>3</strong>. Внешний класс имеет доступ ко всем членам вложенного класса, а вложенный - ко всем членам внешнего. Для обращения к членам экземпляра понадобятся ссылки на объекты классов. Статические члены внешнего класса видны в коде вложенного напрямую.',true,'');
INSERT INTO Question (id,realmId,type,text,regDate,updateDate) OVERRIDING SYSTEM VALUE VALUES (607,8,2,'Приведите простой пример инстанциирования вложенного класса <br />1) внутри внешнего<br />2) извне',TIMESTAMP '1970-01-01 03:00:00',TIMESTAMP '1970-01-01 03:00:00');
	INSERT INTO Answer (id,questionId,text,correct,comment) OVERRIDING SYSTEM VALUE VALUES (1320,607,'1)<br />class Enclosing {<br />&nbsp;&nbsp;&nbsp; static class Nested {}<br />&nbsp;&nbsp;&nbsp; public static void main(String[] args) {<br />&nbsp;&nbsp;&nbsp;&nbsp;&nbsp;&nbsp;&nbsp; Nested nested = new Nested();<br />&nbsp;&nbsp;&nbsp; } <br />}<br /><br />2)<br />class Enclosing {<br />&nbsp;&nbsp;&nbsp; static class Nested {}<br />}<br />class Outer {<br />&nbsp;&nbsp;&nbsp; public void instantiate() {<br />&nbsp;&nbsp;&nbsp;&nbsp;&nbsp;&nbsp;&nbsp; Enclosing.Nested nested = new Enclosing.Nested();<br />&nbsp;&nbsp;&nbsp; }<br />}',true,'');
INSERT INTO Question (id,realmId,type,text,regDate,updateDate) OVERRIDING SYSTEM VALUE VALUES (608,8,2,'Как импортировать класс Beak, определенный в следующем коде?<br /><br />package bird;<br /><br />public class Toucan {<br />&nbsp;&nbsp;&nbsp; public static class Beak {}<br />}',TIMESTAMP '1970-01-01 03:00:00',TIMESTAMP '1970-01-01 03:00:00');
	INSERT INTO Answer (id,questionId,text,correct,comment) OVERRIDING SYSTEM VALUE VALUES (1321,608,'Два способа.<br /><br />1) обычным импортом:<br />import bird.Toucan.Beak;<br /><br />2) статическим импортом:<br />import static bird.Toucan.Beak;',true,'');
INSERT INTO Question (id,realmId,type,text,regDate,updateDate) OVERRIDING SYSTEM VALUE VALUES (609,8,1,'What is the result of the following code?<br /><br />public class Employee {<br />&nbsp;&nbsp;&nbsp; public int employeeId;<br />&nbsp;&nbsp;&nbsp; public String firstName, lastName;<br />&nbsp;&nbsp;&nbsp; public int yearStarted;<br />&nbsp;&nbsp;&nbsp; @Override public int hashCode() {<br />&nbsp;&nbsp;&nbsp;&nbsp;&nbsp;&nbsp;&nbsp; return employeeId;<br />&nbsp;&nbsp;&nbsp; }<br />&nbsp;&nbsp;&nbsp; public boolean equals(Employee e) {<br />&nbsp;&nbsp;&nbsp;&nbsp;&nbsp;&nbsp;&nbsp; return this.employeeId == e.employeeId;<br />&nbsp;&nbsp;&nbsp; }<br />&nbsp;&nbsp;&nbsp; public static void main(String[] args) {<br />&nbsp;&nbsp;&nbsp;&nbsp;&nbsp;&nbsp;&nbsp; Employee one = new Employee();<br />&nbsp;&nbsp;&nbsp;&nbsp;&nbsp;&nbsp;&nbsp; one.employeeId = 101;<br />&nbsp;&nbsp;&nbsp;&nbsp;&nbsp;&nbsp;&nbsp; Employee two = new Employee();<br />&nbsp;&nbsp;&nbsp;&nbsp;&nbsp;&nbsp;&nbsp; two.employeeId = 101;<br />&nbsp;&nbsp;&nbsp;&nbsp;&nbsp;&nbsp;&nbsp; if (one.equals(two)) System.out.println("Success");<br />&nbsp;&nbsp;&nbsp; &nbsp;&nbsp;&nbsp; else System.out.println("Failure");<br />&nbsp;&nbsp;&nbsp; } <br />}',TIMESTAMP '1970-01-01 03:00:00',TIMESTAMP '1970-01-01 03:00:00');
	INSERT INTO Answer (id,questionId,text,correct,comment) OVERRIDING SYSTEM VALUE VALUES (1322,609,'Success',true,'...хотя Employee.equals не переопределяет Object.equals');
	INSERT INTO Answer (id,questionId,text,correct,comment) OVERRIDING SYSTEM VALUE VALUES (1323,609,'Failure',false,'');
	INSERT INTO Answer (id,questionId,text,correct,comment) OVERRIDING SYSTEM VALUE VALUES (1324,609,'The hashCode() method fails to compile.',false,'');
	INSERT INTO Answer (id,questionId,text,correct,comment) OVERRIDING SYSTEM VALUE VALUES (1325,609,'The equals() method fails to compile.',false,'');
	INSERT INTO Answer (id,questionId,text,correct,comment) OVERRIDING SYSTEM VALUE VALUES (1326,609,'Another line of code fails to compile.',false,'');
	INSERT INTO Answer (id,questionId,text,correct,comment) OVERRIDING SYSTEM VALUE VALUES (1327,609,'A runtime exception is thrown.',false,'');
INSERT INTO Question (id,realmId,type,text,regDate,updateDate) OVERRIDING SYSTEM VALUE VALUES (610,8,1,'What is the result of compiling the following class?<br /><br />public class Book {<br />&nbsp;&nbsp;&nbsp; private int ISBN;<br />&nbsp;&nbsp;&nbsp; private String title, author;<br />&nbsp;&nbsp;&nbsp; private int pageCount;<br />&nbsp;&nbsp;&nbsp; public int hashCode() {<br />&nbsp;&nbsp;&nbsp;&nbsp;&nbsp;&nbsp;&nbsp; return ISBN;<br />&nbsp;&nbsp;&nbsp; }<br />&nbsp;&nbsp;&nbsp; @Override public boolean equals(Object obj) {<br />&nbsp;&nbsp;&nbsp;&nbsp;&nbsp;&nbsp;&nbsp; if ( !(obj instanceof Book)) {<br />&nbsp;&nbsp;&nbsp;&nbsp;&nbsp;&nbsp;&nbsp;&nbsp;&nbsp;&nbsp;&nbsp; return false;<br />&nbsp;&nbsp;&nbsp;&nbsp;&nbsp;&nbsp;&nbsp; }<br />&nbsp;&nbsp;&nbsp;&nbsp;&nbsp;&nbsp;&nbsp; Book other = (Book) obj;<br />&nbsp;&nbsp;&nbsp;&nbsp;&nbsp;&nbsp;&nbsp; return this.ISBN == other.ISBN;<br />&nbsp;&nbsp;&nbsp; }<br />// imagine getters and setters are here<br />}',TIMESTAMP '1970-01-01 03:00:00',TIMESTAMP '1970-01-01 03:00:00');
	INSERT INTO Answer (id,questionId,text,correct,comment) OVERRIDING SYSTEM VALUE VALUES (1328,610,'The code compiles.',true,'');
	INSERT INTO Answer (id,questionId,text,correct,comment) OVERRIDING SYSTEM VALUE VALUES (1329,610,'The code does not compile because hashCode() is incorrect.',false,'');
	INSERT INTO Answer (id,questionId,text,correct,comment) OVERRIDING SYSTEM VALUE VALUES (1330,610,'The code does not compile because equals() does not override the parent method correctly.',false,'');
	INSERT INTO Answer (id,questionId,text,correct,comment) OVERRIDING SYSTEM VALUE VALUES (1331,610,'The code does not compile because equals() tries to refer to a private field.',false,'');
	INSERT INTO Answer (id,questionId,text,correct,comment) OVERRIDING SYSTEM VALUE VALUES (1332,610,'The code does not compile because the ClassCastException is not handled or declared.',false,'');
	INSERT INTO Answer (id,questionId,text,correct,comment) OVERRIDING SYSTEM VALUE VALUES (1333,610,'The code does not compile for another reason.',false,'');
INSERT INTO Question (id,realmId,type,text,regDate,updateDate) OVERRIDING SYSTEM VALUE VALUES (611,0,0,'Код класса имеет доступ&nbsp; к приватным членам не только того же самого экземпляра, но и любого другого экземпляра, ссылка на который есть в коде.',TIMESTAMP '1970-01-01 03:00:00',TIMESTAMP '1970-01-01 03:00:00');
INSERT INTO Question (id,realmId,type,text,regDate,updateDate) OVERRIDING SYSTEM VALUE VALUES (612,8,1,'What is the result of the following code?<br /><br />String s1 = "Canada";<br />String s2 = new String(s1);<br />if(s1 == s2) System.out.println("s1 == s2");<br />if(s1.equals(s2)) System.out.println("s1.equals(s2)");',TIMESTAMP '1970-01-01 03:00:00',TIMESTAMP '1970-01-01 03:00:00');
	INSERT INTO Answer (id,questionId,text,correct,comment) OVERRIDING SYSTEM VALUE VALUES (1334,612,'There is no output.',false,'');
	INSERT INTO Answer (id,questionId,text,correct,comment) OVERRIDING SYSTEM VALUE VALUES (1335,612,'s1 == s2',false,'');
	INSERT INTO Answer (id,questionId,text,correct,comment) OVERRIDING SYSTEM VALUE VALUES (1336,612,'s1.equals(s2)',true,'');
	INSERT INTO Answer (id,questionId,text,correct,comment) OVERRIDING SYSTEM VALUE VALUES (1337,612,'Both B and C.',false,'');
	INSERT INTO Answer (id,questionId,text,correct,comment) OVERRIDING SYSTEM VALUE VALUES (1338,612,'The code does not compile.',false,'');
	INSERT INTO Answer (id,questionId,text,correct,comment) OVERRIDING SYSTEM VALUE VALUES (1339,612,'The code throws a runtime exception.',false,'');
INSERT INTO Question (id,realmId,type,text,regDate,updateDate) OVERRIDING SYSTEM VALUE VALUES (613,8,1,'What is true about the following code? You may assume <em>city</em> and <em>mascot</em> are never null.<br /><br />public class BaseballTeam {<br />&nbsp;&nbsp;&nbsp; private String city, mascot;<br />&nbsp;&nbsp;&nbsp; private int numberOfPlayers;<br />&nbsp;&nbsp;&nbsp; public boolean equals(Object obj) {<br />&nbsp;&nbsp;&nbsp;&nbsp;&nbsp;&nbsp;&nbsp; if ( !(obj instanceof BaseballTeam))<br />&nbsp;&nbsp;&nbsp; &nbsp;&nbsp;&nbsp; &nbsp;&nbsp;&nbsp; return false;<br />&nbsp;&nbsp;&nbsp;&nbsp;&nbsp;&nbsp;&nbsp; BaseballTeam other = (BaseballTeam) obj;<br />&nbsp;&nbsp;&nbsp;&nbsp;&nbsp;&nbsp;&nbsp; return (city.equals(other.city) &amp;&amp; mascot.equals(other.mascot));<br />&nbsp;&nbsp;&nbsp; }<br />&nbsp;&nbsp;&nbsp; public int hashCode() {<br />&nbsp;&nbsp;&nbsp;&nbsp;&nbsp;&nbsp;&nbsp; return numberOfPlayers;<br />&nbsp;&nbsp;&nbsp; }<br />// imagine getters and setters are here<br />}',TIMESTAMP '1970-01-01 03:00:00',TIMESTAMP '1970-01-01 03:00:00');
	INSERT INTO Answer (id,questionId,text,correct,comment) OVERRIDING SYSTEM VALUE VALUES (1340,613,'The class does not compile.',false,'');
	INSERT INTO Answer (id,questionId,text,correct,comment) OVERRIDING SYSTEM VALUE VALUES (1341,613,'The class compiles but has an improper equals() method.',false,'');
	INSERT INTO Answer (id,questionId,text,correct,comment) OVERRIDING SYSTEM VALUE VALUES (1342,613,'The class compiles but has an improper hashCode() method.',true,'Метод hashCode() плох тем, что может вернуть неодинаковое значение для объектов, которые будут равны по equals() (нарушение контракта). Плохо и то, что в hashCode используется информация, которая может меняться');
	INSERT INTO Answer (id,questionId,text,correct,comment) OVERRIDING SYSTEM VALUE VALUES (1343,613,'The class compiles and has proper equals() and hashCode() methods.',false,'');
INSERT INTO Question (id,realmId,type,text,regDate,updateDate) OVERRIDING SYSTEM VALUE VALUES (614,8,1,'Which of the following statements are true, assuming <em>a</em> and <em>b</em> are <strong>String</strong> objects? (Choose all that apply.)',TIMESTAMP '1970-01-01 03:00:00',TIMESTAMP '1970-01-01 03:00:00');
	INSERT INTO Answer (id,questionId,text,correct,comment) OVERRIDING SYSTEM VALUE VALUES (1344,614,'If a.equals(b) is true, a.hashCode() == b.hashCode() is always true.',true,'');
	INSERT INTO Answer (id,questionId,text,correct,comment) OVERRIDING SYSTEM VALUE VALUES (1345,614,'If a.equals(b) is true, a.hashCode() == b.hashCode() is sometimes but not always true.',false,'');
	INSERT INTO Answer (id,questionId,text,correct,comment) OVERRIDING SYSTEM VALUE VALUES (1346,614,'If a.equals(b) is false, a.hashCode() == b.hashCode() can never be true.',false,'');
	INSERT INTO Answer (id,questionId,text,correct,comment) OVERRIDING SYSTEM VALUE VALUES (1347,614,'If a.equals(b) is false, a.hashCode() == b.hashCode() can sometimes be true.',true,'...вспомним, что hashCode отвечает за кучку, в которой ищем. В одной кучке могут находиться различные по equals объекты');
INSERT INTO Question (id,realmId,type,text,regDate,updateDate) OVERRIDING SYSTEM VALUE VALUES (615,8,1,'What is the result of the following code?<br /><br />public class FlavorsEnum {<br />&nbsp;&nbsp;&nbsp; enum Flavors {<br />&nbsp;&nbsp;&nbsp;&nbsp;&nbsp;&nbsp;&nbsp; VANILLA, CHOCOLATE, STRAWBERRY<br />&nbsp;&nbsp;&nbsp; }<br />&nbsp;&nbsp;&nbsp; public static void main(String[] args) {<br />&nbsp;&nbsp;&nbsp;&nbsp;&nbsp;&nbsp;&nbsp; System.out.println(Flavors.CHOCOLATE.ordinal());<br />&nbsp;&nbsp;&nbsp; }<br />}',TIMESTAMP '1970-01-01 03:00:00',TIMESTAMP '1970-01-01 03:00:00');
	INSERT INTO Answer (id,questionId,text,correct,comment) OVERRIDING SYSTEM VALUE VALUES (1348,615,'0',false,'');
	INSERT INTO Answer (id,questionId,text,correct,comment) OVERRIDING SYSTEM VALUE VALUES (1349,615,'1',true,'');
	INSERT INTO Answer (id,questionId,text,correct,comment) OVERRIDING SYSTEM VALUE VALUES (1350,615,'9',false,'');
	INSERT INTO Answer (id,questionId,text,correct,comment) OVERRIDING SYSTEM VALUE VALUES (1351,615,'CHOCOLATE',false,'');
	INSERT INTO Answer (id,questionId,text,correct,comment) OVERRIDING SYSTEM VALUE VALUES (1352,615,'The code does not compile due to a missing semicolon.',false,'');
	INSERT INTO Answer (id,questionId,text,correct,comment) OVERRIDING SYSTEM VALUE VALUES (1353,615,'The code does not compile for a different reason.',false,'');
INSERT INTO Question (id,realmId,type,text,regDate,updateDate) OVERRIDING SYSTEM VALUE VALUES (616,8,1,'What is the result of the following code? (Choose all that apply.)<br /><br />public class IceCream {<br />&nbsp;&nbsp;&nbsp; enum Flavors {<br />&nbsp;&nbsp;&nbsp;&nbsp;&nbsp;&nbsp;&nbsp; VANILLA, CHOCOLATE, STRAWBERRY<br />&nbsp;&nbsp;&nbsp; }<br />&nbsp;&nbsp;&nbsp; public static void main(String[] args) {<br />&nbsp;&nbsp;&nbsp;&nbsp;&nbsp;&nbsp;&nbsp; Flavors f = Flavors.STRAWBERRY;<br />&nbsp;&nbsp;&nbsp;&nbsp;&nbsp;&nbsp;&nbsp; switch (f) {<br />&nbsp;&nbsp;&nbsp;&nbsp;&nbsp;&nbsp;&nbsp;&nbsp;&nbsp;&nbsp;&nbsp; case 0: System.out.println("vanilla");<br />&nbsp;&nbsp;&nbsp;&nbsp;&nbsp;&nbsp;&nbsp;&nbsp;&nbsp;&nbsp;&nbsp; case 1: System.out.println("chocolate");<br />&nbsp;&nbsp;&nbsp;&nbsp;&nbsp;&nbsp;&nbsp;&nbsp;&nbsp;&nbsp;&nbsp; case 2: System.out.println("strawberry");<br />&nbsp;&nbsp;&nbsp;&nbsp;&nbsp;&nbsp;&nbsp;&nbsp;&nbsp;&nbsp;&nbsp;&nbsp;&nbsp;&nbsp;&nbsp; break;<br />&nbsp;&nbsp;&nbsp;&nbsp;&nbsp;&nbsp;&nbsp;&nbsp;&nbsp;&nbsp;&nbsp; default: System.out.println("missing flavor");<br />&nbsp;&nbsp;&nbsp; } } }',TIMESTAMP '1970-01-01 03:00:00',TIMESTAMP '1970-01-01 03:00:00');
	INSERT INTO Answer (id,questionId,text,correct,comment) OVERRIDING SYSTEM VALUE VALUES (1354,616,'vanilla',false,'');
	INSERT INTO Answer (id,questionId,text,correct,comment) OVERRIDING SYSTEM VALUE VALUES (1355,616,'chocolate',false,'');
	INSERT INTO Answer (id,questionId,text,correct,comment) OVERRIDING SYSTEM VALUE VALUES (1356,616,'strawberry',false,'');
	INSERT INTO Answer (id,questionId,text,correct,comment) OVERRIDING SYSTEM VALUE VALUES (1357,616,'missing flavor',false,'');
	INSERT INTO Answer (id,questionId,text,correct,comment) OVERRIDING SYSTEM VALUE VALUES (1358,616,'The code does not compile.',true,'');
	INSERT INTO Answer (id,questionId,text,correct,comment) OVERRIDING SYSTEM VALUE VALUES (1359,616,'An exception is thrown.',false,'');
INSERT INTO Question (id,realmId,type,text,regDate,updateDate) OVERRIDING SYSTEM VALUE VALUES (617,8,1,'What is the result of the following code?<br /><br />1: public class Outer {<br />2:&nbsp;&nbsp;&nbsp;&nbsp; private int x = 5;<br />3:&nbsp;&nbsp;&nbsp;&nbsp; protected class Inner {<br />4:&nbsp;&nbsp;&nbsp;&nbsp;&nbsp;&nbsp;&nbsp;&nbsp; public static int x = 10;<br />5:&nbsp;&nbsp;&nbsp;&nbsp;&nbsp;&nbsp;&nbsp;&nbsp; public void go() { System.out.println(x); }<br />6:&nbsp;&nbsp;&nbsp;&nbsp; }<br />7:&nbsp;&nbsp;&nbsp;&nbsp; public static void main(String[] args) {<br />8:&nbsp;&nbsp;&nbsp;&nbsp;&nbsp;&nbsp;&nbsp;&nbsp; Outer out = new Outer();<br />9:&nbsp;&nbsp;&nbsp;&nbsp;&nbsp;&nbsp;&nbsp;&nbsp; Outer.Inner in = out.new Inner();<br />10:&nbsp;&nbsp;&nbsp;&nbsp;&nbsp;&nbsp;&nbsp;&nbsp; in.go();<br />11: } }',TIMESTAMP '1970-01-01 03:00:00',TIMESTAMP '1970-01-01 03:00:00');
	INSERT INTO Answer (id,questionId,text,correct,comment) OVERRIDING SYSTEM VALUE VALUES (1360,617,'The output is 5.',false,'');
	INSERT INTO Answer (id,questionId,text,correct,comment) OVERRIDING SYSTEM VALUE VALUES (1361,617,'The output is 10.',false,'');
	INSERT INTO Answer (id,questionId,text,correct,comment) OVERRIDING SYSTEM VALUE VALUES (1362,617,'Line 4 generates a compiler error.',true,'если бы в строке 4 был модификатор final, то скомпилировалось бы');
	INSERT INTO Answer (id,questionId,text,correct,comment) OVERRIDING SYSTEM VALUE VALUES (1363,617,'Line 8 generates a compiler error.',false,'');
	INSERT INTO Answer (id,questionId,text,correct,comment) OVERRIDING SYSTEM VALUE VALUES (1364,617,'Line 9 generates a compiler error.',false,'');
	INSERT INTO Answer (id,questionId,text,correct,comment) OVERRIDING SYSTEM VALUE VALUES (1365,617,'An exception is thrown.',false,'');
INSERT INTO Question (id,realmId,type,text,regDate,updateDate) OVERRIDING SYSTEM VALUE VALUES (618,8,1,'Какой результат будет у следующего кода?<br /><br />&nbsp;public class Outer {<br />&nbsp;&nbsp;&nbsp;&nbsp; private int x = 5;<br />&nbsp;&nbsp;&nbsp;&nbsp; protected class Inner {<br />&nbsp;&nbsp;&nbsp;&nbsp;&nbsp;&nbsp;&nbsp;&nbsp; public static final int x = 10;<br />&nbsp;&nbsp;&nbsp;&nbsp;&nbsp;&nbsp;&nbsp;&nbsp; public void go() { System.out.println(x); }<br />&nbsp;&nbsp;&nbsp;&nbsp; }<br />&nbsp;&nbsp;&nbsp;&nbsp; public static void main(String[] args) {<br />&nbsp;&nbsp;&nbsp;&nbsp;&nbsp;&nbsp;&nbsp;&nbsp; Outer out = new Outer();<br />&nbsp;&nbsp;&nbsp;&nbsp;&nbsp;&nbsp;&nbsp;&nbsp; Outer.Inner in = out.new Inner();<br />&nbsp;&nbsp;&nbsp;&nbsp;&nbsp;&nbsp;&nbsp;&nbsp; in.go();<br />&nbsp;} }',TIMESTAMP '1970-01-01 03:00:00',TIMESTAMP '1970-01-01 03:00:00');
	INSERT INTO Answer (id,questionId,text,correct,comment) OVERRIDING SYSTEM VALUE VALUES (1366,618,'5',false,'');
	INSERT INTO Answer (id,questionId,text,correct,comment) OVERRIDING SYSTEM VALUE VALUES (1367,618,'10',true,'"Своя" статичная переменная оказывается ближе, чем переменная экземпляра внешнего класса.');
	INSERT INTO Answer (id,questionId,text,correct,comment) OVERRIDING SYSTEM VALUE VALUES (1368,618,'Ошибка компиляции.',false,'');
	INSERT INTO Answer (id,questionId,text,correct,comment) OVERRIDING SYSTEM VALUE VALUES (1369,618,'Runtime Exception',false,'');
INSERT INTO Question (id,realmId,type,text,regDate,updateDate) OVERRIDING SYSTEM VALUE VALUES (619,8,1,'What is the result of the following code?<br /><br />1: public class Outer {<br />2:&nbsp;&nbsp;&nbsp;&nbsp; private int x = 24;<br />3:&nbsp;&nbsp;&nbsp;&nbsp; public int getX() {<br />4:&nbsp;&nbsp;&nbsp;&nbsp;&nbsp;&nbsp;&nbsp;&nbsp; String message = "x is ";<br />5:&nbsp;&nbsp;&nbsp;&nbsp;&nbsp;&nbsp;&nbsp;&nbsp; class Inner {<br />6:&nbsp;&nbsp;&nbsp;&nbsp;&nbsp;&nbsp;&nbsp;&nbsp;&nbsp;&nbsp;&nbsp;&nbsp; private int x = Outer.this.x;<br />7:&nbsp;&nbsp;&nbsp;&nbsp;&nbsp;&nbsp;&nbsp;&nbsp;&nbsp;&nbsp;&nbsp;&nbsp; public void printX() {<br />8:&nbsp;&nbsp;&nbsp;&nbsp;&nbsp;&nbsp;&nbsp;&nbsp;&nbsp;&nbsp;&nbsp;&nbsp;&nbsp;&nbsp;&nbsp;&nbsp; System.out.println(message + x);<br />9:&nbsp;&nbsp;&nbsp;&nbsp;&nbsp;&nbsp;&nbsp;&nbsp;&nbsp;&nbsp;&nbsp;&nbsp; }<br />10:&nbsp;&nbsp;&nbsp;&nbsp;&nbsp;&nbsp;&nbsp; }<br />11:&nbsp;&nbsp;&nbsp;&nbsp;&nbsp;&nbsp;&nbsp; Inner in = new Inner();<br />12:&nbsp;&nbsp;&nbsp;&nbsp;&nbsp;&nbsp;&nbsp; in.printX();<br />13:&nbsp;&nbsp;&nbsp;&nbsp;&nbsp;&nbsp;&nbsp; return x;<br />14:&nbsp;&nbsp;&nbsp; }<br />15:&nbsp;&nbsp;&nbsp; public static void main(String[] args) {<br />16:&nbsp;&nbsp;&nbsp;&nbsp;&nbsp;&nbsp;&nbsp; new Outer().getX();<br />17: } }',TIMESTAMP '1970-01-01 03:00:00',TIMESTAMP '1970-01-01 03:00:00');
	INSERT INTO Answer (id,questionId,text,correct,comment) OVERRIDING SYSTEM VALUE VALUES (1370,619,'x is 0.',false,'');
	INSERT INTO Answer (id,questionId,text,correct,comment) OVERRIDING SYSTEM VALUE VALUES (1371,619,'x is 24.',true,'');
	INSERT INTO Answer (id,questionId,text,correct,comment) OVERRIDING SYSTEM VALUE VALUES (1372,619,'Line 6 generates a compiler error.',false,'Доступ к переменной экземпляра внешнего класса возможен таким образом (более того, в данном примере с совпадением имен переменных это единственный способ.)');
	INSERT INTO Answer (id,questionId,text,correct,comment) OVERRIDING SYSTEM VALUE VALUES (1373,619,'Line 8 generates a compiler error.',false,'Переменная <em>message</em> - "эффективно финальная".');
	INSERT INTO Answer (id,questionId,text,correct,comment) OVERRIDING SYSTEM VALUE VALUES (1374,619,'Line 11 generates a compiler error.',false,'');
	INSERT INTO Answer (id,questionId,text,correct,comment) OVERRIDING SYSTEM VALUE VALUES (1375,619,'An exception is thrown.',false,'');
INSERT INTO Question (id,realmId,type,text,regDate,updateDate) OVERRIDING SYSTEM VALUE VALUES (620,8,1,'The following code appears in a file named Book.java. What is the result of compiling the source file?<br /><br />1: public class Book {<br />2:&nbsp;&nbsp;&nbsp;&nbsp; private int pageNumber;<br />3:&nbsp;&nbsp;&nbsp;&nbsp; private class BookReader {<br />4:&nbsp;&nbsp;&nbsp;&nbsp;&nbsp;&nbsp;&nbsp;&nbsp; public int getPage() {<br />5:&nbsp;&nbsp;&nbsp;&nbsp;&nbsp;&nbsp;&nbsp;&nbsp;&nbsp;&nbsp;&nbsp;&nbsp; return pageNumber;<br />6: } } }',TIMESTAMP '1970-01-01 03:00:00',TIMESTAMP '1970-01-01 03:00:00');
	INSERT INTO Answer (id,questionId,text,correct,comment) OVERRIDING SYSTEM VALUE VALUES (1376,620,'The code compiles successfully, and one bytecode file is generated: Book.class.',false,'');
	INSERT INTO Answer (id,questionId,text,correct,comment) OVERRIDING SYSTEM VALUE VALUES (1377,620,'The code compiles successfully, and two bytecode files are generated: Book.class and BookReader.class.',false,'');
	INSERT INTO Answer (id,questionId,text,correct,comment) OVERRIDING SYSTEM VALUE VALUES (1378,620,'The code compiles successfully, and two bytecode files are generated: Book.class and Book$BookReader.class.',true,'');
	INSERT INTO Answer (id,questionId,text,correct,comment) OVERRIDING SYSTEM VALUE VALUES (1379,620,'A compiler error occurs on line 3.',false,'');
	INSERT INTO Answer (id,questionId,text,correct,comment) OVERRIDING SYSTEM VALUE VALUES (1380,620,'A compiler error occurs on line 5.',false,'');
INSERT INTO Question (id,realmId,type,text,regDate,updateDate) OVERRIDING SYSTEM VALUE VALUES (621,8,1,'Which of the following statements can be inserted to make <strong>FootballGame</strong> compile?<br /><br />package my.sports;<br />public class Football {<br />&nbsp;&nbsp;&nbsp; public static final int TEAM_SIZE = 11;<br />}<br />package my.apps;<br />// INSERT CODE HERE<br />public class FootballGame {<br />&nbsp;&nbsp;&nbsp; public int getTeamSize() { return TEAM_SIZE; }<br />}',TIMESTAMP '1970-01-01 03:00:00',TIMESTAMP '1970-01-01 03:00:00');
	INSERT INTO Answer (id,questionId,text,correct,comment) OVERRIDING SYSTEM VALUE VALUES (1381,621,'import my.sports.Football;',false,'');
	INSERT INTO Answer (id,questionId,text,correct,comment) OVERRIDING SYSTEM VALUE VALUES (1382,621,'import static my.sports.*;',false,'');
	INSERT INTO Answer (id,questionId,text,correct,comment) OVERRIDING SYSTEM VALUE VALUES (1383,621,'import static my.sports.Football;',false,'');
	INSERT INTO Answer (id,questionId,text,correct,comment) OVERRIDING SYSTEM VALUE VALUES (1384,621,'import static my.sports.Football.*;',true,'');
	INSERT INTO Answer (id,questionId,text,correct,comment) OVERRIDING SYSTEM VALUE VALUES (1385,621,'static import my.sports.*;',false,'');
	INSERT INTO Answer (id,questionId,text,correct,comment) OVERRIDING SYSTEM VALUE VALUES (1386,621,'static import my.sports.Football;',false,'');
	INSERT INTO Answer (id,questionId,text,correct,comment) OVERRIDING SYSTEM VALUE VALUES (1387,621,'static import my.sports.Football.*;',false,'');
INSERT INTO Question (id,realmId,type,text,regDate,updateDate) OVERRIDING SYSTEM VALUE VALUES (622,8,1,'What is the result of the following code?<br /><br />public class Browsers {<br />&nbsp;&nbsp;&nbsp; static class Browser {<br />&nbsp;&nbsp;&nbsp;&nbsp;&nbsp;&nbsp;&nbsp; public void go() {<br />&nbsp;&nbsp;&nbsp;&nbsp;&nbsp;&nbsp;&nbsp;&nbsp;&nbsp;&nbsp;&nbsp; System.out.println("Inside Browser");<br />&nbsp;&nbsp;&nbsp;&nbsp;&nbsp;&nbsp;&nbsp; }<br />&nbsp;&nbsp;&nbsp; }<br />&nbsp;&nbsp;&nbsp; static class Firefox extends Browser {<br />&nbsp;&nbsp;&nbsp;&nbsp;&nbsp;&nbsp;&nbsp; public void go() {<br />&nbsp;&nbsp;&nbsp;&nbsp;&nbsp;&nbsp;&nbsp;&nbsp;&nbsp;&nbsp;&nbsp; System.out.println("Inside Firefox");<br />&nbsp;&nbsp;&nbsp;&nbsp;&nbsp;&nbsp;&nbsp; }<br />&nbsp;&nbsp;&nbsp; }<br />&nbsp;&nbsp;&nbsp; static class IE extends Browser {<br />&nbsp;&nbsp;&nbsp;&nbsp;&nbsp;&nbsp;&nbsp; @Override public void go() {<br />&nbsp;&nbsp;&nbsp;&nbsp;&nbsp;&nbsp;&nbsp;&nbsp;&nbsp;&nbsp;&nbsp; System.out.println("Inside IE");<br />&nbsp;&nbsp;&nbsp;&nbsp;&nbsp;&nbsp;&nbsp; }<br />&nbsp;&nbsp;&nbsp; }<br />&nbsp;&nbsp;&nbsp; public static void main(String[] args) {<br />&nbsp;&nbsp;&nbsp;&nbsp;&nbsp;&nbsp;&nbsp; Browser b = new Firefox();<br />&nbsp;&nbsp;&nbsp;&nbsp;&nbsp;&nbsp;&nbsp; IE e = (IE) b;<br />&nbsp;&nbsp;&nbsp;&nbsp;&nbsp;&nbsp;&nbsp; e.go();<br />&nbsp;&nbsp;&nbsp; }<br />}',TIMESTAMP '1970-01-01 03:00:00',TIMESTAMP '1970-01-01 03:00:00');
	INSERT INTO Answer (id,questionId,text,correct,comment) OVERRIDING SYSTEM VALUE VALUES (1392,622,'A runtime exception is thrown.',true,'');
	INSERT INTO Answer (id,questionId,text,correct,comment) OVERRIDING SYSTEM VALUE VALUES (1388,622,'Inside Browser',false,'');
	INSERT INTO Answer (id,questionId,text,correct,comment) OVERRIDING SYSTEM VALUE VALUES (1389,622,'Inside Firefox',false,'');
	INSERT INTO Answer (id,questionId,text,correct,comment) OVERRIDING SYSTEM VALUE VALUES (1390,622,'Inside IE',false,'');
	INSERT INTO Answer (id,questionId,text,correct,comment) OVERRIDING SYSTEM VALUE VALUES (1391,622,'The code does not compile.',false,'');
INSERT INTO Question (id,realmId,type,text,regDate,updateDate) OVERRIDING SYSTEM VALUE VALUES (623,8,1,'Which is a true statement about the following code?<br /><br />public class IsItFurry {<br />&nbsp;&nbsp;&nbsp; static interface Mammal { }<br />&nbsp;&nbsp;&nbsp; static class Furry implements Mammal { }<br />&nbsp;&nbsp;&nbsp; static class Chipmunk extends Furry { }<br />&nbsp;&nbsp;&nbsp; public static void main(String[] args) {<br />&nbsp;&nbsp;&nbsp;&nbsp;&nbsp;&nbsp;&nbsp; Chipmunk c = new Chipmunk();<br />&nbsp;&nbsp;&nbsp;&nbsp;&nbsp;&nbsp;&nbsp; Mammal m = c;<br />&nbsp;&nbsp;&nbsp;&nbsp;&nbsp;&nbsp;&nbsp; Furry f = c;<br />&nbsp;&nbsp;&nbsp;&nbsp;&nbsp;&nbsp;&nbsp; int result = 0;<br />&nbsp;&nbsp;&nbsp;&nbsp;&nbsp;&nbsp;&nbsp; if (c instanceof Mammal) result += 1;<br />&nbsp;&nbsp;&nbsp;&nbsp;&nbsp;&nbsp;&nbsp; if (c instanceof Furry) result += 2;<br />&nbsp;&nbsp;&nbsp;&nbsp;&nbsp;&nbsp;&nbsp; if (null instanceof Chipmunk) result += 4;<br />&nbsp;&nbsp;&nbsp;&nbsp;&nbsp;&nbsp;&nbsp; System.out.println(result);<br />&nbsp;&nbsp;&nbsp; } }',TIMESTAMP '1970-01-01 03:00:00',TIMESTAMP '1970-01-01 03:00:00');
	INSERT INTO Answer (id,questionId,text,correct,comment) OVERRIDING SYSTEM VALUE VALUES (1393,623,'The output is 0.',false,'');
	INSERT INTO Answer (id,questionId,text,correct,comment) OVERRIDING SYSTEM VALUE VALUES (1394,623,'The output is 3.',true,'');
	INSERT INTO Answer (id,questionId,text,correct,comment) OVERRIDING SYSTEM VALUE VALUES (1395,623,'The output is 7.',false,'');
	INSERT INTO Answer (id,questionId,text,correct,comment) OVERRIDING SYSTEM VALUE VALUES (1396,623,'c instanceof Mammal does not compile.',false,'');
	INSERT INTO Answer (id,questionId,text,correct,comment) OVERRIDING SYSTEM VALUE VALUES (1397,623,'c instanceof Furry does not compile.',false,'');
	INSERT INTO Answer (id,questionId,text,correct,comment) OVERRIDING SYSTEM VALUE VALUES (1398,623,'null instanceof Chipmunk does not compile.',false,'');
INSERT INTO Question (id,realmId,type,text,regDate,updateDate) OVERRIDING SYSTEM VALUE VALUES (624,0,0,'<strong>instanceof</strong> сравнивает только сущности из одной ветви наследования. Если нет отношения родитель-потомок, то будет ошибка компиляции',TIMESTAMP '1970-01-01 03:00:00',TIMESTAMP '1970-01-01 03:00:00');
INSERT INTO Question (id,realmId,type,text,regDate,updateDate) OVERRIDING SYSTEM VALUE VALUES (625,8,1,'Which is a true statement about the following code? (Choose all that apply.)<br /><br />import java.util. *;<br />public class IsItFurry {<br />&nbsp;&nbsp;&nbsp; static class Chipmunk { }<br />&nbsp;&nbsp;&nbsp; public static void main(String[] args) {<br />&nbsp;&nbsp;&nbsp;&nbsp;&nbsp;&nbsp;&nbsp; Chipmunk c = new Chipmunk();<br />&nbsp;&nbsp;&nbsp;&nbsp;&nbsp;&nbsp;&nbsp; ArrayList &lt;Chipmunk&gt; l = new ArrayList&lt;&gt;();<br />&nbsp;&nbsp;&nbsp;&nbsp;&nbsp;&nbsp;&nbsp; Runnable r = new Thread();<br />&nbsp;&nbsp;&nbsp;&nbsp;&nbsp;&nbsp;&nbsp; int result = 0;<br />&nbsp;&nbsp;&nbsp;&nbsp;&nbsp;&nbsp;&nbsp; if (c instanceof Chipmunk) result += 1;<br />&nbsp;&nbsp;&nbsp;&nbsp;&nbsp;&nbsp;&nbsp; if (l instanceof Chipmunk) result += 2;<br />&nbsp;&nbsp;&nbsp;&nbsp;&nbsp;&nbsp;&nbsp; if (r instanceof Chipmunk) result += 4;<br />&nbsp;&nbsp;&nbsp;&nbsp;&nbsp;&nbsp;&nbsp; System.out.println(result);<br />&nbsp;&nbsp;&nbsp; } }',TIMESTAMP '1970-01-01 03:00:00',TIMESTAMP '1970-01-01 03:00:00');
	INSERT INTO Answer (id,questionId,text,correct,comment) OVERRIDING SYSTEM VALUE VALUES (1399,625,'The code compiles, and the output is 0.',false,'');
	INSERT INTO Answer (id,questionId,text,correct,comment) OVERRIDING SYSTEM VALUE VALUES (1400,625,'The code compiles, and the output is 3.',false,'');
	INSERT INTO Answer (id,questionId,text,correct,comment) OVERRIDING SYSTEM VALUE VALUES (1401,625,'The code compiles, and the output is 7.',false,'');
	INSERT INTO Answer (id,questionId,text,correct,comment) OVERRIDING SYSTEM VALUE VALUES (1402,625,'c instanceof Chipmunk does not compile.',false,'');
	INSERT INTO Answer (id,questionId,text,correct,comment) OVERRIDING SYSTEM VALUE VALUES (1403,625,'l instanceof Chipmunk does not compile.',true,'');
	INSERT INTO Answer (id,questionId,text,correct,comment) OVERRIDING SYSTEM VALUE VALUES (1404,625,'r instanceof Chipmunk does not compile.',false,'Скомпилируется, т.к. Runnable это интерфейс. Теоретически, потомок Chipmunk может имплементировать Runnable, тогда станет возможен объект Runnable, который еще и Chipmunk.');
INSERT INTO Question (id,realmId,type,text,regDate,updateDate) OVERRIDING SYSTEM VALUE VALUES (626,8,0,'<strong>instanceof</strong> в случае с интерфейсами не имеет ограничений на компиляцию из-за разных ветвей дерева наследования, т.к. для любого класса может появиться наследник, имплементирующий интерфейс, и <strong>instanceof</strong> станет актуальным. Следующий код скомпилируется:<br /><br />1: interface SomeInterface {}<br />2: class SomeClass {<br />3: &nbsp;&nbsp;&nbsp; void f() {<br />4: &nbsp;&nbsp;&nbsp;&nbsp;&nbsp;&nbsp;&nbsp; SomeInterface i = new SomeInterface() {};<br />5: &nbsp;&nbsp;&nbsp;&nbsp;&nbsp;&nbsp;&nbsp; SomeClass c = new SomeClass();<br />6: &nbsp;&nbsp;&nbsp;&nbsp;&nbsp;&nbsp;&nbsp; System.out.println(i instanceof SomeClass);<br />7: &nbsp;&nbsp;&nbsp;&nbsp;&nbsp;&nbsp;&nbsp; System.out.println(c instanceof SomeInterface);<br />8: &nbsp;&nbsp;&nbsp; }<br />9: }<br /><br />Однако если сделать класс <strong>SomeClass</strong> финальным (отсечь возможность наследования), то компиляция строк 6 и 7 станет невозможной.',TIMESTAMP '1970-01-01 03:00:00',TIMESTAMP '1970-01-01 03:00:00');
INSERT INTO Question (id,realmId,type,text,regDate,updateDate) OVERRIDING SYSTEM VALUE VALUES (627,8,1,'Which of the following statements are true about the <strong>equals</strong>() method? (Choose all that apply.)',TIMESTAMP '1970-01-01 03:00:00',TIMESTAMP '1970-01-01 03:00:00');
	INSERT INTO Answer (id,questionId,text,correct,comment) OVERRIDING SYSTEM VALUE VALUES (1408,627,'If <strong>equals</strong>() is passed the wrong type, the method should throw an exception.',false,'');
	INSERT INTO Answer (id,questionId,text,correct,comment) OVERRIDING SYSTEM VALUE VALUES (1409,627,'If <strong>equals</strong>() is passed the wrong type, the method should return <strong>false</strong>.',true,'');
	INSERT INTO Answer (id,questionId,text,correct,comment) OVERRIDING SYSTEM VALUE VALUES (1410,627,'If <strong>equals</strong>() is passed the wrong type, the method should return <strong>true</strong>.',false,'');
	INSERT INTO Answer (id,questionId,text,correct,comment) OVERRIDING SYSTEM VALUE VALUES (1405,627,'If <strong>equals</strong>(<em>null</em>) is called, the method should throw an exception.',false,'');
	INSERT INTO Answer (id,questionId,text,correct,comment) OVERRIDING SYSTEM VALUE VALUES (1406,627,'If <strong>equals</strong>(<em>null</em>) is called, the method should return <strong>false</strong>.',true,'');
	INSERT INTO Answer (id,questionId,text,correct,comment) OVERRIDING SYSTEM VALUE VALUES (1407,627,'If <strong>equals</strong>(<em>null</em>) is called, the method should return <strong>true</strong>.',false,'');
INSERT INTO Question (id,realmId,type,text,regDate,updateDate) OVERRIDING SYSTEM VALUE VALUES (628,8,0,'Базовые требования к методу equals():<br /><br />- должен иметь проверку на null<br />- должен иметь проверку instanceof',TIMESTAMP '1970-01-01 03:00:00',TIMESTAMP '1970-01-01 03:00:00');
INSERT INTO Question (id,realmId,type,text,regDate,updateDate) OVERRIDING SYSTEM VALUE VALUES (629,8,1,'Which of the following can be inserted in main?<br /><br />public class Outer {<br />&nbsp;&nbsp;&nbsp; class Inner { }<br />&nbsp;&nbsp;&nbsp; public static void main(String[] args) {<br />&nbsp;&nbsp;&nbsp;&nbsp;&nbsp;&nbsp;&nbsp; // INSERT CODE HERE<br />&nbsp;&nbsp;&nbsp; } }',TIMESTAMP '1970-01-01 03:00:00',TIMESTAMP '1970-01-01 03:00:00');
	INSERT INTO Answer (id,questionId,text,correct,comment) OVERRIDING SYSTEM VALUE VALUES (1411,629,'Inner in = new Inner();',false,'не забываем - мы в статическом методе. Такой синтаксис возможен только в методе экземпляра.');
	INSERT INTO Answer (id,questionId,text,correct,comment) OVERRIDING SYSTEM VALUE VALUES (1412,629,'Inner in = Outer.new Inner();',false,'');
	INSERT INTO Answer (id,questionId,text,correct,comment) OVERRIDING SYSTEM VALUE VALUES (1413,629,'Outer.Inner in = new Outer.Inner();',false,'');
	INSERT INTO Answer (id,questionId,text,correct,comment) OVERRIDING SYSTEM VALUE VALUES (1414,629,'Outer.Inner in = new Outer().Inner();',false,'');
	INSERT INTO Answer (id,questionId,text,correct,comment) OVERRIDING SYSTEM VALUE VALUES (1415,629,'Outer.Inner in = new Outer().new Inner();',true,'');
	INSERT INTO Answer (id,questionId,text,correct,comment) OVERRIDING SYSTEM VALUE VALUES (1416,629,'Outer.Inner in = Outer.new Inner();',false,'');
INSERT INTO Question (id,realmId,type,text,regDate,updateDate) OVERRIDING SYSTEM VALUE VALUES (630,8,1,'What is the result of the following code? (Choose all that apply.)<br /><br />1: public enum AnimalClasses {<br />2:&nbsp;&nbsp;&nbsp;&nbsp; MAMMAL(true), FISH(Boolean.FALSE), BIRD(false),<br />3:&nbsp;&nbsp;&nbsp;&nbsp; REPTILE(false), AMPHIBIAN(false), INVERTEBRATE(false)<br />4:&nbsp;&nbsp;&nbsp;&nbsp; boolean hasHair;<br />5:&nbsp;&nbsp;&nbsp;&nbsp; public AnimalClasses(boolean hasHair) {<br />6:&nbsp;&nbsp;&nbsp;&nbsp;&nbsp;&nbsp;&nbsp;&nbsp; this.hasHair = hasHair;<br />7:&nbsp;&nbsp;&nbsp;&nbsp; }<br />8:&nbsp;&nbsp;&nbsp;&nbsp; public boolean hasHair() {<br />9:&nbsp;&nbsp;&nbsp;&nbsp;&nbsp;&nbsp;&nbsp;&nbsp; return hasHair;<br />10:&nbsp;&nbsp;&nbsp; }<br />11:&nbsp;&nbsp;&nbsp; public void giveWig() {<br />12:&nbsp;&nbsp;&nbsp;&nbsp;&nbsp;&nbsp;&nbsp; hasHair = true;<br />13: } }',TIMESTAMP '1970-01-01 03:00:00',TIMESTAMP '1970-01-01 03:00:00');
	INSERT INTO Answer (id,questionId,text,correct,comment) OVERRIDING SYSTEM VALUE VALUES (1417,630,'Compiler error on line 2.',false,'');
	INSERT INTO Answer (id,questionId,text,correct,comment) OVERRIDING SYSTEM VALUE VALUES (1418,630,'Compiler error on line 3.',true,'');
	INSERT INTO Answer (id,questionId,text,correct,comment) OVERRIDING SYSTEM VALUE VALUES (1419,630,'Compiler error on line 5.',true,'У перечислимых типов не может быть публичных конструкторов.');
	INSERT INTO Answer (id,questionId,text,correct,comment) OVERRIDING SYSTEM VALUE VALUES (1420,630,'Compiler error on line 8.',false,'');
	INSERT INTO Answer (id,questionId,text,correct,comment) OVERRIDING SYSTEM VALUE VALUES (1421,630,'Compiler error on line 12.',false,'');
	INSERT INTO Answer (id,questionId,text,correct,comment) OVERRIDING SYSTEM VALUE VALUES (1422,630,'Compiler error on another line.',false,'');
	INSERT INTO Answer (id,questionId,text,correct,comment) OVERRIDING SYSTEM VALUE VALUES (1423,630,'The code compiles successfully.',false,'');
INSERT INTO Question (id,realmId,type,text,regDate,updateDate) OVERRIDING SYSTEM VALUE VALUES (631,8,1,'What is the result of the following code? (Choose all that apply.)<br /><br />public class Swimmer {<br />&nbsp;&nbsp;&nbsp; enum AnimalClasses {<br />&nbsp;&nbsp;&nbsp;&nbsp;&nbsp;&nbsp;&nbsp; MAMMAL, FISH {<br />&nbsp;&nbsp;&nbsp;&nbsp;&nbsp;&nbsp;&nbsp;&nbsp;&nbsp;&nbsp;&nbsp; public boolean hasFins() { return true; }},<br />&nbsp;&nbsp;&nbsp;&nbsp;&nbsp;&nbsp;&nbsp; BIRD, REPTILE, AMPHIBIAN, INVERTEBRATE;<br />&nbsp;&nbsp;&nbsp;&nbsp;&nbsp;&nbsp;&nbsp; public abstract boolean hasFins();<br />&nbsp;&nbsp;&nbsp; }<br />&nbsp;&nbsp;&nbsp; public static void main(String[] args) {<br />&nbsp;&nbsp;&nbsp;&nbsp;&nbsp;&nbsp;&nbsp; System.out.println(AnimalClasses.FISH);<br />&nbsp;&nbsp;&nbsp;&nbsp;&nbsp;&nbsp;&nbsp; System.out.println(AnimalClasses.FISH.ordinal());<br />&nbsp;&nbsp;&nbsp;&nbsp;&nbsp;&nbsp;&nbsp; System.out.println(AnimalClasses.FISH.hasFins());<br />&nbsp;&nbsp;&nbsp;&nbsp;&nbsp;&nbsp;&nbsp; System.out.println(AnimalClasses.BIRD.hasFins());<br />&nbsp;&nbsp;&nbsp; }<br />}',TIMESTAMP '1970-01-01 03:00:00',TIMESTAMP '1970-01-01 03:00:00');
	INSERT INTO Answer (id,questionId,text,correct,comment) OVERRIDING SYSTEM VALUE VALUES (1424,631,'fish',false,'');
	INSERT INTO Answer (id,questionId,text,correct,comment) OVERRIDING SYSTEM VALUE VALUES (1425,631,'FISH',false,'');
	INSERT INTO Answer (id,questionId,text,correct,comment) OVERRIDING SYSTEM VALUE VALUES (1426,631,'0',false,'');
	INSERT INTO Answer (id,questionId,text,correct,comment) OVERRIDING SYSTEM VALUE VALUES (1427,631,'1',false,'');
	INSERT INTO Answer (id,questionId,text,correct,comment) OVERRIDING SYSTEM VALUE VALUES (1428,631,'false',false,'');
	INSERT INTO Answer (id,questionId,text,correct,comment) OVERRIDING SYSTEM VALUE VALUES (1429,631,'true',false,'');
	INSERT INTO Answer (id,questionId,text,correct,comment) OVERRIDING SYSTEM VALUE VALUES (1430,631,'The code does not compile.',true,'Все экземпляры перечислимого типа должны реализовывать абстрактный метод');
INSERT INTO Question (id,realmId,type,text,regDate,updateDate) OVERRIDING SYSTEM VALUE VALUES (632,8,1,'Which of the following can be inserted to override the superclass method? (Choose all that apply.)<br /><br />public class LearnToWalk {<br />&nbsp;&nbsp;&nbsp; public void toddle() {}<br />&nbsp;&nbsp;&nbsp; class BabyRhino extends LearnToWalk {<br />&nbsp;&nbsp;&nbsp;&nbsp;&nbsp;&nbsp;&nbsp; // INSERT CODE HERE<br />&nbsp;&nbsp;&nbsp; }<br />}',TIMESTAMP '1970-01-01 03:00:00',TIMESTAMP '1970-01-01 03:00:00');
	INSERT INTO Answer (id,questionId,text,correct,comment) OVERRIDING SYSTEM VALUE VALUES (1431,632,'public void toddle() {}',true,'');
	INSERT INTO Answer (id,questionId,text,correct,comment) OVERRIDING SYSTEM VALUE VALUES (1432,632,'public void Toddle() {}',false,'');
	INSERT INTO Answer (id,questionId,text,correct,comment) OVERRIDING SYSTEM VALUE VALUES (1433,632,'public final void toddle() {}',true,'');
	INSERT INTO Answer (id,questionId,text,correct,comment) OVERRIDING SYSTEM VALUE VALUES (1434,632,'public static void toddle() {}',false,'');
	INSERT INTO Answer (id,questionId,text,correct,comment) OVERRIDING SYSTEM VALUE VALUES (1435,632,'public void toddle() throws Exception {}',false,'');
	INSERT INTO Answer (id,questionId,text,correct,comment) OVERRIDING SYSTEM VALUE VALUES (1436,632,'public void toddle(boolean fall) {}',false,'');
INSERT INTO Question (id,realmId,type,text,regDate,updateDate) OVERRIDING SYSTEM VALUE VALUES (633,8,1,'What is the result of the following code?<br /><br />public class FourLegged {<br />&nbsp;&nbsp;&nbsp; String walk = "walk,";<br />&nbsp;&nbsp;&nbsp; static class BabyRhino extends FourLegged {<br />&nbsp;&nbsp;&nbsp;&nbsp;&nbsp;&nbsp;&nbsp; String walk = "toddle,";<br />&nbsp;&nbsp;&nbsp; }<br />&nbsp;&nbsp;&nbsp; public static void main(String[] args) {<br />&nbsp;&nbsp;&nbsp;&nbsp;&nbsp;&nbsp;&nbsp; FourLegged f = new BabyRhino();<br />&nbsp;&nbsp;&nbsp;&nbsp;&nbsp;&nbsp;&nbsp; BabyRhino b = new BabyRhino();<br />&nbsp;&nbsp;&nbsp;&nbsp;&nbsp;&nbsp;&nbsp; System.out.print(f.walk);<br />&nbsp;&nbsp;&nbsp;&nbsp;&nbsp;&nbsp;&nbsp; System.out.print(b.walk);<br />&nbsp;&nbsp;&nbsp; } }',TIMESTAMP '1970-01-01 03:00:00',TIMESTAMP '1970-01-01 03:00:00');
	INSERT INTO Answer (id,questionId,text,correct,comment) OVERRIDING SYSTEM VALUE VALUES (1440,633,'walk,walk,',false,'');
	INSERT INTO Answer (id,questionId,text,correct,comment) OVERRIDING SYSTEM VALUE VALUES (1441,633,'The code does not compile.',false,'');
	INSERT INTO Answer (id,questionId,text,correct,comment) OVERRIDING SYSTEM VALUE VALUES (1442,633,'A runtime exception is thrown.',false,'');
	INSERT INTO Answer (id,questionId,text,correct,comment) OVERRIDING SYSTEM VALUE VALUES (1437,633,'toddle,toddle,',false,'');
	INSERT INTO Answer (id,questionId,text,correct,comment) OVERRIDING SYSTEM VALUE VALUES (1438,633,'toddle,walk,',false,'');
	INSERT INTO Answer (id,questionId,text,correct,comment) OVERRIDING SYSTEM VALUE VALUES (1439,633,'walk,toddle,',true,'');
INSERT INTO Question (id,realmId,type,text,regDate,updateDate) OVERRIDING SYSTEM VALUE VALUES (634,8,1,'Which of the following could be inserted to fill in the blank? (Choose all that apply.)<br /><br />public interface Otter {<br />&nbsp;&nbsp;&nbsp; default void play() { }<br />}<br />class RiverOtter implements Otter {<br />&nbsp;&nbsp;&nbsp; _____________________________<br />}',TIMESTAMP '1970-01-01 03:00:00',TIMESTAMP '1970-01-01 03:00:00');
	INSERT INTO Answer (id,questionId,text,correct,comment) OVERRIDING SYSTEM VALUE VALUES (1443,634,'@Override public boolean equals(Object o) { return false; }',true,'');
	INSERT INTO Answer (id,questionId,text,correct,comment) OVERRIDING SYSTEM VALUE VALUES (1444,634,'@Override public boolean equals(Otter o) { return false; }',false,'');
	INSERT INTO Answer (id,questionId,text,correct,comment) OVERRIDING SYSTEM VALUE VALUES (1445,634,'@Override public int hashCode() { return 42; }',true,'');
	INSERT INTO Answer (id,questionId,text,correct,comment) OVERRIDING SYSTEM VALUE VALUES (1446,634,'@Override public long hashCode() { return 42; }',false,'');
	INSERT INTO Answer (id,questionId,text,correct,comment) OVERRIDING SYSTEM VALUE VALUES (1447,634,'@Override public void play() { }',true,'');
	INSERT INTO Answer (id,questionId,text,correct,comment) OVERRIDING SYSTEM VALUE VALUES (1448,634,'@Override void play() { }',false,'');
INSERT INTO Question (id,realmId,type,text,regDate,updateDate) OVERRIDING SYSTEM VALUE VALUES (635,8,0,'Абстрактные определения методов можно дублировать в наследующем/реализующем&nbsp; абстрактном классе/интерфейсе - это не ошибка компиляции.',TIMESTAMP '1970-01-01 03:00:00',TIMESTAMP '1970-01-01 03:00:00');
INSERT INTO Question (id,realmId,type,text,regDate,updateDate) OVERRIDING SYSTEM VALUE VALUES (636,8,0,'Функциональный интерфейс можно снабдить аннотацией <strong>@FunctionalInterface</strong>, тогда будет ошибка компиляции, если интерфейс неудовлетворяет условиям функционального (например, содержит более одного метода). Для использования корректного функционального интерфейса в лямбда-выражениях наличие вышеуказанной аннотации необязательно. Однако лучше ее все-таки указывать, чтобы другой разработчик случайно не испортил функциональный интерфейс.',TIMESTAMP '1970-01-01 03:00:00',TIMESTAMP '1970-01-01 03:00:00');
INSERT INTO Question (id,realmId,type,text,regDate,updateDate) OVERRIDING SYSTEM VALUE VALUES (637,8,1,'Имеем фнукциональный интерфейс<br /><br />public interface Sprint {<br />&nbsp;&nbsp;&nbsp; public void sprint(Animal animal);<br />}<br /><br />Какие из нижеприведенных интерфейсов также будут функциональными?',TIMESTAMP '1970-01-01 03:00:00',TIMESTAMP '1970-01-01 03:00:00');
	INSERT INTO Answer (id,questionId,text,correct,comment) OVERRIDING SYSTEM VALUE VALUES (1450,637,'public interface Run extends Sprint {}',true,'');
	INSERT INTO Answer (id,questionId,text,correct,comment) OVERRIDING SYSTEM VALUE VALUES (1451,637,'public interface SprintFaster extends Sprint {<br />&nbsp;&nbsp;&nbsp; public void sprint(Animal animal);<br />}',true,'');
	INSERT INTO Answer (id,questionId,text,correct,comment) OVERRIDING SYSTEM VALUE VALUES (1452,637,'public interface Skip extends Sprint {<br />&nbsp;&nbsp;&nbsp; public default int getHopCount(Kangaroo kangaroo) {return 10;}<br />&nbsp;&nbsp;&nbsp; public static void skip(int speed) {}<br />}',true,'дополнительно определены статичный и дефолтный методы. Абстрактный по-прежнему только один - унаследованный, т.к. что интерфейс - функциональный');
	INSERT INTO Answer (id,questionId,text,correct,comment) OVERRIDING SYSTEM VALUE VALUES (1453,637,'public interface Walk {}',false,'');
	INSERT INTO Answer (id,questionId,text,correct,comment) OVERRIDING SYSTEM VALUE VALUES (1454,637,'public interface Dance extends Sprint {<br />&nbsp;&nbsp;&nbsp; public void dance(Animal animal);<br />}',false,'добавился еще один абстрактный метод к унаследованному');
	INSERT INTO Answer (id,questionId,text,correct,comment) OVERRIDING SYSTEM VALUE VALUES (1455,637,'public interface Crawl {<br />&nbsp;&nbsp;&nbsp; public void crawl();<br />&nbsp;&nbsp;&nbsp; public int getCount();<br />}',false,'');
INSERT INTO Question (id,realmId,type,text,regDate,updateDate) OVERRIDING SYSTEM VALUE VALUES (638,8,0,'Пример использования простой лямбды с функциональным интерфейсом:<br /><br />public class Animal {<br />&nbsp;&nbsp;&nbsp; private boolean canHop = true;<br />&nbsp;&nbsp;&nbsp; public boolean canHop() { return canHop; }<br />}<br /><br />interface CheckTrait {<br />&nbsp;&nbsp;&nbsp; public boolean test(Animal a);<br />}<br /><br />class FindMatchingAnimals {<br />&nbsp;&nbsp;&nbsp; private static void print(Animal animal, CheckTrait trait) {<br />&nbsp;&nbsp;&nbsp;&nbsp;&nbsp;&nbsp;&nbsp; if(trait.test(animal))<br />&nbsp;&nbsp;&nbsp;&nbsp;&nbsp;&nbsp;&nbsp;&nbsp;&nbsp;&nbsp;&nbsp; System.out.println(animal);<br />&nbsp;&nbsp;&nbsp; }<br />&nbsp;&nbsp;&nbsp; public static void main(String[] args) {<br />&nbsp;&nbsp;&nbsp;&nbsp;&nbsp;&nbsp;&nbsp; print(new Animal(), a -&gt; a.canHop());<br />&nbsp;&nbsp;&nbsp; }<br />}<br /><br />Код печатает название животного, которое удовлетворяет условию лямды. Как Java понимает, чего мы от нее хотим?<br />Анализирует смысл лямбды. Лямда передается в метод <strong>print</strong>() вторым параметром. Сигнатура метода ожидает на этом месте <strong>CheckTrait</strong>.<br />Поскольку он получил лямбду, он интерпретирует ожидаемый интерфейс как функциональный и подставляет код лямбды на место единственного<br />абстрактного метода. Фактически - инстанциирует класс, который имеет метод <br />test(Animal a) { return a.canHop()} .',TIMESTAMP '1970-01-01 03:00:00',TIMESTAMP '1970-01-01 03:00:00');
INSERT INTO Question (id,realmId,type,text,regDate,updateDate) OVERRIDING SYSTEM VALUE VALUES (639,8,2,'Что такое "отложенное исполнение" (<em>deferred execution</em>)?',TIMESTAMP '1970-01-01 03:00:00',TIMESTAMP '1970-01-01 03:00:00');
	INSERT INTO Answer (id,questionId,text,correct,comment) OVERRIDING SYSTEM VALUE VALUES (1456,639,'Это когда код известен сейчас, но запущен будет позже - актуально для лямбд.',true,'');
INSERT INTO Question (id,realmId,type,text,regDate,updateDate) OVERRIDING SYSTEM VALUE VALUES (640,8,0,'Лямбду можно записывать сокращенно.<br /><br />Полная версия:<br />(Animal a) -&gt; { return a.canHop(); }<br /><br />Сокращенная:<br />a -&gt; a.canHop()<br /><br />Сокращенную лямбду можно подавать в тот контекст, в котором становятся ясными опущенные параметры - в данном случае, тип аргумента.',TIMESTAMP '1970-01-01 03:00:00',TIMESTAMP '1970-01-01 03:00:00');
INSERT INTO Question (id,realmId,type,text,regDate,updateDate) OVERRIDING SYSTEM VALUE VALUES (641,8,2,'Имеем лямбду<br />(Animal a) &minus;&gt; { return a.canHop(); }<br /><br />Какие ее части и когда могут быть опциональными?',TIMESTAMP '1970-01-01 03:00:00',TIMESTAMP '1970-01-01 03:00:00');
	INSERT INTO Answer (id,questionId,text,correct,comment) OVERRIDING SYSTEM VALUE VALUES (1457,641,'- имя типа <strong>Animal</strong><br />- скобки - только если не указано имя типа<br />- фигурные скобки - только если опущены <strong>return</strong> и точка с запятой.<br />- <strong>return</strong> и точка с запятой - только если опущены скобки',true,'');
INSERT INTO Question (id,realmId,type,text,regDate,updateDate) OVERRIDING SYSTEM VALUE VALUES (642,8,2,'Когда секция параметров лямбды может не иметь скобок?',TIMESTAMP '1970-01-01 03:00:00',TIMESTAMP '1970-01-01 03:00:00');
	INSERT INTO Answer (id,questionId,text,correct,comment) OVERRIDING SYSTEM VALUE VALUES (1458,642,'Только если параметр один и не указано имя типа.<br />(нулевое число параметров также потребует скобок)',true,'');
INSERT INTO Question (id,realmId,type,text,regDate,updateDate) OVERRIDING SYSTEM VALUE VALUES (643,8,1,'Из нижеперечисленных лямбд укажите корректные:',TIMESTAMP '1970-01-01 03:00:00',TIMESTAMP '1970-01-01 03:00:00');
	INSERT INTO Answer (id,questionId,text,correct,comment) OVERRIDING SYSTEM VALUE VALUES (1472,643,'(String a, String b) -&gt; a.startsWith("test")',true,'');
	INSERT INTO Answer (id,questionId,text,correct,comment) OVERRIDING SYSTEM VALUE VALUES (1473,643,'(String a, b) -&gt; a.startsWith("test")',false,'не указан тип второго параметра');
	INSERT INTO Answer (id,questionId,text,correct,comment) OVERRIDING SYSTEM VALUE VALUES (1474,643,'a, b -&gt; a.startsWith("test")',false,'нет скобок в параметрах');
	INSERT INTO Answer (id,questionId,text,correct,comment) OVERRIDING SYSTEM VALUE VALUES (1475,643,'c -&gt; return 10;',false,'нет фигурных скобок вокруг тела');
	INSERT INTO Answer (id,questionId,text,correct,comment) OVERRIDING SYSTEM VALUE VALUES (1476,643,'a -&gt; { return a.startsWith("test") }',false,'нет точки с запятой после выражения в теле');
	INSERT INTO Answer (id,questionId,text,correct,comment) OVERRIDING SYSTEM VALUE VALUES (1459,643,'() -&gt; new Duck()',true,'');
	INSERT INTO Answer (id,questionId,text,correct,comment) OVERRIDING SYSTEM VALUE VALUES (1460,643,'d -&gt; {return d.quack();}',true,'');
	INSERT INTO Answer (id,questionId,text,correct,comment) OVERRIDING SYSTEM VALUE VALUES (1461,643,'(Duck d) -&gt; d.quack()',true,'');
	INSERT INTO Answer (id,questionId,text,correct,comment) OVERRIDING SYSTEM VALUE VALUES (1462,643,'(Animal a, Duck d) -&gt; d.quack()',true,'');
	INSERT INTO Answer (id,questionId,text,correct,comment) OVERRIDING SYSTEM VALUE VALUES (1463,643,'Duck d -&gt; d.quack()',false,'нет скобок в аргументах');
	INSERT INTO Answer (id,questionId,text,correct,comment) OVERRIDING SYSTEM VALUE VALUES (1464,643,'a,d -&gt; d.quack()',false,'нет скобок в аргументах');
	INSERT INTO Answer (id,questionId,text,correct,comment) OVERRIDING SYSTEM VALUE VALUES (1465,643,'Animal a, Duck d -&gt; d.quack()',false,'нет скобок в аргументах');
	INSERT INTO Answer (id,questionId,text,correct,comment) OVERRIDING SYSTEM VALUE VALUES (1466,643,'() -&gt; true',true,'');
	INSERT INTO Answer (id,questionId,text,correct,comment) OVERRIDING SYSTEM VALUE VALUES (1467,643,'a -&gt; {return a.startsWith("test");}',true,'');
	INSERT INTO Answer (id,questionId,text,correct,comment) OVERRIDING SYSTEM VALUE VALUES (1468,643,'(String a) -&gt; a.startsWith("test")',true,'');
	INSERT INTO Answer (id,questionId,text,correct,comment) OVERRIDING SYSTEM VALUE VALUES (1469,643,'(int x) -&gt; {}',true,'');
	INSERT INTO Answer (id,questionId,text,correct,comment) OVERRIDING SYSTEM VALUE VALUES (1470,643,'(int y) -&gt; {return;}',true,'');
	INSERT INTO Answer (id,questionId,text,correct,comment) OVERRIDING SYSTEM VALUE VALUES (1471,643,'(a, b) -&gt; a.startsWith("test")',true,'');
INSERT INTO Question (id,realmId,type,text,regDate,updateDate) OVERRIDING SYSTEM VALUE VALUES (644,8,0,'Опустить в теле лямбды фигурные скобки, точку с запятой и ключевое слово <strong>return</strong> можно только если тело состоит из одной строки и одного выражения.',TIMESTAMP '1970-01-01 03:00:00',TIMESTAMP '1970-01-01 03:00:00');
INSERT INTO Question (id,realmId,type,text,regDate,updateDate) OVERRIDING SYSTEM VALUE VALUES (645,8,0,'Можно не указывать <strong>return</strong> в теле лямбды, если она ничего не возвращает.',TIMESTAMP '1970-01-01 03:00:00',TIMESTAMP '1970-01-01 03:00:00');
INSERT INTO Question (id,realmId,type,text,regDate,updateDate) OVERRIDING SYSTEM VALUE VALUES (646,8,0,'Если у лямбды несколько параметров и у какого-то из них указан тип, то тип должен быть указан у всех.',TIMESTAMP '1970-01-01 03:00:00',TIMESTAMP '1970-01-01 03:00:00');
INSERT INTO Question (id,realmId,type,text,regDate,updateDate) OVERRIDING SYSTEM VALUE VALUES (647,8,0,'В лямбдах нельзя переопределять локальную переменную:<br /><br />(a, b) -&gt; { int a = 0; return 5;} // DOES NOT COMPILE<br />(a, b) -&gt; { int c = 0; return 5;} // CORRECT',TIMESTAMP '1970-01-01 03:00:00',TIMESTAMP '1970-01-01 03:00:00');
INSERT INTO Question (id,realmId,type,text,regDate,updateDate) OVERRIDING SYSTEM VALUE VALUES (648,8,2,'Что такое предикатный интерфейс?',TIMESTAMP '1970-01-01 03:00:00',TIMESTAMP '1970-01-01 03:00:00');
	INSERT INTO Answer (id,questionId,text,correct,comment) OVERRIDING SYSTEM VALUE VALUES (1477,648,'Предикатный интерфейс java.util.function.Predicate предназначен для использования с лямбдами и выглядит так:<br /><br />public interface Predicate&lt;T&gt; {<br />&nbsp;&nbsp;&nbsp; public boolean test(T t);<br />}<br /><br />Благодаря наличию предикатного интерфейса нет необходимости создавать свой собственный для лямбд с единственным параметром и boolean-методом.',true,'');
INSERT INTO Question (id,realmId,type,text,regDate,updateDate) OVERRIDING SYSTEM VALUE VALUES (649,8,0,'<p>Простой пример использования предикатного интерфейса. Программа, определяющая четность произвольного числа (обернутого во вспомогательный класс <strong>MyNumber</strong>).<br /><br />public class TestNumber {<br />&nbsp;&nbsp;&nbsp; <br />&nbsp;&nbsp;&nbsp; public static void main(String args[]) {<br />&nbsp;&nbsp;&nbsp;&nbsp;&nbsp;&nbsp;&nbsp; MyNumber num = new MyNumber(1.5);<br />&nbsp;&nbsp;&nbsp;&nbsp;&nbsp;&nbsp;&nbsp; System.out.println(testNumOdd(num, n -&gt; n.isOdd()));<br />&nbsp;&nbsp;&nbsp;&nbsp;&nbsp;&nbsp;&nbsp; num = new MyNumber(15L);<br />&nbsp;&nbsp;&nbsp;&nbsp;&nbsp;&nbsp;&nbsp; System.out.println(testNumOdd(num, n -&gt; n.isOdd()));<br />&nbsp;&nbsp;&nbsp;&nbsp;&nbsp;&nbsp;&nbsp; num = new MyNumber((byte)113);<br />&nbsp;&nbsp;&nbsp;&nbsp;&nbsp;&nbsp;&nbsp; System.out.println(testNumOdd(num, n -&gt; n.isOdd()));<br />&nbsp;&nbsp;&nbsp; }<br />&nbsp;&nbsp;&nbsp; <br />&nbsp;&nbsp;&nbsp; static boolean testNumOdd(MyNumber num, Predicate&lt;MyNumber&gt; testOdd) {<br />&nbsp;&nbsp;&nbsp;&nbsp;&nbsp;&nbsp;&nbsp; return testOdd.test(num);<br />&nbsp;&nbsp;&nbsp; }<br />&nbsp;&nbsp;&nbsp; <br />}</p>
<p>class MyNumber {<br />&nbsp;&nbsp;&nbsp; Number num;<br />&nbsp;&nbsp;&nbsp; <br />&nbsp;&nbsp;&nbsp; MyNumber(Number num) {<br />&nbsp;&nbsp;&nbsp;&nbsp;&nbsp;&nbsp;&nbsp; this.num = num;<br />&nbsp;&nbsp;&nbsp; }<br />&nbsp;&nbsp;&nbsp; <br />&nbsp;&nbsp;&nbsp; boolean isOdd() {<br />&nbsp;&nbsp;&nbsp;&nbsp;&nbsp;&nbsp;&nbsp; if (num instanceof Float || num instanceof Double)<br />&nbsp;&nbsp;&nbsp;&nbsp;&nbsp;&nbsp;&nbsp;&nbsp;&nbsp;&nbsp;&nbsp; return false;<br />&nbsp;&nbsp;&nbsp;&nbsp;&nbsp;&nbsp;&nbsp; return (num.longValue() % 2) == 1;<br />&nbsp;&nbsp;&nbsp; }<br />}<br /><br /></p>',TIMESTAMP '1970-01-01 03:00:00',TIMESTAMP '1970-01-01 03:00:00');
INSERT INTO Question (id,realmId,type,text,regDate,updateDate) OVERRIDING SYSTEM VALUE VALUES (650,8,0,'Полиморфизм - это, по сути, способность одного и того же реального объекта выступать в разных ролях, т.е. подаваться в контексты, где ожидается любой из суперклассов или интерфейсов, реализуемых/наследуемых данным объектов.',TIMESTAMP '1970-01-01 03:00:00',TIMESTAMP '1970-01-01 03:00:00');
INSERT INTO Question (id,realmId,type,text,regDate,updateDate) OVERRIDING SYSTEM VALUE VALUES (651,8,0,'Тип ссылки на объект определяет, какиен поля и методы объекта будут доступны Java-программе.',TIMESTAMP '1970-01-01 03:00:00',TIMESTAMP '1970-01-01 03:00:00');
INSERT INTO Question (id,realmId,type,text,regDate,updateDate) OVERRIDING SYSTEM VALUE VALUES (652,8,2,'Назовите правила кастинга объектов.',TIMESTAMP '1970-01-01 03:00:00',TIMESTAMP '1970-01-01 03:00:00');
	INSERT INTO Answer (id,questionId,text,correct,comment) OVERRIDING SYSTEM VALUE VALUES (1478,652,'<strong>1</strong>.&nbsp;Преобразование от дочернего типа к родительскому не требует явного кастинга.<br /><strong>2</strong>.&nbsp;Преобразование от родительского&nbsp; типа к дочернему требует явного кастинга.<br /><strong>3</strong>. Компилятор не позволяет кастинг несвязанных одной иерархией типов.<br /><strong>4</strong>. Отсутствие проблем на этапе компиляции не означает, что кастинг осуществится при запуске программы.',true,'');
INSERT INTO Question (id,realmId,type,text,regDate,updateDate) OVERRIDING SYSTEM VALUE VALUES (653,8,0,'<p>Технически можно обеспечить любой кастинг без ошибок компиляции - достаточно ввести промежуточный кастинг к любому общему предку:<br /><br />class Bird{}<br />class Fish{}<br />...<br />Bird bird = new Bird();<br />Fish fish = (Fish)(Object)bird;</p>',TIMESTAMP '1970-01-01 03:00:00',TIMESTAMP '1970-01-01 03:00:00');
INSERT INTO Question (id,realmId,type,text,regDate,updateDate) OVERRIDING SYSTEM VALUE VALUES (654,8,0,'Компилируемость конструкций с кастингом&nbsp;тесно связано с таковой для конструкций с <strong>instanceof</strong>. Например, можно делать кастинг класса к любому интерфейсу и наоборот, если класс&nbsp;не финальный. Также принято кастинг предварять проверкой <strong>instanceof</strong>, чтобы исключить <strong>ClassCastException</strong>.',TIMESTAMP '1970-01-01 03:00:00',TIMESTAMP '1970-01-01 03:00:00');
INSERT INTO Question (id,realmId,type,text,regDate,updateDate) OVERRIDING SYSTEM VALUE VALUES (655,8,2,'Сформулируйте базовую идею инкапсуляции.',TIMESTAMP '1970-01-01 03:00:00',TIMESTAMP '1970-01-01 03:00:00');
	INSERT INTO Answer (id,questionId,text,correct,comment) OVERRIDING SYSTEM VALUE VALUES (1479,655,'Никто, кроме самого класса, не должен иметь доступа к данным (полям) этого класса.',true,'');
INSERT INTO Question (id,realmId,type,text,regDate,updateDate) OVERRIDING SYSTEM VALUE VALUES (656,8,2,'Что такое <em>инвариант</em> применительно к конструированию классов?',TIMESTAMP '1970-01-01 03:00:00',TIMESTAMP '1970-01-01 03:00:00');
	INSERT INTO Answer (id,questionId,text,correct,comment) OVERRIDING SYSTEM VALUE VALUES (1480,656,'Инвариант - это свойство/набор свойств/набор фактов, которые мы вправе ожидать от некоторого класса. Например, мы можем ыть уверены, что некоторое поле класса содержит целочисленное значение, большее нуля - это инвариант.<br />Целостность инвариантов обеспечивается, в первую очередь, геттерами, сеттерами и конструкторами.',true,'');
INSERT INTO Question (id,realmId,type,text,regDate,updateDate) OVERRIDING SYSTEM VALUE VALUES (657,8,0,'Если установка некоторого свойства класса происходит согласно каким-то четким условиям, из конструктора следует вызывать сеттер с необходимой логикой.<br /><br />public class Animal {<br />&nbsp;&nbsp;&nbsp; private String species;<br /><br />&nbsp;&nbsp;&nbsp; public Animal(String species) {<br />&nbsp;&nbsp;&nbsp;&nbsp;&nbsp;&nbsp;&nbsp; this.setSpecies(species);<br />&nbsp;&nbsp;&nbsp; }<br /><br />&nbsp;&nbsp;&nbsp; public String getSpecies() {<br />&nbsp;&nbsp;&nbsp;&nbsp;&nbsp;&nbsp;&nbsp; return species;<br />&nbsp;&nbsp;&nbsp; }<br />&nbsp;&nbsp;&nbsp; <br />&nbsp;&nbsp;&nbsp; public void setSpecies(String species) {<br />&nbsp;&nbsp;&nbsp;&nbsp;&nbsp;&nbsp;&nbsp; if(species == null || species.trim().length()==0) {<br />&nbsp;&nbsp;&nbsp;&nbsp;&nbsp;&nbsp;&nbsp;&nbsp;&nbsp;&nbsp;&nbsp; throw new IllegalArgumentException("Species is required");<br />&nbsp;&nbsp;&nbsp;&nbsp;&nbsp;&nbsp;&nbsp; }<br />&nbsp;&nbsp;&nbsp;&nbsp;&nbsp;&nbsp;&nbsp; this.species = species;<br />&nbsp;&nbsp;&nbsp; }<br />}',TIMESTAMP '1970-01-01 03:00:00',TIMESTAMP '1970-01-01 03:00:00');
INSERT INTO Question (id,realmId,type,text,regDate,updateDate) OVERRIDING SYSTEM VALUE VALUES (658,8,2,'Чем наличие private-поля и простого сеттера лучше публичного доступа к полю?',TIMESTAMP '1970-01-01 03:00:00',TIMESTAMP '1970-01-01 03:00:00');
	INSERT INTO Answer (id,questionId,text,correct,comment) OVERRIDING SYSTEM VALUE VALUES (1481,658,'Тем, что мы можем усложнить сеттер, когда это будет актуально, а потребителям класса не потребуется перекомпиляция/правка своего кода.',true,'');
INSERT INTO Question (id,realmId,type,text,regDate,updateDate) OVERRIDING SYSTEM VALUE VALUES (659,8,2,'Что такое <em>JavaBean</em> и каковы правила этого концепта?',TIMESTAMP '1970-01-01 03:00:00',TIMESTAMP '1970-01-01 03:00:00');
	INSERT INTO Answer (id,questionId,text,correct,comment) OVERRIDING SYSTEM VALUE VALUES (1482,659,'JavaBean - это принцип проектирования, относящийся к инкапсулированию данных в классе, а также класс, построенный в соответствии с этим принципом.<br />Соглашения же действуют такие:<br /><br /><strong>1</strong>. Свойства (поля) - приватны.<br /><strong>2</strong>. Геттер не-булевых значений начинается с <strong>get</strong>.<br /><strong>3</strong>. Геттер булевых значений начинается с <strong>is</strong> или <strong>get</strong>.<br /><strong>4</strong>. Сеттеры начинаются с <strong>set</strong>.<br /><strong>5</strong>. Camel-case.',true,'');
INSERT INTO Question (id,realmId,type,text,regDate,updateDate) OVERRIDING SYSTEM VALUE VALUES (660,8,0,'JavaBean-соглашение о булевом геттере, начинающемся с <strong>is</strong>, не распространяется на класс-обертку <strong>Boolean</strong>.',TIMESTAMP '1970-01-01 03:00:00',TIMESTAMP '1970-01-01 03:00:00');
INSERT INTO Question (id,realmId,type,text,regDate,updateDate) OVERRIDING SYSTEM VALUE VALUES (661,8,1,'Отметьте строки, корректиные с т.з. JavaBean',TIMESTAMP '1970-01-01 03:00:00',TIMESTAMP '1970-01-01 03:00:00');
	INSERT INTO Answer (id,questionId,text,correct,comment) OVERRIDING SYSTEM VALUE VALUES (1488,661,'public String name;',false,'поле не должно быть публичным');
	INSERT INTO Answer (id,questionId,text,correct,comment) OVERRIDING SYSTEM VALUE VALUES (1489,661,'public String name() { return name; }',false,'должно быть <strong>getName</strong>');
	INSERT INTO Answer (id,questionId,text,correct,comment) OVERRIDING SYSTEM VALUE VALUES (1490,661,'public void updateName(String n) { name = n; }',false,'должно быть <strong>setName</strong>');
	INSERT INTO Answer (id,questionId,text,correct,comment) OVERRIDING SYSTEM VALUE VALUES (1491,661,'public void setname(String n) { name = n; }',false,'должно быть <strong>setName</strong>');
	INSERT INTO Answer (id,questionId,text,correct,comment) OVERRIDING SYSTEM VALUE VALUES (1483,661,'private boolean playing;',true,'');
	INSERT INTO Answer (id,questionId,text,correct,comment) OVERRIDING SYSTEM VALUE VALUES (1484,661,'private Boolean dancing;',true,'');
	INSERT INTO Answer (id,questionId,text,correct,comment) OVERRIDING SYSTEM VALUE VALUES (1485,661,'public boolean isPlaying() { return playing; }',true,'');
	INSERT INTO Answer (id,questionId,text,correct,comment) OVERRIDING SYSTEM VALUE VALUES (1486,661,'public boolean getPlaying() { return playing; }',true,'');
	INSERT INTO Answer (id,questionId,text,correct,comment) OVERRIDING SYSTEM VALUE VALUES (1487,661,'public Boolean isDancing() { return dancing; }',false,'<strong>Boolean</strong> не должен иметь геттера с is (в отличие от <strong>boolean</strong>)');
INSERT INTO Question (id,realmId,type,text,regDate,updateDate) OVERRIDING SYSTEM VALUE VALUES (662,8,0,'Стрелочками принято обозначать наследование, пунктирными стрелочками - реализацию интерфейса.',TIMESTAMP '1970-01-01 03:00:00',TIMESTAMP '1970-01-01 03:00:00');
INSERT INTO Question (id,realmId,type,text,regDate,updateDate) OVERRIDING SYSTEM VALUE VALUES (663,8,0,'Использование интерфейсов уместно, когда какое-либо группировочное свойство объектов не встраивается в иерархию наследования.',TIMESTAMP '1970-01-01 03:00:00',TIMESTAMP '1970-01-01 03:00:00');
INSERT INTO Question (id,realmId,type,text,regDate,updateDate) OVERRIDING SYSTEM VALUE VALUES (664,8,2,'Что такое композиция объектов?',TIMESTAMP '1970-01-01 03:00:00',TIMESTAMP '1970-01-01 03:00:00');
	INSERT INTO Answer (id,questionId,text,correct,comment) OVERRIDING SYSTEM VALUE VALUES (1492,664,'Композиция - это когда один класс имеет ссылки на другие классы. Композиция позволяет делегировать выполнение другим классам и в определенном смысле служит альтернативой наследованию.',true,'');
INSERT INTO Question (id,realmId,type,text,regDate,updateDate) OVERRIDING SYSTEM VALUE VALUES (665,8,0,'Пример композиции с делегацией методов:<br /><br />public class Penguin {<br />&nbsp;&nbsp;&nbsp; private final Flippers flippers;<br />&nbsp;&nbsp;&nbsp; private final WebbedFeet webbedFeet;<br /><br />&nbsp;&nbsp;&nbsp; public Penguin() {<br />&nbsp;&nbsp;&nbsp;&nbsp;&nbsp;&nbsp;&nbsp; this.flippers = new Flippers();<br />&nbsp;&nbsp;&nbsp;&nbsp;&nbsp;&nbsp;&nbsp; this.webbedFeet = new WebbedFeet();<br />&nbsp;&nbsp;&nbsp; }<br /><br />&nbsp;&nbsp;&nbsp; public void flap() {<br />&nbsp;&nbsp;&nbsp;&nbsp;&nbsp;&nbsp;&nbsp; this.flippers.flap();<br />&nbsp;&nbsp;&nbsp; }<br /><br />&nbsp;&nbsp;&nbsp; public void kick() {<br />&nbsp;&nbsp;&nbsp;&nbsp;&nbsp;&nbsp;&nbsp; this.webbedFeet.kick();<br />&nbsp;&nbsp;&nbsp; }<br />}',TIMESTAMP '1970-01-01 03:00:00',TIMESTAMP '1970-01-01 03:00:00');
INSERT INTO Question (id,realmId,type,text,regDate,updateDate) OVERRIDING SYSTEM VALUE VALUES (666,8,0,'<p>Паттерн: <strong>Singletone</strong><br />Цель: Создать единственный объект в приложении, доступный различным классам и потокам.<br />Решение: <br />public class Singleton {<br />&nbsp;&nbsp;&nbsp; private int field = 0;<br />&nbsp;&nbsp;&nbsp; <span style="text-decoration: underline;"><strong>private</strong> </span>Singleton() {}<br />&nbsp;&nbsp;&nbsp; <span style="text-decoration: underline;"><strong>private static</strong></span> final Singleton <span style="text-decoration: underline;"><strong>instance</strong> </span>= new Singleton();</p>
<p>&nbsp;&nbsp;&nbsp; public static Singleton getInstance() {<br />&nbsp;&nbsp;&nbsp;&nbsp;&nbsp;&nbsp;&nbsp; return instance;<br />&nbsp;&nbsp;&nbsp; }</p>
<p>&nbsp;&nbsp;&nbsp; public synchronized void increaseField(int amount) {<br />&nbsp;&nbsp;&nbsp;&nbsp;&nbsp;&nbsp;&nbsp; field += amount;<br />&nbsp;&nbsp;&nbsp; }</p>
<p>&nbsp;&nbsp;&nbsp; public synchronized int getField() {<br />&nbsp;&nbsp;&nbsp;&nbsp;&nbsp;&nbsp;&nbsp; return field;<br />&nbsp;&nbsp;&nbsp; }<br />}<br /><br />Использование:<br /><br />public class Consumer {<br />&nbsp;&nbsp;&nbsp; public void doSomething(int needed) {<br />&nbsp;&nbsp;&nbsp;&nbsp;&nbsp;&nbsp;&nbsp; Singleton singleton = Singleton.getInstance();<br />&nbsp;&nbsp;&nbsp;&nbsp;&nbsp;&nbsp;&nbsp; if(singleton.getField() &lt; needed) {<br />&nbsp;&nbsp;&nbsp;&nbsp;&nbsp;&nbsp;&nbsp;&nbsp;&nbsp;&nbsp;&nbsp; ...<br />&nbsp;&nbsp;&nbsp;&nbsp;&nbsp;&nbsp;&nbsp; }<br />&nbsp;&nbsp;&nbsp; }<br />}</p>',TIMESTAMP '1970-01-01 03:00:00',TIMESTAMP '1970-01-01 03:00:00');
INSERT INTO Question (id,realmId,type,text,regDate,updateDate) OVERRIDING SYSTEM VALUE VALUES (667,8,0,'Если у класса все конструкторы объявлены <strong>private</strong>, он по факту становится финальным.',TIMESTAMP '1970-01-01 03:00:00',TIMESTAMP '1970-01-01 03:00:00');
INSERT INTO Question (id,realmId,type,text,regDate,updateDate) OVERRIDING SYSTEM VALUE VALUES (668,8,2,'Приведите пример создания Singleton с помощью static clause и опишите преимущества такого подхода.',TIMESTAMP '1970-01-01 03:00:00',TIMESTAMP '1970-01-01 03:00:00');
	INSERT INTO Answer (id,questionId,text,correct,comment) OVERRIDING SYSTEM VALUE VALUES (1493,668,'public class StaffRegister {<br />&nbsp;&nbsp;&nbsp; private static final StaffRegister instance;<br />&nbsp;&nbsp;&nbsp; static {<br />&nbsp;&nbsp;&nbsp;&nbsp;&nbsp;&nbsp;&nbsp; instance = new StaffRegister();<br />&nbsp;&nbsp;&nbsp;&nbsp;&nbsp;&nbsp;&nbsp; // Perform additional steps<br />&nbsp;&nbsp;&nbsp; }<br />&nbsp;&nbsp;&nbsp; private StaffRegister() {<br />&nbsp;&nbsp;&nbsp; }<br />&nbsp;&nbsp;&nbsp; public static StaffRegister getInstance() {<br />&nbsp;&nbsp;&nbsp;&nbsp;&nbsp;&nbsp;&nbsp; return instance;<br />&nbsp;&nbsp;&nbsp; }<br />&nbsp;&nbsp;&nbsp; // Data access methods<br />&nbsp;&nbsp;&nbsp; ...<br />}<br /><br />Такой вариант Singleton обеспечивает бОльшую гибкость по сравнению с прямой инициализацией статического поля, так как позволяет подготовить условия для создания экземпляра, а также обработать исключения, которые может выдать конструктор.',true,'');
INSERT INTO Question (id,realmId,type,text,regDate,updateDate) OVERRIDING SYSTEM VALUE VALUES (669,8,2,'Опишите способ создания Singleton по методике Lazy Instantiation и укажите особенности такого подхода.',TIMESTAMP '1970-01-01 03:00:00',TIMESTAMP '1970-01-01 03:00:00');
	INSERT INTO Answer (id,questionId,text,correct,comment) OVERRIDING SYSTEM VALUE VALUES (1494,669,'public class VisitorTicketTracker {<br />&nbsp;&nbsp;&nbsp; private static VisitorTicketTracker instance;<br />&nbsp;&nbsp;&nbsp; private VisitorTicketTracker() {<br />&nbsp;&nbsp;&nbsp; }<br />&nbsp;&nbsp;&nbsp; public static synchronized VisitorTicketTracker getInstance() {<br />&nbsp;&nbsp;&nbsp;&nbsp;&nbsp;&nbsp;&nbsp; if(instance == null) {<br />&nbsp;&nbsp;&nbsp;&nbsp;&nbsp;&nbsp;&nbsp;&nbsp;&nbsp;&nbsp;&nbsp; instance = new VisitorTicketTracker();<br />&nbsp;&nbsp;&nbsp;&nbsp;&nbsp;&nbsp;&nbsp; }<br />&nbsp;&nbsp;&nbsp;&nbsp;&nbsp;&nbsp;&nbsp; return instance;<br />&nbsp;&nbsp;&nbsp; }<br />&nbsp;&nbsp;&nbsp; // Data access methods<br />&nbsp;&nbsp;&nbsp; ...<br />}<br /><br />Достоинством можно считать более бережное расходование памяти на старте программы. Недостатком - паузы при инстанциировании объектов по мере обращения.<br /><br />Также конструктивным недостатком является невозможность маркировать поле с экземпляром как <strong>final</strong>. Поэтому <strong>getInstance</strong>() приходится делать <strong>synchronized</strong>, иначе может создаться два объекта, только один из которых ляжет в поле instance. Синхронизированный метод <strong>getInstance</strong>() - это тоже не очень хорошо, так как снижает производительность',true,'');
INSERT INTO Question (id,realmId,type,text,regDate,updateDate) OVERRIDING SYSTEM VALUE VALUES (670,8,0,'Шаблон Singleton можно реализовать не только с помощью объекта в статичном поле. Такой подход, в частности, не сработает в мультиплатформенных приложениях, где сосуществуют одновременно несколько JVM. В этом случас базой для реализации может стать сервер БД или очереди.',TIMESTAMP '1970-01-01 03:00:00',TIMESTAMP '1970-01-01 03:00:00');
INSERT INTO Question (id,realmId,type,text,regDate,updateDate) OVERRIDING SYSTEM VALUE VALUES (671,8,2,'Как решить проблему синхронизации getInstance() в синглетоне с lazy instantiation?',TIMESTAMP '1970-01-01 03:00:00',TIMESTAMP '1970-01-01 03:00:00');
	INSERT INTO Answer (id,questionId,text,correct,comment) OVERRIDING SYSTEM VALUE VALUES (1495,671,'Надо синхронизировать не весь метод, а только ту часть кода, которая отвечает за инстанциирование. Техника называется <em>double-checked locking</em>.<br /><br />private static volatile VisitorTicketTracker instance;<br />public static VisitorTicketTracker getInstance() {<br />&nbsp;&nbsp;&nbsp; if(instance == null) {<br />&nbsp;&nbsp;&nbsp;&nbsp;&nbsp;&nbsp;&nbsp; synchronized(VisitorTicketTracker.class) {<br />&nbsp;&nbsp;&nbsp;&nbsp;&nbsp;&nbsp;&nbsp;&nbsp;&nbsp;&nbsp;&nbsp; if(instance == null) {<br />&nbsp;&nbsp;&nbsp;&nbsp;&nbsp;&nbsp;&nbsp;&nbsp;&nbsp;&nbsp;&nbsp;&nbsp;&nbsp;&nbsp;&nbsp; instance = new VisitorTicketTracker();<br />&nbsp;&nbsp;&nbsp;&nbsp;&nbsp;&nbsp;&nbsp;&nbsp;&nbsp;&nbsp;&nbsp; }<br />&nbsp;&nbsp;&nbsp;&nbsp;&nbsp;&nbsp;&nbsp; }<br />&nbsp;&nbsp;&nbsp; }<br />&nbsp;&nbsp;&nbsp; return instance;<br />}<br /><br /><br />Модификатор <strong>volatile</strong> нужен, чтобы все потоки видели <strong>instance</strong> сразу же, как только он был присвоен. Иначе может быть задержка. Ключевое слово <strong>volatile</strong> гарантирует атомарность чтения/записи переменной.',true,'');
INSERT INTO Question (id,realmId,type,text,regDate,updateDate) OVERRIDING SYSTEM VALUE VALUES (672,8,0,'Паттерн: <strong>Immutable Object</strong><br />Цель: создать read-only объекты, доступные среди множества классов и потоков.<br />Общая стратегия: <br /><strong>1</strong>. Все свойства устанавливаются в конструкторах.<br /><strong>2</strong>. Все переменные экземпляра - <strong>private</strong> и <strong>final</strong>.<br /><strong>3</strong>. Никаких сеттеров.<br /><strong>4</strong>. Запрет прямого доступа к <em>изменяемым</em> объектам внутри неизменяемого (например, если объект ссылается на список, то возвращать можно только копию этого списка (Collections.unmodifiableList()), либо предоставить собственные сервисные методы работы с ним). Этот пункт также предписывает делать свою собственную копию любого изменяемого объекта, который передается извне - чтобы у вызывающего не осталось опасной ссылки.<br /><strong>5</strong>. Защита методов от переопределения. Если переопределить метод неизменяемого класса, то можно добавить в дочерний класс собсственные свойства и работать с ними своими методами, и неизменяемость тут не гарантируется. Варианты реализации - объявить класс финальным либо использовать паттерн Factory.',TIMESTAMP '1970-01-01 03:00:00',TIMESTAMP '1970-01-01 03:00:00');
INSERT INTO Question (id,realmId,type,text,regDate,updateDate) OVERRIDING SYSTEM VALUE VALUES (673,8,0,'<p>Паттерн: <strong>Builder</strong><br />Цель: создать объект, у которого на этапе инстанциирования должны быть установлены многочисленные свойства.<br />Проблема: у объектов с кучей свойств приходится заводить конструкторы с огромным списком аргументов, а потом при изменении набора свойств классы потребители должны менять свой код. Либо можно заводить каждый раз новый конструктор, но тогда в них скоро придется запутаться. Сделать кучу сеттеров не подходит для неизменяемых объектов, а для изменяемых есть риск нарушить консистентность состояния объекта.<br /><span style="text-decoration: underline;">Решение</span>: Параметры передаются объекту-билдеру, и основной объект генерируется финальным методом билдера. Пример билдера:<br /><br />public class AnimalBuilder {<br />&nbsp;&nbsp;&nbsp; private String species;<br />&nbsp;&nbsp;&nbsp; private int age;<br />&nbsp;&nbsp;&nbsp; public AnimalBuilder setAge(int age) {<br />&nbsp;&nbsp;&nbsp;&nbsp;&nbsp;&nbsp;&nbsp; this.age = age;<br />&nbsp;&nbsp;&nbsp;&nbsp;&nbsp;&nbsp;&nbsp; return this;<br />&nbsp;&nbsp;&nbsp; }<br />&nbsp;&nbsp;&nbsp; public AnimalBuilder setSpecies(String species) {<br />&nbsp;&nbsp;&nbsp;&nbsp;&nbsp;&nbsp;&nbsp; this.species = species;<br />&nbsp;&nbsp;&nbsp;&nbsp;&nbsp;&nbsp;&nbsp; return this;<br />&nbsp;&nbsp;&nbsp; }<br />&nbsp;&nbsp;&nbsp; public Animal build() {<br />&nbsp;&nbsp;&nbsp;&nbsp;&nbsp;&nbsp;&nbsp; return new Animal(species,age,favoriteFoods);<br />&nbsp;&nbsp;&nbsp; }<br />}<br /><br />AnimalBuilder duckBuilder = new AnimalBuilder();<br />duckBuilder<br />&nbsp;&nbsp;&nbsp; .setAge(4)<br />&nbsp;&nbsp;&nbsp; .setSpecies("duck");<br />Animal duck = duckBuilder.build();</p>
<p><em>или</em></p>
<p>Animal flamingo = new AnimalBuilder()<br />&nbsp;&nbsp;&nbsp; .setAge(3)<br />&nbsp;&nbsp;&nbsp; .setSpecies("flamingo").build();<br /><br />Частая практика - билдер проставляет в объект значения по умолчанию, если они не поступили извне.</p>',TIMESTAMP '1970-01-01 03:00:00',TIMESTAMP '1970-01-01 03:00:00');
INSERT INTO Question (id,realmId,type,text,regDate,updateDate) OVERRIDING SYSTEM VALUE VALUES (674,8,0,'Шаблоны проектирования часто создаются для того, чтобы в зародыше пресечь вероятность появления антипаттернов.',TIMESTAMP '1970-01-01 03:00:00',TIMESTAMP '1970-01-01 03:00:00');
INSERT INTO Question (id,realmId,type,text,regDate,updateDate) OVERRIDING SYSTEM VALUE VALUES (675,8,0,'Итог применения паттерна <strong>Builder</strong> - у потребителей есть возможность создавать объекты, не думая о том, что поменялось в их структуре.',TIMESTAMP '1970-01-01 03:00:00',TIMESTAMP '1970-01-01 03:00:00');
INSERT INTO Question (id,realmId,type,text,regDate,updateDate) OVERRIDING SYSTEM VALUE VALUES (676,8,0,'В паттерне <strong>Builder</strong> объект-билдер и основной объект находятся в <span style="text-decoration: underline;">тесной связи</span> (<em>tight coupling</em>), т.е. минимальные изменения в одном классе фундаментально влияют на другой. На практике такие классы размещают поблизости: либо в одном пакете, либо делают билдер вложенным (nested) классом.',TIMESTAMP '1970-01-01 03:00:00',TIMESTAMP '1970-01-01 03:00:00');
INSERT INTO Question (id,realmId,type,text,regDate,updateDate) OVERRIDING SYSTEM VALUE VALUES (677,8,0,'<p>Паттерн: <strong>Factory</strong> (a.k.a. Factory Method)<br />Цель: создание объектов, точный тип которых может быть не известен до времени выполнения. Например, определение, экземпляр какого подкласса создать в той или иной ситуации.<br />Решение: Использование класса-фабрики для производства объектов в соответствии с входными параметрами.<br />Фабрики часто возвращают объекты посредством статичных методов,т.е. ссылка на экземпляр самой фабрики не нужна. Классы фабрик оканчиваются на Factory.<br />Пример простой фабрики:<br /><br />public abstract class Food {}<br />public class Hay extends Food {}<br />public class Pellets extends Food {}<br />public class Fish extends Food {}</p>
<p>public class FoodFactory {<br />&nbsp;&nbsp;&nbsp; public static Food getFood(String animalName) {<br />&nbsp;&nbsp;&nbsp;&nbsp;&nbsp;&nbsp;&nbsp; switch(animalName) {<br />&nbsp;&nbsp;&nbsp;&nbsp;&nbsp;&nbsp;&nbsp;&nbsp;&nbsp;&nbsp;&nbsp; case "zebra": return new Hay(100);<br />&nbsp;&nbsp;&nbsp;&nbsp;&nbsp;&nbsp;&nbsp;&nbsp;&nbsp;&nbsp;&nbsp; case "rabbit": return new Pellets(5);<br />&nbsp;&nbsp;&nbsp;&nbsp;&nbsp;&nbsp;&nbsp;&nbsp;&nbsp;&nbsp;&nbsp; case "goat": return new Pellets(30);<br />&nbsp;&nbsp;&nbsp;&nbsp;&nbsp;&nbsp;&nbsp;&nbsp;&nbsp;&nbsp;&nbsp; case "polar bear": return new Fish(10);<br />&nbsp;&nbsp;&nbsp;&nbsp;&nbsp;&nbsp;&nbsp; }<br />&nbsp;&nbsp;&nbsp;&nbsp;&nbsp;&nbsp;&nbsp; // Good practice to throw an exception if no matching subclass could be found<br />&nbsp;&nbsp;&nbsp;&nbsp;&nbsp;&nbsp;&nbsp; throw new UnsupportedOperationException("Unsupported animal: "+animalName);<br />&nbsp;&nbsp;&nbsp; }<br />}<br /><br />...<br /><br />final Food food = FoodFactory.getFood("polar bear");<br /><br /><br /></p>',TIMESTAMP '1970-01-01 03:00:00',TIMESTAMP '1970-01-01 03:00:00');
INSERT INTO Question (id,realmId,type,text,regDate,updateDate) OVERRIDING SYSTEM VALUE VALUES (678,8,0,'Для работы фабрик в паттерне <strong>Factory</strong> необходим доступ к конструкторам создаваемых объектов. Однако желательно не давать создавать объекты напрямую, без обращения к фабрике. Поэтому популярным решением является помещение классов и их фабрики в один пакет, а конструкторы классов получают default access. Если же фабрика лежит в другом пакете, то конструкторы классов придется делать <strong>public</strong>.',TIMESTAMP '1970-01-01 03:00:00',TIMESTAMP '1970-01-01 03:00:00');
INSERT INTO Question (id,realmId,type,text,regDate,updateDate) OVERRIDING SYSTEM VALUE VALUES (679,8,0,'Альтернатива паттерну Factory - создание метода getSomething внутри классов, которые мы подаем фабрике как параметры. Однако в этом случае образуется tight coupling между классом и некоторым Something, что чревато переделками кода, если структура и ассортимент Something изменятся. А фабрика позволяет реализовать loose coupling.',TIMESTAMP '1970-01-01 03:00:00',TIMESTAMP '1970-01-01 03:00:00');
INSERT INTO Question (id,realmId,type,text,regDate,updateDate) OVERRIDING SYSTEM VALUE VALUES (680,8,1,'Which of the following statements about design principles and design patterns are true? (Choose all that apply.)',TIMESTAMP '1970-01-01 03:00:00',TIMESTAMP '1970-01-01 03:00:00');
	INSERT INTO Answer (id,questionId,text,correct,comment) OVERRIDING SYSTEM VALUE VALUES (1496,680,'A design principle is focused on solving a specific commonly occurring problem.',false,'');
	INSERT INTO Answer (id,questionId,text,correct,comment) OVERRIDING SYSTEM VALUE VALUES (1497,680,'Design principles and design patterns are the same thing.',false,'');
	INSERT INTO Answer (id,questionId,text,correct,comment) OVERRIDING SYSTEM VALUE VALUES (1498,680,'Design principles are often applied throughout an application, whereas design patterns are applied to solve specific problems.',true,'');
	INSERT INTO Answer (id,questionId,text,correct,comment) OVERRIDING SYSTEM VALUE VALUES (1499,680,'Design patterns can only be applied to static classes.',false,'');
	INSERT INTO Answer (id,questionId,text,correct,comment) OVERRIDING SYSTEM VALUE VALUES (1500,680,'Design principles and design patterns tend to produce code that is easier to maintain and easier for other developers to read.',true,'');
INSERT INTO Question (id,realmId,type,text,regDate,updateDate) OVERRIDING SYSTEM VALUE VALUES (681,8,1,'<div>What is the result of the following code?</div>
<div>&nbsp;</div>
<div>1: public interface CanClimb {</div>
<div>2:&nbsp; &nbsp; &nbsp;public abstract void climb();</div>
<div>3: }</div>
<div>4: public interface CanClimbTrees extends CanClimb {}</div>
<div>5: public abstract class Chipmunk implements CanClimbTrees {</div>
<div>6:&nbsp; &nbsp; &nbsp;public abstract void chew();</div>
<div>7: }</div>
<div>8: public class EasternChipmunk extends Chipmunk {</div>
<div>9:&nbsp; &nbsp; &nbsp;public void chew() { System.out.println("Eastern Chipmunk is Chewing"); }</div>
<div>10: }</div>
<div>&nbsp;</div>',TIMESTAMP '1970-01-01 03:00:00',TIMESTAMP '1970-01-01 03:00:00');
	INSERT INTO Answer (id,questionId,text,correct,comment) OVERRIDING SYSTEM VALUE VALUES (1504,681,'The code will not compile because of line 5.',false,'');
	INSERT INTO Answer (id,questionId,text,correct,comment) OVERRIDING SYSTEM VALUE VALUES (1505,681,'The code will not compile because of line 8.',true,'');
	INSERT INTO Answer (id,questionId,text,correct,comment) OVERRIDING SYSTEM VALUE VALUES (1506,681,'It compiles but throws an exception at runtime.',false,'');
	INSERT INTO Answer (id,questionId,text,correct,comment) OVERRIDING SYSTEM VALUE VALUES (1501,681,'It compiles and runs without issue.',false,'');
	INSERT INTO Answer (id,questionId,text,correct,comment) OVERRIDING SYSTEM VALUE VALUES (1502,681,'The code will not compile because of line 2.',false,'');
	INSERT INTO Answer (id,questionId,text,correct,comment) OVERRIDING SYSTEM VALUE VALUES (1503,681,'The code will not compile because of line 4.',false,'');
INSERT INTO Question (id,realmId,type,text,regDate,updateDate) OVERRIDING SYSTEM VALUE VALUES (682,8,1,'<div>Which of the following are valid functional interfaces? (Choose all that apply.)</div>
<div>&nbsp;</div>
<div>public interface Climb {</div>
<div>&nbsp; &nbsp; public int climb();</div>
<div>}</div>
<div>public abstract class Swim {</div>
<div>&nbsp; &nbsp; public abstract Object swim(double speed, int duration);</div>
<div>}</div>
<div>public interface ArcticMountainClimb extends MountainClimb {</div>
<div>&nbsp; &nbsp; public default int getSpeed();</div>
<div>}</div>
<div>public interface MountainClimb extends Climb {}</div>
<div>&nbsp;</div>',TIMESTAMP '1970-01-01 03:00:00',TIMESTAMP '1970-01-01 03:00:00');
	INSERT INTO Answer (id,questionId,text,correct,comment) OVERRIDING SYSTEM VALUE VALUES (1507,682,'Climb',true,'');
	INSERT INTO Answer (id,questionId,text,correct,comment) OVERRIDING SYSTEM VALUE VALUES (1508,682,'Swim',false,'');
	INSERT INTO Answer (id,questionId,text,correct,comment) OVERRIDING SYSTEM VALUE VALUES (1509,682,'ArcticMountainClimb',false,'дефолтный метод должен иметь реализацию');
	INSERT INTO Answer (id,questionId,text,correct,comment) OVERRIDING SYSTEM VALUE VALUES (1510,682,'MountainClimb',true,'');
	INSERT INTO Answer (id,questionId,text,correct,comment) OVERRIDING SYSTEM VALUE VALUES (1511,682,'None of these are valid functional interfaces.',false,'');
INSERT INTO Question (id,realmId,type,text,regDate,updateDate) OVERRIDING SYSTEM VALUE VALUES (683,8,0,'Функциональный интерфейс может иметь любое число дефолтных методов.',TIMESTAMP '1970-01-01 03:00:00',TIMESTAMP '1970-01-01 03:00:00');
INSERT INTO Question (id,realmId,type,text,regDate,updateDate) OVERRIDING SYSTEM VALUE VALUES (684,8,1,'Which of the following are valid lambda expressions? (Choose all that apply.)',TIMESTAMP '1970-01-01 03:00:00',TIMESTAMP '1970-01-01 03:00:00');
	INSERT INTO Answer (id,questionId,text,correct,comment) OVERRIDING SYSTEM VALUE VALUES (1512,684,'() -&gt; ""',true,'');
	INSERT INTO Answer (id,questionId,text,correct,comment) OVERRIDING SYSTEM VALUE VALUES (1513,684,'x,y -&gt; x+y',false,'нужны скобки, т.к. параметров несколько');
	INSERT INTO Answer (id,questionId,text,correct,comment) OVERRIDING SYSTEM VALUE VALUES (1514,684,'(Coyote y) -&gt; return 0;',false,'нужны фигурные скобки, т.к. есть return');
	INSERT INTO Answer (id,questionId,text,correct,comment) OVERRIDING SYSTEM VALUE VALUES (1515,684,'(Camel c) -&gt; {return;}',true,'');
	INSERT INTO Answer (id,questionId,text,correct,comment) OVERRIDING SYSTEM VALUE VALUES (1516,684,'Wolf w -&gt; 39',false,'нужны скобки, если указан тип аргумента');
	INSERT INTO Answer (id,questionId,text,correct,comment) OVERRIDING SYSTEM VALUE VALUES (1517,684,'() -&gt;',false,'нет тела');
	INSERT INTO Answer (id,questionId,text,correct,comment) OVERRIDING SYSTEM VALUE VALUES (1518,684,'(Animal z, m) -&gt; a',false,'если хотя бы для одного аргумента указан тип, то должен быть указан для всех.');
INSERT INTO Question (id,realmId,type,text,regDate,updateDate) OVERRIDING SYSTEM VALUE VALUES (685,8,1,'What are some of the properties of using the singleton pattern? (Choose all that apply.)',TIMESTAMP '1970-01-01 03:00:00',TIMESTAMP '1970-01-01 03:00:00');
	INSERT INTO Answer (id,questionId,text,correct,comment) OVERRIDING SYSTEM VALUE VALUES (1520,685,'Requires constructor of singleton class to be private.',true,'');
	INSERT INTO Answer (id,questionId,text,correct,comment) OVERRIDING SYSTEM VALUE VALUES (1521,685,'Singleton object must be named instance.',false,'');
	INSERT INTO Answer (id,questionId,text,correct,comment) OVERRIDING SYSTEM VALUE VALUES (1522,685,'Singleton object may be private or protected.',false,'только private');
	INSERT INTO Answer (id,questionId,text,correct,comment) OVERRIDING SYSTEM VALUE VALUES (1523,685,'Ensures that there is only one instance of an object in memory.',true,'');
	INSERT INTO Answer (id,questionId,text,correct,comment) OVERRIDING SYSTEM VALUE VALUES (1524,685,'Requires a public static method to retrieve the instance of the singleton.',true,'');
	INSERT INTO Answer (id,questionId,text,correct,comment) OVERRIDING SYSTEM VALUE VALUES (1519,685,'Singleton object can be replaced with encapsulated setter method.',false,'нельзя менять синглтон');
INSERT INTO Question (id,realmId,type,text,regDate,updateDate) OVERRIDING SYSTEM VALUE VALUES (686,8,1,'<div>What is the result of the following class?</div>
<div>&nbsp;</div>
<div>import java.util.function.*;</div>
<div>public class Panda {</div>
<div>&nbsp; &nbsp; int age;</div>
<div>&nbsp; &nbsp; public static void main(String[] args) {</div>
<div>&nbsp; &nbsp; &nbsp; &nbsp; Panda p1 = new Panda();</div>
<div>&nbsp; &nbsp; &nbsp; &nbsp; p1.age = 1;</div>
<div>&nbsp; &nbsp; &nbsp; &nbsp; check(p1, p -&gt; p.age &lt; 5); // h1</div>
<div>&nbsp; &nbsp; }</div>
<div>&nbsp; &nbsp; private static void check(Panda panda, Predicate&lt;Panda&gt; pred) { // h2</div>
<div>&nbsp; &nbsp; &nbsp; &nbsp; String result = pred.test(panda) ? "match": "not match"; // h3</div>
<div>&nbsp; &nbsp; &nbsp; &nbsp; System.out.print(result);</div>
<div>} }</div>',TIMESTAMP '1970-01-01 03:00:00',TIMESTAMP '1970-01-01 03:00:00');
	INSERT INTO Answer (id,questionId,text,correct,comment) OVERRIDING SYSTEM VALUE VALUES (1525,686,'match',true,'');
	INSERT INTO Answer (id,questionId,text,correct,comment) OVERRIDING SYSTEM VALUE VALUES (1526,686,'not match',false,'');
	INSERT INTO Answer (id,questionId,text,correct,comment) OVERRIDING SYSTEM VALUE VALUES (1527,686,'Compiler error on line h1.',false,'');
	INSERT INTO Answer (id,questionId,text,correct,comment) OVERRIDING SYSTEM VALUE VALUES (1528,686,'Compiler error on line h2.',false,'');
	INSERT INTO Answer (id,questionId,text,correct,comment) OVERRIDING SYSTEM VALUE VALUES (1529,686,'Compile error on line h3.',false,'');
	INSERT INTO Answer (id,questionId,text,correct,comment) OVERRIDING SYSTEM VALUE VALUES (1530,686,'A runtime exception is thrown.',false,'');
INSERT INTO Question (id,realmId,type,text,regDate,updateDate) OVERRIDING SYSTEM VALUE VALUES (687,8,1,'<div>What changes need to be made to make the following immutable object pattern correct? (Choose all that apply.)</div>
<div>&nbsp;</div>
<div>import java.util.List;</div>
<div>public class Seal {</div>
<div>&nbsp; &nbsp; String name;</div>
<div>&nbsp; &nbsp; private final List&lt;Seal&gt; friends;</div>
<div>&nbsp; &nbsp; public Seal(String name, List&lt;Seal&gt; friends) {</div>
<div>&nbsp; &nbsp; &nbsp; &nbsp; this.name = name;</div>
<div>&nbsp; &nbsp; &nbsp; &nbsp; this.friends = friends;</div>
<div>&nbsp; &nbsp; }</div>
<div>&nbsp; &nbsp; public String getName() { return name; }</div>
<div>&nbsp; &nbsp; public List&lt;Seal&gt; getFriends() { return friends; }</div>
<div>}</div>
<div>&nbsp;</div>',TIMESTAMP '1970-01-01 03:00:00',TIMESTAMP '1970-01-01 03:00:00');
	INSERT INTO Answer (id,questionId,text,correct,comment) OVERRIDING SYSTEM VALUE VALUES (1536,687,'Change the type of List&lt;Seal&gt; to List&lt;Object&gt;.',false,'');
	INSERT INTO Answer (id,questionId,text,correct,comment) OVERRIDING SYSTEM VALUE VALUES (1537,687,'Make a copy of the List&lt;Seal&gt; friends in the constructor.',true,'');
	INSERT INTO Answer (id,questionId,text,correct,comment) OVERRIDING SYSTEM VALUE VALUES (1538,687,'Mark the Seal class final.',true,'');
	INSERT INTO Answer (id,questionId,text,correct,comment) OVERRIDING SYSTEM VALUE VALUES (1531,687,'None; the immutable object pattern is properly implemented.',false,'');
	INSERT INTO Answer (id,questionId,text,correct,comment) OVERRIDING SYSTEM VALUE VALUES (1532,687,'Have Seal implement the Immutable interface.',false,'');
	INSERT INTO Answer (id,questionId,text,correct,comment) OVERRIDING SYSTEM VALUE VALUES (1533,687,'Mark name final and private.',true,'');
	INSERT INTO Answer (id,questionId,text,correct,comment) OVERRIDING SYSTEM VALUE VALUES (1534,687,'Add setters for name and List&lt;Seal&gt; friends.',false,'');
	INSERT INTO Answer (id,questionId,text,correct,comment) OVERRIDING SYSTEM VALUE VALUES (1535,687,'Replace the getFriends() method with methods that do not give the caller direct access to the List&lt;Seal&gt; friends.',true,'');
INSERT INTO Question (id,realmId,type,text,regDate,updateDate) OVERRIDING SYSTEM VALUE VALUES (688,8,1,'<div>Which of the following are true of interfaces? (Choose all that apply.)</div>
<div>&nbsp;</div>',TIMESTAMP '1970-01-01 03:00:00',TIMESTAMP '1970-01-01 03:00:00');
	INSERT INTO Answer (id,questionId,text,correct,comment) OVERRIDING SYSTEM VALUE VALUES (1539,688,'They can extend other classes.',false,'');
	INSERT INTO Answer (id,questionId,text,correct,comment) OVERRIDING SYSTEM VALUE VALUES (1540,688,'They cannot be extended.',false,'');
	INSERT INTO Answer (id,questionId,text,correct,comment) OVERRIDING SYSTEM VALUE VALUES (1541,688,'They enable classes to have multiple inheritance.',true,'');
	INSERT INTO Answer (id,questionId,text,correct,comment) OVERRIDING SYSTEM VALUE VALUES (1542,688,'They can only contain abstract methods.',false,'');
	INSERT INTO Answer (id,questionId,text,correct,comment) OVERRIDING SYSTEM VALUE VALUES (1543,688,'They can be declared final.',false,'');
	INSERT INTO Answer (id,questionId,text,correct,comment) OVERRIDING SYSTEM VALUE VALUES (1544,688,'All members of an interface are public.',true,'');
INSERT INTO Question (id,realmId,type,text,regDate,updateDate) OVERRIDING SYSTEM VALUE VALUES (689,8,1,'<div>What changes need to be made to make the following singleton pattern correct? (Choose all that apply.)</div>
<div>&nbsp;</div>
<div>public class CheetahManager {</div>
<div>&nbsp; &nbsp; public static CheetahManager cheetahManager;</div>
<div>&nbsp; &nbsp; private CheetahManager() {}</div>
<div>&nbsp; &nbsp; public static CheetahManager getCheetahManager() {</div>
<div>&nbsp; &nbsp; &nbsp; &nbsp; if(cheetahManager == null) {</div>
<div>&nbsp; &nbsp; &nbsp; &nbsp; &nbsp; &nbsp; cheetahManager = new CheetahManager();</div>
<div>&nbsp; &nbsp; &nbsp; &nbsp; }</div>
<div>&nbsp; &nbsp; &nbsp; &nbsp; return cheetahManager;</div>
<div>&nbsp; &nbsp; }</div>
<div>}</div>
<div>&nbsp;</div>',TIMESTAMP '1970-01-01 03:00:00',TIMESTAMP '1970-01-01 03:00:00');
	INSERT INTO Answer (id,questionId,text,correct,comment) OVERRIDING SYSTEM VALUE VALUES (1545,689,'None; the singleton pattern is properly implemented.',false,'');
	INSERT INTO Answer (id,questionId,text,correct,comment) OVERRIDING SYSTEM VALUE VALUES (1546,689,'Rename cheetahManager to instance.',false,'');
	INSERT INTO Answer (id,questionId,text,correct,comment) OVERRIDING SYSTEM VALUE VALUES (1547,689,'Rename getCheetahManager() to getInstance().',false,'');
	INSERT INTO Answer (id,questionId,text,correct,comment) OVERRIDING SYSTEM VALUE VALUES (1548,689,'Change the access modifier of cheetahManager from public to private.',true,'');
	INSERT INTO Answer (id,questionId,text,correct,comment) OVERRIDING SYSTEM VALUE VALUES (1549,689,'Mark cheetahManager final.',false,'<p>Нельзя. Финальную переменную надо сразу инстанциировать, и тогда lazy instantiation будет невозможна</p>');
	INSERT INTO Answer (id,questionId,text,correct,comment) OVERRIDING SYSTEM VALUE VALUES (1550,689,'Add synchronized to getCheetahManager().',true,'');
INSERT INTO Question (id,realmId,type,text,regDate,updateDate) OVERRIDING SYSTEM VALUE VALUES (690,8,1,'<div>What is the result of the following code assuming each interface is a separate file?</div>
<div>&nbsp;</div>
<div>1: public interface CanWalk {</div>
<div>2:&nbsp; &nbsp; &nbsp;default void walk() { System.out.println("Walking"); }</div>
<div>3: }</div>
<div>4: public interface CanRun {</div>
<div>5:&nbsp; &nbsp; &nbsp;public default void walk() { System.out.println("Walking"); }</div>
<div>6:&nbsp; &nbsp; &nbsp;public abstract void run();</div>
<div>7: }</div>
<div>8: public interface CanSprint extends CanWalk, CanRun {</div>
<div>9:&nbsp; &nbsp; &nbsp;void sprint();</div>
<div>10: }</div>
<div>&nbsp;</div>',TIMESTAMP '1970-01-01 03:00:00',TIMESTAMP '1970-01-01 03:00:00');
	INSERT INTO Answer (id,questionId,text,correct,comment) OVERRIDING SYSTEM VALUE VALUES (1552,690,'The code will not compile because of line 5.',false,'');
	INSERT INTO Answer (id,questionId,text,correct,comment) OVERRIDING SYSTEM VALUE VALUES (1553,690,'The code will not compile because of line 6.',false,'');
	INSERT INTO Answer (id,questionId,text,correct,comment) OVERRIDING SYSTEM VALUE VALUES (1554,690,'The code will not compile because of line 8.',true,'компилятор не знает, какой дефолтный метод наследовать');
	INSERT INTO Answer (id,questionId,text,correct,comment) OVERRIDING SYSTEM VALUE VALUES (1555,690,'The code will not compile because of line 9.',false,'');
	INSERT INTO Answer (id,questionId,text,correct,comment) OVERRIDING SYSTEM VALUE VALUES (1551,690,'The code compiles without issue.',false,'');
INSERT INTO Question (id,realmId,type,text,regDate,updateDate) OVERRIDING SYSTEM VALUE VALUES (691,8,1,'<div>Which lambda can replace the MySecret class to return the same value? (Choose all that apply.)</div>
<div>&nbsp;</div>
<div>public interface Secret {</div>
<div>&nbsp; &nbsp; String magic(double d);</div>
<div>}</div>
<div>public class MySecret implements Secret {</div>
<div>&nbsp; &nbsp; public String magic(double d) {</div>
<div>&nbsp; &nbsp; &nbsp; &nbsp; return "Poof";</div>
<div>&nbsp; &nbsp; }</div>
<div>}</div>
<div>&nbsp;</div>',TIMESTAMP '1970-01-01 03:00:00',TIMESTAMP '1970-01-01 03:00:00');
	INSERT INTO Answer (id,questionId,text,correct,comment) OVERRIDING SYSTEM VALUE VALUES (1556,691,'caller((e) -&gt; "Poof");',true,'');
	INSERT INTO Answer (id,questionId,text,correct,comment) OVERRIDING SYSTEM VALUE VALUES (1557,691,'caller((e) -&gt; {"Poof"});',false,'нет return');
	INSERT INTO Answer (id,questionId,text,correct,comment) OVERRIDING SYSTEM VALUE VALUES (1558,691,'caller((e) -&gt; { String e = ""; "Poof" });',false,'нельзя переопределять переменную в теле; нет return');
	INSERT INTO Answer (id,questionId,text,correct,comment) OVERRIDING SYSTEM VALUE VALUES (1559,691,'caller((e) -&gt; { String e = ""; return "Poof"; });',false,'нельзя переопределять переменную в теле');
	INSERT INTO Answer (id,questionId,text,correct,comment) OVERRIDING SYSTEM VALUE VALUES (1560,691,'caller((e) -&gt; { String e = ""; return "Poof" });',false,'нельзя переопределять переменную в теле; нет точки с запятой');
	INSERT INTO Answer (id,questionId,text,correct,comment) OVERRIDING SYSTEM VALUE VALUES (1561,691,'caller((e) -&gt; { String f = ""; return "Poof"; });',true,'');
INSERT INTO Question (id,realmId,type,text,regDate,updateDate) OVERRIDING SYSTEM VALUE VALUES (692,8,1,'<div>What is the result of the following code?</div>
<div>&nbsp;</div>
<div>interface Climb {</div>
<div>&nbsp; &nbsp; boolean isTooHigh(int height, int limit);</div>
<div>}</div>
<div>public class Climber {</div>
<div>&nbsp; &nbsp; public static void main(String[] args) {</div>
<div>&nbsp; &nbsp; &nbsp; &nbsp; check((h, l) -&gt; h.toString(), 5); // x1</div>
<div>&nbsp; &nbsp; }</div>
<div>&nbsp; &nbsp; private static void check(Climb climb, int height) {</div>
<div>&nbsp; &nbsp; &nbsp; &nbsp; if (climb.isTooHigh(height, 10)) // x2</div>
<div>&nbsp; &nbsp; &nbsp; &nbsp; &nbsp; &nbsp; System.out.println("too high");</div>
<div>&nbsp; &nbsp; &nbsp; &nbsp; &nbsp; &nbsp; else System.out.println("ok");</div>
<div>} }</div>
<div>&nbsp;</div>',TIMESTAMP '1970-01-01 03:00:00',TIMESTAMP '1970-01-01 03:00:00');
	INSERT INTO Answer (id,questionId,text,correct,comment) OVERRIDING SYSTEM VALUE VALUES (1562,692,'ok',false,'');
	INSERT INTO Answer (id,questionId,text,correct,comment) OVERRIDING SYSTEM VALUE VALUES (1563,692,'too high',false,'');
	INSERT INTO Answer (id,questionId,text,correct,comment) OVERRIDING SYSTEM VALUE VALUES (1564,692,'Compiler error on line x1.',true,'попытка применить toString() к int; в теле лямбды возвращается String, а в интерфейсе - boolean');
	INSERT INTO Answer (id,questionId,text,correct,comment) OVERRIDING SYSTEM VALUE VALUES (1565,692,'Compiler error on line x2.',false,'');
	INSERT INTO Answer (id,questionId,text,correct,comment) OVERRIDING SYSTEM VALUE VALUES (1566,692,'Compiler error on a different line.',false,'');
	INSERT INTO Answer (id,questionId,text,correct,comment) OVERRIDING SYSTEM VALUE VALUES (1567,692,'A runtime exception is thrown.',false,'');
INSERT INTO Question (id,realmId,type,text,regDate,updateDate) OVERRIDING SYSTEM VALUE VALUES (693,8,1,'<div>Which of the following are properties of classes that define immutable objects? (Choose all that apply.)</div>
<div>&nbsp;</div>',TIMESTAMP '1970-01-01 03:00:00',TIMESTAMP '1970-01-01 03:00:00');
	INSERT INTO Answer (id,questionId,text,correct,comment) OVERRIDING SYSTEM VALUE VALUES (1568,693,'They don&rsquo;t define any getter methods.',false,'');
	INSERT INTO Answer (id,questionId,text,correct,comment) OVERRIDING SYSTEM VALUE VALUES (1569,693,'All of the instance variables are marked private and final.',true,'');
	INSERT INTO Answer (id,questionId,text,correct,comment) OVERRIDING SYSTEM VALUE VALUES (1570,693,'They don&rsquo;t define any setter methods.',true,'');
	INSERT INTO Answer (id,questionId,text,correct,comment) OVERRIDING SYSTEM VALUE VALUES (1571,693,'They mark all instance variables static.',false,'');
	INSERT INTO Answer (id,questionId,text,correct,comment) OVERRIDING SYSTEM VALUE VALUES (1572,693,'They prevent methods from being overridden.',true,'');
	INSERT INTO Answer (id,questionId,text,correct,comment) OVERRIDING SYSTEM VALUE VALUES (1573,693,'All getter methods are marked synchronized.',false,'');
INSERT INTO Question (id,realmId,type,text,regDate,updateDate) OVERRIDING SYSTEM VALUE VALUES (694,8,1,'<div>Which of the following statements can be inserted in the blank line so that the code will compile successfully? (Choose all that apply.)</div>
<div>&nbsp;</div>
<div>public interface CanHop {}</div>
<div>public class Frog implements CanHop {</div>
<div>&nbsp; &nbsp; public static void main(String[] args) {</div>
<div>&nbsp; &nbsp; &nbsp; &nbsp; _______________ frog = new TurtleFrog();</div>
<div>&nbsp; &nbsp; }</div>
<div>}</div>
<div>public class BrazilianHornedFrog extends Frog {}</div>
<div>public class TurtleFrog extends Frog {}</div>
<div>&nbsp;</div>',TIMESTAMP '1970-01-01 03:00:00',TIMESTAMP '1970-01-01 03:00:00');
	INSERT INTO Answer (id,questionId,text,correct,comment) OVERRIDING SYSTEM VALUE VALUES (1574,694,'Frog',true,'');
	INSERT INTO Answer (id,questionId,text,correct,comment) OVERRIDING SYSTEM VALUE VALUES (1575,694,'TurtleFrog',true,'');
	INSERT INTO Answer (id,questionId,text,correct,comment) OVERRIDING SYSTEM VALUE VALUES (1576,694,'BrazilianHornedFrog',false,'');
	INSERT INTO Answer (id,questionId,text,correct,comment) OVERRIDING SYSTEM VALUE VALUES (1577,694,'CanHop',true,'');
	INSERT INTO Answer (id,questionId,text,correct,comment) OVERRIDING SYSTEM VALUE VALUES (1578,694,'Object',true,'');
	INSERT INTO Answer (id,questionId,text,correct,comment) OVERRIDING SYSTEM VALUE VALUES (1579,694,'Long',false,'');
INSERT INTO Question (id,realmId,type,text,regDate,updateDate) OVERRIDING SYSTEM VALUE VALUES (695,8,1,'<div>Which of the following statements about polymorphism are true? (Choose all that apply.)</div>
<div>&nbsp;</div>',TIMESTAMP '1970-01-01 03:00:00',TIMESTAMP '1970-01-01 03:00:00');
	INSERT INTO Answer (id,questionId,text,correct,comment) OVERRIDING SYSTEM VALUE VALUES (1584,695,'By defining a public instance method in the superclass, you guarantee that the specific method will be called in the parent class at runtime.',false,'');
	INSERT INTO Answer (id,questionId,text,correct,comment) OVERRIDING SYSTEM VALUE VALUES (1580,695,'A reference to an object may be cast to a subclass of the object without an explicit cast.',false,'');
	INSERT INTO Answer (id,questionId,text,correct,comment) OVERRIDING SYSTEM VALUE VALUES (1581,695,'If a method takes a class that is the superclass of three different object references, then any of those objects may be passed as a parameter to the method.',true,'');
	INSERT INTO Answer (id,questionId,text,correct,comment) OVERRIDING SYSTEM VALUE VALUES (1582,695,'A reference to an object may be cast to a superclass of the object without an explicit cast.',true,'');
	INSERT INTO Answer (id,questionId,text,correct,comment) OVERRIDING SYSTEM VALUE VALUES (1583,695,'All cast exceptions can be detected at compile time.',false,'');
INSERT INTO Question (id,realmId,type,text,regDate,updateDate) OVERRIDING SYSTEM VALUE VALUES (696,8,1,'<div>Choose the correct statement about the following code:</div>
<div>&nbsp;</div>
<div>1: public interface Herbivore {</div>
<div>2:&nbsp; &nbsp; &nbsp;int amount = 10;</div>
<div>3:&nbsp; &nbsp; &nbsp;public static void eatGrass();</div>
<div>4:&nbsp; &nbsp; &nbsp;public int chew() {</div>
<div>5:&nbsp; &nbsp; &nbsp; &nbsp; &nbsp;return 13;</div>
<div>6:&nbsp; &nbsp; &nbsp;}</div>
<div>7: }</div>
<div>&nbsp;</div>',TIMESTAMP '1970-01-01 03:00:00',TIMESTAMP '1970-01-01 03:00:00');
	INSERT INTO Answer (id,questionId,text,correct,comment) OVERRIDING SYSTEM VALUE VALUES (1585,696,'It compiles and runs without issue.',false,'');
	INSERT INTO Answer (id,questionId,text,correct,comment) OVERRIDING SYSTEM VALUE VALUES (1586,696,'The code will not compile because of line 2.',false,'');
	INSERT INTO Answer (id,questionId,text,correct,comment) OVERRIDING SYSTEM VALUE VALUES (1587,696,'The code will not compile because of line 3.',false,'');
	INSERT INTO Answer (id,questionId,text,correct,comment) OVERRIDING SYSTEM VALUE VALUES (1588,696,'The code will not compile because of line 4.',false,'');
	INSERT INTO Answer (id,questionId,text,correct,comment) OVERRIDING SYSTEM VALUE VALUES (1589,696,'The code will not compile because of lines 2 and 3.',false,'');
	INSERT INTO Answer (id,questionId,text,correct,comment) OVERRIDING SYSTEM VALUE VALUES (1590,696,'The code will not compile because of lines 3 and 4.',true,'');
INSERT INTO Question (id,realmId,type,text,regDate,updateDate) OVERRIDING SYSTEM VALUE VALUES (697,8,1,'<div>Which of the following are properties of classes that are properly encapsulated as a JavaBean? (Choose all that apply.)</div>
<div>&nbsp;</div>',TIMESTAMP '1970-01-01 03:00:00',TIMESTAMP '1970-01-01 03:00:00');
	INSERT INTO Answer (id,questionId,text,correct,comment) OVERRIDING SYSTEM VALUE VALUES (1591,697,'All instance variables are marked final.',false,'');
	INSERT INTO Answer (id,questionId,text,correct,comment) OVERRIDING SYSTEM VALUE VALUES (1592,697,'boolean instance variables are accessed with is or get.',true,'');
	INSERT INTO Answer (id,questionId,text,correct,comment) OVERRIDING SYSTEM VALUE VALUES (1593,697,'All instance variables are marked private.',true,'');
	INSERT INTO Answer (id,questionId,text,correct,comment) OVERRIDING SYSTEM VALUE VALUES (1594,697,'They implement the JavaBean interface.',false,'');
	INSERT INTO Answer (id,questionId,text,correct,comment) OVERRIDING SYSTEM VALUE VALUES (1595,697,'Variables are created using lazy instantiation.',false,'');
	INSERT INTO Answer (id,questionId,text,correct,comment) OVERRIDING SYSTEM VALUE VALUES (1596,697,'The first letter of the any getter/setter, after the get, set, or is prefix, must be uppercase.',true,'');
INSERT INTO Question (id,realmId,type,text,regDate,updateDate) OVERRIDING SYSTEM VALUE VALUES (698,8,1,'<div>Which of the following statements about inheritance and object composition are correct? (Choose all that apply.)</div>
<div>&nbsp;</div>',TIMESTAMP '1970-01-01 03:00:00',TIMESTAMP '1970-01-01 03:00:00');
	INSERT INTO Answer (id,questionId,text,correct,comment) OVERRIDING SYSTEM VALUE VALUES (1600,698,'Object composition supports method overriding at runtime.',false,'');
	INSERT INTO Answer (id,questionId,text,correct,comment) OVERRIDING SYSTEM VALUE VALUES (1601,698,'Object composition requires a class variable to be declared public or accessible from a public method to be used by a class in a different package.',true,'');
	INSERT INTO Answer (id,questionId,text,correct,comment) OVERRIDING SYSTEM VALUE VALUES (1602,698,'Object composition is always preferred to inheritance.',false,'');
	INSERT INTO Answer (id,questionId,text,correct,comment) OVERRIDING SYSTEM VALUE VALUES (1597,698,'Inheritance supports access to protected variables.',true,'');
	INSERT INTO Answer (id,questionId,text,correct,comment) OVERRIDING SYSTEM VALUE VALUES (1598,698,'Object composition tends to promote greater code reuse than inheritance.',true,'я бы не был так уверен, ну да ладно');
	INSERT INTO Answer (id,questionId,text,correct,comment) OVERRIDING SYSTEM VALUE VALUES (1599,698,'Inheritance relies on the has-a principle.',false,'');
INSERT INTO Question (id,realmId,type,text,regDate,updateDate) OVERRIDING SYSTEM VALUE VALUES (699,8,1,'<div>Which three scenarios would best benefit from using a singleton pattern? (Choose all three.)</div>
<div>&nbsp;</div>',TIMESTAMP '1970-01-01 03:00:00',TIMESTAMP '1970-01-01 03:00:00');
	INSERT INTO Answer (id,questionId,text,correct,comment) OVERRIDING SYSTEM VALUE VALUES (1603,699,'Create read‐only objects that are thread-safe.',false,'');
	INSERT INTO Answer (id,questionId,text,correct,comment) OVERRIDING SYSTEM VALUE VALUES (1604,699,'Manage a reusable cache of objects.',true,'');
	INSERT INTO Answer (id,questionId,text,correct,comment) OVERRIDING SYSTEM VALUE VALUES (1605,699,'Ensure that all objects are lazily instantiated.',false,'');
	INSERT INTO Answer (id,questionId,text,correct,comment) OVERRIDING SYSTEM VALUE VALUES (1606,699,'Manage write access to a log file.',true,'');
	INSERT INTO Answer (id,questionId,text,correct,comment) OVERRIDING SYSTEM VALUE VALUES (1607,699,'Provide central access to application configuration data.',true,'');
	INSERT INTO Answer (id,questionId,text,correct,comment) OVERRIDING SYSTEM VALUE VALUES (1608,699,'Allow multiple instances of a static object to be managed in memory.',false,'');
INSERT INTO Question (id,realmId,type,text,regDate,updateDate) OVERRIDING SYSTEM VALUE VALUES (700,8,1,'<div>Choose the correct statement about the following code:</div>
<div>&nbsp;</div>
<div>1: public interface CanFly {</div>
<div>2:&nbsp; &nbsp; &nbsp;void fly();</div>
<div>3: }</div>
<div>4: interface HasWings {</div>
<div>5:&nbsp; &nbsp; &nbsp;public abstract Object getWingSpan();</div>
<div>6: }</div>
<div>7: abstract class Falcon implements CanFly, HasWings {</div>
<div>8: }</div>
<div>&nbsp;</div>',TIMESTAMP '1970-01-01 03:00:00',TIMESTAMP '1970-01-01 03:00:00');
	INSERT INTO Answer (id,questionId,text,correct,comment) OVERRIDING SYSTEM VALUE VALUES (1609,700,'It compiles without issue.',true,'');
	INSERT INTO Answer (id,questionId,text,correct,comment) OVERRIDING SYSTEM VALUE VALUES (1610,700,'The code will not compile because of line 2.',false,'');
	INSERT INTO Answer (id,questionId,text,correct,comment) OVERRIDING SYSTEM VALUE VALUES (1611,700,'The code will not compile because of line 4.',false,'');
	INSERT INTO Answer (id,questionId,text,correct,comment) OVERRIDING SYSTEM VALUE VALUES (1612,700,'The code will not compile because of line 5.',false,'');
	INSERT INTO Answer (id,questionId,text,correct,comment) OVERRIDING SYSTEM VALUE VALUES (1613,700,'The code will not compile because of lines 2 and 5.',false,'');
	INSERT INTO Answer (id,questionId,text,correct,comment) OVERRIDING SYSTEM VALUE VALUES (1614,700,'The code will not compile because the class Falcon doesn&rsquo;t implement the interface methods.',false,'');
INSERT INTO Question (id,realmId,type,text,regDate,updateDate) OVERRIDING SYSTEM VALUE VALUES (701,8,2,'Как преобразовать массив в список?',TIMESTAMP '1970-01-01 03:00:00',TIMESTAMP '1970-01-01 03:00:00');
	INSERT INTO Answer (id,questionId,text,correct,comment) OVERRIDING SYSTEM VALUE VALUES (1615,701,'List&lt;String&gt; list = Arrays.asList(array);<br /><br /><br />Список с массивом оказываются связанными. Изменения в одном из них вызовут изменения в другом. Нельзя добавлять элементы к получившемуся списку или удалять их из него.',true,'');
INSERT INTO Question (id,realmId,type,text,regDate,updateDate) OVERRIDING SYSTEM VALUE VALUES (702,8,2,'Как преобразовать список в массив?',TIMESTAMP '1970-01-01 03:00:00',TIMESTAMP '1970-01-01 03:00:00');
	INSERT INTO Answer (id,questionId,text,correct,comment) OVERRIDING SYSTEM VALUE VALUES (1616,702,'String[] array2 = (String[]) list.toArray();<br />&nbsp; <em>или</em><br />String[] array2 = list.toArray(new String[0]);<br /><br />Получившийся массив не связан со списком, его можно редактировать без опасений повредить список.',true,'');
INSERT INTO Question (id,realmId,type,text,regDate,updateDate) OVERRIDING SYSTEM VALUE VALUES (703,8,2,'Дан код:<br /><br />
<div>int[] numbers = {6,9,1,8};</div>
<div>Arrays.sort(numbers);</div>
<div>int index1 = Arrays.binarySearch(numbers, 6);</div>
<div>int index2 = Arrays.binarySearch(numbers, 3);</div>
<div><br />Чему равны <em>index1</em> и <em>index2</em>?</div>',TIMESTAMP '1970-01-01 03:00:00',TIMESTAMP '1970-01-01 03:00:00');
	INSERT INTO Answer (id,questionId,text,correct,comment) OVERRIDING SYSTEM VALUE VALUES (1617,703,'index1 = 1<br />index2 = -2 (индекс позиции, где должно было бы оказаться это число, умноженный на -1 и уменьшенный на 1)',true,'');
INSERT INTO Question (id,realmId,type,text,regDate,updateDate) OVERRIDING SYSTEM VALUE VALUES (704,8,0,'Для двоичного поиска в коллекции используется <strong>Collections</strong>.<strong>binarySearch</strong>(<em>collection</em>, <em>element</em>), а для поиска в массивах - <strong>Arrays</strong>.<strong>binarySearch</strong>(<em>array</em>, <em>element</em>). И туда, и туда можно подать компаратор, с которым был отсортирован список/массив',TIMESTAMP '1970-01-01 03:00:00',TIMESTAMP '1970-01-01 03:00:00');
INSERT INTO Question (id,realmId,type,text,regDate,updateDate) OVERRIDING SYSTEM VALUE VALUES (705,8,0,'Autoboxing происходит, в том числе, тогда, когда примитив попадает в контекст, который ожидает дженерика.&nbsp;<br /><br />
<div>&nbsp; &nbsp; static &lt;T&gt; void testAutobox(T i) {</div>
<div>&nbsp; &nbsp; &nbsp; &nbsp; System.out.println(i.getClass()); //&nbsp;class java.lang.Integer</div>
<div>&nbsp; &nbsp; }</div>
<div>&nbsp; &nbsp; ...<br />&nbsp; &nbsp;testAutobox(4);</div>
<br />Autounboxing:<br />&nbsp;int i = new Integer(3);',TIMESTAMP '1970-01-01 03:00:00',TIMESTAMP '1970-01-01 03:00:00');
INSERT INTO Question (id,realmId,type,text,regDate,updateDate) OVERRIDING SYSTEM VALUE VALUES (706,8,0,'В конструкторы оберток надо подавать строго соответствующие примитивы.',TIMESTAMP '1970-01-01 03:00:00',TIMESTAMP '1970-01-01 03:00:00');
INSERT INTO Question (id,realmId,type,text,regDate,updateDate) OVERRIDING SYSTEM VALUE VALUES (707,8,2,'Что будет выдано в результате работы следующего кода?<br /><br />
<div>3: List&lt;Integer&gt; numbers = new ArrayList&lt;Integer&gt;();</div>
<div>4: numbers.add(1);</div>
<div>5: numbers.add(new Integer(3));</div>
<div>6: numbers.add(new Integer(5));</div>
<div>7: numbers.remove(1);</div>
<div>8: numbers.remove(new Integer(5));</div>
<div>9: System.out.println(numbers);</div>',TIMESTAMP '1970-01-01 03:00:00',TIMESTAMP '1970-01-01 03:00:00');
	INSERT INTO Answer (id,questionId,text,correct,comment) OVERRIDING SYSTEM VALUE VALUES (1618,707,'[1]. Метод&nbsp;<strong>remove</strong>&nbsp;перегружен. Они принимает либо&nbsp;<strong>int</strong>&nbsp;(индекс удаляемого элемента), либо объект, который надо удалить. В строке 4 аргумент не приводится к&nbsp;<strong>Integer</strong>, т.к. есть в наличии метод, принимающий&nbsp;<strong>int</strong>.<br /><br />Кстати, метод&nbsp;<strong>remove</strong>(Object) удалит только первое вхождение.<br /><br />Еще кстати. <strong>remove</strong>(Object) возвращает true/false, а <strong>remove</strong>(int) - удаленный объект',true,'');
INSERT INTO Question (id,realmId,type,text,regDate,updateDate) OVERRIDING SYSTEM VALUE VALUES (708,8,0,'Diamond operator не обязательно должен использоваться в одной строке с объявлением переменной. Например, следующий код тоже вполне корректен:<br /><br />
<div>ArrayList&lt;String&gt; copyOfNames;</div>
<div>copyOfNames = new ArrayList&lt;&gt;();</div>',TIMESTAMP '1970-01-01 03:00:00',TIMESTAMP '1970-01-01 03:00:00');
INSERT INTO Question (id,realmId,type,text,regDate,updateDate) OVERRIDING SYSTEM VALUE VALUES (709,8,0,'Параметр в угловых скобках в дженериках называется <em>formal type parameter</em>.',TIMESTAMP '1970-01-01 03:00:00',TIMESTAMP '1970-01-01 03:00:00');
INSERT INTO Question (id,realmId,type,text,regDate,updateDate) OVERRIDING SYSTEM VALUE VALUES (710,8,2,'Приведите пример простого дженерик-класса',TIMESTAMP '1970-01-01 03:00:00',TIMESTAMP '1970-01-01 03:00:00');
	INSERT INTO Answer (id,questionId,text,correct,comment) OVERRIDING SYSTEM VALUE VALUES (1619,710,'<div>public class GenericContainer&lt;T&gt; {</div>
<div>&nbsp; &nbsp; private T contents;</div>
<div>&nbsp; &nbsp; public T getContents() {</div>
<div>&nbsp; &nbsp; &nbsp; &nbsp; return contents;</div>
<div>&nbsp; &nbsp; }</div>
<div>&nbsp; &nbsp; public void setContents(T contents) {</div>
<div>&nbsp; &nbsp; &nbsp; &nbsp; this.contents = contents;</div>
<div>&nbsp; &nbsp; }</div>
<div>}</div>',true,'');
INSERT INTO Question (id,realmId,type,text,regDate,updateDate) OVERRIDING SYSTEM VALUE VALUES (711,8,0,'<div>Соглашения о именованиях в дженериках.</div>
<div>&nbsp;</div>
<div>&nbsp;E for an element</div>
<div>&nbsp;K for a map key</div>
<div>&nbsp;V for a map value</div>
<div>&nbsp;N for a number</div>
<div>&nbsp;T for a generic data type</div>
<div>&nbsp;S, U, V, and so forth for multiple generic types</div>',TIMESTAMP '1970-01-01 03:00:00',TIMESTAMP '1970-01-01 03:00:00');
INSERT INTO Question (id,realmId,type,text,regDate,updateDate) OVERRIDING SYSTEM VALUE VALUES (712,8,0,'Польза дженериков проявляется тогда, когда нужно обеспечить одинаковый подход к классам, не имеющим между собой иерархической и смысловой связи.',TIMESTAMP '1970-01-01 03:00:00',TIMESTAMP '1970-01-01 03:00:00');
INSERT INTO Question (id,realmId,type,text,regDate,updateDate) OVERRIDING SYSTEM VALUE VALUES (713,8,2,'Что такое <em>type erasure</em>?<br />',TIMESTAMP '1970-01-01 03:00:00',TIMESTAMP '1970-01-01 03:00:00');
	INSERT INTO Answer (id,questionId,text,correct,comment) OVERRIDING SYSTEM VALUE VALUES (1620,713,'Это отражение того факта, что работа с дженериками происходит на этапе компиляции. В байт-коде нет информации о том, какими типами параметризованы дженерик-классы - компилятор везде подставит Object. Что же касается присваивания дженерика переменной, то компилятор подставит явный кастинг.',true,'');
INSERT INTO Question (id,realmId,type,text,regDate,updateDate) OVERRIDING SYSTEM VALUE VALUES (714,8,2,'Приведите 3 способа имплементации интерфейса<br /><br />
<div>public interface Shippable&lt;T&gt; {</div>
<div>&nbsp; &nbsp; void ship(T t);</div>
<div>}<br /><br />Опишите их особенности.</div>',TIMESTAMP '1970-01-01 03:00:00',TIMESTAMP '1970-01-01 03:00:00');
	INSERT INTO Answer (id,questionId,text,correct,comment) OVERRIDING SYSTEM VALUE VALUES (1621,714,'1) Имплементация с конкретным типом. Получившийся класс нельзя будет параметризовать, он будет работать только с одним типом.<br /><br />
<div>class ShippableRobotCrate implements Shippable&lt;Robot&gt; {</div>
<div>&nbsp; &nbsp; public void ship(Robot t) { }</div>
<div>}<br /><br />2) Имплементация с оставлением параметризации. Класс будет работать с любыми типами.<br /><br />
<div>class ShippableAbstractCrate&lt;U&gt; implements Shippable&lt;U&gt; {</div>
<div>&nbsp; &nbsp; public void ship(U t) { }</div>
<div>}<br /><br />(то что формальный параметр отличается, роли не играет)<br /><br />3) Имплементация без параметризации (использование <em>raw type</em>). Вообще не указываем угловые скобки, тогда класс будет работать только с <strong>Object</strong>.<br /><br />
<div>class ShippableCrate implements Shippable {</div>
<div>&nbsp; &nbsp; public void ship(Object t) { }</div>
<div>}</div>
</div>
</div>',true,'');
INSERT INTO Question (id,realmId,type,text,regDate,updateDate) OVERRIDING SYSTEM VALUE VALUES (715,8,2,'Что не получится сделать с дженериками во всяком случае, без использования изощренных приемов?',TIMESTAMP '1970-01-01 03:00:00',TIMESTAMP '1970-01-01 03:00:00');
	INSERT INTO Answer (id,questionId,text,correct,comment) OVERRIDING SYSTEM VALUE VALUES (1622,715,'- вызвать конструктор. new T() в рантайме превратилось бы в new Object()<br />- создать <span style="text-decoration: underline;">массив</span> (не список) дженериков (был бы по факту массив Object)<br />- использовать <strong>instanceof </strong><em>(уточнить, почему)<br />- </em>использовать примитив в качестве типа дженерика (зато можно использовать обертку).<br />- создавать статические переменные типа дженерика (поскольку тип дженерика связан с экземпляром объекта).',true,'');
INSERT INTO Question (id,realmId,type,text,regDate,updateDate) OVERRIDING SYSTEM VALUE VALUES (716,8,0,'Типа, вся информация о которых есть на момент времени выполнения, называются <em>reifiable</em>. С ними можно делать все. У non-reifiable (дженериков) есть ограничения.',TIMESTAMP '1970-01-01 03:00:00',TIMESTAMP '1970-01-01 03:00:00');
INSERT INTO Question (id,realmId,type,text,regDate,updateDate) OVERRIDING SYSTEM VALUE VALUES (717,8,0,'Параметризовать можно любой метод, в т.ч. метод экземпляра, но чаще можно увидеть статичные дженерик-методы, т.к. экземпляр класса и его методы имеют доступ к параметрам, определенным в классе/интерфейсе.',TIMESTAMP '1970-01-01 03:00:00',TIMESTAMP '1970-01-01 03:00:00');
INSERT INTO Question (id,realmId,type,text,regDate,updateDate) OVERRIDING SYSTEM VALUE VALUES (718,8,2,'Приведите пример дженерик-метода (статичного).',TIMESTAMP '1970-01-01 03:00:00',TIMESTAMP '1970-01-01 03:00:00');
	INSERT INTO Answer (id,questionId,text,correct,comment) OVERRIDING SYSTEM VALUE VALUES (1623,718,'public static &lt;T&gt; List&lt;T&gt; packToList(T t) {<br />&nbsp;&nbsp;&nbsp; List&lt;T&gt; list = new ArrayList&lt;T&gt;();<br />&nbsp;&nbsp;&nbsp; return list;<br />}<br /><br />Указание в угловых скобках формального типа параметра обязательно, без этого не скомпилируется!',true,'');
INSERT INTO Question (id,realmId,type,text,regDate,updateDate) OVERRIDING SYSTEM VALUE VALUES (719,8,0,'Необходимо помнить, что дженерики сильны на этапе компиляции, поэтому не надо думать "как Java поймет, какой тип передался", т.к. Java над этим не думает и работает только с объектами, а все необходимые кастинги компилятор сам добавляет в JVM, исходя из контекста кода.',TIMESTAMP '1970-01-01 03:00:00',TIMESTAMP '1970-01-01 03:00:00');
INSERT INTO Question (id,realmId,type,text,regDate,updateDate) OVERRIDING SYSTEM VALUE VALUES (720,8,2,'Как явным образом передать в дженерик-метод желаемый тип?',TIMESTAMP '1970-01-01 03:00:00',TIMESTAMP '1970-01-01 03:00:00');
	INSERT INTO Answer (id,questionId,text,correct,comment) OVERRIDING SYSTEM VALUE VALUES (1624,720,'Указать его в угловых скобках перед именем метода, однако метод должен обязательно идти после dot-оператора.<br /><br />new Test4().&lt;String&gt;getTT("d");<br /><br />В этом случае компилятор проверит аргумент на соответствие подаваемому типу, а если бы этого типа не было, то компилятор использовал бы тип параметра как подаваемый тип.',true,'');
INSERT INTO Question (id,realmId,type,text,regDate,updateDate) OVERRIDING SYSTEM VALUE VALUES (721,8,0,'Использование параметризованных классов без параметризации (<em>raw types</em>) опасно, т.к.&nbsp;ссылку такого типа можно без проблем подать в метод, который ожидает конкретного дженерика, и в методе будут проблемы.<br /><br />class Dragon {}<br />class Unicorn { }<br />public class LegacyDragons {<br />&nbsp;&nbsp;&nbsp; public static void main(String[] args) {<br />&nbsp;&nbsp;&nbsp;&nbsp;&nbsp;&nbsp;&nbsp; List unicorns = new ArrayList();<br />&nbsp;&nbsp;&nbsp;&nbsp;&nbsp;&nbsp;&nbsp; unicorns.add(new Unicorn());<br />&nbsp;&nbsp;&nbsp;&nbsp;&nbsp;&nbsp;&nbsp; printDragons(unicorns);<br />&nbsp;&nbsp;&nbsp; }<br />&nbsp;&nbsp;&nbsp; private static void printDragons(List&lt;Dragon&gt; dragons) {<br />&nbsp;&nbsp;&nbsp;&nbsp;&nbsp;&nbsp;&nbsp; for (Dragon dragon: dragons) { // ClassCastException<br />&nbsp;&nbsp;&nbsp;&nbsp;&nbsp;&nbsp;&nbsp;&nbsp;&nbsp;&nbsp;&nbsp; System.out.println(dragon);<br />&nbsp;&nbsp;&nbsp;&nbsp;&nbsp;&nbsp;&nbsp; } <br />&nbsp;&nbsp;&nbsp; } <br />}',TIMESTAMP '1970-01-01 03:00:00',TIMESTAMP '1970-01-01 03:00:00');
INSERT INTO Question (id,realmId,type,text,regDate,updateDate) OVERRIDING SYSTEM VALUE VALUES (722,8,0,'На экзамене надо узнавать ситуации, в которых выдается <span style="text-decoration: underline;">предупреждение</span> компилятора.',TIMESTAMP '1970-01-01 03:00:00',TIMESTAMP '1970-01-01 03:00:00');
INSERT INTO Question (id,realmId,type,text,regDate,updateDate) OVERRIDING SYSTEM VALUE VALUES (723,8,2,'Почему и в какой строке будет выдана ошибка при выполнении следующего кода?<br /><br />-1: class Dragon {}<br />0: class Unicorn { }<br /><br />1: public class LegacyUnicorns {<br />2:&nbsp;&nbsp;&nbsp;&nbsp; public static void main(String[] args) {<br />3:&nbsp;&nbsp;&nbsp;&nbsp;&nbsp;&nbsp;&nbsp;&nbsp; java.util.List&lt;Unicorn&gt; unicorns = new java.util.ArrayList&lt;&gt;();<br />4:&nbsp;&nbsp;&nbsp;&nbsp;&nbsp;&nbsp;&nbsp;&nbsp; addUnicorn(unicorns);<br />5:&nbsp;&nbsp;&nbsp;&nbsp;&nbsp;&nbsp;&nbsp;&nbsp; Unicorn unicorn = unicorns.get(0);<br />6:&nbsp;&nbsp;&nbsp;&nbsp; }<br />7:&nbsp;&nbsp;&nbsp;&nbsp; private static void addUnicorn(java.util.List unicorn) {<br />8:&nbsp;&nbsp;&nbsp;&nbsp;&nbsp;&nbsp;&nbsp;&nbsp; unicorn.add(new Dragon());<br />9:&nbsp;&nbsp;&nbsp;&nbsp; } <br />10: }',TIMESTAMP '1970-01-01 03:00:00',TIMESTAMP '1970-01-01 03:00:00');
	INSERT INTO Answer (id,questionId,text,correct,comment) OVERRIDING SYSTEM VALUE VALUES (1625,723,'Ошибка будет в строке 5, <strong>ClassCastException</strong>. Она произойдет из-за того, что метод <strong>addUnicorn</strong> принимает <em>raw</em>-список (которым оказывается при подаче в метод&nbsp;"корректный" массив <em>unicorns</em>) и помещает туда произвольный объект. Потом при попытке извлечь объект конкретного типа (согласно ссылке, с которой работаем) выясняется, что там вовсе не <strong>Unicorn</strong>.',true,'');
INSERT INTO Question (id,realmId,type,text,regDate,updateDate) OVERRIDING SYSTEM VALUE VALUES (724,8,1,'Какой результат получится в результате выполнения следующего кода?<br /><br />1: public class LegacyAutoboxing {<br />2:&nbsp;&nbsp;&nbsp;&nbsp; public static void main(String[] args) {<br />3:&nbsp;&nbsp;&nbsp;&nbsp;&nbsp;&nbsp;&nbsp;&nbsp; java.util.List numbers = new java.util.ArrayList();<br />4:&nbsp;&nbsp;&nbsp;&nbsp;&nbsp;&nbsp;&nbsp;&nbsp; numbers.add(5);<br />5:&nbsp;&nbsp;&nbsp;&nbsp;&nbsp;&nbsp;&nbsp;&nbsp; int result = numbers.get(0);<br />6:&nbsp;&nbsp;&nbsp;&nbsp; }<br />7: }',TIMESTAMP '1970-01-01 03:00:00',TIMESTAMP '1970-01-01 03:00:00');
	INSERT INTO Answer (id,questionId,text,correct,comment) OVERRIDING SYSTEM VALUE VALUES (1626,724,'выполнится без ошибок',false,'');
	INSERT INTO Answer (id,questionId,text,correct,comment) OVERRIDING SYSTEM VALUE VALUES (1627,724,'RuntimeException в строке 4',false,'тут будет порядок, так как автобоксинг в Integer из int пройдет без проблем');
	INSERT INTO Answer (id,questionId,text,correct,comment) OVERRIDING SYSTEM VALUE VALUES (1628,724,'не скомпилируется в строке 5',true,'Аувтоанбоксинг не сработает. Java не может превратить Object в int.');
INSERT INTO Question (id,realmId,type,text,regDate,updateDate) OVERRIDING SYSTEM VALUE VALUES (725,8,2,'Каков основной смысл <em>wildcards</em> в дженериках?',TIMESTAMP '1970-01-01 03:00:00',TIMESTAMP '1970-01-01 03:00:00');
	INSERT INTO Answer (id,questionId,text,correct,comment) OVERRIDING SYSTEM VALUE VALUES (1629,725,'Смысл - ограничить набор классов, который может использоваться в дженерике, чтобы стало доступным какое-то API.',true,'');
INSERT INTO Question (id,realmId,type,text,regDate,updateDate) OVERRIDING SYSTEM VALUE VALUES (726,8,2,'Что такое <em>wildcard generic type</em>?',TIMESTAMP '1970-01-01 03:00:00',TIMESTAMP '1970-01-01 03:00:00');
	INSERT INTO Answer (id,questionId,text,correct,comment) OVERRIDING SYSTEM VALUE VALUES (1630,726,'Это неизвестный тип, обозначенный знаком вопроса',true,'');
INSERT INTO Question (id,realmId,type,text,regDate,updateDate) OVERRIDING SYSTEM VALUE VALUES (727,8,2,'Какие типы <em>wildcard</em> бывают в дженериках?',TIMESTAMP '1970-01-01 03:00:00',TIMESTAMP '1970-01-01 03:00:00');
	INSERT INTO Answer (id,questionId,text,correct,comment) OVERRIDING SYSTEM VALUE VALUES (1631,727,'1. <em>Unbounded wildcard</em>:<br />List&lt;<strong>?</strong>&gt; l = new ArrayList&lt;String&gt;(); //new ArrayList&lt;?&gt;() делать нельзя!<br /><br />2. <em>Wildcard with an upper bound</em>.<br />List&lt;<strong>? extends Exception</strong>&gt; l = new ArrayList&lt;RuntimeException&gt;();<br /><br />3. <em>Wildcard with a lower bound</em>.<br />List&lt;<strong>? super Exception</strong>&gt; l = new ArrayList&lt;Object&gt;();',true,'');
INSERT INTO Question (id,realmId,type,text,regDate,updateDate) OVERRIDING SYSTEM VALUE VALUES (728,8,2,'Почему нельзя сделать<br /><br />- List&lt;Object&gt; list_obj = new ArrayList&lt;String&gt;()?<br />- List&lt;String&gt; list_str = new ArrayList&lt;Object&gt;()?',TIMESTAMP '1970-01-01 03:00:00',TIMESTAMP '1970-01-01 03:00:00');
	INSERT INTO Answer (id,questionId,text,correct,comment) OVERRIDING SYSTEM VALUE VALUES (1632,728,'- потому что в ссылку list_obj можно напихать не-строк, и список перестанет быть строковым(=испортится, например, если вернулся из метода).<br />- потому что нельзя будет дергать декларируемый API.',true,'');
INSERT INTO Question (id,realmId,type,text,regDate,updateDate) OVERRIDING SYSTEM VALUE VALUES (729,8,1,'<p>Что напечатается после выполнения следующего кода?<br /><br />...<br />public static void printList(List&lt;Object&gt; list) {<br />&nbsp;&nbsp;&nbsp; for (Object x: list) System.out.println(x);<br />}</p>
<p>public static void main(String[] args) {<br />&nbsp;&nbsp;&nbsp; List&lt;String&gt; keywords = new ArrayList&lt;&gt;();<br />&nbsp;&nbsp;&nbsp; keywords.add("java");<br />&nbsp;&nbsp;&nbsp; printList(keywords);<br />}<br />...</p>',TIMESTAMP '1970-01-01 03:00:00',TIMESTAMP '1970-01-01 03:00:00');
	INSERT INTO Answer (id,questionId,text,correct,comment) OVERRIDING SYSTEM VALUE VALUES (1633,729,'[java]',false,'');
	INSERT INTO Answer (id,questionId,text,correct,comment) OVERRIDING SYSTEM VALUE VALUES (1634,729,'Runtime Error',false,'');
	INSERT INTO Answer (id,questionId,text,correct,comment) OVERRIDING SYSTEM VALUE VALUES (1635,729,'Compile Error',true,'В <strong>printList()</strong> нельзя передать ссылку типа List&lt;String&gt;. Проблему решило бы изменение List&lt;Objects&gt; в аргументах метода на List&lt;?&gt;. Можно было бы и просто List поставить, но получился бы опасный код, уничтожающий компиляторную проверку.');
INSERT INTO Question (id,realmId,type,text,regDate,updateDate) OVERRIDING SYSTEM VALUE VALUES (730,8,1,'Что напечатается после выполнения следующего кода?<br /><br />...<br />&nbsp;&nbsp;&nbsp; Integer[] numbers = { new Integer(42)};<br />&nbsp;&nbsp;&nbsp; Object[] objects = numbers;<br />&nbsp;&nbsp;&nbsp; objects[0] = "forty two";&nbsp;<br />&nbsp;&nbsp;&nbsp; System.out.println(Arrays.toString(objects));<br />...',TIMESTAMP '1970-01-01 03:00:00',TIMESTAMP '1970-01-01 03:00:00');
	INSERT INTO Answer (id,questionId,text,correct,comment) OVERRIDING SYSTEM VALUE VALUES (1636,730,'[forty two]',false,'');
	INSERT INTO Answer (id,questionId,text,correct,comment) OVERRIDING SYSTEM VALUE VALUES (1637,730,'Runtime Error',true,'код скомпилируется, но при выполнении будет выдано java.lang.ArrayStoreException в строке присваивания objects[0]');
	INSERT INTO Answer (id,questionId,text,correct,comment) OVERRIDING SYSTEM VALUE VALUES (1638,730,'Compile Error',false,'');
INSERT INTO Question (id,realmId,type,text,regDate,updateDate) OVERRIDING SYSTEM VALUE VALUES (731,8,2,'Чем использование неограниченного <em>wildcard</em> (List&lt;?&gt;) лучше <em>raw type</em> (List)?',TIMESTAMP '1970-01-01 03:00:00',TIMESTAMP '1970-01-01 03:00:00');
	INSERT INTO Answer (id,questionId,text,correct,comment) OVERRIDING SYSTEM VALUE VALUES (1639,731,'List&lt;?&gt; не даст добавить новый элемент, а List - даст, и это может оказаться фатальным.',true,'');
INSERT INTO Question (id,realmId,type,text,regDate,updateDate) OVERRIDING SYSTEM VALUE VALUES (732,8,0,'upper-bound wildcard позволяет использовать API элементов, lower-bound - добавлять элементы.',TIMESTAMP '1970-01-01 03:00:00',TIMESTAMP '1970-01-01 03:00:00');
INSERT INTO Question (id,realmId,type,text,regDate,updateDate) OVERRIDING SYSTEM VALUE VALUES (733,8,2,'На примере коллекций поясните, какое удобство обеспечивают upper-bound wildcards.',TIMESTAMP '1970-01-01 03:00:00',TIMESTAMP '1970-01-01 03:00:00');
	INSERT INTO Answer (id,questionId,text,correct,comment) OVERRIDING SYSTEM VALUE VALUES (1640,733,'Можно передавать в метод коллекции, содержащие элементы какого-либо типа и его подтипов:<br /><br />public static long total(List&lt;? extends Number&gt; list) {<br />&nbsp;&nbsp;&nbsp; long count = 0;<br />&nbsp;&nbsp;&nbsp; for (Number number: list)<br />&nbsp;&nbsp;&nbsp;&nbsp;&nbsp;&nbsp;&nbsp; count += number.longValue();<br />&nbsp;&nbsp;&nbsp; return count;<br />}',true,'');
INSERT INTO Question (id,realmId,type,text,regDate,updateDate) OVERRIDING SYSTEM VALUE VALUES (734,8,0,'<p>Если в качестве типа дженерика используется интерфейс, то принципы те же:<br /><br />interface Flyer { void fly(); }<br />class HangGlider implements Flyer { public void fly() {} }<br />class Goose implements Flyer { public void fly() {} }</p>
<p>private void anyFlyer(List&lt;Flyer&gt; flyer) {}<br />private void groupOfFlyers(List&lt;? extends Flyer&gt; flyer) {}<br /><br />List&lt;Goose&gt; можно&nbsp;отправить только во второй метод.</p>',TIMESTAMP '1970-01-01 03:00:00',TIMESTAMP '1970-01-01 03:00:00');
INSERT INTO Question (id,realmId,type,text,regDate,updateDate) OVERRIDING SYSTEM VALUE VALUES (735,8,0,'Общий смысл wildcard bounds. <br />- В upperBound нельзя запускать методы, принимающие дженерик-тип. <br />- В upperBound метод, возвращающий дженерик, вернет ссылку типа, указанного в bound. <br />- В lowerBound в методы, принимающие дженерик-тип, можно подавать только указанный в bound тип и его потомков. <br />- В lowerBound запуск методов, возвращающих дженерик-тип, вернет <strong>Object</strong>.<br /><br />class Generic&lt;T&gt; {<br />&nbsp;&nbsp;&nbsp; void transfer(T t) {}<br />&nbsp;&nbsp;&nbsp; T back() {&nbsp;&nbsp;&nbsp;&nbsp;&nbsp;&nbsp;&nbsp; return null;&nbsp;&nbsp;&nbsp; }<br />}<br />...<br />&nbsp;&nbsp;&nbsp; Generic&lt;Integer&gt; intGen = new Generic&lt;Integer&gt;();<br />&nbsp;&nbsp;&nbsp; Generic&lt;Number&gt; numGen = new Generic&lt;Number&gt;();<br />&nbsp;&nbsp;&nbsp; <br />&nbsp;&nbsp;&nbsp; Generic&lt;? extends Number&gt; numGenUp = intGen;<br />&nbsp;&nbsp;&nbsp; Generic&lt;? super Number&gt; numGenLow = numGen;<br />&nbsp;&nbsp;&nbsp; <br />&nbsp;&nbsp;&nbsp; numGenUp.transfer(4); // doesn''t compile<br />&nbsp;&nbsp;&nbsp; Number num1 = numGenUp.back();<br />&nbsp;&nbsp;&nbsp;&nbsp;Integer num1 = numGenUp.back();&nbsp;//doesn''t compile,&nbsp; т.к. возвр.&nbsp;Integer<br /><br />&nbsp;&nbsp;&nbsp; numGenLow.transfer(5);<br />&nbsp;&nbsp;&nbsp; numGenLow.transfer(new Object()); //doesn''t compile<br />&nbsp;&nbsp;&nbsp; Number num2 = numGenLow.back(); //doesn''t compile, т.к. возвр. Object',TIMESTAMP '1970-01-01 03:00:00',TIMESTAMP '1970-01-01 03:00:00');
INSERT INTO Question (id,realmId,type,text,regDate,updateDate) OVERRIDING SYSTEM VALUE VALUES (736,8,0,'В статических членах нельзя использовать типы-дженерики класса, только собственные.',TIMESTAMP '1970-01-01 03:00:00',TIMESTAMP '1970-01-01 03:00:00');
INSERT INTO Question (id,realmId,type,text,regDate,updateDate) OVERRIDING SYSTEM VALUE VALUES (737,8,0,'Дженерики с неограниченным wildcard (&lt;?&gt;) имеют все ограничения <em>bounded</em>: невозможность запускать методы, принимающие дженерик, и возврат <strong>Object</strong> методами, возвращающими дженерик',TIMESTAMP '1970-01-01 03:00:00',TIMESTAMP '1970-01-01 03:00:00');
INSERT INTO Question (id,realmId,type,text,regDate,updateDate) OVERRIDING SYSTEM VALUE VALUES (738,8,1,'Даны следующие классы:<br /><br />class A {}<br />class B extends A { }<br />class C extends B { }<br /><br />Из нижеперечисленных вариантов отметьте те, которые скомпилируются.',TIMESTAMP '1970-01-01 03:00:00',TIMESTAMP '1970-01-01 03:00:00');
	INSERT INTO Answer (id,questionId,text,correct,comment) OVERRIDING SYSTEM VALUE VALUES (1641,738,'List&lt;?&gt; list1 = new ArrayList&lt;A&gt;();',true,'');
	INSERT INTO Answer (id,questionId,text,correct,comment) OVERRIDING SYSTEM VALUE VALUES (1642,738,'List&lt;? extends A&gt; list2 = new ArrayList&lt;A&gt;();',true,'');
	INSERT INTO Answer (id,questionId,text,correct,comment) OVERRIDING SYSTEM VALUE VALUES (1643,738,'List&lt;? super A&gt; list3 = new ArrayList&lt;A&gt;();',true,'');
	INSERT INTO Answer (id,questionId,text,correct,comment) OVERRIDING SYSTEM VALUE VALUES (1644,738,'List&lt;? extends B&gt; list4 = new ArrayList&lt;A&gt;();',false,'этой ссылке можно присвоить только список, содержащий объекты типа <strong>B</strong> и их потомки');
	INSERT INTO Answer (id,questionId,text,correct,comment) OVERRIDING SYSTEM VALUE VALUES (1645,738,'List&lt;? super B&gt; list5 = new ArrayList&lt;A&gt;();',true,'');
	INSERT INTO Answer (id,questionId,text,correct,comment) OVERRIDING SYSTEM VALUE VALUES (1646,738,'List&lt;?&gt; list6 = new ArrayList&lt;? extends A&gt;();',false,'нельзя создавать объект ArrayList с <em>wildcards</em>&nbsp;в указании типа. Это было бы и бессмысленно, т.к. в такой список ничего не получится добавить.');
INSERT INTO Question (id,realmId,type,text,regDate,updateDate) OVERRIDING SYSTEM VALUE VALUES (739,8,1,'Имеем классы:<br /><br />class A {}<br />class B extends A { }<br />class C extends B { }<br /><br />Какие из нижеперечисленных дженерик-методов скомпилируются?',TIMESTAMP '1970-01-01 03:00:00',TIMESTAMP '1970-01-01 03:00:00');
	INSERT INTO Answer (id,questionId,text,correct,comment) OVERRIDING SYSTEM VALUE VALUES (1648,739,'&lt;T&gt; &lt;? extends T&gt; method2(List&lt;? extends T&gt; list) {<br />&nbsp;&nbsp;&nbsp; return list.get(0);<br />}',false,'Возвращаемый тип не может содержать <em>wildcard</em>');
	INSERT INTO Answer (id,questionId,text,correct,comment) OVERRIDING SYSTEM VALUE VALUES (1649,739,'&lt;B extends A&gt; B method3(List&lt;B&gt; list) {<br />&nbsp;&nbsp;&nbsp; return new B();<br />}',false,'Обозначение B использовано как дженерик и поэтому внутри метода теряет свою интерпретацию как имя реального класса. А создать объекты типа дженерика - нельзя.');
	INSERT INTO Answer (id,questionId,text,correct,comment) OVERRIDING SYSTEM VALUE VALUES (1650,739,'void method4(List&lt;? super B&gt; list) {<br />}',true,'');
	INSERT INTO Answer (id,questionId,text,correct,comment) OVERRIDING SYSTEM VALUE VALUES (1651,739,'&lt;X&gt; void method5(List&lt;X super B&gt; list) {<br />}',false,'Нельзя использовать формальный тип параметра в <em>wildcard</em>-контексте. Должно быть <strong>List</strong>&lt;? super <strong>B</strong>&gt;');
	INSERT INTO Answer (id,questionId,text,correct,comment) OVERRIDING SYSTEM VALUE VALUES (1647,739,'&lt;T&gt; T method1(List&lt;? extends T&gt; list) {<br />&nbsp;&nbsp;&nbsp; return list.get(0);<br />}',true,'');
INSERT INTO Question (id,realmId,type,text,regDate,updateDate) OVERRIDING SYSTEM VALUE VALUES (740,8,0,'<em>Bounds</em> можно использовать не только с <em>wildcards</em>, но и как ограничение на использование дженерика в классе или методе:<br /><br />class Generic&lt;T extends Number&gt; {<br />&nbsp;&nbsp;&nbsp; T getT(T t) {<br />&nbsp;&nbsp;&nbsp;&nbsp;&nbsp;&nbsp;&nbsp; return t;<br />&nbsp;&nbsp;&nbsp; }<br />}<br /><em>&nbsp; или</em><br />static &lt;T extends Number&gt; void test(T t) {}',TIMESTAMP '1970-01-01 03:00:00',TIMESTAMP '1970-01-01 03:00:00');
INSERT INTO Question (id,realmId,type,text,regDate,updateDate) OVERRIDING SYSTEM VALUE VALUES (741,8,2,'Перечислите основные интерфейсы <em>Java Collections Framework</em>.',TIMESTAMP '1970-01-01 03:00:00',TIMESTAMP '1970-01-01 03:00:00');
	INSERT INTO Answer (id,questionId,text,correct,comment) OVERRIDING SYSTEM VALUE VALUES (1652,741,'1. <strong>List</strong>: упорядоченный набор элементов с повторениями; элементы доступны по индексу.<br />2. <strong>Set</strong>: набор элементов без повторений.<br />3. <strong>Queue</strong>: набор элементов с особым порядком обработки, обычно FIFO<br />4. <strong>Map</strong>: набор пар "ключ-значение"; значения доступны по ключу, повторения ключей запрещены.',true,'');
INSERT INTO Question (id,realmId,type,text,regDate,updateDate) OVERRIDING SYSTEM VALUE VALUES (742,8,0,'Интерфейсы <strong>List</strong>, <strong>Set</strong>, <strong>Queue</strong> являются наследниками <strong>Collection</strong>. <strong>Map</strong> - не является.',TIMESTAMP '1970-01-01 03:00:00',TIMESTAMP '1970-01-01 03:00:00');
INSERT INTO Question (id,realmId,type,text,regDate,updateDate) OVERRIDING SYSTEM VALUE VALUES (743,8,2,'Перечислите общие методы для всех коллекций.',TIMESTAMP '1970-01-01 03:00:00',TIMESTAMP '1970-01-01 03:00:00');
	INSERT INTO Answer (id,questionId,text,correct,comment) OVERRIDING SYSTEM VALUE VALUES (1653,743,'<strong>1</strong><em>. boolean </em><strong>add</strong>(<strong>E</strong> <em>element</em>) // E - формальный тип параметра<br /><br />(возвращает <strong>true</strong>, если удалось добавить, т.е. коллекция изменилась)<br /><br /><strong>2</strong>. <em>boolean</em> <strong>remove</strong>(<strong>Object </strong><em>object</em>) - удаление конкретного объекта<br /><em>boolean</em> <strong>remove</strong>(<strong>int</strong> <em>index</em>) - удаление по индексу, IndexOutOfBoundsException в случае неверного индекса<br /><br />(возвращает <strong>true</strong>, если удалось удалить, т.е. коллекция изменилась)<br /><br /><strong>3</strong>. <em>boolean </em><strong>isEmpty</strong>()<br /><strong><br />4</strong>. <em>int </em><strong>size</strong>()<br /><strong><br />5</strong>. void <strong>clear</strong>()<br /><strong><br />6</strong>. <em>boolean </em><strong>contains</strong>(<strong>Object</strong> <em>object</em>)<br /><br />(сравнение производится по <strong>equals</strong>)',true,'');
INSERT INTO Question (id,realmId,type,text,regDate,updateDate) OVERRIDING SYSTEM VALUE VALUES (744,8,0,'Если в коллекции есть несколько одинаковых элементов, то <strong>remove</strong>(Object) удалит только один из них',TIMESTAMP '1970-01-01 03:00:00',TIMESTAMP '1970-01-01 03:00:00');
INSERT INTO Question (id,realmId,type,text,regDate,updateDate) OVERRIDING SYSTEM VALUE VALUES (745,8,2,'Назовите основные преимущества <strong>ArrayList</strong>.',TIMESTAMP '1970-01-01 03:00:00',TIMESTAMP '1970-01-01 03:00:00');
	INSERT INTO Answer (id,questionId,text,correct,comment) OVERRIDING SYSTEM VALUE VALUES (1654,745,'1. Доступ к любому элементу за фиксированное время.<br />2. Добавление/удаление занимает больше времени, чем чтение<br /><br />Резюме: следует использовать, если чтение из списка производится чаще, чем запись в него.',true,'');
INSERT INTO Question (id,realmId,type,text,regDate,updateDate) OVERRIDING SYSTEM VALUE VALUES (746,8,2,'Перечислите основные времена оценки быстродействия.',TIMESTAMP '1970-01-01 03:00:00',TIMESTAMP '1970-01-01 03:00:00');
	INSERT INTO Answer (id,questionId,text,correct,comment) OVERRIDING SYSTEM VALUE VALUES (1655,746,'1. O(1) - постоянное время; время операции не зависит от объема данных. Пример: чтение из ArrayList<br /><br />2. O(log n) - логарифмическое время; время операции возрастает значительно медленнее, чем объем данных. Пример - двоичный поиск.<br /><br />3. O(n) - линейное время; время операции увеличивается линейно по мере роста объема данных. Пример: выборка из списка всех элементов, равных данному.<br /><br />4. O(n^2) - n-квадратное время; время операции увеличивается квадратично по мере роста объема данных. Пример - вложенная итерация по одной и той же коллекции.',true,'');
INSERT INTO Question (id,realmId,type,text,regDate,updateDate) OVERRIDING SYSTEM VALUE VALUES (747,8,2,'Назовите особенности и преимущества <strong>LinkedList</strong>',TIMESTAMP '1970-01-01 03:00:00',TIMESTAMP '1970-01-01 03:00:00');
	INSERT INTO Answer (id,questionId,text,correct,comment) OVERRIDING SYSTEM VALUE VALUES (1656,747,'1. Реализует интерфейсы <strong>List</strong> и <strong>Queue<br /></strong>2. Доступ, добавление и удаление для <span style="text-decoration: underline;">граничных</span> элементов занимает постоянное время.<br />3. Аналогичные операции применительно к произвольному индексу занимают линейное время.<br /><br />Резюме: следует использовать в качестве очереди.',true,'');
INSERT INTO Question (id,realmId,type,text,regDate,updateDate) OVERRIDING SYSTEM VALUE VALUES (748,8,0,'<strong>Vector</strong> работал медленно, зато был Thread-safe',TIMESTAMP '1970-01-01 03:00:00',TIMESTAMP '1970-01-01 03:00:00');
INSERT INTO Question (id,realmId,type,text,regDate,updateDate) OVERRIDING SYSTEM VALUE VALUES (749,8,2,'Перечислите основные методы <strong>List</strong> (за исключением унаследованных из <strong>Collection</strong>)',TIMESTAMP '1970-01-01 03:00:00',TIMESTAMP '1970-01-01 03:00:00');
	INSERT INTO Answer (id,questionId,text,correct,comment) OVERRIDING SYSTEM VALUE VALUES (1657,749,'1. <em>void</em> <strong>add</strong>(<strong>int</strong> <em>index</em>, <strong>E</strong> <em>element</em>)<br /><br />вставляет элемент на указанное место со сдвигом оставшейся части вперед.<br /><br />2. <em>E</em> <strong>get</strong>(<strong>int</strong> <em>index</em>)<br /><br />возвращает элемент по индексу<br /><br />3. <em>int </em><strong>indexOf</strong>(<strong>Object</strong> <em>o</em>)<br /><br />возвращает первый встретившийся индекс указанного элемента либо -1<br /><br />4. <em>int </em><strong>lastIndexOf</strong>(<strong>Object</strong> <em>o</em>)<br /><br />возвращает последний встретившийся индекс указанного элемента либо -1<br /><br />5. <em>void</em> <strong>remove</strong>(<strong>int </strong><em>index</em>)<br /><br />удаляет элемент по индексу и сдвигает оставшуюся часть влево.<br /><br />6. <strong>E</strong> <em>set</em>(<strong>int</strong> <em>index</em>, <strong>E</strong> <em>e)<br /><br /></em>заменяет элемент по индексу и возвращает предыдущий',true,'');
INSERT INTO Question (id,realmId,type,text,regDate,updateDate) OVERRIDING SYSTEM VALUE VALUES (750,8,0,'<strong>Vector</strong> и <strong>Stack</strong> тоже реализуют интерфейс <strong>List</strong>.',TIMESTAMP '1970-01-01 03:00:00',TIMESTAMP '1970-01-01 03:00:00');
INSERT INTO Question (id,realmId,type,text,regDate,updateDate) OVERRIDING SYSTEM VALUE VALUES (751,8,2,'Назовите 3 способа проитерироваться по списку.',TIMESTAMP '1970-01-01 03:00:00',TIMESTAMP '1970-01-01 03:00:00');
	INSERT INTO Answer (id,questionId,text,correct,comment) OVERRIDING SYSTEM VALUE VALUES (1658,751,'1. Используя for-each:<br /><br />for (String string: list) {<br />&nbsp;&nbsp;&nbsp; System.out.println(string);<br />}<br /><br />2. Используя обычный for:<br /><br />for (int i = 0; i&lt;list.size(); i++) {<br />&nbsp;&nbsp;&nbsp; System.out.println(list[i]);<br />}<br /><br />3. Используя итератор:<br /><br />Iterator&lt;String&gt; iter = list.iterator();<br />while(iter.hasNext()) {<br />&nbsp;&nbsp;&nbsp; String string = iter.next();<br />&nbsp;&nbsp;&nbsp; System.out.println(string);<br />}',true,'');
INSERT INTO Question (id,realmId,type,text,regDate,updateDate) OVERRIDING SYSTEM VALUE VALUES (752,8,2,'Опишите особенности и преимущества <strong>HashSet</strong>.',TIMESTAMP '1970-01-01 03:00:00',TIMESTAMP '1970-01-01 03:00:00');
	INSERT INTO Answer (id,questionId,text,correct,comment) OVERRIDING SYSTEM VALUE VALUES (1659,752,'HashSet использует хеш-таблицу для хранения элементов на основе метода <strong>hashCode</strong>(). Операция добавления, как операция проверки вхождения, осуществляется за фиксированное время. Порядок не сохраняется.',true,'');
INSERT INTO Question (id,realmId,type,text,regDate,updateDate) OVERRIDING SYSTEM VALUE VALUES (753,8,2,'Опишите особенности и преимущества <strong>TreeSet</strong>.',TIMESTAMP '1970-01-01 03:00:00',TIMESTAMP '1970-01-01 03:00:00');
	INSERT INTO Answer (id,questionId,text,correct,comment) OVERRIDING SYSTEM VALUE VALUES (1660,753,'Набор всегда отсортирован. Операции добавления и проверки вхождения занимают O(log n).',true,'');
INSERT INTO Question (id,realmId,type,text,regDate,updateDate) OVERRIDING SYSTEM VALUE VALUES (754,8,0,'<strong>TreeSet</strong> реализует интерфейс <strong>NavigableSet</strong>.',TIMESTAMP '1970-01-01 03:00:00',TIMESTAMP '1970-01-01 03:00:00');
INSERT INTO Question (id,realmId,type,text,regDate,updateDate) OVERRIDING SYSTEM VALUE VALUES (755,8,0,'В <strong>TreeSet</strong> можно поместить только объект, реализующий интерфейс <strong>Comparable</strong>, иначе будет ClassCastException.',TIMESTAMP '1970-01-01 03:00:00',TIMESTAMP '1970-01-01 03:00:00');
INSERT INTO Question (id,realmId,type,text,regDate,updateDate) OVERRIDING SYSTEM VALUE VALUES (756,8,0,'<strong>Set</strong> не имеет каких-то специфичных методов, которых не было бы в <strong>Collection</strong>. (<em>на уровне экзамена</em>)',TIMESTAMP '1970-01-01 03:00:00',TIMESTAMP '1970-01-01 03:00:00');
INSERT INTO Question (id,realmId,type,text,regDate,updateDate) OVERRIDING SYSTEM VALUE VALUES (757,8,2,'Перечислите специфичные методы интерфейса <strong>NavigableSet</strong>.',TIMESTAMP '1970-01-01 03:00:00',TIMESTAMP '1970-01-01 03:00:00');
	INSERT INTO Answer (id,questionId,text,correct,comment) OVERRIDING SYSTEM VALUE VALUES (1661,757,'<em>E </em><strong>lower</strong>(E <em>e</em>) - возвращает наибольший элемент, строго меньший <em>e</em> (или <strong>null</strong> если такого элемента нет)<br /><em>E</em> <strong>floor</strong>(E <em>e</em>) - возвращает наибольший элемент, меньший либо равный <em>e</em> (или <strong>null</strong> если такого элемента нет)<br /><em>E</em> <strong>ceiling</strong>(E <em>e</em>)&nbsp; - возвращает наименьший элемент, больший либо равный <em>e</em> (<strong>или</strong> null если такого элемента нет)<br /><em>E</em> <strong>higher</strong>(E <em>e</em>) - возвращает наименьший элемент, строго больший <em>e</em> (<strong>или</strong> null если такого элемента нет)',true,'');
INSERT INTO Question (id,realmId,type,text,regDate,updateDate) OVERRIDING SYSTEM VALUE VALUES (758,8,0,'<strong>LinkedList</strong> реализует интерфейсы <strong>Queue</strong> и <strong>List</strong> (поэтому это не самый эффективный класс). Кроме того, <strong>LinkedList</strong> реализует двустороннюю (<em>double-ended</em>) очередь (<strong>Deque</strong>). Эталонный образец двусторонней очереди <strong>- ArrayDeque</strong>.<br /><br />Двусторонняя очередь, по сути, объединяет функциональность обычной очереди (интерфейса <strong>Queue</strong>) и стека (<span style="text-decoration: underline;">класса</span> <strong>Stack). </strong>Интерфейс <strong>Deque</strong> наследует интерфейсу <strong>Queue</strong>.',TIMESTAMP '1970-01-01 03:00:00',TIMESTAMP '1970-01-01 03:00:00');
INSERT INTO Question (id,realmId,type,text,regDate,updateDate) OVERRIDING SYSTEM VALUE VALUES (759,8,2,'Назовите основные методы интерфейса <strong>Queue</strong>&lt;E&gt;.',TIMESTAMP '1970-01-01 03:00:00',TIMESTAMP '1970-01-01 03:00:00');
	INSERT INTO Answer (id,questionId,text,correct,comment) OVERRIDING SYSTEM VALUE VALUES (1662,759,'<em>boolean</em> <strong>add</strong>(<strong>E</strong> <em>e</em>) - Добавляет элемент в конец очереди и возвращает <strong>true</strong> или выдает исключение (если имеем дело с очередью фиксированного размера)<br /><br /><em>E</em> <strong>element</strong>() - возвращает следующий элемент или выдает исключение, если очередь пуста<br /><br /><em>boolean </em><strong>offer</strong>(<strong>E</strong> <em>e</em>) - добавляет элемент в конец очереди и возвращает успешность операции<br /><br /><em>E</em> <strong>remove</strong>()&nbsp; - удаляет и возвращает следующий элемент или выдает исключение, если очередь пуста<br /><br /><em>E</em> <strong>poll</strong>() - Возвращает и удаляет следующий элемент или возвращает <strong>null</strong>, если очередь пуста.<br /><br /><em>E</em> <strong>peek</strong>() - Возвращает следующий элемент или <strong>null</strong>, если очередь пуста<br /><br /><br /><br />',true,'');
INSERT INTO Question (id,realmId,type,text,regDate,updateDate) OVERRIDING SYSTEM VALUE VALUES (760,8,2,'Назовите основные методы структуры Stack (реализуемой с помощью интерфейса Deque).',TIMESTAMP '1970-01-01 03:00:00',TIMESTAMP '1970-01-01 03:00:00');
	INSERT INTO Answer (id,questionId,text,correct,comment) OVERRIDING SYSTEM VALUE VALUES (1663,760,'<em>void</em> <strong>push</strong>(<strong>E</strong> <em>e</em>) - добавляет элемент в начало стека, выдавая исключение, если добавление невозможно.<br /><br /><a><em>E </em><strong><strong>peek</strong></strong>() - Возвращает следующий элемент или <strong><strong>null</strong></strong>, если стек пуст<strong><br /></strong><br /><em>E</em> <strong>pop</strong>() - удаляет и возвращает следующий элемент или выдает исключение, если стек пуст.<strong><br /><br /></strong></a>',true,'');
INSERT INTO Question (id,realmId,type,text,regDate,updateDate) OVERRIDING SYSTEM VALUE VALUES (761,8,2,'Назовите 3 наиболее популярных метода очередей (FIFO) и стеков (LIFO).',TIMESTAMP '1970-01-01 03:00:00',TIMESTAMP '1970-01-01 03:00:00');
	INSERT INTO Answer (id,questionId,text,correct,comment) OVERRIDING SYSTEM VALUE VALUES (1664,761,'FIFO: offer/poll/peek, все они не выдают исключений<br />LIFO: push/poll/peek, push в Deque может выдать исключение',true,'');
INSERT INTO Question (id,realmId,type,text,regDate,updateDate) OVERRIDING SYSTEM VALUE VALUES (762,8,0,'Особенность двусторонней очереди - наличие методов <strong>push</strong> и <strong>pop</strong>',TIMESTAMP '1970-01-01 03:00:00',TIMESTAMP '1970-01-01 03:00:00');
INSERT INTO Question (id,realmId,type,text,regDate,updateDate) OVERRIDING SYSTEM VALUE VALUES (763,8,0,'TreeMap&lt;K,V&gt; предоставляет API интерфейса NavigableMap, схожее с NavigableSet.<br /><br />Методы выглядят так:<br />K <strong>floorKey</strong>(<strong>K</strong> <em>key</em>)<br /><em>Map.Entry</em>&lt;<em>K</em>,<em>V</em>&gt; <strong>floorEntry</strong>(<strong>K</strong> <em>key</em>)<br /><br />и аналогично для <strong>ceiling</strong>, <strong>lower</strong>, <strong>higher</strong>. Все сравнения и сортировки берутся по ключам.',TIMESTAMP '1970-01-01 03:00:00',TIMESTAMP '1970-01-01 03:00:00');
INSERT INTO Question (id,realmId,type,text,regDate,updateDate) OVERRIDING SYSTEM VALUE VALUES (764,8,2,'Назовите особенности и преимущества <strong>HashMap</strong>',TIMESTAMP '1970-01-01 03:00:00',TIMESTAMP '1970-01-01 03:00:00');
	INSERT INTO Answer (id,questionId,text,correct,comment) OVERRIDING SYSTEM VALUE VALUES (1665,764,'- постоянное время для извлечения и добавления элементов по ключу.<br />- порядок вставки не сохраняется',true,'');
INSERT INTO Question (id,realmId,type,text,regDate,updateDate) OVERRIDING SYSTEM VALUE VALUES (765,8,2,'Назовите особенности и преимущества <strong>TreeMap</strong>',TIMESTAMP '1970-01-01 03:00:00',TIMESTAMP '1970-01-01 03:00:00');
	INSERT INTO Answer (id,questionId,text,correct,comment) OVERRIDING SYSTEM VALUE VALUES (1666,765,'- ключи хранятся в сортированном виде<br />- добавление и удаление занимает логарифмическое время.',true,'');
INSERT INTO Question (id,realmId,type,text,regDate,updateDate) OVERRIDING SYSTEM VALUE VALUES (766,8,2,'Назовите основные методы интерфейса <strong>Map</strong>&lt;<em>K</em>,<em>V</em>&gt;',TIMESTAMP '1970-01-01 03:00:00',TIMESTAMP '1970-01-01 03:00:00');
	INSERT INTO Answer (id,questionId,text,correct,comment) OVERRIDING SYSTEM VALUE VALUES (1667,766,'<em>void</em> <strong>clear</strong>()<br /><em><br />boolean</em> <strong>isEmpty</strong>()<br /><em><br />int</em> <strong>size</strong>()<br /><em><br />V</em> <strong>get</strong>(<strong>Object</strong> <em>key</em>) Возвращает значение по ключу или null<br /><em><br />V</em> <strong>put</strong>(<strong>K</strong> <em>key</em>, <strong>V</strong> <em>value</em>) Добавляет пару ключ/значение. Возвращает предыдущее значение или null<br /><em><br />V</em> <strong>remove</strong>(<strong>Object</strong> <em>key</em>) Удаляет и возвращает значение по ключу либо null<br /><em><br />boolean</em> <strong>containsKey</strong>(<strong>Object</strong> <em>key</em>)<br /><em><br />boolean</em> <strong>containsValue</strong>(<strong>Object</strong> <em>value</em>)<br /><em><br />Set</em>&lt;<em>K</em>&gt; <strong>keySet</strong>() сет всех ключей<br /><em><br />Collection</em>&lt;<em>V</em>&gt; <strong>values</strong>() коллекция всех значений.',true,'');
INSERT INTO Question (id,realmId,type,text,regDate,updateDate) OVERRIDING SYSTEM VALUE VALUES (767,8,2,'Что напечатает следующий код?<br /><br />Map&lt;String, String&gt; map = new TreeMap&lt;&gt;();<br />map.put("koala", "bamboo");<br />map.put("lion", "meat");<br />map.put("giraffe", "leaf");<br />System.out.println(map.contains("lion"));',TIMESTAMP '1970-01-01 03:00:00',TIMESTAMP '1970-01-01 03:00:00');
	INSERT INTO Answer (id,questionId,text,correct,comment) OVERRIDING SYSTEM VALUE VALUES (1668,767,'Будет ошибка компиляции. Интерфейс Map не содержит&nbsp; метода <strong>contains</strong>, только <strong>containsKey</strong> и <strong>containsValue</strong>.',true,'');
INSERT INTO Question (id,realmId,type,text,regDate,updateDate) OVERRIDING SYSTEM VALUE VALUES (768,8,0,'Устаревший класс <strong>Stack</strong>&lt;E&gt; реализует интерфейс <strong>List</strong>. Ни <strong>Queue</strong>, ни <strong>Deque</strong><br />',TIMESTAMP '1970-01-01 03:00:00',TIMESTAMP '1970-01-01 03:00:00');
INSERT INTO Question (id,realmId,type,text,regDate,updateDate) OVERRIDING SYSTEM VALUE VALUES (769,8,0,'В <strong>TreeSet</strong> и <strong>TreeMap</strong> нельзя добавлять <strong>null</strong> (будет runtime error).<br /><br />В <strong>ArrayDeque</strong> нельзя добавлять <strong>null</strong>, так как это служебное значение для очередей. (будет runtime error).<br /><br /><br />',TIMESTAMP '1970-01-01 03:00:00',TIMESTAMP '1970-01-01 03:00:00');
INSERT INTO Question (id,realmId,type,text,regDate,updateDate) OVERRIDING SYSTEM VALUE VALUES (770,8,2,'Какой класс надо выбрать, если планируется возвращать хеш из стека хешей?',TIMESTAMP '1970-01-01 03:00:00',TIMESTAMP '1970-01-01 03:00:00');
	INSERT INTO Answer (id,questionId,text,correct,comment) OVERRIDING SYSTEM VALUE VALUES (1669,770,'<strong>ArrayDeque. </strong>Можно было бы и Stack, но он устарел.',true,'');
INSERT INTO Question (id,realmId,type,text,regDate,updateDate) OVERRIDING SYSTEM VALUE VALUES (771,8,2,'Какой класс следует выбрать, чтоы продавать билеты людям в очереди и говорить им при необходимости номер их очереди',TIMESTAMP '1970-01-01 03:00:00',TIMESTAMP '1970-01-01 03:00:00');
	INSERT INTO Answer (id,questionId,text,correct,comment) OVERRIDING SYSTEM VALUE VALUES (1670,771,'<strong>LinkedList</strong>. Только он реализует и список, и FIFO',true,'');
INSERT INTO Question (id,realmId,type,text,regDate,updateDate) OVERRIDING SYSTEM VALUE VALUES (772,8,2,'Какой класс следует выбрать, чтобы записать имена всех слонов (имена могут быть не уникальными) и регулярно читать их?',TIMESTAMP '1970-01-01 03:00:00',TIMESTAMP '1970-01-01 03:00:00');
	INSERT INTO Answer (id,questionId,text,correct,comment) OVERRIDING SYSTEM VALUE VALUES (1671,772,'<strong>ArrayList</strong>. Он подходит для ситуаций, когда чтение требуется чаще, чем запись.',true,'');
INSERT INTO Question (id,realmId,type,text,regDate,updateDate) OVERRIDING SYSTEM VALUE VALUES (773,8,2,'Какой класс выбрать, чтобы составить список уникальных зверей для посещения в зоопарке?',TIMESTAMP '1970-01-01 03:00:00',TIMESTAMP '1970-01-01 03:00:00');
	INSERT INTO Answer (id,questionId,text,correct,comment) OVERRIDING SYSTEM VALUE VALUES (1672,773,'<strong>HashSet</strong>. К списку зверей нет дополнительных требований, кроме уникальности, поэтому выбираем самый быстрый сет.',true,'');
INSERT INTO Question (id,realmId,type,text,regDate,updateDate) OVERRIDING SYSTEM VALUE VALUES (774,8,2,'Какой класс выбрать, чтобы составить список уникальных зверей зоопарка в алфавитном порядке?',TIMESTAMP '1970-01-01 03:00:00',TIMESTAMP '1970-01-01 03:00:00');
	INSERT INTO Answer (id,questionId,text,correct,comment) OVERRIDING SYSTEM VALUE VALUES (1673,774,'<strong>TreeSet</strong>.',true,'');
INSERT INTO Question (id,realmId,type,text,regDate,updateDate) OVERRIDING SYSTEM VALUE VALUES (775,8,2,'Какой класс выбрать, чтобы просматривать животных по уникальному идентификатору?',TIMESTAMP '1970-01-01 03:00:00',TIMESTAMP '1970-01-01 03:00:00');
	INSERT INTO Answer (id,questionId,text,correct,comment) OVERRIDING SYSTEM VALUE VALUES (1674,775,'<strong>HashMap</strong>. Самый быстрый Map, с учетом отсутствия доп. требований.',true,'');
INSERT INTO Question (id,realmId,type,text,regDate,updateDate) OVERRIDING SYSTEM VALUE VALUES (776,8,2,'Дайте описание интерфейса <strong>Comparable</strong>.',TIMESTAMP '1970-01-01 03:00:00',TIMESTAMP '1970-01-01 03:00:00');
	INSERT INTO Answer (id,questionId,text,correct,comment) OVERRIDING SYSTEM VALUE VALUES (1675,776,'package java.lang;<br /><br />public interface Comparable&lt;T&gt; {<br />&nbsp;&nbsp;&nbsp; public int compareTo(T o);<br />}<br /><br />Метод <strong>compareTo</strong> должен возвращать отрицательное число, если текущий объект меньше аргумента; 0, если текущий объект равен аргументу; положительное число, если текущий объект больше аргумента.',true,'');
INSERT INTO Question (id,realmId,type,text,regDate,updateDate) OVERRIDING SYSTEM VALUE VALUES (777,8,2,'Напишите метод compareTo, который определяет сравнение по полю <em>id</em> типа <strong>int</strong>.<br />',TIMESTAMP '1970-01-01 03:00:00',TIMESTAMP '1970-01-01 03:00:00');
	INSERT INTO Answer (id,questionId,text,correct,comment) OVERRIDING SYSTEM VALUE VALUES (1676,777,'public int compareTo(SomeObject a) {<br />&nbsp;&nbsp;&nbsp; return id &ndash; a.id;<br />}',true,'');
INSERT INTO Question (id,realmId,type,text,regDate,updateDate) OVERRIDING SYSTEM VALUE VALUES (778,8,0,'Метод <strong>compareTo</strong>() описывает "естественное упорядочивание" (<em>natural ordering</em>) объектов класса. Он обязательно должен быть консистентен с <strong>equals</strong>(), т.е. <strong>x.equals(y) == true</strong> если и только если <strong>x.compareTo(y) == 0</strong>',TIMESTAMP '1970-01-01 03:00:00',TIMESTAMP '1970-01-01 03:00:00');
INSERT INTO Question (id,realmId,type,text,regDate,updateDate) OVERRIDING SYSTEM VALUE VALUES (779,8,2,'Опишите интерфейс <strong>Comparator</strong>.',TIMESTAMP '1970-01-01 03:00:00',TIMESTAMP '1970-01-01 03:00:00');
	INSERT INTO Answer (id,questionId,text,correct,comment) OVERRIDING SYSTEM VALUE VALUES (1677,779,'package java.util;<br /><a><br />public interface Comparator&lt;T&gt; {<br />&nbsp;&nbsp;&nbsp; public int compare(T o1, To2);<br />}<br /><br /></a>',true,'');
INSERT INTO Question (id,realmId,type,text,regDate,updateDate) OVERRIDING SYSTEM VALUE VALUES (780,8,0,'Методы <strong>Arrays</strong>.<strong>sort</strong> и <strong>Collections</strong>.<strong>sort</strong> имеют перезагрузки для работы с компаратором:<br />Arrays.sort(T[] a, Comparator&lt;? super T&gt; c)<br />Collections.sort(List&lt;T&gt; list, Comparator&lt;? super T&gt; c)<br /><br />Кстати, запуск обоих методов без компараторов <span style="text-decoration: underline;">не скомпилируется</span>, если коллекции/массивы - не <strong>Comparable</strong>.',TIMESTAMP '1970-01-01 03:00:00',TIMESTAMP '1970-01-01 03:00:00');
INSERT INTO Question (id,realmId,type,text,regDate,updateDate) OVERRIDING SYSTEM VALUE VALUES (781,8,2,'Перепишите компаратор<br /><br />Comparator&lt;Duck&gt; byWeight = new Comparator&lt;Duck&gt;() {<br />&nbsp;&nbsp;&nbsp; public int compare(Duck d1, Duck d2) {<br />&nbsp;&nbsp;&nbsp;&nbsp;&nbsp;&nbsp;&nbsp; return d1.getWeight()&mdash;d2.getWeight();<br />&nbsp;&nbsp;&nbsp; }<br />};<br /><br />в виде лямбда-выражения',TIMESTAMP '1970-01-01 03:00:00',TIMESTAMP '1970-01-01 03:00:00');
	INSERT INTO Answer (id,questionId,text,correct,comment) OVERRIDING SYSTEM VALUE VALUES (1678,781,'Comparator&lt;Duck&gt; byWeight = (d1, d2) -&gt; d1.getWeight() - d2.getWeight();',true,'');
INSERT INTO Question (id,realmId,type,text,regDate,updateDate) OVERRIDING SYSTEM VALUE VALUES (782,8,0,'<strong>Comparable</strong> формально является функциональным интерфейсом, но задавать его в виде лямбды глупо, так как <strong>Comparable</strong> интересно реализовывать именно для конкретных классов, а сам по себе "чистый" объект <strong>Comparable</strong> не имеет никакой ценности.',TIMESTAMP '1970-01-01 03:00:00',TIMESTAMP '1970-01-01 03:00:00');
INSERT INTO Question (id,realmId,type,text,regDate,updateDate) OVERRIDING SYSTEM VALUE VALUES (783,0,0,'Если какой-нибудь важный метод (например, конструктор) принимает аргумент, который не должен быть <strong>null</strong>, то уместно будет в случае подачи null выбрасывать исключение <strong>IllegalArgumentException</strong>.',TIMESTAMP '1970-01-01 03:00:00',TIMESTAMP '1970-01-01 03:00:00');
INSERT INTO Question (id,realmId,type,text,regDate,updateDate) OVERRIDING SYSTEM VALUE VALUES (784,8,0,'Удобный способ писать компараторы с использованием функциональных приемов:<br /><br />public class ChainingComparator implements Comparator&lt;Squirrel&gt; {<br />&nbsp;&nbsp;&nbsp; public int compare(Squirrel s1, Squirrel s2) {<br />&nbsp;&nbsp;&nbsp;&nbsp;&nbsp;&nbsp;&nbsp; Comparator&lt;Squirrel&gt; c = Comparator.comparing(s -&gt; s.getSpecies());<br />&nbsp;&nbsp;&nbsp;&nbsp;&nbsp;&nbsp;&nbsp; c = c.thenComparingInt(s -&gt; s.getWeight());<br />&nbsp;&nbsp;&nbsp;&nbsp;&nbsp;&nbsp;&nbsp; return c.compare(s1, s2);<br />&nbsp;&nbsp;&nbsp; }<br />}<br /><br /><strong>comparing</strong> - статичный метод интерфейса <strong>Comparator</strong>. Он принимает лямбду, которая вычисляет некоторое значение для объекта, и возвращает компаратор по этому значению.<br /><br /><strong>thenComparingInt</strong> - дефолтный метод интерфейса <strong>Comparator</strong>. Позволяет продолжить сравнение по другому значение, если по основному значению компаратора вернулся 0.<br /><br />Оба метода используют функциональные интерфейсы: <strong>Function</strong>&lt;T,R&gt; и <strong>ToIntFunction</strong>&lt;T&gt;. Первая возвращает результат типа R, а вторая - типа <strong>int</strong>.',TIMESTAMP '1970-01-01 03:00:00',TIMESTAMP '1970-01-01 03:00:00');
INSERT INTO Question (id,realmId,type,text,regDate,updateDate) OVERRIDING SYSTEM VALUE VALUES (785,8,0,'Если в вызове дженерик-метода нет аргументов дженерик-аргументов, то подстановка дженерика осуществляется по типу возвращаемого значение, т.е. в дело вступает тип ссылки, которой присваивается/в которую передается вызов метода:<br />&nbsp;&nbsp;&nbsp; public static &lt;T&gt; Comparator&lt;T&gt; reverseOrder() {<br />&nbsp;&nbsp;&nbsp;&nbsp;&nbsp;&nbsp;&nbsp; return (Comparator&lt;T&gt;) ReverseComparator.REVERSE_ORDER;<br />&nbsp;&nbsp;&nbsp; }<br />...<br />Comparator&lt;String&gt; c = Comparator.reverseOrder();',TIMESTAMP '1970-01-01 03:00:00',TIMESTAMP '1970-01-01 03:00:00');
INSERT INTO Question (id,realmId,type,text,regDate,updateDate) OVERRIDING SYSTEM VALUE VALUES (786,8,0,'В программировании дженерик-методов кастинг формальных типов параметров возможен, в отличие от кастинга конкретных типов:<br /><br />List&lt;T&gt; list =&nbsp; (List&lt;T&gt;)&nbsp; new ArrayList&lt;Map&gt;(); //скомпилируется в дженерик-методе<br /><br />List&lt;String&gt; list =&nbsp; (List&lt;String&gt;)&nbsp; new ArrayList&lt;Map&gt;(); // не скомпилируется, будет ошибка несовместимых типов',TIMESTAMP '1970-01-01 03:00:00',TIMESTAMP '1970-01-01 03:00:00');
INSERT INTO Question (id,realmId,type,text,regDate,updateDate) OVERRIDING SYSTEM VALUE VALUES (787,8,0,'Статичный метод <strong>Comparator</strong>.<strong>reverseOrder</strong>() на самом деле вызывает <strong>Collections</strong>.<strong>reverseOrder</strong>()',TIMESTAMP '1970-01-01 03:00:00',TIMESTAMP '1970-01-01 03:00:00');
INSERT INTO Question (id,realmId,type,text,regDate,updateDate) OVERRIDING SYSTEM VALUE VALUES (788,8,2,'В чем ошибка двоичного поиска в нижеследующем коде?<br /><br />List&lt;String&gt; names = Arrays.asList("Fluffy", "Hoppy");<br />Comparator&lt;String&gt; c = Comparator.reverseOrder();<br />int index = Collections.binarySearch(names, "Hoppy", c);<br />System.out.println(index);',TIMESTAMP '1970-01-01 03:00:00',TIMESTAMP '1970-01-01 03:00:00');
	INSERT INTO Answer (id,questionId,text,correct,comment) OVERRIDING SYSTEM VALUE VALUES (1679,788,'В том, что список не отсортирован по своему компаратору перед подачей в <strong>binarySearch</strong>.',true,'');
INSERT INTO Question (id,realmId,type,text,regDate,updateDate) OVERRIDING SYSTEM VALUE VALUES (789,8,0,'<strong>TreeMap</strong> и <strong>TreeSet</strong> можно создать с компаратором:<br /><br />TreeSet(Comparator&lt;? super E&gt; comparator)<br /><br />TreeMap(Comparator&lt;? super K&gt; comparator)',TIMESTAMP '1970-01-01 03:00:00',TIMESTAMP '1970-01-01 03:00:00');
INSERT INTO Question (id,realmId,type,text,regDate,updateDate) OVERRIDING SYSTEM VALUE VALUES (790,8,0,'Метод-ссылка (<em>method reference</em>) - это возможность вернуть объект функционального интерфейса не через лямбду, а напрямую из метода, который использовался бы в лямбде.<br /><br />public class DuckHelper {<br />&nbsp;&nbsp;&nbsp; public static int compareByWeight(Duck d1, Duck d2) {<br />&nbsp;&nbsp;&nbsp;&nbsp;&nbsp;&nbsp;&nbsp; return d1.getWeight()&mdash;d2.getWeight();<br />&nbsp;&nbsp;&nbsp; }<br />}<br /><br />Создаем компаратор лямбдой: <br />Comparator&lt;Duck&gt; byWeight = (d1, d2) -&gt; DuckHelper.compareByWeight(d1, d2);<br /><br />Создаем компаратор ссылкой-методом:<br />Comparator&lt;Duck&gt; byWeight = DuckHelper::compareByWeight;<br />',TIMESTAMP '1970-01-01 03:00:00',TIMESTAMP '1970-01-01 03:00:00');
INSERT INTO Question (id,realmId,type,text,regDate,updateDate) OVERRIDING SYSTEM VALUE VALUES (791,8,2,'Назовите 4 формата методов-ссылок:',TIMESTAMP '1970-01-01 03:00:00',TIMESTAMP '1970-01-01 03:00:00');
	INSERT INTO Answer (id,questionId,text,correct,comment) OVERRIDING SYSTEM VALUE VALUES (1680,791,'1) статичные методы<br />2) методы экземпляра на конкретном экземпляре<br />3) методы экземпляра на экземпляре, определяемом в runtime<br />4) конструкторы',true,'');
INSERT INTO Question (id,realmId,type,text,regDate,updateDate) OVERRIDING SYSTEM VALUE VALUES (792,8,0,'Некоторые типы функциональных интерфейсов:<br /><br />- <strong>Predicate</strong>: принимает один параметр любого типа и возвращает <strong>boolean</strong><br />- <strong>Consumer</strong>: принимает один параметр любого типа и ничего не возвращает<br />- <strong>Supplier</strong>: ничего не принимает и возвращает любой тип',TIMESTAMP '1970-01-01 03:00:00',TIMESTAMP '1970-01-01 03:00:00');
INSERT INTO Question (id,realmId,type,text,regDate,updateDate) OVERRIDING SYSTEM VALUE VALUES (793,8,0,'Когда используются лямбды, в рантайме создается внутренний класс , имплементирующий нужный интерфейс.',TIMESTAMP '1970-01-01 03:00:00',TIMESTAMP '1970-01-01 03:00:00');
INSERT INTO Question (id,realmId,type,text,regDate,updateDate) OVERRIDING SYSTEM VALUE VALUES (794,8,2,'Создайте лямбду и метод-ссылку как объекты подходящего функционального интерфейса, использующие метод <strong>Collections</strong>.<strong>sort</strong>(<em>list</em>) для сортировки списка строк.',TIMESTAMP '1970-01-01 03:00:00',TIMESTAMP '1970-01-01 03:00:00');
	INSERT INTO Answer (id,questionId,text,correct,comment) OVERRIDING SYSTEM VALUE VALUES (1681,794,'Consumer&lt;List&lt;Integer&gt;&gt; methodRef = Collections::sort;<br />Consumer&lt;List&lt;Integer&gt;&gt; lambda = l -&gt; Collections.sort(l);<br /><br />это пример статичного метода-ссылки',true,'');
INSERT INTO Question (id,realmId,type,text,regDate,updateDate) OVERRIDING SYSTEM VALUE VALUES (795,8,2,'<a>Создайте лямбду и метод-ссылку как объекты подходящего функционального интерфейса, использующие метод <strong>String</strong>.<strong>startsWith</strong>(<em>str</em>).</a>',TIMESTAMP '1970-01-01 03:00:00',TIMESTAMP '1970-01-01 03:00:00');
	INSERT INTO Answer (id,questionId,text,correct,comment) OVERRIDING SYSTEM VALUE VALUES (1682,795,'String str = "abc";<br />Predicate&lt;String&gt; lambda = s -&gt; str.startsWith(s);<br />Predicate&lt;String&gt; methodRef = str::startsWith;<br /><br />это пример метода-ссылки экземпляра на известном экземпляре',true,'');
INSERT INTO Question (id,realmId,type,text,regDate,updateDate) OVERRIDING SYSTEM VALUE VALUES (796,8,2,'<a>Создайте лямбду и метод-ссылку как объекты подходящего функционального интерфейса, использующие метод <strong>String</strong>.<strong>isEmpty</strong>().</a>',TIMESTAMP '1970-01-01 03:00:00',TIMESTAMP '1970-01-01 03:00:00');
	INSERT INTO Answer (id,questionId,text,correct,comment) OVERRIDING SYSTEM VALUE VALUES (1683,796,'Predicate&lt;String&gt; lambda3 = s -&gt; s.isEmpty();<br />Predicate&lt;String&gt; methodRef3 = String::isEmpty;<br /><br />это пример метода-ссылки экземпляра на неизвестном экземпляре',true,'');
INSERT INTO Question (id,realmId,type,text,regDate,updateDate) OVERRIDING SYSTEM VALUE VALUES (797,8,2,'<a>Создайте лямбду и метод-ссылку как объекты подходящего функционального интерфейса, возвращающие объект <strong>ArrayList</strong>.</a>',TIMESTAMP '1970-01-01 03:00:00',TIMESTAMP '1970-01-01 03:00:00');
	INSERT INTO Answer (id,questionId,text,correct,comment) OVERRIDING SYSTEM VALUE VALUES (1684,797,'Supplier&lt;ArrayList&gt; lambda = () -&gt; new ArrayList();<br />Supplier&lt;ArrayList&gt; methodRef = ArrayList::new;<br /><br />Это пример ссылки-конструктора (<em>constructor reference</em>)',true,'');
INSERT INTO Question (id,realmId,type,text,regDate,updateDate) OVERRIDING SYSTEM VALUE VALUES (798,8,0,'Чтобы удалять элементы из коллекции по условию, теперь есть дефолтный метод интерфейса <strong>Collection</strong>:<br /><br />boolean removeIf(Predicate&lt;? super E&gt; filter)',TIMESTAMP '1970-01-01 03:00:00',TIMESTAMP '1970-01-01 03:00:00');
INSERT INTO Question (id,realmId,type,text,regDate,updateDate) OVERRIDING SYSTEM VALUE VALUES (799,8,2,'С помощью метода <strong>removeIf</strong> удалите из коллекции строк все элементы, начинающиеся с "A"',TIMESTAMP '1970-01-01 03:00:00',TIMESTAMP '1970-01-01 03:00:00');
	INSERT INTO Answer (id,questionId,text,correct,comment) OVERRIDING SYSTEM VALUE VALUES (1685,799,'collection.removeIf(s -&gt; s.startsWith("A"));<br /><br />лямбда понимает, что нужен объект&nbsp; <strong>Predicate</strong>&lt;<em>String</em>&gt;, из сигнатуры <strong>removeIf<br /><br /></strong>Заменить лямбду на метод-ссылку не выйдет, т.к. участвует аргумент "А", который не удастся передать в метод: вызов по конкретному экземпляру невозможен, т.к. его нет, а вызов по неизвестному экземпляру позволяет только вызвать безаргументный метод на самом экземпляре.',true,'');
INSERT INTO Question (id,realmId,type,text,regDate,updateDate) OVERRIDING SYSTEM VALUE VALUES (800,8,0,'В Java 8 в интерфейсе List появился новый дефолтный метод, позволяющий заменить все элементы в списке:<br /><br />void replaceAll(UnaryOperator&lt;E&gt; operator)<br /><br /><strong>UnaryOperator</strong> принимает на вход объект и возвращает объект такого же типа.<br /><br />Пример:<br /><br />List&lt;Integer&gt; list = Arrays.asList(1, 2, 3);<br />list.replaceAll(x -&gt; x*2);<br />System.out.println(list); // [2, 4, 6]',TIMESTAMP '1970-01-01 03:00:00',TIMESTAMP '1970-01-01 03:00:00');
INSERT INTO Question (id,realmId,type,text,regDate,updateDate) OVERRIDING SYSTEM VALUE VALUES (801,8,0,'В Java 8 в интерфейсе <strong>Comparable</strong> появился новый дефолтный метод <strong>forEach</strong>, принимающий лямбду:<br /><br />void forEach(Consumer&lt;? super T&gt; action)',TIMESTAMP '1970-01-01 03:00:00',TIMESTAMP '1970-01-01 03:00:00');
INSERT INTO Question (id,realmId,type,text,regDate,updateDate) OVERRIDING SYSTEM VALUE VALUES (802,8,2,'Распечатайте все элементы списка, используя новый метод <strong>Comparable</strong>.<strong>forEach</strong>',TIMESTAMP '1970-01-01 03:00:00',TIMESTAMP '1970-01-01 03:00:00');
	INSERT INTO Answer (id,questionId,text,correct,comment) OVERRIDING SYSTEM VALUE VALUES (1686,802,'list.forEach(c -&gt; System.out.println(c))<br /><br />или<br /><br />list.forEach(System.out::println)',true,'');
INSERT INTO Question (id,realmId,type,text,regDate,updateDate) OVERRIDING SYSTEM VALUE VALUES (803,8,0,'В Java 8 появились новые методы для Map:<br /><br />1. <em>default</em> <em>V</em> <strong>computeIfAbsent</strong>(<strong>K</strong> <em>key</em>, <strong>Function</strong>&lt;? super <em>K</em>,? extends <em>V</em>&gt; mappingFunction)<br /><br />Если такого ключа нет, рассчитывает значение, кладет его в Map и возвращает. Если в результате расчета получается null или исключение, то в Map не кладется.<br /><br />Пример:<br />Map&lt;Integer,Collection&lt;String&gt;&gt; map = new HashMap&lt;&gt;();<br />map.computeIfAbsent(key, k -&gt; new HashSet&lt;String&gt;()).add(v);<br /><br />2. <em>default</em> <em>V</em> <strong>computeIfPresent</strong>(<strong>K</strong> <em>key</em>, <strong>BiFunction</strong>&lt;? super <em>K</em>,? super <em>V</em>,? extends <em>V</em>&gt; <em>remappingFunction</em>)<br /><br />Если маппинг есть и не null, то рассчитывается новый маппинг на основании имеющихся ключа и значения. Если функция возвращает null, то маппинг удаляется. Если функция выдает исключение, то оно отсылается выше, а прежний маппинг остается.',TIMESTAMP '1970-01-01 03:00:00',TIMESTAMP '1970-01-01 03:00:00');
INSERT INTO Question (id,realmId,type,text,regDate,updateDate) OVERRIDING SYSTEM VALUE VALUES (804,8,0,'Новый дефолтный метод в интерфейсе Map:<br /><br /><em>V</em> <strong>putIfAbsent</strong>(<strong>K</strong> <em>key</em>, <strong>V</strong> <em>value</em>)<br /><br />Если ключа нет или значение null, то положит новое и вернет null, иначе вернет текущее.',TIMESTAMP '1970-01-01 03:00:00',TIMESTAMP '1970-01-01 03:00:00');
INSERT INTO Question (id,realmId,type,text,regDate,updateDate) OVERRIDING SYSTEM VALUE VALUES (805,8,0,'В Java 8 появился новый дефолтный метод в интерфейсе <strong>Map</strong>:<br /><br /><em>V</em> <strong>merge</strong>(<strong>K </strong><em>key</em>, <strong>V </strong><em>value,</em> <strong>BiFunction</strong>&lt;? super <em>V</em>,? super <em>V</em>,? extends <em>V</em>&gt; <em>remappingFunction</em>)<br /><br />Если такого ключа нет, или значение равно null, то кладет и вовзращает значение. Если значение есть, то вычисляет результат функции по имеющемуся и новому значению. Если функция возвращает null, то маппинг удаляется. Если исключение, то оно пересылается выше, а прежний маппинг сохраняется.<br /><br />Пример:<br /><br />Map&lt;String, String&gt; map = new HashMap&lt;&gt;();<br />map.put("key", "value");<br />map.merge("key", "value2", String::concat);<br /><br />//{key=valuevalue2}',TIMESTAMP '1970-01-01 03:00:00',TIMESTAMP '1970-01-01 03:00:00');
INSERT INTO Question (id,realmId,type,text,regDate,updateDate) OVERRIDING SYSTEM VALUE VALUES (806,8,1,'Suppose that you have a collection of products for sale in a database and you need to display those products. The products are not unique. Which of the following collections classes in the java.util package best suit your needs for this scenario?',TIMESTAMP '1970-01-01 03:00:00',TIMESTAMP '1970-01-01 03:00:00');
	INSERT INTO Answer (id,questionId,text,correct,comment) OVERRIDING SYSTEM VALUE VALUES (1687,806,'Arrays',false,'');
	INSERT INTO Answer (id,questionId,text,correct,comment) OVERRIDING SYSTEM VALUE VALUES (1688,806,'ArrayList',true,'');
	INSERT INTO Answer (id,questionId,text,correct,comment) OVERRIDING SYSTEM VALUE VALUES (1689,806,'HashMap',false,'');
	INSERT INTO Answer (id,questionId,text,correct,comment) OVERRIDING SYSTEM VALUE VALUES (1690,806,'HashSet',false,'');
	INSERT INTO Answer (id,questionId,text,correct,comment) OVERRIDING SYSTEM VALUE VALUES (1691,806,'LinkedList',false,'');
INSERT INTO Question (id,realmId,type,text,regDate,updateDate) OVERRIDING SYSTEM VALUE VALUES (807,8,1,'Suppose that you need to work with a collection of elements that need to be sorted in their natural order, and each element has a unique string associated with its value. Which of the following collections classes in the java.util package best suit your needs for this scenario?',TIMESTAMP '1970-01-01 03:00:00',TIMESTAMP '1970-01-01 03:00:00');
	INSERT INTO Answer (id,questionId,text,correct,comment) OVERRIDING SYSTEM VALUE VALUES (1696,807,'TreeSet',false,'');
	INSERT INTO Answer (id,questionId,text,correct,comment) OVERRIDING SYSTEM VALUE VALUES (1697,807,'Vector',false,'');
	INSERT INTO Answer (id,questionId,text,correct,comment) OVERRIDING SYSTEM VALUE VALUES (1692,807,'ArrayList',false,'');
	INSERT INTO Answer (id,questionId,text,correct,comment) OVERRIDING SYSTEM VALUE VALUES (1693,807,'HashMap',false,'');
	INSERT INTO Answer (id,questionId,text,correct,comment) OVERRIDING SYSTEM VALUE VALUES (1694,807,'HashSet',false,'');
	INSERT INTO Answer (id,questionId,text,correct,comment) OVERRIDING SYSTEM VALUE VALUES (1695,807,'TreeMap',true,'не очень понятно, почему. Ведь отсортируются только ключи, не значения, а HashMap быстрее');
INSERT INTO Question (id,realmId,type,text,regDate,updateDate) OVERRIDING SYSTEM VALUE VALUES (808,8,1,'What is the result of the following statements?<br /><br />3: List list = new ArrayList();<br />4: list.add("one");<br />5: list.add("two");<br />6: list.add(7);<br />7: for (String s: list)<br />8: System.out.print(s);',TIMESTAMP '1970-01-01 03:00:00',TIMESTAMP '1970-01-01 03:00:00');
	INSERT INTO Answer (id,questionId,text,correct,comment) OVERRIDING SYSTEM VALUE VALUES (1698,808,'onetwo',false,'');
	INSERT INTO Answer (id,questionId,text,correct,comment) OVERRIDING SYSTEM VALUE VALUES (1699,808,'onetwo7',false,'');
	INSERT INTO Answer (id,questionId,text,correct,comment) OVERRIDING SYSTEM VALUE VALUES (1700,808,'onetwo followed by an exception',false,'');
	INSERT INTO Answer (id,questionId,text,correct,comment) OVERRIDING SYSTEM VALUE VALUES (1701,808,'Compiler error on line 6',false,'');
	INSERT INTO Answer (id,questionId,text,correct,comment) OVERRIDING SYSTEM VALUE VALUES (1702,808,'Compiler error on line 7',true,'');
INSERT INTO Question (id,realmId,type,text,regDate,updateDate) OVERRIDING SYSTEM VALUE VALUES (809,8,1,'What is the result of the following statements?<br /><br />3: ArrayDeque&lt;String&gt; greetings = new ArrayDeque&lt;String&gt;();<br />4: greetings.push("hello");<br />5: greetings.push("hi");<br />6: greetings.push("ola");<br />7: greetings.pop();<br />8: greetings.peek();<br />9: while (greetings.peek() != null)<br />10: System.out.print(greetings.pop());',TIMESTAMP '1970-01-01 03:00:00',TIMESTAMP '1970-01-01 03:00:00');
	INSERT INTO Answer (id,questionId,text,correct,comment) OVERRIDING SYSTEM VALUE VALUES (1703,809,'hello',false,'');
	INSERT INTO Answer (id,questionId,text,correct,comment) OVERRIDING SYSTEM VALUE VALUES (1704,809,'hellohi',false,'');
	INSERT INTO Answer (id,questionId,text,correct,comment) OVERRIDING SYSTEM VALUE VALUES (1705,809,'hellohiola',false,'');
	INSERT INTO Answer (id,questionId,text,correct,comment) OVERRIDING SYSTEM VALUE VALUES (1706,809,'hi',false,'');
	INSERT INTO Answer (id,questionId,text,correct,comment) OVERRIDING SYSTEM VALUE VALUES (1707,809,'hihello',true,'');
	INSERT INTO Answer (id,questionId,text,correct,comment) OVERRIDING SYSTEM VALUE VALUES (1708,809,'The code does not compile.',false,'');
	INSERT INTO Answer (id,questionId,text,correct,comment) OVERRIDING SYSTEM VALUE VALUES (1709,809,'An exception is thrown.',false,'');
INSERT INTO Question (id,realmId,type,text,regDate,updateDate) OVERRIDING SYSTEM VALUE VALUES (810,8,0,'Не следует пробегать ArrayDeque и вообще очередь с помощью итератора, так как порядок внутреннего хранения элементов в итераторе может отличаться от порядка очереди, т.к. не является частью контракта очереди.',TIMESTAMP '1970-01-01 03:00:00',TIMESTAMP '1970-01-01 03:00:00');
INSERT INTO Question (id,realmId,type,text,regDate,updateDate) OVERRIDING SYSTEM VALUE VALUES (811,8,1,'Which of these statements compile? (Choose all that apply.)',TIMESTAMP '1970-01-01 03:00:00',TIMESTAMP '1970-01-01 03:00:00');
	INSERT INTO Answer (id,questionId,text,correct,comment) OVERRIDING SYSTEM VALUE VALUES (1712,811,'List&lt;String&gt; list = new Vector&lt;String&gt;();',true,'Vector реализует List');
	INSERT INTO Answer (id,questionId,text,correct,comment) OVERRIDING SYSTEM VALUE VALUES (1713,811,'List&lt;Object&gt; values = new HashSet&lt;Object&gt;();',false,'');
	INSERT INTO Answer (id,questionId,text,correct,comment) OVERRIDING SYSTEM VALUE VALUES (1714,811,'List&lt;Object&gt; objects = new ArrayList&lt;? extends Object&gt;();',false,'Нельзя инстанциировать коллекцию с upper bounds.');
	INSERT INTO Answer (id,questionId,text,correct,comment) OVERRIDING SYSTEM VALUE VALUES (1715,811,'Map&lt;String, ? extends Number&gt; hm = new HashMap&lt;String, Integer&gt;();',true,'');
	INSERT INTO Answer (id,questionId,text,correct,comment) OVERRIDING SYSTEM VALUE VALUES (1710,811,'HashSet&lt;Number&gt; hs = new HashSet&lt;Integer&gt;();',false,'');
	INSERT INTO Answer (id,questionId,text,correct,comment) OVERRIDING SYSTEM VALUE VALUES (1711,811,'HashSet&lt;? super ClassCastException&gt; set = new HashSet&lt;Exception&gt;();',true,'');
INSERT INTO Question (id,realmId,type,text,regDate,updateDate) OVERRIDING SYSTEM VALUE VALUES (812,8,1,'What is the result of the following code?<br /><br />1: public class Hello&lt;T&gt; {<br />2:&nbsp;&nbsp;&nbsp;&nbsp; T t;<br />3:&nbsp;&nbsp;&nbsp;&nbsp; public Hello(T t) { this.t = t; }<br />4:&nbsp;&nbsp;&nbsp;&nbsp; public String toString() { return t.toString(); }<br />5:&nbsp;&nbsp;&nbsp;&nbsp; public static void main(String[] args) {<br />6:&nbsp;&nbsp;&nbsp;&nbsp;&nbsp;&nbsp;&nbsp;&nbsp; System.out.print(new Hello&lt;String&gt;("hi"));<br />7:&nbsp;&nbsp;&nbsp;&nbsp;&nbsp;&nbsp;&nbsp;&nbsp; System.out.print(new Hello("there"));<br />8: } }',TIMESTAMP '1970-01-01 03:00:00',TIMESTAMP '1970-01-01 03:00:00');
	INSERT INTO Answer (id,questionId,text,correct,comment) OVERRIDING SYSTEM VALUE VALUES (1716,812,'hi',false,'');
	INSERT INTO Answer (id,questionId,text,correct,comment) OVERRIDING SYSTEM VALUE VALUES (1717,812,'hi followed by a runtime exception',false,'');
	INSERT INTO Answer (id,questionId,text,correct,comment) OVERRIDING SYSTEM VALUE VALUES (1718,812,'hithere',true,'');
	INSERT INTO Answer (id,questionId,text,correct,comment) OVERRIDING SYSTEM VALUE VALUES (1719,812,'Compiler error on line 4',false,'');
	INSERT INTO Answer (id,questionId,text,correct,comment) OVERRIDING SYSTEM VALUE VALUES (1720,812,'Compiler error on line 6',false,'');
	INSERT INTO Answer (id,questionId,text,correct,comment) OVERRIDING SYSTEM VALUE VALUES (1721,812,'Compiler error on line 7',false,'');
INSERT INTO Question (id,realmId,type,text,regDate,updateDate) OVERRIDING SYSTEM VALUE VALUES (813,8,0,'Использование raw types опасно еще и потому, что компилятор позволяет присваивать их дженерик-ссылкам (а дженерик-ссылки - raw-типам), что может привести к порче коллекций и к ошибкам ClassCastException.<br /><br />List list = new ArrayList&lt;Integer&gt;();<br />List&lt;String&gt; list2 = list;<br /><br />все это скомпилируется.<br /><br />Кстати, Object obj = 7; скомпилируется - сработает автобоксинг.',TIMESTAMP '1970-01-01 03:00:00',TIMESTAMP '1970-01-01 03:00:00');
INSERT INTO Question (id,realmId,type,text,regDate,updateDate) OVERRIDING SYSTEM VALUE VALUES (814,8,1,'Which of the following statements are true? (Select two.)<br /><br />3: Set&lt;Number&gt; numbers = new HashSet&lt;&gt;();<br />4: numbers.add(new Integer(86));<br />5: numbers.add(75);<br />6: numbers.add(new Integer(86));<br />7: numbers.add(null);<br />8: numbers.add(309L);<br />9: Iterator iter = numbers.iterator();<br />10: while (iter.hasNext())<br />11:&nbsp;&nbsp;&nbsp;&nbsp; System.out.print(iter.next());',TIMESTAMP '1970-01-01 03:00:00',TIMESTAMP '1970-01-01 03:00:00');
	INSERT INTO Answer (id,questionId,text,correct,comment) OVERRIDING SYSTEM VALUE VALUES (1728,814,'An exception is thrown.',false,'');
	INSERT INTO Answer (id,questionId,text,correct,comment) OVERRIDING SYSTEM VALUE VALUES (1722,814,'The code compiles successfully.',true,'');
	INSERT INTO Answer (id,questionId,text,correct,comment) OVERRIDING SYSTEM VALUE VALUES (1723,814,'The output is 8675null309.',false,'');
	INSERT INTO Answer (id,questionId,text,correct,comment) OVERRIDING SYSTEM VALUE VALUES (1724,814,'The output is 867586null309.',false,'');
	INSERT INTO Answer (id,questionId,text,correct,comment) OVERRIDING SYSTEM VALUE VALUES (1725,814,'The output is indeterminate.',true,'');
	INSERT INTO Answer (id,questionId,text,correct,comment) OVERRIDING SYSTEM VALUE VALUES (1726,814,'There is a compiler error on line 3.',false,'');
	INSERT INTO Answer (id,questionId,text,correct,comment) OVERRIDING SYSTEM VALUE VALUES (1727,814,'There is a compiler error on line 9.',false,'');
INSERT INTO Question (id,realmId,type,text,regDate,updateDate) OVERRIDING SYSTEM VALUE VALUES (815,8,1,'What is the result of the following code?<br /><br />TreeSet&lt;String&gt; tree = new TreeSet&lt;String&gt;();<br />tree.add("one");<br />tree.add("One");<br />tree.add("ONE");<br />System.out.println(tree.ceiling("On"));',TIMESTAMP '1970-01-01 03:00:00',TIMESTAMP '1970-01-01 03:00:00');
	INSERT INTO Answer (id,questionId,text,correct,comment) OVERRIDING SYSTEM VALUE VALUES (1729,815,'On',false,'');
	INSERT INTO Answer (id,questionId,text,correct,comment) OVERRIDING SYSTEM VALUE VALUES (1730,815,'one',false,'');
	INSERT INTO Answer (id,questionId,text,correct,comment) OVERRIDING SYSTEM VALUE VALUES (1731,815,'One',true,'');
	INSERT INTO Answer (id,questionId,text,correct,comment) OVERRIDING SYSTEM VALUE VALUES (1732,815,'ONE',false,'');
	INSERT INTO Answer (id,questionId,text,correct,comment) OVERRIDING SYSTEM VALUE VALUES (1733,815,'The code does not compile.',false,'');
	INSERT INTO Answer (id,questionId,text,correct,comment) OVERRIDING SYSTEM VALUE VALUES (1734,815,'An exception is thrown.',false,'');
INSERT INTO Question (id,realmId,type,text,regDate,updateDate) OVERRIDING SYSTEM VALUE VALUES (816,8,1,'Which of the answer choices are valid given the following declaration?<br /><br />Map&lt;String, Double&gt; map = new HashMap&lt;&gt;();',TIMESTAMP '1970-01-01 03:00:00',TIMESTAMP '1970-01-01 03:00:00');
	INSERT INTO Answer (id,questionId,text,correct,comment) OVERRIDING SYSTEM VALUE VALUES (1735,816,'map.add("pi", 3.14159);',false,'');
	INSERT INTO Answer (id,questionId,text,correct,comment) OVERRIDING SYSTEM VALUE VALUES (1736,816,'map.add("e", 2L);',false,'');
	INSERT INTO Answer (id,questionId,text,correct,comment) OVERRIDING SYSTEM VALUE VALUES (1737,816,'map.add("log(1)", new Double(0.0));',false,'');
	INSERT INTO Answer (id,questionId,text,correct,comment) OVERRIDING SYSTEM VALUE VALUES (1738,816,'map.add(''x'', new Double(123.4));',false,'');
	INSERT INTO Answer (id,questionId,text,correct,comment) OVERRIDING SYSTEM VALUE VALUES (1739,816,'None of the above',true,'нет у мапы метода add!');
INSERT INTO Question (id,realmId,type,text,regDate,updateDate) OVERRIDING SYSTEM VALUE VALUES (817,0,0,'double dbl = 5L возможно, а Double dblWrapper = 5L - невозможно! Нельзя обертке присвоить примитив или объект другой обертки',TIMESTAMP '1970-01-01 03:00:00',TIMESTAMP '1970-01-01 03:00:00');
INSERT INTO Question (id,realmId,type,text,regDate,updateDate) OVERRIDING SYSTEM VALUE VALUES (818,8,1,'import java.util.*;<br />public class MyComparator implements Comparator&lt;String&gt; {<br />&nbsp;&nbsp;&nbsp; public int compare(String a, String b) {<br />&nbsp;&nbsp;&nbsp;&nbsp;&nbsp;&nbsp;&nbsp; return b.toLowerCase().compareTo(a.toLowerCase());<br />&nbsp;&nbsp;&nbsp; }<br />&nbsp;&nbsp;&nbsp; public static void main(String[] args) {<br />&nbsp;&nbsp;&nbsp;&nbsp;&nbsp;&nbsp;&nbsp; String[] values = { "123", "Abb", "aab" };<br />&nbsp;&nbsp;&nbsp;&nbsp;&nbsp;&nbsp;&nbsp; Arrays.sort(values, new MyComparator());<br />&nbsp;&nbsp;&nbsp;&nbsp;&nbsp;&nbsp;&nbsp; for (String s: values)<br />&nbsp;&nbsp;&nbsp;&nbsp;&nbsp;&nbsp;&nbsp;&nbsp;&nbsp;&nbsp;&nbsp; System.out.print(s + " ");<br />&nbsp;&nbsp;&nbsp; }<br />}',TIMESTAMP '1970-01-01 03:00:00',TIMESTAMP '1970-01-01 03:00:00');
	INSERT INTO Answer (id,questionId,text,correct,comment) OVERRIDING SYSTEM VALUE VALUES (1744,818,'The code does not compile.',false,'');
	INSERT INTO Answer (id,questionId,text,correct,comment) OVERRIDING SYSTEM VALUE VALUES (1745,818,'A runtime exception is thrown.',false,'');
	INSERT INTO Answer (id,questionId,text,correct,comment) OVERRIDING SYSTEM VALUE VALUES (1740,818,'Abb aab 123',true,'');
	INSERT INTO Answer (id,questionId,text,correct,comment) OVERRIDING SYSTEM VALUE VALUES (1741,818,'aab Abb 123',false,'');
	INSERT INTO Answer (id,questionId,text,correct,comment) OVERRIDING SYSTEM VALUE VALUES (1742,818,'123 Abb aab',false,'');
	INSERT INTO Answer (id,questionId,text,correct,comment) OVERRIDING SYSTEM VALUE VALUES (1743,818,'123 aab Abb',false,'');
INSERT INTO Question (id,realmId,type,text,regDate,updateDate) OVERRIDING SYSTEM VALUE VALUES (819,8,1,'What is the result of the following code?<br /><br />3: Map&lt;Integer, Integer&gt; map = new HashMap&lt;&gt;(10);<br />4: for (int i = 1; i &lt;= 10; i++) {<br />5:&nbsp;&nbsp;&nbsp;&nbsp; map.put(i, i * i);<br />6: }<br />7: System.out.println(map.get(4));',TIMESTAMP '1970-01-01 03:00:00',TIMESTAMP '1970-01-01 03:00:00');
	INSERT INTO Answer (id,questionId,text,correct,comment) OVERRIDING SYSTEM VALUE VALUES (1746,819,'16',true,'');
	INSERT INTO Answer (id,questionId,text,correct,comment) OVERRIDING SYSTEM VALUE VALUES (1747,819,'25',false,'');
	INSERT INTO Answer (id,questionId,text,correct,comment) OVERRIDING SYSTEM VALUE VALUES (1748,819,'Compiler error on line 3.',false,'Есть такой конструктор. Целочисленный аргумент конмтруктора HashMap задает начальную емкость (по умолчанию - 16).');
	INSERT INTO Answer (id,questionId,text,correct,comment) OVERRIDING SYSTEM VALUE VALUES (1749,819,'Compiler error on line 5.',false,'');
	INSERT INTO Answer (id,questionId,text,correct,comment) OVERRIDING SYSTEM VALUE VALUES (1750,819,'Compiler error on line 7.',false,'');
	INSERT INTO Answer (id,questionId,text,correct,comment) OVERRIDING SYSTEM VALUE VALUES (1751,819,'A runtime exception is thrown.',false,'');
INSERT INTO Question (id,realmId,type,text,regDate,updateDate) OVERRIDING SYSTEM VALUE VALUES (820,8,1,'Which of these statements can fill in the blank so that the Helper class compiles successfully? (Choose all that apply.)<br /><br />3: public class Helper {<br />4:&nbsp;&nbsp;&nbsp;&nbsp; public static &lt;U extends Exception&gt; void printException(U u) {<br />5:&nbsp;&nbsp;&nbsp;&nbsp;&nbsp;&nbsp;&nbsp;&nbsp; System.out.println(u.getMessage());<br />6:&nbsp;&nbsp;&nbsp;&nbsp; }<br />7:&nbsp;&nbsp;&nbsp;&nbsp; public static void main(String[] args) {<br />8:&nbsp;&nbsp;&nbsp;&nbsp;&nbsp;&nbsp;&nbsp;&nbsp; __________________________________<br />9: } }',TIMESTAMP '1970-01-01 03:00:00',TIMESTAMP '1970-01-01 03:00:00');
	INSERT INTO Answer (id,questionId,text,correct,comment) OVERRIDING SYSTEM VALUE VALUES (1752,820,'Helper.printException(new FileNotFoundException("A"));',true,'');
	INSERT INTO Answer (id,questionId,text,correct,comment) OVERRIDING SYSTEM VALUE VALUES (1753,820,'Helper.printException(new Exception("B"));',true,'');
	INSERT INTO Answer (id,questionId,text,correct,comment) OVERRIDING SYSTEM VALUE VALUES (1754,820,'Helper.&lt;Throwable&gt;printException(new Exception("C"));',false,'');
	INSERT INTO Answer (id,questionId,text,correct,comment) OVERRIDING SYSTEM VALUE VALUES (1755,820,'Helper.&lt;NullPointerException&gt;printException(new NullPointerException("D"));',true,'');
	INSERT INTO Answer (id,questionId,text,correct,comment) OVERRIDING SYSTEM VALUE VALUES (1756,820,'Helper.printException(new Throwable("E"));',false,'');
INSERT INTO Question (id,realmId,type,text,regDate,updateDate) OVERRIDING SYSTEM VALUE VALUES (821,0,0,'Если умножить int на int так, что результат получится больше диапазона int, то будет автоматический кастинг к int (с потерей).',TIMESTAMP '1970-01-01 03:00:00',TIMESTAMP '1970-01-01 03:00:00');
INSERT INTO Question (id,realmId,type,text,regDate,updateDate) OVERRIDING SYSTEM VALUE VALUES (822,8,1,'Which of these statements can fill in the blank so that the Wildcard class compiles successfully? (Choose all that apply.)<br /><br />import java.util.*;<br />public class Wildcard {<br />&nbsp;&nbsp;&nbsp; public void showSize(List&lt;?&gt; list) {<br />&nbsp;&nbsp;&nbsp;&nbsp;&nbsp;&nbsp;&nbsp; System.out.println(list.size());<br />&nbsp;&nbsp;&nbsp; }<br />&nbsp;&nbsp;&nbsp; public static void main(String[] args) {<br />&nbsp;&nbsp;&nbsp;&nbsp;&nbsp;&nbsp;&nbsp; Wildcard card = new Wildcard();<br />&nbsp;&nbsp;&nbsp;&nbsp;&nbsp;&nbsp;&nbsp; ____________________________________<br />&nbsp;&nbsp;&nbsp;&nbsp;&nbsp;&nbsp;&nbsp; card.showSize(list);<br />&nbsp;&nbsp;&nbsp; } }',TIMESTAMP '1970-01-01 03:00:00',TIMESTAMP '1970-01-01 03:00:00');
	INSERT INTO Answer (id,questionId,text,correct,comment) OVERRIDING SYSTEM VALUE VALUES (1760,822,'List&lt;Exception&gt; list = new LinkedList&lt;java.io.IOException&gt;();',false,'');
	INSERT INTO Answer (id,questionId,text,correct,comment) OVERRIDING SYSTEM VALUE VALUES (1761,822,'Vector&lt;? extends Number&gt; list = new Vector&lt;Integer&gt;();',true,'');
	INSERT INTO Answer (id,questionId,text,correct,comment) OVERRIDING SYSTEM VALUE VALUES (1762,822,'None of the above',false,'');
	INSERT INTO Answer (id,questionId,text,correct,comment) OVERRIDING SYSTEM VALUE VALUES (1757,822,'ArrayDeque&lt;?&gt; list = new ArrayDeque&lt;String&gt;();',false,'');
	INSERT INTO Answer (id,questionId,text,correct,comment) OVERRIDING SYSTEM VALUE VALUES (1758,822,'ArrayList&lt;? super Date&gt; list = new ArrayList&lt;Date&gt;();',true,'');
	INSERT INTO Answer (id,questionId,text,correct,comment) OVERRIDING SYSTEM VALUE VALUES (1759,822,'List&lt;?&gt; list = new ArrayList&lt;?&gt;();',false,'');
INSERT INTO Question (id,realmId,type,text,regDate,updateDate) OVERRIDING SYSTEM VALUE VALUES (823,8,1,'What is the result of the following program?<br /><br />import java.util.*;<br />public class Sorted implements Comparable&lt;Sorted&gt;, Comparator&lt;Sorted&gt; {<br />&nbsp;&nbsp;&nbsp; private int num;<br />&nbsp;&nbsp;&nbsp; private String text;<br />&nbsp;&nbsp;&nbsp; Sorted(int n, String t) {<br />&nbsp;&nbsp;&nbsp;&nbsp;&nbsp;&nbsp;&nbsp; this.num = n;<br />&nbsp;&nbsp;&nbsp;&nbsp;&nbsp;&nbsp;&nbsp; this.text = t;<br />&nbsp;&nbsp;&nbsp; }<br />&nbsp;&nbsp;&nbsp; public String toString() { return "" + num; }<br />&nbsp;&nbsp;&nbsp; public int compareTo(Sorted s) { return text.compareTo(s.text); }<br />&nbsp;&nbsp;&nbsp; public int compare(Sorted s1, Sorted s2) { return s1.num &ndash; s2.num; }<br />&nbsp;&nbsp;&nbsp; public static void main(String[] args) {<br />&nbsp;&nbsp;&nbsp;&nbsp;&nbsp;&nbsp;&nbsp; Sorted s1 = new Sorted(88, "a");<br />&nbsp;&nbsp;&nbsp;&nbsp;&nbsp;&nbsp;&nbsp; Sorted s2 = new Sorted(55, "b");<br />&nbsp;&nbsp;&nbsp;&nbsp;&nbsp;&nbsp;&nbsp; TreeSet&lt;Sorted&gt; t1 = new TreeSet&lt;&gt;();<br />&nbsp;&nbsp;&nbsp;&nbsp;&nbsp;&nbsp;&nbsp; t1.add(s1); t1.add(s2);<br />&nbsp;&nbsp;&nbsp;&nbsp;&nbsp;&nbsp;&nbsp; TreeSet&lt;Sorted&gt; t2 = new TreeSet&lt;&gt;(s1);<br />&nbsp;&nbsp;&nbsp;&nbsp;&nbsp;&nbsp;&nbsp; t2.add(s1); t2.add(s2);<br />&nbsp;&nbsp;&nbsp;&nbsp;&nbsp;&nbsp;&nbsp; System.out.println(t1 + " " + t2);<br />&nbsp;&nbsp;&nbsp; } }',TIMESTAMP '1970-01-01 03:00:00',TIMESTAMP '1970-01-01 03:00:00');
	INSERT INTO Answer (id,questionId,text,correct,comment) OVERRIDING SYSTEM VALUE VALUES (1763,823,'[55, 88] [55, 88]',false,'');
	INSERT INTO Answer (id,questionId,text,correct,comment) OVERRIDING SYSTEM VALUE VALUES (1764,823,'[55, 88] [88, 55]',false,'');
	INSERT INTO Answer (id,questionId,text,correct,comment) OVERRIDING SYSTEM VALUE VALUES (1765,823,'[88, 55] [55, 88]',true,'t2 сортируется с компаратором по num');
	INSERT INTO Answer (id,questionId,text,correct,comment) OVERRIDING SYSTEM VALUE VALUES (1766,823,'[88, 55] [88, 55]',false,'');
	INSERT INTO Answer (id,questionId,text,correct,comment) OVERRIDING SYSTEM VALUE VALUES (1767,823,'The code does not compile.',false,'У TreeSet есть конструктор с компаратором, так что все скомпилируется');
	INSERT INTO Answer (id,questionId,text,correct,comment) OVERRIDING SYSTEM VALUE VALUES (1768,823,'A runtime exception is thrown.',false,'');
INSERT INTO Question (id,realmId,type,text,regDate,updateDate) OVERRIDING SYSTEM VALUE VALUES (824,8,1,'What is the result of the following code?<br /><br />Comparator&lt;Integer&gt; c = (o1, o2) -&gt; o2-o1;<br />List&lt;Integer&gt; list = Arrays.asList(5, 4, 7, 1);<br />Collections.sort(list, c);<br />System.out.println(Collections.binarySearch(list, 1));',TIMESTAMP '1970-01-01 03:00:00',TIMESTAMP '1970-01-01 03:00:00');
	INSERT INTO Answer (id,questionId,text,correct,comment) OVERRIDING SYSTEM VALUE VALUES (1769,824,'0',false,'');
	INSERT INTO Answer (id,questionId,text,correct,comment) OVERRIDING SYSTEM VALUE VALUES (1770,824,'1',false,'');
	INSERT INTO Answer (id,questionId,text,correct,comment) OVERRIDING SYSTEM VALUE VALUES (1771,824,'2',false,'');
	INSERT INTO Answer (id,questionId,text,correct,comment) OVERRIDING SYSTEM VALUE VALUES (1772,824,'The result is undefined.',true,'В binarySearch не подается компаратор, по которому отсортирован список');
	INSERT INTO Answer (id,questionId,text,correct,comment) OVERRIDING SYSTEM VALUE VALUES (1773,824,'The code does not compile.',false,'');
	INSERT INTO Answer (id,questionId,text,correct,comment) OVERRIDING SYSTEM VALUE VALUES (1774,824,'A runtime exception is thrown.',false,'');
INSERT INTO Question (id,realmId,type,text,regDate,updateDate) OVERRIDING SYSTEM VALUE VALUES (825,8,1,'Which of the following statements are true? (Choose all that apply.)',TIMESTAMP '1970-01-01 03:00:00',TIMESTAMP '1970-01-01 03:00:00');
	INSERT INTO Answer (id,questionId,text,correct,comment) OVERRIDING SYSTEM VALUE VALUES (1776,825,'Comparator is in the java.util package.',true,'');
	INSERT INTO Answer (id,questionId,text,correct,comment) OVERRIDING SYSTEM VALUE VALUES (1777,825,'compare() is in the Comparable interface.',false,'');
	INSERT INTO Answer (id,questionId,text,correct,comment) OVERRIDING SYSTEM VALUE VALUES (1778,825,'compare() is in the Comparator interface.',true,'');
	INSERT INTO Answer (id,questionId,text,correct,comment) OVERRIDING SYSTEM VALUE VALUES (1779,825,'compare() takes one method parameter.',false,'');
	INSERT INTO Answer (id,questionId,text,correct,comment) OVERRIDING SYSTEM VALUE VALUES (1780,825,'compare() takes two method parameters.',true,'');
	INSERT INTO Answer (id,questionId,text,correct,comment) OVERRIDING SYSTEM VALUE VALUES (1775,825,'Comparable is in the java.util package.',false,'');
INSERT INTO Question (id,realmId,type,text,regDate,updateDate) OVERRIDING SYSTEM VALUE VALUES (826,8,1,'Which two options can fill in the blanks to make this code compile? (Choose all that apply.)<br /><br />1: public class Generic________ {<br />2:&nbsp;&nbsp;&nbsp;&nbsp; public static void main(String[] args) {<br />3:&nbsp;&nbsp;&nbsp;&nbsp;&nbsp;&nbsp;&nbsp;&nbsp; Generic&lt;String&gt; g = new Generic_______();<br />4:&nbsp;&nbsp;&nbsp;&nbsp;&nbsp;&nbsp;&nbsp;&nbsp; Generic&lt;Object&gt; g2 = new Generic();<br />5:&nbsp;&nbsp;&nbsp;&nbsp; }<br />6: }',TIMESTAMP '1970-01-01 03:00:00',TIMESTAMP '1970-01-01 03:00:00');
	INSERT INTO Answer (id,questionId,text,correct,comment) OVERRIDING SYSTEM VALUE VALUES (1781,826,'On line 1, fill in with &lt;&gt;.',false,'');
	INSERT INTO Answer (id,questionId,text,correct,comment) OVERRIDING SYSTEM VALUE VALUES (1782,826,'On line 1, fill in with &lt;T&gt;.',true,'');
	INSERT INTO Answer (id,questionId,text,correct,comment) OVERRIDING SYSTEM VALUE VALUES (1783,826,'On line 1, fill in with &lt;?&gt;.',false,'');
	INSERT INTO Answer (id,questionId,text,correct,comment) OVERRIDING SYSTEM VALUE VALUES (1784,826,'On line 3, fill in with &lt;&gt;.',true,'');
	INSERT INTO Answer (id,questionId,text,correct,comment) OVERRIDING SYSTEM VALUE VALUES (1785,826,'On line 3, fill in with &lt;T&gt;.',false,'');
	INSERT INTO Answer (id,questionId,text,correct,comment) OVERRIDING SYSTEM VALUE VALUES (1786,826,'On line 3, fill in with &lt;?&gt;.',false,'');
INSERT INTO Question (id,realmId,type,text,regDate,updateDate) OVERRIDING SYSTEM VALUE VALUES (827,8,1,'Which of the following lines can be inserted to make the code compile? (Choose all that apply.)<br /><br />class A {}<br />class B extends A {}<br />class C extends B {}<br />class D&lt;C&gt; {<br />&nbsp;&nbsp;&nbsp; // INSERT CODE HERE<br />}',TIMESTAMP '1970-01-01 03:00:00',TIMESTAMP '1970-01-01 03:00:00');
	INSERT INTO Answer (id,questionId,text,correct,comment) OVERRIDING SYSTEM VALUE VALUES (1792,827,'C c1 = new C();',false,'');
	INSERT INTO Answer (id,questionId,text,correct,comment) OVERRIDING SYSTEM VALUE VALUES (1787,827,'A a1 = new A();',true,'');
	INSERT INTO Answer (id,questionId,text,correct,comment) OVERRIDING SYSTEM VALUE VALUES (1788,827,'A a2 = new B();',true,'');
	INSERT INTO Answer (id,questionId,text,correct,comment) OVERRIDING SYSTEM VALUE VALUES (1789,827,'A a3 = new C();',false,'');
	INSERT INTO Answer (id,questionId,text,correct,comment) OVERRIDING SYSTEM VALUE VALUES (1790,827,'C c1 = new A();',false,'');
	INSERT INTO Answer (id,questionId,text,correct,comment) OVERRIDING SYSTEM VALUE VALUES (1791,827,'C c2 = new B();',false,'');
INSERT INTO Question (id,realmId,type,text,regDate,updateDate) OVERRIDING SYSTEM VALUE VALUES (828,8,1,'Which options are true of the following code? (Choose all that apply.)<br /><br />3: ______________&lt;Integer&gt; q = new LinkedList&lt;&gt;();<br />4: q.add(10);<br />5: q.add(12);<br />6: q.remove(1);<br />7: System.out.print(q);',TIMESTAMP '1970-01-01 03:00:00',TIMESTAMP '1970-01-01 03:00:00');
	INSERT INTO Answer (id,questionId,text,correct,comment) OVERRIDING SYSTEM VALUE VALUES (1793,828,'If we fill in the blank with List, the output is [10].',true,'');
	INSERT INTO Answer (id,questionId,text,correct,comment) OVERRIDING SYSTEM VALUE VALUES (1794,828,'If we fill in the blank with List, the output is [10, 12].',false,'');
	INSERT INTO Answer (id,questionId,text,correct,comment) OVERRIDING SYSTEM VALUE VALUES (1795,828,'If we fill in the blank with Queue, the output is [10].',false,'');
	INSERT INTO Answer (id,questionId,text,correct,comment) OVERRIDING SYSTEM VALUE VALUES (1796,828,'If we fill in the blank with Queue, the output is [10, 12].',true,'В Queue есть метод <strong>add</strong>, переопределенный из Collection. Он добавляет элемент в очередь и отличается от <strong>offer</strong> тем, что выдает IllegalStateException, если в очередь нельзя ничего положить (ограничение по объему) <br /><br />А вот метода&nbsp; remove(int) нет, есть только remove(Object), унаследованный из Collection');
	INSERT INTO Answer (id,questionId,text,correct,comment) OVERRIDING SYSTEM VALUE VALUES (1797,828,'The code does not compile in either scenario.',false,'');
	INSERT INTO Answer (id,questionId,text,correct,comment) OVERRIDING SYSTEM VALUE VALUES (1798,828,'A runtime exception is thrown.',false,'');
INSERT INTO Question (id,realmId,type,text,regDate,updateDate) OVERRIDING SYSTEM VALUE VALUES (829,8,1,'What is the result of the following code?<br /><br />4: Map m = new HashMap();<br />5: m.put(123, "456");<br />6: m.put("abc", "def");<br />7: System.out.println(m.contains("123"));',TIMESTAMP '1970-01-01 03:00:00',TIMESTAMP '1970-01-01 03:00:00');
	INSERT INTO Answer (id,questionId,text,correct,comment) OVERRIDING SYSTEM VALUE VALUES (1799,829,'false',false,'');
	INSERT INTO Answer (id,questionId,text,correct,comment) OVERRIDING SYSTEM VALUE VALUES (1800,829,'true',false,'');
	INSERT INTO Answer (id,questionId,text,correct,comment) OVERRIDING SYSTEM VALUE VALUES (1801,829,'Compiler error on line 4.',false,'');
	INSERT INTO Answer (id,questionId,text,correct,comment) OVERRIDING SYSTEM VALUE VALUES (1802,829,'Compiler error on line 5.',false,'');
	INSERT INTO Answer (id,questionId,text,correct,comment) OVERRIDING SYSTEM VALUE VALUES (1803,829,'Compiler error on line 7.',true,'Map не содержит метода contains');
	INSERT INTO Answer (id,questionId,text,correct,comment) OVERRIDING SYSTEM VALUE VALUES (1804,829,'A runtime exception is thrown.',false,'');
INSERT INTO Question (id,realmId,type,text,regDate,updateDate) OVERRIDING SYSTEM VALUE VALUES (830,8,1,'Fill in the blanks to make this code compile and print 123. (Choose all that apply.)<br /><br />4: List&lt;String&gt; list = Arrays.asList("1", "2", "3");<br />5: Iterator iter = list.iterator();<br />6: while(iter.__________())<br />7: System.out.print(iter._________());',TIMESTAMP '1970-01-01 03:00:00',TIMESTAMP '1970-01-01 03:00:00');
	INSERT INTO Answer (id,questionId,text,correct,comment) OVERRIDING SYSTEM VALUE VALUES (1808,830,'On line 7, fill in the blank with getNext.',false,'');
	INSERT INTO Answer (id,questionId,text,correct,comment) OVERRIDING SYSTEM VALUE VALUES (1809,830,'On line 7, fill in the blank with hasNext.',false,'');
	INSERT INTO Answer (id,questionId,text,correct,comment) OVERRIDING SYSTEM VALUE VALUES (1810,830,'On line 7, fill in the blank with next.',true,'');
	INSERT INTO Answer (id,questionId,text,correct,comment) OVERRIDING SYSTEM VALUE VALUES (1805,830,'On line 6, fill in the blank with hasNext.',true,'');
	INSERT INTO Answer (id,questionId,text,correct,comment) OVERRIDING SYSTEM VALUE VALUES (1806,830,'On line 6, fill in the blank with isNext.',false,'');
	INSERT INTO Answer (id,questionId,text,correct,comment) OVERRIDING SYSTEM VALUE VALUES (1807,830,'On line 6, fill in the blank with next.',false,'');
INSERT INTO Question (id,realmId,type,text,regDate,updateDate) OVERRIDING SYSTEM VALUE VALUES (831,8,1,'What code change is needed to make the method compile?<br /><br />public static T identity(T t) {<br />&nbsp;&nbsp;&nbsp; return t;<br />}',TIMESTAMP '1970-01-01 03:00:00',TIMESTAMP '1970-01-01 03:00:00');
	INSERT INTO Answer (id,questionId,text,correct,comment) OVERRIDING SYSTEM VALUE VALUES (1811,831,'Add &lt;T&gt; after the public keyword.',false,'');
	INSERT INTO Answer (id,questionId,text,correct,comment) OVERRIDING SYSTEM VALUE VALUES (1812,831,'Add &lt;T&gt; after the static keyword.',true,'В статичных дженерик-методах формальный тип параметра указывается перед типом возвращаемого значения');
	INSERT INTO Answer (id,questionId,text,correct,comment) OVERRIDING SYSTEM VALUE VALUES (1813,831,'Add &lt;T&gt; after T.',false,'');
	INSERT INTO Answer (id,questionId,text,correct,comment) OVERRIDING SYSTEM VALUE VALUES (1814,831,'Add &lt;?&gt; after the public keyword.',false,'');
	INSERT INTO Answer (id,questionId,text,correct,comment) OVERRIDING SYSTEM VALUE VALUES (1815,831,'Add &lt;?&gt; after the static keyword.',false,'');
	INSERT INTO Answer (id,questionId,text,correct,comment) OVERRIDING SYSTEM VALUE VALUES (1816,831,'No change required. The code already compiles.',false,'');
INSERT INTO Question (id,realmId,type,text,regDate,updateDate) OVERRIDING SYSTEM VALUE VALUES (832,8,0,'Если формальный тип параметра в угловых скобках указан в методе, он должен идти строго перед типом возвращаемого значения.',TIMESTAMP '1970-01-01 03:00:00',TIMESTAMP '1970-01-01 03:00:00');
INSERT INTO Question (id,realmId,type,text,regDate,updateDate) OVERRIDING SYSTEM VALUE VALUES (833,8,1,'Which of the answer choices make sense to implement with a lambda? (Choose all that apply.)',TIMESTAMP '1970-01-01 03:00:00',TIMESTAMP '1970-01-01 03:00:00');
	INSERT INTO Answer (id,questionId,text,correct,comment) OVERRIDING SYSTEM VALUE VALUES (1817,833,'Comparable interface',false,'');
	INSERT INTO Answer (id,questionId,text,correct,comment) OVERRIDING SYSTEM VALUE VALUES (1818,833,'Comparator interface',true,'');
	INSERT INTO Answer (id,questionId,text,correct,comment) OVERRIDING SYSTEM VALUE VALUES (1819,833,'remove method on a Collection',false,'');
	INSERT INTO Answer (id,questionId,text,correct,comment) OVERRIDING SYSTEM VALUE VALUES (1820,833,'removeAll method on a Collection',false,'');
	INSERT INTO Answer (id,questionId,text,correct,comment) OVERRIDING SYSTEM VALUE VALUES (1821,833,'removeIf method on a Collection',true,'');
INSERT INTO Question (id,realmId,type,text,regDate,updateDate) OVERRIDING SYSTEM VALUE VALUES (834,8,1,'Which of the following compiles and print out the entire set? (Choose all that apply.)<br /><br />Set&lt;String&gt; s = new HashSet&lt;&gt;();<br />s.add("lion");<br />s.add("tiger");<br />s.add("bear");<br />s.forEach( );',TIMESTAMP '1970-01-01 03:00:00',TIMESTAMP '1970-01-01 03:00:00');
	INSERT INTO Answer (id,questionId,text,correct,comment) OVERRIDING SYSTEM VALUE VALUES (1824,834,'(s) -&gt; System.out.println(s)',false,'s уже определено как локальная переменная выше!');
	INSERT INTO Answer (id,questionId,text,correct,comment) OVERRIDING SYSTEM VALUE VALUES (1825,834,'System.out.println(s)',false,'');
	INSERT INTO Answer (id,questionId,text,correct,comment) OVERRIDING SYSTEM VALUE VALUES (1826,834,'System::out::println',false,'');
	INSERT INTO Answer (id,questionId,text,correct,comment) OVERRIDING SYSTEM VALUE VALUES (1827,834,'System.out::println',true,'');
	INSERT INTO Answer (id,questionId,text,correct,comment) OVERRIDING SYSTEM VALUE VALUES (1822,834,'() -&gt; System.out.println(s)',false,'');
	INSERT INTO Answer (id,questionId,text,correct,comment) OVERRIDING SYSTEM VALUE VALUES (1823,834,'s -&gt; System.out.println(s)',false,'s уже определено как локальная переменная выше!');
INSERT INTO Question (id,realmId,type,text,regDate,updateDate) OVERRIDING SYSTEM VALUE VALUES (835,8,1,'What is the result of the following?<br /><br />Map&lt;Integer, Integer&gt; map = new HashMap&lt;&gt;();<br />map.put(1, 10);<br />map.put(2, 20);<br />map.put(3, null);<br />map.merge(1, 3, (a,b) -&gt; a + b);<br />map.merge(3, 3, (a,b) -&gt; a + b);<br />System.out.println(map);',TIMESTAMP '1970-01-01 03:00:00',TIMESTAMP '1970-01-01 03:00:00');
	INSERT INTO Answer (id,questionId,text,correct,comment) OVERRIDING SYSTEM VALUE VALUES (1828,835,'{1=10, 2=20}',false,'');
	INSERT INTO Answer (id,questionId,text,correct,comment) OVERRIDING SYSTEM VALUE VALUES (1829,835,'{1=10, 2=20, 3=null}',false,'');
	INSERT INTO Answer (id,questionId,text,correct,comment) OVERRIDING SYSTEM VALUE VALUES (1830,835,'{1=10, 2=20, 3=3}',false,'');
	INSERT INTO Answer (id,questionId,text,correct,comment) OVERRIDING SYSTEM VALUE VALUES (1831,835,'{1=13, 2=20}',false,'');
	INSERT INTO Answer (id,questionId,text,correct,comment) OVERRIDING SYSTEM VALUE VALUES (1832,835,'{1=13, 2=20, 3=null}',false,'');
	INSERT INTO Answer (id,questionId,text,correct,comment) OVERRIDING SYSTEM VALUE VALUES (1833,835,'{1=13, 2=20, 3=3}',true,'');
	INSERT INTO Answer (id,questionId,text,correct,comment) OVERRIDING SYSTEM VALUE VALUES (1834,835,'The code does not compile.',false,'');
	INSERT INTO Answer (id,questionId,text,correct,comment) OVERRIDING SYSTEM VALUE VALUES (1835,835,'An exception is thrown.',false,'');
INSERT INTO Question (id,realmId,type,text,regDate,updateDate) OVERRIDING SYSTEM VALUE VALUES (836,8,0,'Лямбды имеют такой же доступ в локальным переменным, как и внутренние классы - эти переменные должны быть <em>effectively final</em>.',TIMESTAMP '1970-01-01 03:00:00',TIMESTAMP '1970-01-01 03:00:00');
INSERT INTO Question (id,realmId,type,text,regDate,updateDate) OVERRIDING SYSTEM VALUE VALUES (837,8,2,'К каким переменным имеют доступ лямбда-выражения?',TIMESTAMP '1970-01-01 03:00:00',TIMESTAMP '1970-01-01 03:00:00');
	INSERT INTO Answer (id,questionId,text,correct,comment) OVERRIDING SYSTEM VALUE VALUES (1836,837,'1) статичные переменные<br />2) переменные экземпляра<br />3) "эффективно финальные" параметры метода<br />4) "эффективно финальные" локальные переменные',true,'');
INSERT INTO Question (id,realmId,type,text,regDate,updateDate) OVERRIDING SYSTEM VALUE VALUES (838,8,2,'Перечислите встречающиеся в нижеприведенном коде переменные, которые можно использовать в лямбда-выражениях в методе <strong>everyonePlay</strong>.<br /><br />1: interface Gorilla { String move(); }<br />2: class GorillaFamily {<br />3:&nbsp;&nbsp;&nbsp;&nbsp; String walk = "walk";<br />4:&nbsp;&nbsp;&nbsp;&nbsp; void everyonePlay(boolean baby) {<br />5:&nbsp;&nbsp;&nbsp;&nbsp;&nbsp;&nbsp;&nbsp;&nbsp; String approach = "amble", approach2 = "tra";<br />6:&nbsp;&nbsp;&nbsp;&nbsp;&nbsp;&nbsp;&nbsp;&nbsp; approach2 = "run";<br />7:<br />8:&nbsp;&nbsp;&nbsp; }<br />9:&nbsp;&nbsp;&nbsp; void play(Gorilla g) {<br />10:&nbsp;&nbsp;&nbsp;&nbsp;&nbsp;&nbsp;&nbsp; System.out.println(g.move());<br />11:&nbsp;&nbsp; }<br />12: }',TIMESTAMP '1970-01-01 03:00:00',TIMESTAMP '1970-01-01 03:00:00');
	INSERT INTO Answer (id,questionId,text,correct,comment) OVERRIDING SYSTEM VALUE VALUES (1837,838,'<em>walk</em> - как переменная экземпляра<br /><em>baby</em> - как "эффективно финальный" параметр метода<br /><em>approach</em> - как "эффективно финальная" локальная переменная<br /><br /><em>approach2</em> не подойдет, она не "эффективно финальная", так как переприсваивается.',true,'');
INSERT INTO Question (id,realmId,type,text,regDate,updateDate) OVERRIDING SYSTEM VALUE VALUES (839,8,2,'<a>Проведите примеры лямбда-выражений, которые можно составить в методе everyonePlay c использованием интерфейса <strong>Gorilla</strong>.<br /><br />1: interface Gorilla { String move(); }<br />2: class GorillaFamily {<br />3:&nbsp;&nbsp;&nbsp;&nbsp; String walk = "walk";<br />4:&nbsp;&nbsp;&nbsp;&nbsp; void everyonePlay(boolean baby) {<br />5:&nbsp;&nbsp;&nbsp;&nbsp;&nbsp;&nbsp;&nbsp;&nbsp; String approach = "amble", approach2 = "tra";<br />6:&nbsp;&nbsp;&nbsp;&nbsp;&nbsp;&nbsp;&nbsp;&nbsp; approach2 = "run";<br />7:<br />8:&nbsp;&nbsp;&nbsp; }<br />9:&nbsp;&nbsp;&nbsp; void play(Gorilla g) {<br />10:&nbsp;&nbsp;&nbsp;&nbsp;&nbsp;&nbsp;&nbsp; System.out.println(g.move());<br />11:&nbsp;&nbsp; }<br />12: } </a>',TIMESTAMP '1970-01-01 03:00:00',TIMESTAMP '1970-01-01 03:00:00');
	INSERT INTO Answer (id,questionId,text,correct,comment) OVERRIDING SYSTEM VALUE VALUES (1838,839,'play(() -&gt; walk);<br />play(() -&gt; baby ? "hitch a ride": "run");<br />play(() -&gt; approach);',true,'');
INSERT INTO Question (id,realmId,type,text,regDate,updateDate) OVERRIDING SYSTEM VALUE VALUES (840,8,2,'Перечислите основные функциональные интерфейсы с указанием параметров, возвращаемых типов и наименования абстрактных методов.',TIMESTAMP '1970-01-01 03:00:00',TIMESTAMP '1970-01-01 03:00:00');
	INSERT INTO Answer (id,questionId,text,correct,comment) OVERRIDING SYSTEM VALUE VALUES (1839,840,'1. <strong>Supplier</strong>&lt;<em>T</em>&gt;: 0 параметров, возвращает <em>T</em>, метод <strong>get<br /></strong>2. <strong>Consumer</strong>&lt;<em>T</em>&gt;: 1 параметр(T), ничего не возвращает, метод <strong>accept</strong><br />3. <strong>BiConsumer</strong>&lt;<em>T</em>, <em>U</em>&gt;: 2 параметра (T,U), ничего не возвращает, метод <strong>accept<br /></strong>4. <strong>Predicate</strong>&lt;<em>T</em>&gt;: 1 параметр(T), возвращает <em>boolean</em>, метод <strong>test</strong><br />5. <strong>BiPredicate</strong>&lt;<em>T</em>, <em>U</em>&gt;: 2 параметра(T,U), возвращает <em>boolean</em>, метод <em>test</em><br />6. <strong>Function</strong>&lt;<em>T</em>, <em>R</em>&gt;: 1 параметр(T), возвращает <em>R</em>, метод <strong>apply</strong><br />7. <strong>BiFunction</strong>&lt;<em>T</em>, <em>U</em>, <em>R</em>&gt;: 2 параметра(T,U), возвращает <em>R</em>, метод <strong>apply</strong><br />8. <strong>UnaryOperator</strong>&lt;<em>T</em>&gt;: 1 параметр(T), возвращает <em>T</em>, метод <strong>apply</strong><br />9. <strong>BinaryOperator</strong>&lt;<em>T</em>,<em>T</em>&gt;: 2 параметра(T,T), возвращает <em>T</em>, метод <strong>apply</strong>',true,'');
INSERT INTO Question (id,realmId,type,text,regDate,updateDate) OVERRIDING SYSTEM VALUE VALUES (841,8,0,'Функциональные интерфейсы лежат в пакете java.util.function',TIMESTAMP '1970-01-01 03:00:00',TIMESTAMP '1970-01-01 03:00:00');
INSERT INTO Question (id,realmId,type,text,regDate,updateDate) OVERRIDING SYSTEM VALUE VALUES (842,8,2,'Приведите код интерфейса Supplier, смысл его применения.<br /><br />Приведите примеры, использующие метод <strong>LocalDate</strong>.<strong>now</strong>',TIMESTAMP '1970-01-01 03:00:00',TIMESTAMP '1970-01-01 03:00:00');
	INSERT INTO Answer (id,questionId,text,correct,comment) OVERRIDING SYSTEM VALUE VALUES (1840,842,'@FunctionalInterface public class Supplier&lt;T&gt; {<br />&nbsp;&nbsp;&nbsp; public T get();<br />}<br /><br />используется тогда, когда нужно сгенерировать объект определенного типа без каких-либо входных параметров.<br /><br />Примеры:<br />Supplier&lt;LocalDate&gt; s1 = LocalDate::now;<br />Supplier&lt;LocalDate&gt; s2 = () -&gt; LocalDate.now();<br /><br />LocalDate d1 = s1.get();<br />LocalDate d2 = s2.get();',true,'');
INSERT INTO Question (id,realmId,type,text,regDate,updateDate) OVERRIDING SYSTEM VALUE VALUES (843,8,2,'Напишите лямбду, которая поставляет объекты <strong>StringBuilder</strong>.',TIMESTAMP '1970-01-01 03:00:00',TIMESTAMP '1970-01-01 03:00:00');
	INSERT INTO Answer (id,questionId,text,correct,comment) OVERRIDING SYSTEM VALUE VALUES (1841,843,'Supplier&lt;StringBuilder&gt; s1 = StringBuilder::new;<br />Supplier&lt;StringBuilder&gt; s2 = () -&gt; new StringBuilder();',true,'');
INSERT INTO Question (id,realmId,type,text,regDate,updateDate) OVERRIDING SYSTEM VALUE VALUES (844,8,0,'Классы, реализующие лямбды, существуют только в памяти. Доказательство - подстрока $$ в toString() лямбды.',TIMESTAMP '1970-01-01 03:00:00',TIMESTAMP '1970-01-01 03:00:00');
INSERT INTO Question (id,realmId,type,text,regDate,updateDate) OVERRIDING SYSTEM VALUE VALUES (845,8,2,'Приведите код интерфейсов <strong>Consumer</strong> и <strong>BiConsumer</strong> и объясните смысл их использования. Приведите примеры лямбд на основе метода <strong>System.out.println</strong>.',TIMESTAMP '1970-01-01 03:00:00',TIMESTAMP '1970-01-01 03:00:00');
	INSERT INTO Answer (id,questionId,text,correct,comment) OVERRIDING SYSTEM VALUE VALUES (1842,845,'@FunctionalInterface public class Consumer&lt;T&gt; {<br />&nbsp;&nbsp;&nbsp; void accept(T t);<br />}<br />@FunctionalInterface public class BiConsumer&lt;T, U&gt; {<br />&nbsp;&nbsp;&nbsp; void accept(T t, U u);<br />}<br /><br />используются тогда, когда нужно что-то сделать с параметрами, но ничего не надо возвращать.<br /><br />Примеры:<br />Consumer&lt;String&gt; c1 = System.out::println;<br />Consumer&lt;String&gt; c2 = x -&gt; System.out.println(x);<br /><br />c1.accept("Annie");<br />c2.accept("Annie");',true,'');
INSERT INTO Question (id,realmId,type,text,regDate,updateDate) OVERRIDING SYSTEM VALUE VALUES (846,8,2,'Напишите лямбды, которые кладут значение в <strong>Map</strong>.',TIMESTAMP '1970-01-01 03:00:00',TIMESTAMP '1970-01-01 03:00:00');
	INSERT INTO Answer (id,questionId,text,correct,comment) OVERRIDING SYSTEM VALUE VALUES (1843,846,'Map&lt;String, Integer&gt; map = new HashMap&lt;&gt;();<br />BiConsumer&lt;String, Integer&gt; b1 = map::put;<br />BiConsumer&lt;String, Integer&gt; b2 = (k, v) -&gt; map.put(k, v);',true,'');
INSERT INTO Question (id,realmId,type,text,regDate,updateDate) OVERRIDING SYSTEM VALUE VALUES (847,8,0,'В описании класса нельзя дважды указывать один и тот же формальный тип параметра:<br /><br />class Test&lt;T,T&gt; {} // doesn''t compile<br /><br />Однако один и тот же формальный тип параметра можно указывать, когда производится наследование:<br /><br />
<div>public class Test1&lt;T,U&gt; {</div>
<div>&nbsp; &nbsp; T calc(U u) {</div>
<div>&nbsp; &nbsp; &nbsp; &nbsp; return (T)u;</div>
<div>&nbsp; &nbsp; }</div>
<div>}</div>
<div>&nbsp;</div>
<div>class Test1Child&lt;T&gt; extends Test1&lt;T,T&gt; {}<br /><br />В этом конкретном случае унаследованный метод calc будет принимать и возвращать T</div>',TIMESTAMP '1970-01-01 03:00:00',TIMESTAMP '1970-01-01 03:00:00');
INSERT INTO Question (id,realmId,type,text,regDate,updateDate) OVERRIDING SYSTEM VALUE VALUES (848,8,2,'Приведите код интерфейсов <strong>Predicate</strong> и <strong>BiPredicate</strong>, смысл их использования. Приведите примеры лямбд, использующих метод <strong>String</strong>.<strong>isEmpty</strong>() и <strong>String</strong>.<strong>startsWith</strong>()',TIMESTAMP '1970-01-01 03:00:00',TIMESTAMP '1970-01-01 03:00:00');
	INSERT INTO Answer (id,questionId,text,correct,comment) OVERRIDING SYSTEM VALUE VALUES (1844,848,'<div>@FunctionalInterface public class Predicate&lt;T&gt; {</div>
<div>&nbsp; &nbsp; boolean test(T t);</div>
<div>}<br /><br /></div>
<div>@FunctionalInterface public class BiPredicate&lt;T, U&gt; {</div>
<div>&nbsp; &nbsp; boolean test(T t, U u);</div>
<div>}<br /><br />Используется, когда надо вернуть булево значение от одного/двух параметров.<br /><br />Примеры:<br />
<div>Predicate&lt;String&gt; p1 = String::isEmpty;</div>
<div>Predicate&lt;String&gt; p2 = x -&gt; x.isEmpty();</div>
<div>&nbsp;</div>
<div>BiPredicate&lt;String, String&gt; b1 = String::startsWith;</div>
<div>BiPredicate&lt;String, String&gt; b2 = (string, prefix) -&gt; string.startsWith(prefix);</div>
</div>',true,'');
INSERT INTO Question (id,realmId,type,text,regDate,updateDate) OVERRIDING SYSTEM VALUE VALUES (849,8,0,'Если в дженерик-классе производится кастинг к дженерику, то реально кастинг состоится только при обращении к методам типа, к которому производится кастинг. Если метод в Object, то кастинга не будет и ошибки ClassCastException не будет.<br /><br />
<div>public class Test1&lt;T,U&gt; {</div>
<div>&nbsp; &nbsp;&nbsp;</div>
<div>&nbsp; &nbsp; public static void main(String[] arh) {</div>
<div>&nbsp; &nbsp; &nbsp; &nbsp; Test1&lt;Integer, String&gt; t = new Test1&lt;&gt;();</div>
<div>&nbsp; &nbsp; &nbsp; &nbsp;&nbsp;<br />&nbsp; &nbsp; &nbsp; &nbsp; System.out.println(t.calc("444")); //выполнится без проблем</div>
<div>&nbsp; &nbsp; &nbsp; &nbsp; System.out.println(t.calc("444").floatValue()); //ошибка ClassCastException</div>
<div>&nbsp; &nbsp; }</div>
<div>&nbsp; &nbsp;&nbsp;</div>
<div>&nbsp; &nbsp; T calc(U u) {</div>
<div>&nbsp; &nbsp; &nbsp; &nbsp; return (T)u;</div>
<div>&nbsp; &nbsp; }</div>
<div>}</div>',TIMESTAMP '1970-01-01 03:00:00',TIMESTAMP '1970-01-01 03:00:00');
INSERT INTO Question (id,realmId,type,text,regDate,updateDate) OVERRIDING SYSTEM VALUE VALUES (850,8,0,'Методы-ссылки занимают меньше кода, но зачастую читаются хуже, чем эксплицитные лямбды.',TIMESTAMP '1970-01-01 03:00:00',TIMESTAMP '1970-01-01 03:00:00');
INSERT INTO Question (id,realmId,type,text,regDate,updateDate) OVERRIDING SYSTEM VALUE VALUES (851,8,0,'Функциональные интерфейсы должны иметь ровно один абстрактный метод, но при этом они могут иметь статичные и дефолтные методы.',TIMESTAMP '1970-01-01 03:00:00',TIMESTAMP '1970-01-01 03:00:00');
INSERT INTO Question (id,realmId,type,text,regDate,updateDate) OVERRIDING SYSTEM VALUE VALUES (852,8,0,'Интерфейс предикат содержит удобные дефолтные методы:<br /><br />
<div><em>Predicate&lt;T&gt;</em> <strong>and</strong>(<strong>Predicate</strong>&lt;? super <em>T</em>&gt; <em>other</em>)</div>
<div>Returns a composed predicate that represents a short-circuiting logical AND of this predicate and another.</div>
<div>&nbsp;</div>
<div><em>Predicate&lt;T&gt;</em> <strong>negate</strong>()</div>
<div>Returns a predicate that represents the logical negation of this predicate.</div>
<div>&nbsp;</div>
<div><em>Predicate&lt;T&gt;</em> <strong>or</strong>(<strong>Predicate</strong>&lt;? super <em>T</em>&gt; <em>other</em>)</div>
<div>Returns a composed predicate that represents a short-circuiting logical OR of this predicate and another.</div>',TIMESTAMP '1970-01-01 03:00:00',TIMESTAMP '1970-01-01 03:00:00');
INSERT INTO Question (id,realmId,type,text,regDate,updateDate) OVERRIDING SYSTEM VALUE VALUES (853,8,2,'Приведите код интерфейсов <strong>Function</strong> и <strong>BiFunction</strong> и объясните смысл их использования.<br />Приведите примеры лямбд с использованием методов <strong>String</strong>.<strong>length</strong>() и <strong>String</strong>.<strong>concat</strong>()',TIMESTAMP '1970-01-01 03:00:00',TIMESTAMP '1970-01-01 03:00:00');
	INSERT INTO Answer (id,questionId,text,correct,comment) OVERRIDING SYSTEM VALUE VALUES (1845,853,'<div>@FunctionalInterface public class Function&lt;T, R&gt; {</div>
<div>&nbsp; &nbsp; R apply(T t);</div>
<div>}</div>
<div>&nbsp;</div>
<div>@FunctionalInterface public class BiFunction&lt;T, U, R&gt; {</div>
<div>&nbsp; &nbsp; R apply(T t, U u);</div>
<div>}<br /><br />Смысл - преобразование одного или двух аргументов потенциально разных типов в объект потенциально иного типа.<br /><br />Примеры:<br /><br />
<div>Function&lt;String, Integer&gt; f1 = String::length;</div>
<div>Function&lt;String, Integer&gt; f2 = x -&gt; x.length();</div>
<div>&nbsp;</div>
<div>BiFunction&lt;String, String, String&gt; b1 = String::concat;</div>
<div>BiFunction&lt;String, String, String&gt; b2 = (string, toAdd) -&gt; string.concat(toAdd);</div>
</div>',true,'');
INSERT INTO Question (id,realmId,type,text,regDate,updateDate) OVERRIDING SYSTEM VALUE VALUES (854,8,2,'Напишите функциональный интерфейс, возвращающий функцию от трех различных аргументов.',TIMESTAMP '1970-01-01 03:00:00',TIMESTAMP '1970-01-01 03:00:00');
	INSERT INTO Answer (id,questionId,text,correct,comment) OVERRIDING SYSTEM VALUE VALUES (1846,854,'<div>interface TriFunction&lt;T,U,V,R&gt; {</div>
<div>&nbsp; &nbsp; R apply(T t, U u, V v);</div>
<div>}</div>',true,'');
INSERT INTO Question (id,realmId,type,text,regDate,updateDate) OVERRIDING SYSTEM VALUE VALUES (855,8,2,'Приведите код интерфейсов <strong>UnaryOperator</strong> и <strong>BinaryOperator</strong> и&nbsp; изложите смысл их использования.<br />Приведите примеры лямбд с использованием методов <strong>String</strong>.<strong>toUpperCase</strong>() и <strong>String</strong>.<strong>concat</strong>()<br />',TIMESTAMP '1970-01-01 03:00:00',TIMESTAMP '1970-01-01 03:00:00');
	INSERT INTO Answer (id,questionId,text,correct,comment) OVERRIDING SYSTEM VALUE VALUES (1847,855,'<div>@FunctionalInterface public class UnaryOperator&lt;T&gt; extends Function&lt;T, T&gt; { }</div>
<div>&nbsp;</div>
<div>@FunctionalInterface public class BinaryOperator&lt;T&gt; extends BiFunction&lt;T, T, T&gt; { }<br /><br />(унаследованы методы T apply(T t);
<div>T apply(T t1, T t2);)</div>
<br /><br />Преобразуют аргумент или два одинаковых аргумента в объект того же типа.<br /><br />Примеры:<br />
<div>UnaryOperator&lt;String&gt; u1 = String::toUpperCase;</div>
<div>UnaryOperator&lt;String&gt; u2 = x -&gt; x.toUpperCase();</div>
<div>&nbsp;</div>
<div>BinaryOperator&lt;String&gt; b1 = String::concat;</div>
<div>BinaryOperator&lt;String&gt; b2 = (string, toAdd) -&gt; string.concat(toAdd);</div>
</div>',true,'');
INSERT INTO Question (id,realmId,type,text,regDate,updateDate) OVERRIDING SYSTEM VALUE VALUES (856,8,2,'Какой функциональный интерфейс вы использовали бы в следующих ситуациях:<br /><br />1) Вернуть <strong>String</strong> без исходных параметров<br />2) Вернуть <strong>Boolean</strong>, на входе строка<br />3) Вернуть <strong>Integer</strong>, на входе два целых',TIMESTAMP '1970-01-01 03:00:00',TIMESTAMP '1970-01-01 03:00:00');
	INSERT INTO Answer (id,questionId,text,correct,comment) OVERRIDING SYSTEM VALUE VALUES (1848,856,'1) Supplier&lt;String&gt;<br />2) Function&lt;String, Boolean&gt; (не Predicate, потому что он возвращает примитив, а нужен объект)<br />3) BinaryOperator&lt;Integer&gt;',true,'');
INSERT INTO Question (id,realmId,type,text,regDate,updateDate) OVERRIDING SYSTEM VALUE VALUES (857,8,2,'Вставьте подходящие типа на место прочерков.<br /><br />
<div>1) _____&lt;List&gt; ex1 = x -&gt; "".equals(x.get(0));</div>
<div>2) _____&lt;Long&gt; ex2 = (Long l) -&gt; System.out.println(l);</div>
<div>3) _____ &lt;String, String&gt; ex3 = (s1, s2) -&gt; false;</div>',TIMESTAMP '1970-01-01 03:00:00',TIMESTAMP '1970-01-01 03:00:00');
	INSERT INTO Answer (id,questionId,text,correct,comment) OVERRIDING SYSTEM VALUE VALUES (1849,857,'1) Predicate<br />2) Consumer<br />3) BiPredicate',true,'');
INSERT INTO Question (id,realmId,type,text,regDate,updateDate) OVERRIDING SYSTEM VALUE VALUES (858,8,2,'Найдите ошибки в следующих строках и опишите способы исправления<br /><br />
<div>1) Function&lt;List&lt;String&gt;&gt; ex1 = x -&gt; x.get(0); // DOES NOT COMPILE</div>
<div>2) UnaryOperator&lt;Long&gt; ex2 = (Long l) -&gt; 3.14; // DOES NOT COMIPLE</div>
<div>3) Predicate ex4 = String::isEmpty; // DOES NOT COMPILE</div>',TIMESTAMP '1970-01-01 03:00:00',TIMESTAMP '1970-01-01 03:00:00');
	INSERT INTO Answer (id,questionId,text,correct,comment) OVERRIDING SYSTEM VALUE VALUES (1850,858,'1) функции нужно два параметра в угловых скобках. Надо добавить String<br />2) неправильный тип возвращаемого значения в лямбде. Нужен кастинг к long, а там сработает автобоксинг в Long.<br />3) нужно параметризовать Predicate с помощью String, поскольку метод isEmpty принимает String, а в Object (ибо у нас raw type) такого метода нет',true,'');
INSERT INTO Question (id,realmId,type,text,regDate,updateDate) OVERRIDING SYSTEM VALUE VALUES (859,8,0,'package <span style="text-decoration: underline;">java.util</span>;<br /><br />class <strong>Optional</strong>&lt;T&gt;<br /><br />Класс-контейнер, который может содержать значение или пустоту.<br /><br />static &lt;T&gt; <em>Optional&lt;T&gt;</em>&nbsp;<strong>empty</strong>() возвращает пустой контейнер.<br /><em><br />Optional&lt;T&gt;&nbsp;</em><strong>of</strong>(<strong>T</strong> <em>value</em>) возвращает контейнер со значением.<br /><em><br />boolean</em> <strong>isPresent</strong>() проверяет, есть ли значение.<br /><em><br />T</em> <strong>get</strong>() возвращает значение (NoSuchElementException, если значения нет)<br /><br />static &lt;T&gt; <em>Optional</em>&lt;<em>T</em>&gt; <strong>ofNullable</strong>(<strong>T</strong> <em>value</em>)&nbsp; возвращает контейнер со значением, либо пустой контейнер, если параметр null<br /><br />
<div><em>void</em> <strong>ifPresent</strong>(<strong>Consumer</strong>&lt;? super <em>T</em>&gt; <em>consumer</em>) запускает потребителя, если контейнер непуст<br /><br /><em>T</em> <strong>orElse</strong>(<strong>T</strong> <em>other</em>) возвращает содержимое либо other, если контейнер пуст</div>
<div><br /><em>T</em> <strong>orElseGet</strong>(<strong>Supplier</strong>&lt;? extends <em>T</em>&gt; <em>other</em>) возвращает содержимое либо результат работы поставщика, если контейнер пуст<br /><br />&lt;<em>X</em> extends <em>Throwable</em>&gt; <em>T</em> <strong>orElseThrow</strong>(<strong>Supplier</strong>&lt;? extends <em>X</em>&gt; <em>exceptionSupplier</em>) - возвращает содержимое либо изготавливает исключение.</div>',TIMESTAMP '1970-01-01 03:00:00',TIMESTAMP '1970-01-01 03:00:00');
INSERT INTO Question (id,realmId,type,text,regDate,updateDate) OVERRIDING SYSTEM VALUE VALUES (860,8,2,'Опишите преимущества введения <strong>Optional</strong>',TIMESTAMP '1970-01-01 03:00:00',TIMESTAMP '1970-01-01 03:00:00');
	INSERT INTO Answer (id,questionId,text,correct,comment) OVERRIDING SYSTEM VALUE VALUES (1851,860,'1) его можно возвращать вместо null - это способ показать, что метод может вернуть или не вернуть требуемое значение.<br /><br />2) Благодаря функциональному программированию с объектами Optional легко работать "одной строкой" - не надо писать сложное ветвление с if-else',true,'');
INSERT INTO Question (id,realmId,type,text,regDate,updateDate) OVERRIDING SYSTEM VALUE VALUES (861,8,2,'Что такое поток(<em>stream</em>) в java? Что такое конвейер обработки потока&nbsp; (<em>stream pipeline)</em>? Какие бывают потоки?',TIMESTAMP '1970-01-01 03:00:00',TIMESTAMP '1970-01-01 03:00:00');
	INSERT INTO Answer (id,questionId,text,correct,comment) OVERRIDING SYSTEM VALUE VALUES (1852,861,'Поток - последовательность данных.<br />Конвейер обработки - совокупность операций, применяемых к потоку для получения результата.<br />Потоки бывают конечные (<em>finite</em>) и бесконечные (<em>infinite</em>).',true,'');
INSERT INTO Question (id,realmId,type,text,regDate,updateDate) OVERRIDING SYSTEM VALUE VALUES (862,8,2,'Опишите общую схему конвейера обработки (stream pipeline).',TIMESTAMP '1970-01-01 03:00:00',TIMESTAMP '1970-01-01 03:00:00');
	INSERT INTO Answer (id,questionId,text,correct,comment) OVERRIDING SYSTEM VALUE VALUES (1853,862,'- Источник данных - исходный поток<br />- Промежуточные операции. Каждая преобразует поток в другой поток<br />- Терминальная операция. Выдает результат (не поток). Поток становится не пригодным к дальнейшим манипуляциям.<br /><br />Внимание! Проемежуточные операции начинают выполняться только тогда, когда приходит запрос на терминальную операцию (lazy evaluation).',true,'');
INSERT INTO Question (id,realmId,type,text,regDate,updateDate) OVERRIDING SYSTEM VALUE VALUES (863,8,0,'Интерфейс <strong>Stream</strong>&lt;<em>T</em>&gt; находится в пакете java.util.stream',TIMESTAMP '1970-01-01 03:00:00',TIMESTAMP '1970-01-01 03:00:00');
INSERT INTO Question (id,realmId,type,text,regDate,updateDate) OVERRIDING SYSTEM VALUE VALUES (864,8,2,'Перечислите 3 способа создать конечный поток.',TIMESTAMP '1970-01-01 03:00:00',TIMESTAMP '1970-01-01 03:00:00');
	INSERT INTO Answer (id,questionId,text,correct,comment) OVERRIDING SYSTEM VALUE VALUES (1854,864,'<div>1: Stream&lt;String&gt; empty = Stream.empty();&nbsp;<br /><br /></div>
<div>2: Stream&lt;Integer&gt; singleElement = Stream.of(1);&nbsp;<br /><br /></div>
<div>3: Stream&lt;Integer&gt; fromArray = Stream.of(1, 2, 3);&nbsp;</div>',true,'');
INSERT INTO Question (id,realmId,type,text,regDate,updateDate) OVERRIDING SYSTEM VALUE VALUES (865,8,2,'Как превратить список в поток?',TIMESTAMP '1970-01-01 03:00:00',TIMESTAMP '1970-01-01 03:00:00');
	INSERT INTO Answer (id,questionId,text,correct,comment) OVERRIDING SYSTEM VALUE VALUES (1855,865,'<div>Stream&lt;String&gt; fromList = list.stream();</div>
<div>&nbsp;</div>
<div>это обычный поток</div>
<div>&nbsp;</div>
<div>Stream&lt;String&gt; fromListParallel = list.parallelStream();</div>
<div>&nbsp;</div>
<div>это поток, который может обрабатываться параллельно. Не имеет смысла для маленьких потоков.</div>',true,'');
INSERT INTO Question (id,realmId,type,text,regDate,updateDate) OVERRIDING SYSTEM VALUE VALUES (866,8,2,'Опишите способы получения бесконечного потока.',TIMESTAMP '1970-01-01 03:00:00',TIMESTAMP '1970-01-01 03:00:00');
	INSERT INTO Answer (id,questionId,text,correct,comment) OVERRIDING SYSTEM VALUE VALUES (1856,866,'<div>static &lt;T&gt; Stream&lt;T&gt; generate(Supplier&lt;T&gt; s)</div>
<div>&nbsp;</div>
<div>возвращает бесконечный последовательный неупорядоченный поток, каждый элемент которого генерируется поставщиком.</div>
<div>&nbsp;</div>
<div>static &lt;T&gt; Stream&lt;T&gt; iterate(T seed, UnaryOperator&lt;T&gt; f)</div>
<div>&nbsp;</div>
<div>возвращает бесконечный последовательный упорядоченный поток, каждый элемент которого производится некоторой функцией, прилагаемой к предыдущему значению этой функции, т.е. поток вида seed, f(seed), f(f(seed)), etc.</div>',true,'');
INSERT INTO Question (id,realmId,type,text,regDate,updateDate) OVERRIDING SYSTEM VALUE VALUES (867,8,2,'Создайте следующие потоки:<br /><br />1) бесконечный поток случайных чисел<br />2) бесконечный поток нечетных чисел, начиная с 1',TIMESTAMP '1970-01-01 03:00:00',TIMESTAMP '1970-01-01 03:00:00');
	INSERT INTO Answer (id,questionId,text,correct,comment) OVERRIDING SYSTEM VALUE VALUES (1857,867,'<div>1) Stream&lt;Double&gt; randoms = Stream.generate(Math::random);</div>
<div>2) Stream&lt;Integer&gt; oddNumbers = Stream.iterate(1, n -&gt; n + 2);</div>',true,'');
INSERT INTO Question (id,realmId,type,text,regDate,updateDate) OVERRIDING SYSTEM VALUE VALUES (868,8,0,'Можно выполнить терминальную операцию с потоком без промежуточных, но наоборот нельзя.',TIMESTAMP '1970-01-01 03:00:00',TIMESTAMP '1970-01-01 03:00:00');
INSERT INTO Question (id,realmId,type,text,regDate,updateDate) OVERRIDING SYSTEM VALUE VALUES (869,8,2,'Что такое <em>reduction</em>?',TIMESTAMP '1970-01-01 03:00:00',TIMESTAMP '1970-01-01 03:00:00');
	INSERT INTO Answer (id,questionId,text,correct,comment) OVERRIDING SYSTEM VALUE VALUES (1858,869,'Это терминальная операция, сводящая <span style="text-decoration: underline;">весь</span> поток к единому объекту (например, коллекции) или примитиву. Т.е. для определения редукции важен каждый элемент потока.',true,'');
INSERT INTO Question (id,realmId,type,text,regDate,updateDate) OVERRIDING SYSTEM VALUE VALUES (870,8,2,'Перечислите основные терминальные операции с потоками.',TIMESTAMP '1970-01-01 03:00:00',TIMESTAMP '1970-01-01 03:00:00');
	INSERT INTO Answer (id,questionId,text,correct,comment) OVERRIDING SYSTEM VALUE VALUES (1859,870,'<div>allMatch()</div>
<div>anyMatch()</div>
<div>noneMatch()</div>
<div>&nbsp;</div>
<div>collect()</div>
<div>&nbsp;</div>
<div>count()</div>
<div>&nbsp;</div>
<div>findAny()</div>
<div>findFirst()</div>
<div>&nbsp;</div>
<div>forEach()</div>
<div>&nbsp;</div>
<div>min()</div>
<div>max()</div>
<div>&nbsp;</div>
<div>reduce()</div>',true,'');
INSERT INTO Question (id,realmId,type,text,regDate,updateDate) OVERRIDING SYSTEM VALUE VALUES (871,8,2,'Опишите терминальную операцию <strong>count</strong>()',TIMESTAMP '1970-01-01 03:00:00',TIMESTAMP '1970-01-01 03:00:00');
	INSERT INTO Answer (id,questionId,text,correct,comment) OVERRIDING SYSTEM VALUE VALUES (1860,871,'<em>long</em> <strong>count</strong>()<br /><br />определяет кол-во элементов в конечном потоке. Для бесконечного потока зависает. Это редукция, т.к. возвращает единственный примитив и базируется на всех элементах потока.',true,'');
INSERT INTO Question (id,realmId,type,text,regDate,updateDate) OVERRIDING SYSTEM VALUE VALUES (872,8,2,'Опишите терминальные операции <strong>min</strong>() и <strong>max</strong>()',TIMESTAMP '1970-01-01 03:00:00',TIMESTAMP '1970-01-01 03:00:00');
	INSERT INTO Answer (id,questionId,text,correct,comment) OVERRIDING SYSTEM VALUE VALUES (1861,872,'<div><em>Optional&lt;T&gt;</em> <strong>min</strong>(<strong>Comparator</strong>&lt;? super <em>T</em>&gt; <em>comparator</em>)</div>
<div><em>Optional&lt;T&gt;</em> <strong>max</strong>(<strong>Comparator</strong>&lt;? super <em>T</em>&gt; <em>comparator</em>)<br /><br />Возвращает наибольшее или наименьшее значение в конечном потоке в соответствии с поданым компаратором. На бесконечном потоке зависает. Является редукцией, т.к. возвращает единственный объект <strong>Optional</strong>, определенный на материале всего потока.<br /><br />(чтобы отсортировать по естественному порядку, надо подать компаратор Comparator.naturalOrder())</div>',true,'');
INSERT INTO Question (id,realmId,type,text,regDate,updateDate) OVERRIDING SYSTEM VALUE VALUES (873,8,0,'Есть очень полезные универсальные компараторы:<br /><br /><strong>Comparator</strong>.<strong>naturalOrder</strong>()<br />и<br /><strong>Comparator</strong>.<strong>reverseOrder</strong>(),<br /><br />которые можно подавать в методы, где требуется компаратор.<br /><br />Дженерик-тип этих компараторов возьмется из ссылки или контекста.',TIMESTAMP '1970-01-01 03:00:00',TIMESTAMP '1970-01-01 03:00:00');
INSERT INTO Question (id,realmId,type,text,regDate,updateDate) OVERRIDING SYSTEM VALUE VALUES (874,8,2,'Опишите терминальные операции <strong>findAny</strong>() и <strong>findFirst</strong>()',TIMESTAMP '1970-01-01 03:00:00',TIMESTAMP '1970-01-01 03:00:00');
	INSERT INTO Answer (id,questionId,text,correct,comment) OVERRIDING SYSTEM VALUE VALUES (1862,874,'<div><em>Optional</em>&lt;<em>T</em>&gt; <strong>findAny</strong>()</div>
<div><em>Optional</em>&lt;<em>T</em>&gt; <strong>findFirst</strong>()<br /><br /><strong>findAny</strong>&nbsp;возвращает произвольный элемент потока. Удобен для параллельного потока.&nbsp;<strong>findFirst</strong> возвращает первый элемент упорядоченного потока, или любой элемент, если поток не упорядочен. Не являются редукциями. Могут работать с бесконечными потоками (т.е. не вызывают зависания).</div>',true,'');
INSERT INTO Question (id,realmId,type,text,regDate,updateDate) OVERRIDING SYSTEM VALUE VALUES (875,8,2,'Опишите терминальные операции <strong>allMatch</strong>(), <strong>anyMatch</strong>(), <strong>noneMatch</strong>()',TIMESTAMP '1970-01-01 03:00:00',TIMESTAMP '1970-01-01 03:00:00');
	INSERT INTO Answer (id,questionId,text,correct,comment) OVERRIDING SYSTEM VALUE VALUES (1863,875,'<div><em>boolean</em> <strong>anyMatch</strong>(Predicate &lt;? super <em>T</em>&gt; <em>predicate</em>)</div>
<div><em>boolean</em> <strong>allMatch</strong>(Predicate &lt;? super <em>T</em>&gt; <em>predicate</em>)</div>
<div><em>boolean</em> <strong>noneMatch</strong>(Predicate &lt;? super <em>T</em>&gt; <em>predicate</em>)<br /><br />Возвращают информацию от том или ином отношении потока к подаваемому предикату. Не являются редукциями (т.к. для вычисления может хватить и части потока). <strong>noneMatch</strong> и <strong>allMatch</strong> могут зависнуть на бесконечных потоках. На пустом потоке предикат не вычисляется, <strong>anyMatch</strong> вернет false, <strong>allMatch</strong> и <strong>noneMatch</strong> вернут true.</div>',true,'');
INSERT INTO Question (id,realmId,type,text,regDate,updateDate) OVERRIDING SYSTEM VALUE VALUES (876,8,2,'Опишите терминальную операцию <strong>forEach</strong>().',TIMESTAMP '1970-01-01 03:00:00',TIMESTAMP '1970-01-01 03:00:00');
	INSERT INTO Answer (id,questionId,text,correct,comment) OVERRIDING SYSTEM VALUE VALUES (1864,876,'<em>void</em> <strong>forEach</strong>(<strong>Consumer</strong>&lt;? super <em>T</em>&gt; <em>action</em>)<br /><br />Подает каждый элемент потока потребителю. Единственная терминальная операция, возвращающая <strong>void</strong>. На бесконечном потоке зависнет. Не редукция. Порядок обработки <span style="text-decoration: underline;">в параллельной обработке</span> может быть произвольным, для сохранения порядка следует использовать <strong>forEachOrdered</strong><br /><br />(Метод <strong>forEach</strong> может вызываться и напрямую на коллекциях.)',true,'');
INSERT INTO Question (id,realmId,type,text,regDate,updateDate) OVERRIDING SYSTEM VALUE VALUES (877,8,0,'Поток нельзя пробежать в цикле <strong>for</strong>, так как он не реализует интерфейс <strong>Iterable&nbsp;</strong>и не имеет возможности доступа к элементу по индексу. Хотя можно преобразовать в массив объектов методом <strong>toArray</strong>() или в массив произвольного типа и размера методом <strong>toArray</strong>(<strong>IntFunction</strong>&lt;<em>A</em>[]&gt;)',TIMESTAMP '1970-01-01 03:00:00',TIMESTAMP '1970-01-01 03:00:00');
INSERT INTO Question (id,realmId,type,text,regDate,updateDate) OVERRIDING SYSTEM VALUE VALUES (878,8,2,'1) Опишите терминальную операцию <strong>reduce</strong>() с начальным значением.<br /><br />2) Приведите пример операции, конкатенирующей поток строк.<br /><br />3) Приведите пример операции, перемножающей все элементы в потоке целых чисел.',TIMESTAMP '1970-01-01 03:00:00',TIMESTAMP '1970-01-01 03:00:00');
	INSERT INTO Answer (id,questionId,text,correct,comment) OVERRIDING SYSTEM VALUE VALUES (1865,878,'1) Сводит поток к единому объекту типа дженерика потока. Для каждого элемента потока вычисляет бинарную операцию с элементом, получившимся на предыдущем этапе, либо с начальным значением. Закономерно является редукцией. <br /><br />T <strong>reduce</strong>(<strong>T</strong> <em>identity</em>, <strong>BinaryOperator</strong>&lt;<em>T</em>&gt; <em>accumulator</em>)<br /><br />возвращает начальное значение, если поток пустой<br /><br />2) Stream&lt;String&gt; stream = Stream.of("w", "o", "l", "f");<br />String word = stream.reduce("", (s, c) -&gt; s + c);<br />или<br />String word = stream.reduce("", String::concat);<br /><br />3) Stream&lt;Integer&gt; stream = Stream.of(1, 2, 3, 4);<br />Integer mult = stream.reduce(1, (i, m) -&gt; i * m);',true,'');
INSERT INTO Question (id,realmId,type,text,regDate,updateDate) OVERRIDING SYSTEM VALUE VALUES (879,8,2,'Опишите терминальную операцию <strong>reduce</strong>() без начального значения.',TIMESTAMP '1970-01-01 03:00:00',TIMESTAMP '1970-01-01 03:00:00');
	INSERT INTO Answer (id,questionId,text,correct,comment) OVERRIDING SYSTEM VALUE VALUES (1866,879,'Сводит поток к единому объекту Optional&lt;T&gt;. Является редукцией. <br /><br /><em>Optional</em>&lt;<em>T</em>&gt; <strong>reduce</strong>(<strong>BinaryOperator</strong>&lt;<em>T</em>&gt; <em>accumulator</em>)<br /><br />Если поток пустой, возвращается пустой Optional. Если поток из одного элемента, он и вернется. Если элементов несколько, они последовательно аккумулируются бинарной операцией.<br /><br />BinaryOperator&lt;Integer&gt; op = (a, b) -&gt; a * b;<br />Stream&lt;Integer&gt; threeElements = Stream.of(3, 5, 6);<br />threeElements.reduce(op).ifPresent(System.out::print); // 90',true,'');
INSERT INTO Question (id,realmId,type,text,regDate,updateDate) OVERRIDING SYSTEM VALUE VALUES (880,8,2,'Опишите терминальную операцию <strong>reduce</strong>() для параллельной обработки.',TIMESTAMP '1970-01-01 03:00:00',TIMESTAMP '1970-01-01 03:00:00');
	INSERT INTO Answer (id,questionId,text,correct,comment) OVERRIDING SYSTEM VALUE VALUES (1867,880,'&lt;<em>U</em>&gt; <em>U</em> <strong>reduce(U</strong> <em>identity</em>, <strong>BiFunction</strong>&lt;<em>U</em>,? super <em>T</em>,<em>U</em>&gt; <span style="text-decoration: underline;"><em>accumulator</em></span>, <strong>BinaryOperator</strong>&lt;<em>U</em>&gt; <em>combiner</em>)<br /><br />Операция сводит поток к единому объекту типа дженерика или иного типа в соответствии с аккумулятором и комбайнером. Аккумулятор вычисляет значение редукции, на каждой итерации применяя функцию к значению, полученному на предыдущем этапе (или к начальному значению) и к текущему значению. Комбайнер помогает ускорить процесс для параллельного потока, на него налагаются жесткие правила:<br /><br />1) combiner(identity, u) == u для всех <em>u</em><br />2) combiner.apply(u, accumulator.apply(identity, t)) == accumulator.apply(u, t) для всех <em>u</em> и <em>t</em><br /><br />Простой пример с одним дженериком и совпадающими аккумулятором и комбайнером:<br /><br />BinaryOperator&lt;Integer&gt; op = (a, b) -&gt; a * b;<br />Stream&lt;Integer&gt; stream = Stream.of(3, 5, 6);<br />System.out.println(stream.reduce(1, op, op)); // 90',true,'');
INSERT INTO Question (id,realmId,type,text,regDate,updateDate) OVERRIDING SYSTEM VALUE VALUES (881,8,2,'Опишите терминальную операцию <strong>collect</strong>()',TIMESTAMP '1970-01-01 03:00:00',TIMESTAMP '1970-01-01 03:00:00');
	INSERT INTO Answer (id,questionId,text,correct,comment) OVERRIDING SYSTEM VALUE VALUES (1868,881,'Это специальный тип редукции, называемый <em>mutable reduction</em> - мы используем один и тот же объект во время редукции, часто это <strong>ArrayList</strong> и <strong>StringBuilder</strong>.<br /><br />&lt;<em>R</em>&gt; <em>R</em> <strong>collect</strong>(<strong>Supplier</strong>&lt;<em>R</em>&gt; <em>supplier</em>, <strong>BiConsumer</strong>&lt;<em>R</em>, ? super <em>T</em>&gt; <em>accumulator</em>, <strong>BiConsumer</strong>&lt;<em>R</em>, <em>R</em>&gt; <em>combiner</em>)<br /><br />поставщик поставляет изменяемый объект, аккумулятор производит изменения в объекте исходя из текущего значения потока, комбайнер комбинирует изменяемый объект из двух - для ускорения в параллельной обработке. Чтобы результат был детерминирован с т.з. порядка обработки, комбайнер и аккумулятор должны поддерживать identity и asocciativity (см. JavaDoc к Collector). Примеры:<br /><br />Stream&lt;String&gt; stream = Stream.of("w", "o", "l", "f");<br />StringBuilder word = stream.collect(StringBuilder::new, StringBuilder::append, StringBuilder:append)<br /><br />Stream&lt;String&gt; stream = Stream.of("w", "o", "l", "f");<br />TreeSet&lt;String&gt; set = stream.collect(TreeSet::new, TreeSet::add, TreeSet::addAll);<br /><br /><br />&lt;<em>R</em>,<em>A</em>&gt; <em>R</em> <strong>collect</strong>(<strong>Collector</strong>&lt;? super<em> T</em>, <em>A</em>,<em>R</em>&gt; <em>collector</em>)<br /><br />Позволяет произвести редукцию в соответствии с коллектором. <br /><br />Stream&lt;String&gt; stream = Stream.of("w", "o", "l", "f");<br />TreeSet&lt;String&gt; set = stream.collect(Collectors.toCollection(TreeSet::new));',true,'');
INSERT INTO Question (id,realmId,type,text,regDate,updateDate) OVERRIDING SYSTEM VALUE VALUES (882,8,2,'Опишите промежуточную операцию <strong>filter</strong>().<br /><br />Приведите пример, оставляющий в потоке элементы, начинающиеся с "а".',TIMESTAMP '1970-01-01 03:00:00',TIMESTAMP '1970-01-01 03:00:00');
	INSERT INTO Answer (id,questionId,text,correct,comment) OVERRIDING SYSTEM VALUE VALUES (1869,882,'Возвращает поток, элементы которого удовлетворяют некоторому условию.<br /><br /><em>Stream</em>&lt;<em>T</em>&gt; <strong>filter</strong>(<strong>Predicate</strong>&lt;? super <em>T</em>&gt; <em>predicate</em>)<br /><br />Пример:<br /><br />Stream&lt;String&gt; s = Stream.of("monkey", "gorilla", "bonobo");<br />s = s.filter(x -&gt; x.startsWith("m"));',true,'');
INSERT INTO Question (id,realmId,type,text,regDate,updateDate) OVERRIDING SYSTEM VALUE VALUES (883,8,2,'Опишите промежуточную операцию <strong>distinct</strong>()',TIMESTAMP '1970-01-01 03:00:00',TIMESTAMP '1970-01-01 03:00:00');
	INSERT INTO Answer (id,questionId,text,correct,comment) OVERRIDING SYSTEM VALUE VALUES (1870,883,'Возвращает поток без повторяющихся элементов. Идентичность определяется по <strong>equals</strong>().<br /><br /><em>Stream</em>&lt;<em>T</em>&gt; <strong>distinct</strong>()',true,'');
INSERT INTO Question (id,realmId,type,text,regDate,updateDate) OVERRIDING SYSTEM VALUE VALUES (884,8,2,'Опишите промежуточные операции <strong>limit</strong>() и <strong>skip</strong>()',TIMESTAMP '1970-01-01 03:00:00',TIMESTAMP '1970-01-01 03:00:00');
	INSERT INTO Answer (id,questionId,text,correct,comment) OVERRIDING SYSTEM VALUE VALUES (1871,884,'Операции уменьшают исходный поток. Конечный поток могут сделать меньше, бесконечный - сделать конечным.<br /><br /><em>Stream</em>&lt;<em>T</em>&gt; <strong>limit</strong>(<strong>long </strong><em>maxSize</em>)<br /><em>Stream</em>&lt;<em>T</em>&gt; <strong>skip</strong>(<strong>long </strong><em>n</em>)<br /><br /><strong>limit</strong> ограничивает поток заданным <em>maxSize</em> (отсекает все последующие элементы. <strong>skip</strong> игнорирует первые <em>n</em> элементов потока.<br /><br />Stream&lt;Integer&gt; s = Stream.iterate(1, n -&gt; n + 1);<br />s.skip(5).limit(2).forEach(System.out::print); // 67',true,'');
INSERT INTO Question (id,realmId,type,text,regDate,updateDate) OVERRIDING SYSTEM VALUE VALUES (885,8,2,'Опишите промежуточную операцию <strong>map</strong>().<br /><br />Приведите пример маппинга потока строк на их длины.',TIMESTAMP '1970-01-01 03:00:00',TIMESTAMP '1970-01-01 03:00:00');
	INSERT INTO Answer (id,questionId,text,correct,comment) OVERRIDING SYSTEM VALUE VALUES (1872,885,'Операция осуществляет маппинг всех элементов потока в соответствии с некоторой функцией.<br /><br />&lt;<em>R</em>&gt; <em>Stream</em>&lt;<em>R</em>&gt; <strong>map</strong>(<strong>Function</strong>&lt;? super <em>T</em>, ? extends <em>R</em>&gt; <em>mapper</em>)<br /><br />Пример:<br /><br />Stream&lt;String&gt; s = Stream.of("monkey", "gorilla", "bonobo");<br />Stream&lt;Integer&gt; i = s.map(String::length);',true,'');
INSERT INTO Question (id,realmId,type,text,regDate,updateDate) OVERRIDING SYSTEM VALUE VALUES (886,8,2,'Опишите промежуточную операцию <strong>flatMap</strong>()',TIMESTAMP '1970-01-01 03:00:00',TIMESTAMP '1970-01-01 03:00:00');
	INSERT INTO Answer (id,questionId,text,correct,comment) OVERRIDING SYSTEM VALUE VALUES (1873,886,'Операция берет содержимое каждого элемента и помещает вложенные элементы в новый поток, делая плоскую структуру.<br /><br />&lt;<em>R</em>&gt; <em>Stream</em>&lt;<em>R</em>&gt; <strong>flatMap</strong>(<strong>Function</strong>&lt;? super <em>T</em>, ? extends <em>Stream</em>&lt;? extends <em>R</em>&gt;&gt; <em>mapper</em>)<br /><br />Пример:<br />List&lt;String&gt; zero = Arrays.asList();<br />List&lt;String&gt; one = Arrays.asList("Bonobo");<br />List&lt;String&gt; two = Arrays.asList("Mama Gorilla", "Baby Gorilla");<br />Stream&lt;List&lt;String&gt;&gt; animals = Stream.of(zero, one, two);<br />Stream&lt;String&gt; flatMap = animals.flatMap(l -&gt; l.stream());<br /><br />метод не рекурсивный, чтобы "распаковать" Stream&lt;List&lt;List&lt;String&gt;&gt;&gt;, придется делать что-то вроде<br />Stream&lt;String&gt; flatMap = animals.flatMap(l -&gt; l.stream()).flatMap(l -&gt; l.stream());',true,'');
INSERT INTO Question (id,realmId,type,text,regDate,updateDate) OVERRIDING SYSTEM VALUE VALUES (887,8,2,'Опишите промежуточную операцию <strong>sorted</strong>()',TIMESTAMP '1970-01-01 03:00:00',TIMESTAMP '1970-01-01 03:00:00');
	INSERT INTO Answer (id,questionId,text,correct,comment) OVERRIDING SYSTEM VALUE VALUES (1874,887,'Операция возвращает сортированный поток. Использует естественный порядок, если нет компаратора.<br /><br /><em>Stream</em>&lt;<em>T</em>&gt; <strong>sorted</strong>()<br /><em>Stream</em>&lt;<em>T</em>&gt; <strong>sorted</strong>(<strong>Comparator</strong>&lt;? super <em>T</em>&gt; <em>comparator</em>)<br /><br />',true,'');
INSERT INTO Question (id,realmId,type,text,regDate,updateDate) OVERRIDING SYSTEM VALUE VALUES (888,8,2,'Опишите промежуточную операцию <strong>peek</strong>()',TIMESTAMP '1970-01-01 03:00:00',TIMESTAMP '1970-01-01 03:00:00');
	INSERT INTO Answer (id,questionId,text,correct,comment) OVERRIDING SYSTEM VALUE VALUES (1875,888,'Операция, предназначенная для отладочных целей. Не меняет поток. Позволяет выполнить некоторую операцию на переборе потока. !Не защищает от несанкционированной попытки изменить элемент потока.<br /><br /><em>Stream</em>&lt;<em>T</em>&gt; <strong>peek</strong>(<strong>Consumer</strong>&lt;? super <em>T</em>&gt; <em>action</em>)<br /><br />Пример: вывод содержимого потока в процессе обработки:<br /><br />Stream&lt;String&gt; stream = Stream.of("black bear", "brown bear", "grizzly");<br />long count = stream.filter(s -&gt; s.startsWith("g")).peek(System.out::println).count();<br /><br /><br />',true,'');
INSERT INTO Question (id,realmId,type,text,regDate,updateDate) OVERRIDING SYSTEM VALUE VALUES (889,8,2,'Дан список<br /><br />List&lt;String&gt; list = Arrays.asList("Toby", "Anna", "Leroy", "Alex");<br /><br />Используя потоки, выведите на печать ровно два элемента длиной в 4 символа, являющихся первыми в алфавитном порядке из всех 4-символьных (т.е. Alex, Anna).',TIMESTAMP '1970-01-01 03:00:00',TIMESTAMP '1970-01-01 03:00:00');
	INSERT INTO Answer (id,questionId,text,correct,comment) OVERRIDING SYSTEM VALUE VALUES (1876,889,'list.stream().filter(n -&gt; n.length() == 4).sorted()<br />.limit(2).forEach(System.out::println);',true,'');
INSERT INTO Question (id,realmId,type,text,regDate,updateDate) OVERRIDING SYSTEM VALUE VALUES (890,8,2,'Что напечатается в результате работы следующего кода?<br /><br />Stream.generate(() -&gt; "Elsa")<br />&nbsp; .filter(n -&gt; n.length() == 4)<br />&nbsp; .sorted()<br />&nbsp; .limit(2)<br />&nbsp; .forEach(System.out::println);',TIMESTAMP '1970-01-01 03:00:00',TIMESTAMP '1970-01-01 03:00:00');
	INSERT INTO Answer (id,questionId,text,correct,comment) OVERRIDING SYSTEM VALUE VALUES (1877,890,'Конвейер зависнет. Методу <strong>sorted</strong>() для правильной сортировки нужно получить на вход все элементы потока, а поток бесконечный. Метод <strong>filter</strong>() не зависнет, поскольку он может сразу передать элемент дальше по ленте конвейера, не дожидаясь, пока получит все.',true,'');
INSERT INTO Question (id,realmId,type,text,regDate,updateDate) OVERRIDING SYSTEM VALUE VALUES (891,8,2,'<a>Что напечатается в результате работы следующего кода?<br /><br />Stream.generate(() -&gt; "Elsa")<br />&nbsp; .filter(n -&gt; n.length() == 4)<br />&nbsp; .limit(2)<br />&nbsp; .sorted()<br />&nbsp; .forEach(System.out::println);<br /></a>',TIMESTAMP '1970-01-01 03:00:00',TIMESTAMP '1970-01-01 03:00:00');
	INSERT INTO Answer (id,questionId,text,correct,comment) OVERRIDING SYSTEM VALUE VALUES (1878,891,'Elsa<br />Elsa<br /><br /><strong>filter</strong>() передает элементы дальше в <strong>limit</strong>() сразу, ему не нужны все элементы потока, <strong>limit</strong>() передаст первые два элемента в <strong>sorted</strong>(), после чего обрежет поток , а <strong>sorted</strong>() спокойно отсортирует конечный набор.',true,'');
INSERT INTO Question (id,realmId,type,text,regDate,updateDate) OVERRIDING SYSTEM VALUE VALUES (892,8,2,'<a>Что напечатается в результате работы следующего кода?<br /><br />Stream.generate(() -&gt; "Olaf Lazisson")<br />&nbsp; .filter(n -&gt; n.length() == 4)<br />&nbsp; .limit(2)<br />&nbsp; .sorted()<br />&nbsp; .forEach(System.out::println);<br /></a>',TIMESTAMP '1970-01-01 03:00:00',TIMESTAMP '1970-01-01 03:00:00');
	INSERT INTO Answer (id,questionId,text,correct,comment) OVERRIDING SYSTEM VALUE VALUES (1879,892,'Поток зависнет в <strong>filter</strong>(), поскольку ни один его элемент никогда не будет передан в <strong>limit</strong>().',true,'');
INSERT INTO Question (id,realmId,type,text,regDate,updateDate) OVERRIDING SYSTEM VALUE VALUES (893,8,2,'Что напечатает следующий код?<br /><br />Stream&lt;Integer&gt; infinite = Stream.iterate(1, x -&gt; x + 1);<br />infinite.limit(5)<br />&nbsp; .peek(System.out::print)<br />&nbsp; .filter(x -&gt; x % 2 == 1)<br />&nbsp; .forEach(System.out::print);',TIMESTAMP '1970-01-01 03:00:00',TIMESTAMP '1970-01-01 03:00:00');
	INSERT INTO Answer (id,questionId,text,correct,comment) OVERRIDING SYSTEM VALUE VALUES (1880,893,'11233455. каждый элемент просматривается и передается дальше по конвейеру, но до конца конвейера доходит не каждый',true,'');
INSERT INTO Question (id,realmId,type,text,regDate,updateDate) OVERRIDING SYSTEM VALUE VALUES (894,8,2,'Что напечатает следующий код?<br /><br />Stream&lt;Integer&gt; infinite = Stream.iterate(1, x -&gt; x + 1);<br />infinite.filter(x -&gt; x % 2 == 1)<br />&nbsp; .peek(System.out::print)<br />&nbsp; .limit(5)<br />&nbsp; .forEach(System.out::print);',TIMESTAMP '1970-01-01 03:00:00',TIMESTAMP '1970-01-01 03:00:00');
	INSERT INTO Answer (id,questionId,text,correct,comment) OVERRIDING SYSTEM VALUE VALUES (1881,894,'1133557799',true,'');
INSERT INTO Question (id,realmId,type,text,regDate,updateDate) OVERRIDING SYSTEM VALUE VALUES (895,8,2,'Перечислите способы распечатать содержимое потока с объяснением их особенностей.',TIMESTAMP '1970-01-01 03:00:00',TIMESTAMP '1970-01-01 03:00:00');
	INSERT INTO Answer (id,questionId,text,correct,comment) OVERRIDING SYSTEM VALUE VALUES (1882,895,'1) s.forEach(System.out::println);<br /><br />завершает поток, зависает на бесконечных потоках<br /><br />2) System.out.println(s.collect(Collectors.toList()));<br /><br />завершает поток, зависает на бесконечных потоках<br /><br />3) s.peek(System.out::println).count();<br /><br />не завершает поток, зависает на бесконечных потоках (<strong>count</strong> нужен как терминальная операция, иначе <strong>peek</strong> не вызовется)<br /><br />4) s.limit(5).forEach(System.out::println);<br /><br />завершает поток, годится для бесконечных потоков.',true,'');
INSERT INTO Question (id,realmId,type,text,regDate,updateDate) OVERRIDING SYSTEM VALUE VALUES (896,8,0,'У примитивных потоков есть метод <strong>average</strong>(), который возвращает среднее для значений потока. Является терминальной операцией. Возвращает <strong>OptionalDouble</strong>, у которого есть метод <strong>getAsDouble</strong>(), возвращающий значение <strong>double</strong> либо <strong>NoSuchElementException</strong>, если контейнер пуст.',TIMESTAMP '1970-01-01 03:00:00',TIMESTAMP '1970-01-01 03:00:00');
INSERT INTO Question (id,realmId,type,text,regDate,updateDate) OVERRIDING SYSTEM VALUE VALUES (897,8,2,'Перечислите потоки, предназначенные для работы с примитивами, и сферу их применения.',TIMESTAMP '1970-01-01 03:00:00',TIMESTAMP '1970-01-01 03:00:00');
	INSERT INTO Answer (id,questionId,text,correct,comment) OVERRIDING SYSTEM VALUE VALUES (1883,897,'<strong>IntStream</strong> для <strong>byte</strong>, <strong>short</strong>, <strong>int</strong>, <strong>char<br />LongStream </strong>для <strong>long<br />DoubleStream </strong>для <strong>double</strong> и <strong>float</strong>',true,'');
INSERT INTO Question (id,realmId,type,text,regDate,updateDate) OVERRIDING SYSTEM VALUE VALUES (898,8,0,'статические методы <strong>empty</strong>(), <strong>of</strong>(), <strong>generate</strong>(), <strong>iterate</strong>() у примитивных потоков работают так же, как у дженерик-потоков.',TIMESTAMP '1970-01-01 03:00:00',TIMESTAMP '1970-01-01 03:00:00');
INSERT INTO Question (id,realmId,type,text,regDate,updateDate) OVERRIDING SYSTEM VALUE VALUES (899,8,0,'У класса java.util.<strong>Random</strong> есть метод экземпляра <strong>ints</strong>(), возвращающий поток случайных целых.',TIMESTAMP '1970-01-01 03:00:00',TIMESTAMP '1970-01-01 03:00:00');
INSERT INTO Question (id,realmId,type,text,regDate,updateDate) OVERRIDING SYSTEM VALUE VALUES (900,8,0,'У класса IntStream есть статичные методы <strong>range</strong>(int, int) (включающий диапазон) и <strong>rangeClosed</strong>(int, int) (исключающий диапазон). Оба нижеследующих примера продуцируют целочисленный поток [1,5]<br /><br />IntStream range = IntStream.range(1, 6);<br />IntStream rangeClosed = IntStream.rangeClosed(1, 5);',TIMESTAMP '1970-01-01 03:00:00',TIMESTAMP '1970-01-01 03:00:00');
INSERT INTO Question (id,realmId,type,text,regDate,updateDate) OVERRIDING SYSTEM VALUE VALUES (901,8,2,'Укажите метод маппинга различных потоков (объектных и примитивных) в другие потоки<strong>.</strong>',TIMESTAMP '1970-01-01 03:00:00',TIMESTAMP '1970-01-01 03:00:00');
	INSERT INTO Answer (id,questionId,text,correct,comment) OVERRIDING SYSTEM VALUE VALUES (1884,901,'<strong>map</strong> - для примитивных маппинг в себя, для объектных - в произвольных тип<br /><strong>mapToDouble</strong><br /><strong>mapToInt</strong><br /><strong>mapToLong.</strong><br /><br />Разумеется, у <strong>IntStream</strong> нет метода <strong>mapToInt </strong>и т.п.',true,'');
INSERT INTO Question (id,realmId,type,text,regDate,updateDate) OVERRIDING SYSTEM VALUE VALUES (902,8,2,'Какие аргументы подаются методам мапинга потоков <strong>mapToInt</strong> , <strong>mapToObj</strong> и т.д.?',TIMESTAMP '1970-01-01 03:00:00',TIMESTAMP '1970-01-01 03:00:00');
	INSERT INTO Answer (id,questionId,text,correct,comment) OVERRIDING SYSTEM VALUE VALUES (1885,902,'Если <span style="text-decoration: underline;"><strong>Stream</strong> </span>- <strong>Function</strong> (в такой же поток), <strong>ToDoubleFunction</strong>, <strong>ToIntFunction</strong>, <strong>ToLongFunction<br /></strong>Если <span style="text-decoration: underline;"><strong>IntStream</strong> </span>- <strong>IntUnaryOperator</strong> (в такой же), <strong>IntFunction</strong> (в Stream), <strong>IntToDoubleFunction</strong>, <strong>IntToLongFunction<br /></strong>Если <strong><span style="text-decoration: underline;">DoubleStream</span> </strong>- <strong>DoubleUnaryOperator</strong> (в такой же), <strong>DoubleFunction</strong> (в Stream), <strong>DoubleToIntFunction</strong>, <strong>DoubleToLongFunction<br /></strong>Если <span style="text-decoration: underline;"><strong>LongStream</strong> </span>- <strong>LongUnaryOperator</strong> (в такой же), <strong>LongFunction</strong> (в Stream), <strong>LongToIntFunction</strong>, <strong>LongToDoubleFunction<br /></strong>',true,'');
INSERT INTO Question (id,realmId,type,text,regDate,updateDate) OVERRIDING SYSTEM VALUE VALUES (903,8,0,'В интерфейсе <strong>Stream</strong> есть методы <strong>flatMapToInt</strong>() и т.п., которые позволяют, получив на вход маппер <strong>Function</strong>&lt;? super <em>T</em>,? extends <em>IntStream</em>&gt; и т.п., замаппить каждый элемент потока на поток примитивов и получить итоговый плоский поток. Каждый получившийся примитивный поток, передав свои данные в итоговый поток, закрывается.',TIMESTAMP '1970-01-01 03:00:00',TIMESTAMP '1970-01-01 03:00:00');
INSERT INTO Question (id,realmId,type,text,regDate,updateDate) OVERRIDING SYSTEM VALUE VALUES (904,8,2,'Опишите <strong>Optional</strong>-классы для примитивов и подчеркните их отличия от <strong>Optional</strong>&lt;<em>T</em>&gt;',TIMESTAMP '1970-01-01 03:00:00',TIMESTAMP '1970-01-01 03:00:00');
	INSERT INTO Answer (id,questionId,text,correct,comment) OVERRIDING SYSTEM VALUE VALUES (1886,904,'1) Называются: <strong>OptionalDouble</strong>, <strong>OptionalInt</strong>, <strong>OptionalLong</strong><br />2) методы для получения значений: <strong>getAsDouble</strong>(), <strong>getAsInt</strong>(), <strong>getAsLong</strong>()<br />3) параметр <strong>orElseGet</strong>(): <strong>DoubleSupplier</strong>, <strong>IntSupplier</strong>, <strong>LongSupplier</strong><br />4) операции <strong>max</strong>, <strong>min</strong>, <strong>findAny</strong>, <strong>findFirst, reduce</strong> возвращают: <strong>OptionalDouble</strong>, <strong>OptionalInt</strong>, <strong>OptionalLong<br /></strong>5) операция <strong>sum</strong>() возвращает: <strong>double</strong>, <strong>int</strong>, <strong>long</strong><br />6) операция <strong>average</strong>() возвращает: всегда <strong>OptionalDouble</strong>',true,'');
INSERT INTO Question (id,realmId,type,text,regDate,updateDate) OVERRIDING SYSTEM VALUE VALUES (905,8,2,'Напишите метод, который принимает поток <strong>int</strong>, возвращает максимальное значение потока и выдает исключение, если поток пуст.',TIMESTAMP '1970-01-01 03:00:00',TIMESTAMP '1970-01-01 03:00:00');
	INSERT INTO Answer (id,questionId,text,correct,comment) OVERRIDING SYSTEM VALUE VALUES (1887,905,'private static int max(IntStream ints) {<br />&nbsp;&nbsp;&nbsp; OptionalInt optional = ints.max();<br />&nbsp;&nbsp;&nbsp; return optional.orElseThrow(RuntimeException::new);<br />}',true,'');
INSERT INTO Question (id,realmId,type,text,regDate,updateDate) OVERRIDING SYSTEM VALUE VALUES (906,8,0,'Поскольку поток завершается применением терминальной операции, а мым можем хотеть получить несколько статистических данных (например, и минимум, и максимум), у примитивных потоков есть удобный метод <strong>summaryStatistics</strong>(), возвращающий объект <strong>Int(Long, Double)SummaryStatistics</strong>, у которого есть методы <strong>getAverage</strong>(), <strong>getCount</strong>(), <strong>getMax</strong>(), <strong>getMin</strong>(), <strong>getSum</strong>(). <br /><br />private static int range(IntStream ints) {<br />&nbsp;&nbsp;&nbsp; IntSummaryStatistics stats = ints.summaryStatistics();<br />&nbsp;&nbsp;&nbsp; if (stats.getCount() == 0) throw new RuntimeException();<br />&nbsp;&nbsp;&nbsp; return stats.getMax()&mdash;stats.getMin();<br />}',TIMESTAMP '1970-01-01 03:00:00',TIMESTAMP '1970-01-01 03:00:00');
INSERT INTO Question (id,realmId,type,text,regDate,updateDate) OVERRIDING SYSTEM VALUE VALUES (907,8,2,'Опишите интерфейсы-поставщики для примитивных значений.',TIMESTAMP '1970-01-01 03:00:00',TIMESTAMP '1970-01-01 03:00:00');
	INSERT INTO Answer (id,questionId,text,correct,comment) OVERRIDING SYSTEM VALUE VALUES (1888,907,'1) <strong>BooleanSupplier</strong><br />boolean getAsBoolean()<br /><br />2) <strong>DoubleSupplier</strong><br />double getAsDouble()<br /><br />3) <strong>IntSupplier</strong><br />int getAsInt()<br /><br />4) <strong>LongSupplier</strong><br />long getAsLong()',true,'');
INSERT INTO Question (id,realmId,type,text,regDate,updateDate) OVERRIDING SYSTEM VALUE VALUES (908,8,2,'Опишите интерфейсы-потребители для примитивных значений.',TIMESTAMP '1970-01-01 03:00:00',TIMESTAMP '1970-01-01 03:00:00');
	INSERT INTO Answer (id,questionId,text,correct,comment) OVERRIDING SYSTEM VALUE VALUES (1889,908,'1) <strong>DoubleConsumer</strong><br />void accept(double value)<br /><br />2) <strong>IntConsumer</strong><br />void accept(int value)<br /><br />2) <strong>LongConsumer</strong><br />void accept(long value)',true,'');
INSERT INTO Question (id,realmId,type,text,regDate,updateDate) OVERRIDING SYSTEM VALUE VALUES (909,8,2,'<a>Опишите интерфейсы-предикаты для примитивных значений. <br /><br /><br /></a>',TIMESTAMP '1970-01-01 03:00:00',TIMESTAMP '1970-01-01 03:00:00');
	INSERT INTO Answer (id,questionId,text,correct,comment) OVERRIDING SYSTEM VALUE VALUES (1890,909,'1) <strong>DoublePredicate</strong><br />boolean test(double value)<br /><br />2) <strong>IntPredicate</strong><br />boolean test(int value)<br /><br />3) <strong>LongPredicate</strong><br />boolean test(long value)',true,'');
INSERT INTO Question (id,realmId,type,text,regDate,updateDate) OVERRIDING SYSTEM VALUE VALUES (910,8,2,'<a>Опишите интерфейсы-функции для примитивных значений. </a>',TIMESTAMP '1970-01-01 03:00:00',TIMESTAMP '1970-01-01 03:00:00');
	INSERT INTO Answer (id,questionId,text,correct,comment) OVERRIDING SYSTEM VALUE VALUES (1891,910,'1) <strong>DoubleFunction</strong>&lt;<em>R</em>&gt;<br />R apply(double value)<br /><br /><strong>ToDoubleFunction</strong>&lt;<em>T</em>&gt;<br />double applyAsDouble(T value)<br /><br />2) <strong>IntFunction</strong>&lt;<em>R</em>&gt;<br />R apply(int value)<br /><br /><strong>ToIntFunction</strong>&lt;<em>T</em>&gt;<br />int applyAsInt(T value)<br /><br />3) <strong>LongFunction</strong>&lt;<em>R</em>&gt;<br />R apply(long value)<br /><br /><strong>ToLongFunction</strong>&lt;<em>T</em>&gt;<br />long applyAsLong(T value)',true,'');
INSERT INTO Question (id,realmId,type,text,regDate,updateDate) OVERRIDING SYSTEM VALUE VALUES (911,8,2,'Опишите интерфейсы-унарные операторы для примитивных значений.',TIMESTAMP '1970-01-01 03:00:00',TIMESTAMP '1970-01-01 03:00:00');
	INSERT INTO Answer (id,questionId,text,correct,comment) OVERRIDING SYSTEM VALUE VALUES (1892,911,'1) <strong>DoubleUnaryOperator</strong><br />double applyAsDouble(double operand)<br /><br />2) <strong>IntUnaryOperator</strong><br />int applyAsInt(int operand)<br /><br />3) <strong>LongUnaryOperator</strong><br />long applyAsLong(long operand)',true,'');
INSERT INTO Question (id,realmId,type,text,regDate,updateDate) OVERRIDING SYSTEM VALUE VALUES (912,8,2,'Опишите интерфейсы-бинарные операторы для примитивных значений.',TIMESTAMP '1970-01-01 03:00:00',TIMESTAMP '1970-01-01 03:00:00');
	INSERT INTO Answer (id,questionId,text,correct,comment) OVERRIDING SYSTEM VALUE VALUES (1893,912,'1) <strong>DoubleBinaryOperator</strong><br />double applyAsDouble(double left, double right)<br /><br />2) <strong>IntBinaryOperator</strong><br />int applyAsInt(int left, int right)<br /><br />1) <strong>LongBinaryOperator</strong><br />long applyAsLong(long left, long right)',true,'');
INSERT INTO Question (id,realmId,type,text,regDate,updateDate) OVERRIDING SYSTEM VALUE VALUES (913,8,0,'Аналогов интерфейсов <strong>BiConsumer</strong>, <strong>BiPredicate</strong> и&nbsp; <strong>BiFunction</strong> (последнее не путать с ToLongBiFunction и др., который <span style="text-decoration: underline;">возвращают,</span> а не принимают примитивы) для примитивных значений нет - они не востребованы.',TIMESTAMP '1970-01-01 03:00:00',TIMESTAMP '1970-01-01 03:00:00');
INSERT INTO Question (id,realmId,type,text,regDate,updateDate) OVERRIDING SYSTEM VALUE VALUES (914,8,2,'Опишите интерфейсы-бифункции для примитивных типов.',TIMESTAMP '1970-01-01 03:00:00',TIMESTAMP '1970-01-01 03:00:00');
	INSERT INTO Answer (id,questionId,text,correct,comment) OVERRIDING SYSTEM VALUE VALUES (1894,914,'1) <strong>ToDoubleBiFunction</strong>&lt;<em>T</em>, <em>U</em>&gt;<br />double applyAsDouble(T t, U u)<br /><br />2) <strong>ToIntBiFunction</strong>&lt;<em>T</em>, <em>U</em>&gt;<br />int applyAsInt(T t, U u)<br /><br />3) <strong>ToLongBiFunction</strong>&lt;<em>T</em>, <em>U</em>&gt;<br />long applyAsLong(T t, U u)',true,'');
INSERT INTO Question (id,realmId,type,text,regDate,updateDate) OVERRIDING SYSTEM VALUE VALUES (915,8,2,'Опишите интерфейсы-функции преобразования между примитивными типами.',TIMESTAMP '1970-01-01 03:00:00',TIMESTAMP '1970-01-01 03:00:00');
	INSERT INTO Answer (id,questionId,text,correct,comment) OVERRIDING SYSTEM VALUE VALUES (1895,915,'1) <strong>DoubleToIntFunction</strong><br />int applyAsInt(double value)<br /><br />2) <strong>DoubleToLongFunction</strong><br />long applyAsLong(double value)<br /><br />3) <strong>IntToDoubleFunction</strong><br />double applyAsDouble(int value)<br /><br />4) <strong>IntToLongFunction</strong><br />long applyAsLong(int value)<br /><br />5) <strong>LongToDoubleFunction</strong><br />double applyAsDouble(long value)<br /><br />6) <strong>LongToIntFunction</strong><br />int applyAsInt(long value)',true,'');
INSERT INTO Question (id,realmId,type,text,regDate,updateDate) OVERRIDING SYSTEM VALUE VALUES (916,8,2,'Опишите интерфейсы-потребители объектов и примитивов.',TIMESTAMP '1970-01-01 03:00:00',TIMESTAMP '1970-01-01 03:00:00');
	INSERT INTO Answer (id,questionId,text,correct,comment) OVERRIDING SYSTEM VALUE VALUES (1896,916,'1) <strong>ObjDoubleConsumer&lt;T&gt;</strong><br />void accept(T t, double value)<br /><br />2) <strong>ObjIntConsumer&lt;T&gt;</strong><br />void accept(T t, int value)<br /><br />1) <strong>ObjLongConsumer&lt;T&gt;</strong><br />void accept(T t, long value)',true,'');
INSERT INTO Question (id,realmId,type,text,regDate,updateDate) OVERRIDING SYSTEM VALUE VALUES (917,8,2,'Какой функциональный интерфейс можно было бы использовать на месте прочерка?<br /><br />double d = 1.0;<br />_________ f1 = x -&gt; 1;<br />f1.applyAsInt(d);',TIMESTAMP '1970-01-01 03:00:00',TIMESTAMP '1970-01-01 03:00:00');
	INSERT INTO Answer (id,questionId,text,correct,comment) OVERRIDING SYSTEM VALUE VALUES (1897,917,'<strong>DoubleToIntFunction </strong>и<strong> ToIntFunction<br /></strong>',true,'');
INSERT INTO Question (id,realmId,type,text,regDate,updateDate) OVERRIDING SYSTEM VALUE VALUES (918,8,2,'Что выдаст следующий код?<br /><br />List&lt;String&gt; cats = new ArrayList&lt;&gt;();<br />cats.add("Annie");<br />cats.add("Ripley");<br />Stream&lt;String&gt; stream = cats.stream();<br />cats.add("KC");<br />System.out.println(stream.count());',TIMESTAMP '1970-01-01 03:00:00',TIMESTAMP '1970-01-01 03:00:00');
	INSERT INTO Answer (id,questionId,text,correct,comment) OVERRIDING SYSTEM VALUE VALUES (1898,918,'<strong>3</strong>. Потоки используют lazy evaluation, так что в строке <br />Stream&lt;String&gt; stream = cats.stream(); <br />полновесный поток реально не создается, а создается объект потока, который знает, куда смотреть, когда потребуются данные.',true,'');
INSERT INTO Question (id,realmId,type,text,regDate,updateDate) OVERRIDING SYSTEM VALUE VALUES (919,8,0,'В классе java.util.<strong>Optional</strong>&lt;<em>T</em>&gt; есть полезные методы:<br /><br />1) &lt;U&gt; Optional&lt;U&gt; <strong>map</strong>(Function&lt;? super T,? extends U&gt; mapper)<br /><br />мапит Optional в Optional потенциально другого типа.<br />Если результат функции null или если исходный контейнер пустой - будет пустой контейнер.<br />Если маппер null, то NullPointerException<br /><br />2) Optional&lt;T&gt; <strong>filter</strong>(Predicate&lt;? super T&gt; predicate)<br /><br />Проверяет содержимое контейнера на соответствие предикату. Если не соответствуют - возвращает пустой контейнер, если соответствует - возвращает контейнер со значением.<br /><br />3) &lt;U&gt; Optional&lt;U&gt; <strong>flatMap</strong>(Function&lt;? super T,Optional&lt;U&gt;&gt; mapper)<br /><br />Метод похож на map, но для мапинга используею функцию, которая возвращает Optional&lt;U&gt;, а не значение.',TIMESTAMP '1970-01-01 03:00:00',TIMESTAMP '1970-01-01 03:00:00');
INSERT INTO Question (id,realmId,type,text,regDate,updateDate) OVERRIDING SYSTEM VALUE VALUES (920,8,2,'Напишите метод, который принимает Optional&lt;Integer&gt; и печатает его содержимое, если в числе ровно три цифры.',TIMESTAMP '1970-01-01 03:00:00',TIMESTAMP '1970-01-01 03:00:00');
	INSERT INTO Answer (id,questionId,text,correct,comment) OVERRIDING SYSTEM VALUE VALUES (1899,920,'void threeDigit(Optional&lt;Integer&gt; optional) {<br />&nbsp;&nbsp;&nbsp; optional.map(n -&gt; "" + n)<br />&nbsp;&nbsp;&nbsp;&nbsp;&nbsp; .filter(s -&gt; s.length() == 3)<br />&nbsp;&nbsp;&nbsp;&nbsp;&nbsp; .ifPresent(System.out::println);<br />}',true,'');
INSERT INTO Question (id,realmId,type,text,regDate,updateDate) OVERRIDING SYSTEM VALUE VALUES (921,8,0,'Методы, которые выбрасывают checked exceptions, нельзя использовать в лямбдах на основе стандартных функциональных интерфейсов Java, так как последние не могут продуцировать checked exceptions. В этом случае будет ошибка компиляции. Выходов два.<br />1) написать собственный функциональный интерфейс, декларирующий checked exceptions<br />2) написать метод-обертку, в котором checked exception будет преобразовываться в uncheched, и уже этот метод использовать в лямбде.',TIMESTAMP '1970-01-01 03:00:00',TIMESTAMP '1970-01-01 03:00:00');
INSERT INTO Question (id,realmId,type,text,regDate,updateDate) OVERRIDING SYSTEM VALUE VALUES (922,8,0,'В Collectors есть коллекторы<br />Collector&lt;T,?,Double&gt; <strong>averagingDouble</strong>(ToDoubleFunction&lt;? super T&gt; f), <br />Collector&lt;T,?,Double&gt; <strong>averagingInt</strong>(ToIntFunction&lt;? super T&gt; f), <br />Collector&lt;T,?,Double&gt; <strong>averagingLong</strong>(ToDoubleFunction&lt;? super T&gt; f)<br /><br />высчитывают среднее по итогам маппинга на примитив.<br /><br />Пример:<br />Stream&lt;String&gt; ohMy = Stream.of("lions", "tigers", "bears");<br />Double result = ohMy.collect(Collectors.averagingInt(String::length));',TIMESTAMP '1970-01-01 03:00:00',TIMESTAMP '1970-01-01 03:00:00');
INSERT INTO Question (id,realmId,type,text,regDate,updateDate) OVERRIDING SYSTEM VALUE VALUES (923,8,0,'<a>В Collectors есть коллектор<br /><br />Collector&lt;T,?,Long&gt; <strong>counting</strong>()<br /><br />который считает элементы<br /><br />Пример:<br />Stream&lt;String&gt; ohMy = Stream.of("lions", "tigers", "bears");<br />Long result = ohMy.collect(Collectors.counting());<br /><br /></a>',TIMESTAMP '1970-01-01 03:00:00',TIMESTAMP '1970-01-01 03:00:00');
INSERT INTO Question (id,realmId,type,text,regDate,updateDate) OVERRIDING SYSTEM VALUE VALUES (924,8,0,'<a>В Collectors есть коллекторы<br /><br />Collector&lt;CharSequence,?,String&gt; <strong>joining</strong>()<br />Collector&lt;CharSequence,?,String&gt; <strong>joining</strong>(CharSequence delimiter)<br /><br />конкатенация с разделителем или без. порядок сохраняется.<br /><br />Пример:<br /><br />Stream&lt;String&gt; ohMy = Stream.of("lions", "tigers", "bears");<br />String result = ohMy.collect(Collectors.joining(", "));<br /><br /></a>',TIMESTAMP '1970-01-01 03:00:00',TIMESTAMP '1970-01-01 03:00:00');
INSERT INTO Question (id,realmId,type,text,regDate,updateDate) OVERRIDING SYSTEM VALUE VALUES (925,8,0,'<a>В Collectors есть коллекторы<br /><br />Collector&lt;T,?,Optional&lt;T&gt;&gt; <strong>minBy</strong>(Comparator&lt;? super T&gt; comparator)<br />Collector&lt;T,?,Optional&lt;T&gt;&gt; <strong>maxBy</strong>(Comparator&lt;? super T&gt; comparator)<br /><br />поиск максимального/минимального элемента согласно компаратору<br /><br />Stream&lt;String&gt; ohMy = Stream.of("lions", "tigers", "bears");<br />Optional&lt;String&gt; result = ohMy.collect(Collectors.minBy(Comparator.naturalOrder()));<br /><br /></a>',TIMESTAMP '1970-01-01 03:00:00',TIMESTAMP '1970-01-01 03:00:00');
INSERT INTO Question (id,realmId,type,text,regDate,updateDate) OVERRIDING SYSTEM VALUE VALUES (926,8,0,'<a>В Collectors есть коллекторы<br /><br />Collector&lt;T,?,DoubleSummaryStatistics&gt; <strong>summarizingDouble</strong>(ToDoubleFunction&lt;? super T&gt; mapper)<br />Collector&lt;T,?,IntSummaryStatistics&gt; <strong>summarizingInt</strong>(ToIntFunction&lt;? super T&gt; mapper)<br />Collector&lt;T,?,LongSummaryStatistics&gt; <strong>summarizingLong</strong>(ToLongFunction&lt;? super T&gt; mapper)<br /><br />Возвращают объекты статистики по потоку.<br /><br />Пример:<br /><br />Stream&lt;String&gt; ohMy = Stream.of("lions", "tigers", "bears");<br />IntSummaryStatistics result = ohMy.collect(Collectors.summarizingInt(String::length));<br /><br /><br /><br /></a>',TIMESTAMP '1970-01-01 03:00:00',TIMESTAMP '1970-01-01 03:00:00');
INSERT INTO Question (id,realmId,type,text,regDate,updateDate) OVERRIDING SYSTEM VALUE VALUES (927,8,0,'<a>В Collectors есть коллекторы<br /><br />Collector&lt;T,?,Double&gt; <strong>summingDouble</strong>(ToDoubleFunction&lt;? super T&gt; mapper)<br />Collector&lt;T,?,Integer&gt; <strong>summingInt</strong>(ToIntFunction&lt;? super T&gt; mapper)<br />Collector&lt;T,?,Long&gt; <strong>summingLong</strong>(ToLongFunction&lt;? super T&gt; mapper)<br /><br />суммируют элементы по мапперу.<br /><br />Пример:<br /><br />Stream&lt;String&gt; ohMy = Stream.of("lions", "tigers", "bears");<br />int result = ohMy.collect(Collectors.summingInt(String::length));<br /><br /></a>',TIMESTAMP '1970-01-01 03:00:00',TIMESTAMP '1970-01-01 03:00:00');
INSERT INTO Question (id,realmId,type,text,regDate,updateDate) OVERRIDING SYSTEM VALUE VALUES (928,8,0,'<a>В Collectors есть коллекторы<br /><br />Сollector&lt;T,?,List&lt;T&gt;&gt; <strong>toList</strong>()<br />Collector&lt;T,?,Set&lt;T&gt;&gt; <strong>toSet</strong>()<br />Collector&lt;T,?,C&gt; <strong>toCollection</strong>(Supplier&lt;C&gt; collectionFactory)<br /><br />Помещают элементы в соответствующую коллекцию. О реализации List и Set мы ничего не знаем и полагаться на их класс, изменяемость, сериализируемость не можем. Если надо полагаться - то используем toCollection.<br /><br />Пример:<br /><br />Stream&lt;Integer&gt; ohMy = Stream.of(1,2,3);<br />List&lt;Integer&gt; result = ohMy.collect(Collectors.toCollection(() -&gt; new ArrayList()));<br />(а вот new ArrayList&lt;Integer&gt;()) не скомпилируется почему-то).<br /><br />или лучше<br /></a><a>List&lt;Integer&gt; result = ohMy.collect(Collectors.toCollection(ArrayList::new));<br /></a>',TIMESTAMP '1970-01-01 03:00:00',TIMESTAMP '1970-01-01 03:00:00');
INSERT INTO Question (id,realmId,type,text,regDate,updateDate) OVERRIDING SYSTEM VALUE VALUES (929,8,0,'<a>В Collectors есть коллекторы<br /><br /><strong>1</strong>) Collector&lt;T,?,Map&lt;K,U&gt;&gt; <strong>toMap</strong>(Function&lt;? super T,? extends K&gt; keyMapper, Function&lt;? super T,? extends U&gt; valueMapper)<br /><br />заполняет Map на основе каждого элемента потока. Пример:<br /><br />Stream&lt;String&gt; ohMy = Stream.of("lions", "tigers", "bears");<br />Map&lt;String, Integer&gt; map = ohMy.collect(<br />&nbsp; Collectors.toMap(s -&gt; s, String::length)); // здесь две лямбды - обычная и метод-ссылка<br /><br />Если поданные функции приведут к неуникальности ключей, будет RuntimeException.<br /><br /><strong>2</strong>) Collector&lt;T,?,Map&lt;K,U&gt;&gt; <strong>toMap</strong>(Function&lt;? super T,? extends K&gt; keyMapper, Function&lt;? super T,? extends U&gt; valueMapper, BinaryOperator&lt;U&gt; mergeFunction)<br /><br />То же самое, что и предыдущий, но есть защита от дублированных ключей - в этом случае значения смержатся в соответствии с mergeFunction. Пример: <br /><br />Stream&lt;String&gt; ohMy = Stream.of("lions", "tigers", "bears");<br />Map&lt;Integer, String&gt; map = ohMy.collect(Collectors.toMap(<br />&nbsp; String::length, k -&gt; k, (s1, s2) -&gt; s1 + "," + s2));<br /><br /><strong>3</strong>) Collector&lt;T,?,M&gt; toMap(Function&lt;? super T,? extends K&gt; keyMapper,<br />&nbsp;&nbsp; &nbsp;&nbsp; Function&lt;? super T,? extends U&gt; valueMapper,<br />&nbsp; &nbsp; &nbsp; BinaryOperator&lt;U&gt; mergeFunction,<br />&nbsp;&nbsp;&nbsp;&nbsp;&nbsp; Supplier&lt;M&gt; mapSupplier)<br /><br />все как и выше, но позволяет подать нужный объект Map, а не полагаться на решение Java.<br /><br />TreeMap&lt;Integer, String&gt; map = ohMy.collect(Collectors.toMap(<br />&nbsp; String::length, k -&gt; k, (s1, s2) -&gt; s1 + "," + s2, TreeMap::new));<br /></a>',TIMESTAMP '1970-01-01 03:00:00',TIMESTAMP '1970-01-01 03:00:00');
INSERT INTO Question (id,realmId,type,text,regDate,updateDate) OVERRIDING SYSTEM VALUE VALUES (930,8,0,'Лямбду-функцию, которая возвращает поданный аргумент (s -&gt; s), можно указать как Function.<strong>identity</strong>()',TIMESTAMP '1970-01-01 03:00:00',TIMESTAMP '1970-01-01 03:00:00');
INSERT INTO Question (id,realmId,type,text,regDate,updateDate) OVERRIDING SYSTEM VALUE VALUES (931,8,0,'<a>В Collectors есть коллекторы<br /><br />1) Collector&lt;T,?,Map&lt;K,List&lt;T&gt;&gt;&gt; <strong>groupingBy</strong>(Function&lt;? super T,? extends K&gt; classifier)<br /><br />возвращает Map, где ключом является результат работы функции, а значением - список элементов потока, которые порождают данный результат функции. Пример:<br /><br />Stream&lt;String&gt; ohMy = Stream.of("lions", "tigers", "bears");<br />Map&lt;Integer, List&lt;String&gt;&gt; map = ohMy.collect(<br />&nbsp; Collectors.groupingBy(String::length)); <br />-- {5=[lions, bears], 6=[tigers]}<br /><br />2) Collector&lt;T,?,Map&lt;K,D&gt;&gt; <strong>groupingBy</strong>(Function&lt;? super T,? extends K&gt; classifier, Collector&lt;? super T,A,D&gt; downstream)<br /><br />+ определяет способ организации сгруппированных наборов:<br /><br />Map&lt;Integer, Set&lt;String&gt;&gt; map = ohMy.collect(<br />&nbsp; Collectors.groupingBy(String::length, Collectors.toSet()));<br /><br />3) Collector&lt;T,?,M&gt; <strong>groupingBy</strong>(Function&lt;? super T,? extends K&gt; classifier, Supplier&lt;M&gt; mapFactory, Collector&lt;? super T,A,D&gt; downstream)<br /><br />+ явно подает объект Map: <br /><br />TreeMap&lt;Integer, Set&lt;String&gt;&gt; map = ohMy.collect(<br />&nbsp; Collectors.groupingBy(String::length, TreeMap::new, Collectors.toSet()));<br /></a>',TIMESTAMP '1970-01-01 03:00:00',TIMESTAMP '1970-01-01 03:00:00');
INSERT INTO Question (id,realmId,type,text,regDate,updateDate) OVERRIDING SYSTEM VALUE VALUES (932,8,0,'<em>Partitioning</em> - специальный вид группировки. Совокупность разделяется на две группы в зависимости от true или false условия разделения.',TIMESTAMP '1970-01-01 03:00:00',TIMESTAMP '1970-01-01 03:00:00');
INSERT INTO Question (id,realmId,type,text,regDate,updateDate) OVERRIDING SYSTEM VALUE VALUES (933,8,0,'<a>В Collectors есть коллекторы<br /><br />1) Collector&lt;T,?,Map&lt;Boolean,List&lt;T&gt;&gt;&gt; <strong>partitioningBy</strong>(Predicate&lt;? super T&gt; predicate)<br /><br />Разделяет элементы поток на две части по предикату и возвращает Map&lt;Boolean List&lt;T&gt;&gt;<br /><br />Stream&lt;String&gt; ohMy = Stream.of("lions", "tigers", "bears");<br />Map&lt;Boolean, List&lt;String&gt;&gt; map = ohMy.collect(<br />&nbsp; Collectors.partitioningBy(s -&gt; s.length() &lt;= 5));<br />-- {false=[tigers], true=[lions, bears]}<br /><br />2) Collector&lt;T,?,Map&lt;Boolean,D&gt;&gt; <strong>partitioningBy</strong>(Predicate&lt;? super T&gt; predicate, Collector&lt;? super T,A,D&gt; downstream)<br /><br />то же самое, но группы складываются не в List, а редуцируются произвольным коллектором:<br /><br />Map&lt;Boolean, Set&lt;String&gt;&gt; map = ohMy.collect(<br />&nbsp; Collectors.partitioningBy(s -&gt; s.length() &lt;= 7, Collectors.toSet()));<br /><br />Метода, позволяющего подать Map, куда складывать результаты, не предусмотрено.<br /></a>',TIMESTAMP '1970-01-01 03:00:00',TIMESTAMP '1970-01-01 03:00:00');
INSERT INTO Question (id,realmId,type,text,regDate,updateDate) OVERRIDING SYSTEM VALUE VALUES (934,8,2,'Для исходного списка строк с помощью коллекторов создайте Map&lt;[длина строк], [кол-во строк такой длины]&gt;',TIMESTAMP '1970-01-01 03:00:00',TIMESTAMP '1970-01-01 03:00:00');
	INSERT INTO Answer (id,questionId,text,correct,comment) OVERRIDING SYSTEM VALUE VALUES (1900,934,'Stream&lt;String&gt; ohMy = Stream.of("lions", "tigers", "bears");<br />Map&lt;Integer, Long&gt; map = ohMy.collect(Collectors.groupingBy(<br />&nbsp; String::length, Collectors.counting()));',true,'');
INSERT INTO Question (id,realmId,type,text,regDate,updateDate) OVERRIDING SYSTEM VALUE VALUES (935,8,0,'Компараторы Comparator.<strong>naturalOrder</strong>() и Comparator.<strong>reverseOrder</strong>() удобны, но они возвращают Comparator&lt;T&gt;, и компилятор не всегда может понять из контекста, какой именно тип должен быть inferred. В этом случае надо "помочь" компилятору одним из двух способов.<br /><br />1) присвоить компаратор явной ссылке, а потом использовать<br />Comparator&lt;String&gt; comp = Comparator.naturalOrder();<br /><br />2) указать нужный тип дженерика явно:<br />Comparator.&lt;String&gt;naturalOrder()',TIMESTAMP '1970-01-01 03:00:00',TIMESTAMP '1970-01-01 03:00:00');
INSERT INTO Question (id,realmId,type,text,regDate,updateDate) OVERRIDING SYSTEM VALUE VALUES (936,8,0,'<a>В Collectors есть коллектор<br /><br />Collector&lt;T,?,R&gt; <strong>mapping</strong>(Function&lt;? super T,? extends U&gt; mapper, Collector&lt;? super U,A,R&gt; downstream)<br /><br />Он используется преимущественно в группировках, так как позволяет замапить элементы группы на некоторые значения, а потом эти значения обработать другим коллектором и вернуть результат обработки:<br /><br />Stream&lt;String&gt; ohMy = Stream.of("lions", "tigers", "bears");<br />Map&lt;Integer, Optional&lt;Character&gt;&gt; map = ohMy.collect(<br />&nbsp; Collectors.groupingBy(<br />&nbsp;&nbsp;&nbsp; String::length,<br />&nbsp;&nbsp;&nbsp; Collectors.mapping(s -&gt; s.charAt(0),<br />&nbsp;&nbsp;&nbsp;&nbsp;&nbsp; Collectors.minBy(Comparator.&lt;Character&gt;naturalOrder()))));<br /><br />-- {5=Optional[b], 6=Optional[t]}<br /><br /><br />а можно привести пример и без группировки:<br /><br />Stream&lt;Character&gt; strChar = Stream.of(''z'',''c'',''b'');<br />String ts = strChar.collect(Collectors.mapping((c -&gt; "" + c + c), Collectors.joining()));<br />System.out.println(ts);<br />-- zzccbb<br /></a>',TIMESTAMP '1970-01-01 03:00:00',TIMESTAMP '1970-01-01 03:00:00');
INSERT INTO Question (id,realmId,type,text,regDate,updateDate) OVERRIDING SYSTEM VALUE VALUES (937,8,1,'What is the output of the following?<br /><br />Stream&lt;String&gt; stream = Stream.iterate("", (s) -&gt; s + "1");<br />System.out.println(stream.limit(2).map(x -&gt; x + "2"));',TIMESTAMP '1970-01-01 03:00:00',TIMESTAMP '1970-01-01 03:00:00');
	INSERT INTO Answer (id,questionId,text,correct,comment) OVERRIDING SYSTEM VALUE VALUES (1904,937,'java.util.stream.ReferencePipeline$3@4517d9a3',true,'map - это не терминальная операция, поток не выполняется, есго содержимое не выводится, поэтому напечатается ссылка на объект');
	INSERT INTO Answer (id,questionId,text,correct,comment) OVERRIDING SYSTEM VALUE VALUES (1905,937,'The code does not compile.',false,'');
	INSERT INTO Answer (id,questionId,text,correct,comment) OVERRIDING SYSTEM VALUE VALUES (1906,937,'An exception is thrown.',false,'');
	INSERT INTO Answer (id,questionId,text,correct,comment) OVERRIDING SYSTEM VALUE VALUES (1907,937,'The code hangs.',false,'');
	INSERT INTO Answer (id,questionId,text,correct,comment) OVERRIDING SYSTEM VALUE VALUES (1901,937,'12112',false,'');
	INSERT INTO Answer (id,questionId,text,correct,comment) OVERRIDING SYSTEM VALUE VALUES (1902,937,'212',false,'');
	INSERT INTO Answer (id,questionId,text,correct,comment) OVERRIDING SYSTEM VALUE VALUES (1903,937,'212112',false,'');
INSERT INTO Question (id,realmId,type,text,regDate,updateDate) OVERRIDING SYSTEM VALUE VALUES (938,8,1,'What is the output of the following?<br /><br />Predicate&lt;? super String&gt; predicate = s -&gt; s.startsWith("g");<br />Stream&lt;String&gt; stream1 = Stream.generate(() -&gt; "growl! ");<br />Stream&lt;String&gt; stream2 = Stream.generate(() -&gt; "growl! ");<br />boolean b1 = stream1.anyMatch(predicate);<br />boolean b2 = stream2.allMatch(predicate);<br />System.out.println(b1 + " " + b2);',TIMESTAMP '1970-01-01 03:00:00',TIMESTAMP '1970-01-01 03:00:00');
	INSERT INTO Answer (id,questionId,text,correct,comment) OVERRIDING SYSTEM VALUE VALUES (1908,938,'true false',false,'');
	INSERT INTO Answer (id,questionId,text,correct,comment) OVERRIDING SYSTEM VALUE VALUES (1909,938,'true true',false,'');
	INSERT INTO Answer (id,questionId,text,correct,comment) OVERRIDING SYSTEM VALUE VALUES (1910,938,'java.util.stream.ReferencePipeline$3@4517d9a3',false,'');
	INSERT INTO Answer (id,questionId,text,correct,comment) OVERRIDING SYSTEM VALUE VALUES (1911,938,'The code does not compile.',false,'');
	INSERT INTO Answer (id,questionId,text,correct,comment) OVERRIDING SYSTEM VALUE VALUES (1912,938,'An exception is thrown.',false,'');
	INSERT INTO Answer (id,questionId,text,correct,comment) OVERRIDING SYSTEM VALUE VALUES (1913,938,'The code hangs.',true,'зависнет в stream2.allMatch');
INSERT INTO Question (id,realmId,type,text,regDate,updateDate) OVERRIDING SYSTEM VALUE VALUES (939,8,1,'What is the output of the following?<br /><br />Predicate&lt;? super String&gt; predicate = s -&gt; s.length() &gt; 3;<br />Stream&lt;String&gt; stream = Stream.iterate("-", (s) -&gt; s + s);<br />boolean b1 = stream.noneMatch(predicate);<br />boolean b2 = stream.anyMatch(predicate);<br />System.out.println(b1 + " " + b2);',TIMESTAMP '1970-01-01 03:00:00',TIMESTAMP '1970-01-01 03:00:00');
	INSERT INTO Answer (id,questionId,text,correct,comment) OVERRIDING SYSTEM VALUE VALUES (1914,939,'false true',false,'');
	INSERT INTO Answer (id,questionId,text,correct,comment) OVERRIDING SYSTEM VALUE VALUES (1915,939,'false false',false,'');
	INSERT INTO Answer (id,questionId,text,correct,comment) OVERRIDING SYSTEM VALUE VALUES (1916,939,'java.util.stream.ReferencePipeline$3@4517d9a3',false,'');
	INSERT INTO Answer (id,questionId,text,correct,comment) OVERRIDING SYSTEM VALUE VALUES (1917,939,'The code does not compile.',true,'терминальная операция anyMatch применяется к уже выполненному потоку');
	INSERT INTO Answer (id,questionId,text,correct,comment) OVERRIDING SYSTEM VALUE VALUES (1918,939,'An exception is thrown.',false,'');
	INSERT INTO Answer (id,questionId,text,correct,comment) OVERRIDING SYSTEM VALUE VALUES (1919,939,'The code hangs.',false,'');
INSERT INTO Question (id,realmId,type,text,regDate,updateDate) OVERRIDING SYSTEM VALUE VALUES (940,8,1,'Which are true statements about terminal operations in a stream? (Choose all that apply.)',TIMESTAMP '1970-01-01 03:00:00',TIMESTAMP '1970-01-01 03:00:00');
	INSERT INTO Answer (id,questionId,text,correct,comment) OVERRIDING SYSTEM VALUE VALUES (1920,940,'At most one terminal operation can exist in a stream pipeline.',true,'');
	INSERT INTO Answer (id,questionId,text,correct,comment) OVERRIDING SYSTEM VALUE VALUES (1921,940,'Terminal operations are a required part of the stream pipeline in order to get a result.',true,'Терминальная операция требуется, чтобы запустить весь процесс обработки потока. Даже peek() не отработает, если не удет применена терминальная операция.');
	INSERT INTO Answer (id,questionId,text,correct,comment) OVERRIDING SYSTEM VALUE VALUES (1922,940,'Terminal operations have Stream as the return type.',false,'');
	INSERT INTO Answer (id,questionId,text,correct,comment) OVERRIDING SYSTEM VALUE VALUES (1923,940,'The referenced Stream may be used after calling a terminal operation.',false,'');
	INSERT INTO Answer (id,questionId,text,correct,comment) OVERRIDING SYSTEM VALUE VALUES (1924,940,'The peek() method is an example of a terminal operation.',false,'');
INSERT INTO Question (id,realmId,type,text,regDate,updateDate) OVERRIDING SYSTEM VALUE VALUES (941,8,0,'После того как к потоку применена промежуточная операция, его уже нельзя использовать.<br /><br />Stream&lt;Integer&gt; newStream = Stream.of(1,2,3);<br />Stream newStream2 = newStream.peek(System.out::println);<br />newStream.forEach(System.out::println); // IllegalStateException<br />newStream2.forEach(System.out::println); // ОК',TIMESTAMP '1970-01-01 03:00:00',TIMESTAMP '1970-01-01 03:00:00');
INSERT INTO Question (id,realmId,type,text,regDate,updateDate) OVERRIDING SYSTEM VALUE VALUES (942,8,1,'Which terminal operations on the Stream interface are reductions? (Choose all that apply.)',TIMESTAMP '1970-01-01 03:00:00',TIMESTAMP '1970-01-01 03:00:00');
	INSERT INTO Answer (id,questionId,text,correct,comment) OVERRIDING SYSTEM VALUE VALUES (1925,942,'collect()',true,'');
	INSERT INTO Answer (id,questionId,text,correct,comment) OVERRIDING SYSTEM VALUE VALUES (1926,942,'count()',true,'');
	INSERT INTO Answer (id,questionId,text,correct,comment) OVERRIDING SYSTEM VALUE VALUES (1927,942,'findFirst()',false,'');
	INSERT INTO Answer (id,questionId,text,correct,comment) OVERRIDING SYSTEM VALUE VALUES (1928,942,'map()',false,'');
	INSERT INTO Answer (id,questionId,text,correct,comment) OVERRIDING SYSTEM VALUE VALUES (1929,942,'peek()',false,'');
	INSERT INTO Answer (id,questionId,text,correct,comment) OVERRIDING SYSTEM VALUE VALUES (1930,942,'sum()',false,'это редукция, но в интерфейсе Stream ее нет, она есть в примитивных потоках');
INSERT INTO Question (id,realmId,type,text,regDate,updateDate) OVERRIDING SYSTEM VALUE VALUES (943,8,1,'Which of the following can fill in the blank so that the code prints out false? (Choose all that apply.)<br /><br />Stream&lt;String&gt; s = Stream.generate(() -&gt; "meow");<br />boolean match = s.________________(String::isEmpty);<br />System.out.println(match);',TIMESTAMP '1970-01-01 03:00:00',TIMESTAMP '1970-01-01 03:00:00');
	INSERT INTO Answer (id,questionId,text,correct,comment) OVERRIDING SYSTEM VALUE VALUES (1936,943,'None of the above',false,'');
	INSERT INTO Answer (id,questionId,text,correct,comment) OVERRIDING SYSTEM VALUE VALUES (1931,943,'allMatch',true,'');
	INSERT INTO Answer (id,questionId,text,correct,comment) OVERRIDING SYSTEM VALUE VALUES (1932,943,'anyMatch',false,'');
	INSERT INTO Answer (id,questionId,text,correct,comment) OVERRIDING SYSTEM VALUE VALUES (1933,943,'findAny',false,'');
	INSERT INTO Answer (id,questionId,text,correct,comment) OVERRIDING SYSTEM VALUE VALUES (1934,943,'findFirst',false,'');
	INSERT INTO Answer (id,questionId,text,correct,comment) OVERRIDING SYSTEM VALUE VALUES (1935,943,'noneMatch',false,'');
INSERT INTO Question (id,realmId,type,text,regDate,updateDate) OVERRIDING SYSTEM VALUE VALUES (944,8,1,'We have a method that returns a sorted list without changing the original. Which of the following can replace the method implementation to do the same with streams?<br /><br />private static List&lt;String&gt; sort(List&lt;String&gt; list) {<br />&nbsp;&nbsp;&nbsp; List&lt;String&gt; copy = new ArrayList&lt;&gt;(list);<br />&nbsp;&nbsp;&nbsp; Collections.sort(copy, (a, b) -&gt; b.compareTo(a));<br />&nbsp;&nbsp;&nbsp; return copy;<br />}',TIMESTAMP '1970-01-01 03:00:00',TIMESTAMP '1970-01-01 03:00:00');
	INSERT INTO Answer (id,questionId,text,correct,comment) OVERRIDING SYSTEM VALUE VALUES (1937,944,'return list.stream()<br />.compare((a, b) -&gt; b.compareTo(a))<br />.collect(Collectors.toList());',false,'');
	INSERT INTO Answer (id,questionId,text,correct,comment) OVERRIDING SYSTEM VALUE VALUES (1938,944,'return list.stream()<br />.compare((a, b) -&gt; b.compareTo(a))<br />.sort();',false,'');
	INSERT INTO Answer (id,questionId,text,correct,comment) OVERRIDING SYSTEM VALUE VALUES (1939,944,'return list.stream()<br />.compareTo((a, b) -&gt; b.compareTo(a))<br />.collect(Collectors.toList());',false,'');
	INSERT INTO Answer (id,questionId,text,correct,comment) OVERRIDING SYSTEM VALUE VALUES (1940,944,'return list.stream()<br />.compareTo((a, b) -&gt; b.compareTo(a))<br />.sort();',false,'');
	INSERT INTO Answer (id,questionId,text,correct,comment) OVERRIDING SYSTEM VALUE VALUES (1941,944,'return list.stream()<br />.sorted((a, b) -&gt; b.compareTo(a))<br />.collect();',false,'');
	INSERT INTO Answer (id,questionId,text,correct,comment) OVERRIDING SYSTEM VALUE VALUES (1942,944,'return list.stream()<br />.sorted((a, b) -&gt; b.compareTo(a))<br />.collect(Collectors.toList());',true,'');
INSERT INTO Question (id,realmId,type,text,regDate,updateDate) OVERRIDING SYSTEM VALUE VALUES (945,8,1,'Which of the following are true given the declaration IntStream is = IntStream.empty()? (Choose all that apply.)',TIMESTAMP '1970-01-01 03:00:00',TIMESTAMP '1970-01-01 03:00:00');
	INSERT INTO Answer (id,questionId,text,correct,comment) OVERRIDING SYSTEM VALUE VALUES (1943,945,'is.average() returns the type int.',false,'');
	INSERT INTO Answer (id,questionId,text,correct,comment) OVERRIDING SYSTEM VALUE VALUES (1944,945,'is.average() returns the type OptionalInt.',false,'');
	INSERT INTO Answer (id,questionId,text,correct,comment) OVERRIDING SYSTEM VALUE VALUES (1945,945,'is.findAny() returns the type int.',false,'');
	INSERT INTO Answer (id,questionId,text,correct,comment) OVERRIDING SYSTEM VALUE VALUES (1946,945,'is.findAny() returns the type OptionalInt.',true,'');
	INSERT INTO Answer (id,questionId,text,correct,comment) OVERRIDING SYSTEM VALUE VALUES (1947,945,'is.sum() returns the type int.',true,'сумма возвращает int. Для пустого потока 0');
	INSERT INTO Answer (id,questionId,text,correct,comment) OVERRIDING SYSTEM VALUE VALUES (1948,945,'is.sum() returns the type OptionalInt.',false,'');
INSERT INTO Question (id,realmId,type,text,regDate,updateDate) OVERRIDING SYSTEM VALUE VALUES (946,8,1,'Which of the following can we add after line 5 for the code to run without error and not produce any output? (Choose all that apply.)<br /><br />4: LongStream ls = LongStream.of(1, 2, 3);<br />5: OptionalLong opt = ls.map(n -&gt; n * 10).filter(n -&gt; n &lt; 5).findFirst();',TIMESTAMP '1970-01-01 03:00:00',TIMESTAMP '1970-01-01 03:00:00');
	INSERT INTO Answer (id,questionId,text,correct,comment) OVERRIDING SYSTEM VALUE VALUES (1952,946,'opt.ifPresent(System.out::println);',true,'');
	INSERT INTO Answer (id,questionId,text,correct,comment) OVERRIDING SYSTEM VALUE VALUES (1953,946,'None of these; the code does not compile.',false,'');
	INSERT INTO Answer (id,questionId,text,correct,comment) OVERRIDING SYSTEM VALUE VALUES (1954,946,'None of these; line 5 throws an exception at runtime.',false,'');
	INSERT INTO Answer (id,questionId,text,correct,comment) OVERRIDING SYSTEM VALUE VALUES (1949,946,'if (opt.isPresent()) System.out.println(opt.get());',false,'');
	INSERT INTO Answer (id,questionId,text,correct,comment) OVERRIDING SYSTEM VALUE VALUES (1950,946,'if (opt.isPresent()) System.out.println(opt.getAsLong());',true,'');
	INSERT INTO Answer (id,questionId,text,correct,comment) OVERRIDING SYSTEM VALUE VALUES (1951,946,'opt.ifPresent(System.out.println);',false,'');
INSERT INTO Question (id,realmId,type,text,regDate,updateDate) OVERRIDING SYSTEM VALUE VALUES (947,8,1,'Select from the following statements and indicate the order in which they would appear to output 10 lines:<br /><br />Stream.generate(() -&gt; "1")<br />L: .filter(x -&gt; x.length() &gt; 1)<br />M: .forEach(System.out::println)<br />N: .limit(10)<br />O: .peek(System.out::println)<br />;',TIMESTAMP '1970-01-01 03:00:00',TIMESTAMP '1970-01-01 03:00:00');
	INSERT INTO Answer (id,questionId,text,correct,comment) OVERRIDING SYSTEM VALUE VALUES (1955,947,'L, N',false,'');
	INSERT INTO Answer (id,questionId,text,correct,comment) OVERRIDING SYSTEM VALUE VALUES (1956,947,'L, N, O',false,'');
	INSERT INTO Answer (id,questionId,text,correct,comment) OVERRIDING SYSTEM VALUE VALUES (1957,947,'L, N, M',false,'');
	INSERT INTO Answer (id,questionId,text,correct,comment) OVERRIDING SYSTEM VALUE VALUES (1958,947,'L, N, M, O',false,'');
	INSERT INTO Answer (id,questionId,text,correct,comment) OVERRIDING SYSTEM VALUE VALUES (1959,947,'L, O, M',false,'');
	INSERT INTO Answer (id,questionId,text,correct,comment) OVERRIDING SYSTEM VALUE VALUES (1960,947,'N, M',true,'');
	INSERT INTO Answer (id,questionId,text,correct,comment) OVERRIDING SYSTEM VALUE VALUES (1961,947,'N, O',false,'');
INSERT INTO Question (id,realmId,type,text,regDate,updateDate) OVERRIDING SYSTEM VALUE VALUES (948,8,1,'What changes need to be made for this code to print the string 12345? (Choose all that apply.)<br /><br />Stream.iterate(1, x -&gt; x++).limit(5).map(x -&gt; x).collect(Collectors.joining());',TIMESTAMP '1970-01-01 03:00:00',TIMESTAMP '1970-01-01 03:00:00');
	INSERT INTO Answer (id,questionId,text,correct,comment) OVERRIDING SYSTEM VALUE VALUES (1962,948,'Change Collectors.joining() to Collectors.joining("").',false,'');
	INSERT INTO Answer (id,questionId,text,correct,comment) OVERRIDING SYSTEM VALUE VALUES (1963,948,'Change map(x -&gt; x) to map(x -&gt; "" + x) .',true,'');
	INSERT INTO Answer (id,questionId,text,correct,comment) OVERRIDING SYSTEM VALUE VALUES (1964,948,'Change x -&gt; x++ to x -&gt; ++x.',true,'обязательно нужно, так как иначе инкремент работает уже после того, как лямбда вернула значение');
	INSERT INTO Answer (id,questionId,text,correct,comment) OVERRIDING SYSTEM VALUE VALUES (1965,948,'Add forEach(System.out::print) after the call to collect().',false,'');
	INSERT INTO Answer (id,questionId,text,correct,comment) OVERRIDING SYSTEM VALUE VALUES (1966,948,'Wrap the entire line in a System.out.print statement.',true,'');
	INSERT INTO Answer (id,questionId,text,correct,comment) OVERRIDING SYSTEM VALUE VALUES (1967,948,'None of the above. The code already prints 12345.',false,'');
INSERT INTO Question (id,realmId,type,text,regDate,updateDate) OVERRIDING SYSTEM VALUE VALUES (949,0,2,'Что напечатает следующий код?<br /><br /><br />static int getIncrement(int i) {<br />&nbsp;&nbsp;&nbsp; return i++;<br />}<br />...<br />System.out.println(getIncrement(5));',TIMESTAMP '1970-01-01 03:00:00',TIMESTAMP '1970-01-01 03:00:00');
	INSERT INTO Answer (id,questionId,text,correct,comment) OVERRIDING SYSTEM VALUE VALUES (1968,949,'5. Пост-инкремент приментися уже после того, как значение будет возвращено из функции',true,'');
INSERT INTO Question (id,realmId,type,text,regDate,updateDate) OVERRIDING SYSTEM VALUE VALUES (950,8,1,'Which functional interfaces complete the following code? (Choose all that apply.)<br /><br />6: ____________ x = String::new;<br />7: ____________ y = (a, b) -&gt; System.out.println();<br />8: ____________ z = a -&gt; a + a;',TIMESTAMP '1970-01-01 03:00:00',TIMESTAMP '1970-01-01 03:00:00');
	INSERT INTO Answer (id,questionId,text,correct,comment) OVERRIDING SYSTEM VALUE VALUES (1969,950,'BiConsumer&lt;String, String&gt;',true,'');
	INSERT INTO Answer (id,questionId,text,correct,comment) OVERRIDING SYSTEM VALUE VALUES (1970,950,'BiFunction&lt;String, String&gt;',false,'');
	INSERT INTO Answer (id,questionId,text,correct,comment) OVERRIDING SYSTEM VALUE VALUES (1971,950,'BinaryConsumer&lt;String, String&gt;',false,'');
	INSERT INTO Answer (id,questionId,text,correct,comment) OVERRIDING SYSTEM VALUE VALUES (1972,950,'BinaryFunction&lt;String, String&gt;',false,'');
	INSERT INTO Answer (id,questionId,text,correct,comment) OVERRIDING SYSTEM VALUE VALUES (1973,950,'Consumer&lt;String&gt;',false,'');
	INSERT INTO Answer (id,questionId,text,correct,comment) OVERRIDING SYSTEM VALUE VALUES (1974,950,'Supplier&lt;String&gt;',true,'');
	INSERT INTO Answer (id,questionId,text,correct,comment) OVERRIDING SYSTEM VALUE VALUES (1975,950,'UnaryOperator&lt;String&gt;',true,'');
	INSERT INTO Answer (id,questionId,text,correct,comment) OVERRIDING SYSTEM VALUE VALUES (1976,950,'UnaryOperator&lt;String, String&gt;',false,'');
INSERT INTO Question (id,realmId,type,text,regDate,updateDate) OVERRIDING SYSTEM VALUE VALUES (951,8,1,'Which of the following is true?<br /><br />List&lt;Integer&gt; l1 = Arrays.asList(1, 2, 3);<br />List&lt;Integer&gt; l2 = Arrays.asList(4, 5, 6);<br />List&lt;Integer&gt; l3 = Arrays.asList();<br />Stream.of(l1, l2, l3).map(x -&gt; x + 1)<br />&nbsp; .flatMap(x -&gt; x.stream()).forEach(System.out::print);',TIMESTAMP '1970-01-01 03:00:00',TIMESTAMP '1970-01-01 03:00:00');
	INSERT INTO Answer (id,questionId,text,correct,comment) OVERRIDING SYSTEM VALUE VALUES (1977,951,'The code compiles and prints 123456.',false,'');
	INSERT INTO Answer (id,questionId,text,correct,comment) OVERRIDING SYSTEM VALUE VALUES (1978,951,'The code compiles and prints 234567.',false,'');
	INSERT INTO Answer (id,questionId,text,correct,comment) OVERRIDING SYSTEM VALUE VALUES (1979,951,'The code compiles but does not print anything.',false,'');
	INSERT INTO Answer (id,questionId,text,correct,comment) OVERRIDING SYSTEM VALUE VALUES (1980,951,'The code compiles but prints stream references.',false,'');
	INSERT INTO Answer (id,questionId,text,correct,comment) OVERRIDING SYSTEM VALUE VALUES (1981,951,'The code runs infinitely.',false,'');
	INSERT INTO Answer (id,questionId,text,correct,comment) OVERRIDING SYSTEM VALUE VALUES (1982,951,'The code does not compile.',true,'операции + нет для List&lt;Integer&gt;. если map и flatMap поменять местами, то скомпилируется');
	INSERT INTO Answer (id,questionId,text,correct,comment) OVERRIDING SYSTEM VALUE VALUES (1983,951,'The code throws an exception',false,'');
INSERT INTO Question (id,realmId,type,text,regDate,updateDate) OVERRIDING SYSTEM VALUE VALUES (952,8,1,'Which of the following is true?<br /><br />4: Stream&lt;Integer&gt; s = Stream.of(1);<br />5: IntStream is = s.mapToInt(x -&gt; x);<br />6: DoubleStream ds = s.mapToDouble(x -&gt; x);<br />7: Stream&lt;Integer&gt; s2 = ds.mapToInt(x -&gt; x);<br />8: s2.forEach(System.out::print);',TIMESTAMP '1970-01-01 03:00:00',TIMESTAMP '1970-01-01 03:00:00');
	INSERT INTO Answer (id,questionId,text,correct,comment) OVERRIDING SYSTEM VALUE VALUES (1984,952,'Line 4 does not compile.',false,'');
	INSERT INTO Answer (id,questionId,text,correct,comment) OVERRIDING SYSTEM VALUE VALUES (1985,952,'Line 5 does not compile.',false,'порядок. у объектных потоков есть методы mapToInt и т.д., преобразующие в примитивные потоки');
	INSERT INTO Answer (id,questionId,text,correct,comment) OVERRIDING SYSTEM VALUE VALUES (1986,952,'Line 6 does not compile.',false,'порядок. Integer можно присвоить переменной double, так как происходит autounboxing, и не требуется дальнейших преобразований');
	INSERT INTO Answer (id,questionId,text,correct,comment) OVERRIDING SYSTEM VALUE VALUES (1987,952,'Line 7 does not compile.',true,'Здесь куча ошибок. 1- плохая лямбда, в которой нужен явные кастинг к int. 2- не тот метод. mapToInt продуцирует IntStream, т.е. нужен mapToObj');
	INSERT INTO Answer (id,questionId,text,correct,comment) OVERRIDING SYSTEM VALUE VALUES (1988,952,'Line 8 does not compile.',false,'');
	INSERT INTO Answer (id,questionId,text,correct,comment) OVERRIDING SYSTEM VALUE VALUES (1989,952,'The code throws an exception.',false,'если бы скомпилировалось, то было бы исключение, так как потоки используются после применения промежуточных операций');
	INSERT INTO Answer (id,questionId,text,correct,comment) OVERRIDING SYSTEM VALUE VALUES (1990,952,'The code compiles and prints 1.',false,'');
INSERT INTO Question (id,realmId,type,text,regDate,updateDate) OVERRIDING SYSTEM VALUE VALUES (953,0,0,'Код<br /><br />&nbsp;&nbsp;&nbsp;&nbsp;&nbsp;&nbsp;&nbsp; Integer y = 5;<br />&nbsp;&nbsp;&nbsp;&nbsp;&nbsp;&nbsp;&nbsp; double dd = y;<br /><br />скомпилируется без проблем.',TIMESTAMP '1970-01-01 03:00:00',TIMESTAMP '1970-01-01 03:00:00');
INSERT INTO Question (id,realmId,type,text,regDate,updateDate) OVERRIDING SYSTEM VALUE VALUES (954,8,1,'The partitioningBy() collector creates a Map&lt;Boolean, List&lt;String&gt;&gt; when passed to collect() by default. When specific parameters are passed to partitioningBy(), which return types can be created? (Choose all that apply.)',TIMESTAMP '1970-01-01 03:00:00',TIMESTAMP '1970-01-01 03:00:00');
	INSERT INTO Answer (id,questionId,text,correct,comment) OVERRIDING SYSTEM VALUE VALUES (1991,954,'Map&lt;boolean, List&lt;String&gt;&gt;',false,'');
	INSERT INTO Answer (id,questionId,text,correct,comment) OVERRIDING SYSTEM VALUE VALUES (1992,954,'Map&lt;Boolean, Map&lt;String&gt;&gt;',false,'ошибочка. у Map должно быть два параметра');
	INSERT INTO Answer (id,questionId,text,correct,comment) OVERRIDING SYSTEM VALUE VALUES (1993,954,'Map&lt;Long, TreeSet&lt;String&gt;&gt;',false,'');
	INSERT INTO Answer (id,questionId,text,correct,comment) OVERRIDING SYSTEM VALUE VALUES (1994,954,'Map&lt;Boolean, List&lt;String&gt;&gt;',true,'');
	INSERT INTO Answer (id,questionId,text,correct,comment) OVERRIDING SYSTEM VALUE VALUES (1995,954,'Map&lt;Boolean, Set&lt;String&gt;&gt;',true,'');
	INSERT INTO Answer (id,questionId,text,correct,comment) OVERRIDING SYSTEM VALUE VALUES (1996,954,'None of the above',false,'');
INSERT INTO Question (id,realmId,type,text,regDate,updateDate) OVERRIDING SYSTEM VALUE VALUES (955,8,1,'What is the output of the following?<br /><br />Stream&lt;String&gt; s = Stream.empty();<br />Stream&lt;String&gt; s2 = Stream.empty();<br />Map&lt;Boolean, List&lt;String&gt;&gt; p = s.collect(<br />&nbsp; Collectors.partitioningBy(b -&gt; b.startsWith("c")));<br />Map&lt;Boolean, List&lt;String&gt;&gt; g = s2.collect(<br />&nbsp; Collectors.groupingBy(b -&gt; b.startsWith("c")));<br />System.out.println(p + " " + g);',TIMESTAMP '1970-01-01 03:00:00',TIMESTAMP '1970-01-01 03:00:00');
	INSERT INTO Answer (id,questionId,text,correct,comment) OVERRIDING SYSTEM VALUE VALUES (2000,955,'{false=[], true=[]} {false=[], true=[]}',false,'');
	INSERT INTO Answer (id,questionId,text,correct,comment) OVERRIDING SYSTEM VALUE VALUES (2001,955,'The code does not compile.',false,'');
	INSERT INTO Answer (id,questionId,text,correct,comment) OVERRIDING SYSTEM VALUE VALUES (2002,955,'An exception is thrown.',false,'');
	INSERT INTO Answer (id,questionId,text,correct,comment) OVERRIDING SYSTEM VALUE VALUES (1997,955,'{} {}',false,'');
	INSERT INTO Answer (id,questionId,text,correct,comment) OVERRIDING SYSTEM VALUE VALUES (1998,955,'{} {false=[], true=[]}',false,'');
	INSERT INTO Answer (id,questionId,text,correct,comment) OVERRIDING SYSTEM VALUE VALUES (1999,955,'{false=[], true=[]} {}',true,'');
INSERT INTO Question (id,realmId,type,text,regDate,updateDate) OVERRIDING SYSTEM VALUE VALUES (956,8,1,'Which of the following is equivalent to this code?<br /><br />UnaryOperator&lt;Integer&gt; u = x -&gt; x * x;',TIMESTAMP '1970-01-01 03:00:00',TIMESTAMP '1970-01-01 03:00:00');
	INSERT INTO Answer (id,questionId,text,correct,comment) OVERRIDING SYSTEM VALUE VALUES (2003,956,'BiFunction&lt;Integer&gt; f = x -&gt; x*x;',false,'');
	INSERT INTO Answer (id,questionId,text,correct,comment) OVERRIDING SYSTEM VALUE VALUES (2004,956,'BiFunction&lt;Integer, Integer&gt; f = x -&gt; x*x;',false,'');
	INSERT INTO Answer (id,questionId,text,correct,comment) OVERRIDING SYSTEM VALUE VALUES (2005,956,'BinaryOperator&lt;Integer, Integer&gt; f = x -&gt; x*x;',false,'');
	INSERT INTO Answer (id,questionId,text,correct,comment) OVERRIDING SYSTEM VALUE VALUES (2006,956,'Function&lt;Integer&gt; f = x -&gt; x*x;',false,'');
	INSERT INTO Answer (id,questionId,text,correct,comment) OVERRIDING SYSTEM VALUE VALUES (2007,956,'Function&lt;Integer, Integer&gt; f = x -&gt; x*x;',true,'');
	INSERT INTO Answer (id,questionId,text,correct,comment) OVERRIDING SYSTEM VALUE VALUES (2008,956,'None of the above',false,'');
INSERT INTO Question (id,realmId,type,text,regDate,updateDate) OVERRIDING SYSTEM VALUE VALUES (957,8,1,'What is the result of the following?<br /><br />DoubleStream s = DoubleStream.of(1.2, 2.4);<br />s.peek(System.out::println).filter(x -&gt; x &gt; 2).count();',TIMESTAMP '1970-01-01 03:00:00',TIMESTAMP '1970-01-01 03:00:00');
	INSERT INTO Answer (id,questionId,text,correct,comment) OVERRIDING SYSTEM VALUE VALUES (2009,957,'1',false,'');
	INSERT INTO Answer (id,questionId,text,correct,comment) OVERRIDING SYSTEM VALUE VALUES (2010,957,'2',false,'');
	INSERT INTO Answer (id,questionId,text,correct,comment) OVERRIDING SYSTEM VALUE VALUES (2011,957,'2.4',false,'');
	INSERT INTO Answer (id,questionId,text,correct,comment) OVERRIDING SYSTEM VALUE VALUES (2012,957,'1.2 and 2.4',true,'');
	INSERT INTO Answer (id,questionId,text,correct,comment) OVERRIDING SYSTEM VALUE VALUES (2013,957,'There is no output.',false,'');
	INSERT INTO Answer (id,questionId,text,correct,comment) OVERRIDING SYSTEM VALUE VALUES (2014,957,'The code does not compile.',false,'');
	INSERT INTO Answer (id,questionId,text,correct,comment) OVERRIDING SYSTEM VALUE VALUES (2015,957,'An exception is thrown.',false,'');
INSERT INTO Question (id,realmId,type,text,regDate,updateDate) OVERRIDING SYSTEM VALUE VALUES (958,8,1,'Which of the following return primitives? (Choose all that apply.)',TIMESTAMP '1970-01-01 03:00:00',TIMESTAMP '1970-01-01 03:00:00');
	INSERT INTO Answer (id,questionId,text,correct,comment) OVERRIDING SYSTEM VALUE VALUES (2016,958,'BooleanSupplier',true,'');
	INSERT INTO Answer (id,questionId,text,correct,comment) OVERRIDING SYSTEM VALUE VALUES (2017,958,'CharSupplier',false,'');
	INSERT INTO Answer (id,questionId,text,correct,comment) OVERRIDING SYSTEM VALUE VALUES (2018,958,'DoubleSupplier',true,'');
	INSERT INTO Answer (id,questionId,text,correct,comment) OVERRIDING SYSTEM VALUE VALUES (2019,958,'FloatSupplier',false,'');
	INSERT INTO Answer (id,questionId,text,correct,comment) OVERRIDING SYSTEM VALUE VALUES (2020,958,'IntSupplier',true,'');
	INSERT INTO Answer (id,questionId,text,correct,comment) OVERRIDING SYSTEM VALUE VALUES (2021,958,'StringSupplier',false,'');
INSERT INTO Question (id,realmId,type,text,regDate,updateDate) OVERRIDING SYSTEM VALUE VALUES (959,8,1,'What is the simplest way of rewriting this code?<br /><br />List&lt;Integer&gt; l = IntStream.range(1, 6)<br />&nbsp; .mapToObj(i -&gt; i).collect(Collectors.toList());<br />l.forEach(System.out::println);',TIMESTAMP '1970-01-01 03:00:00',TIMESTAMP '1970-01-01 03:00:00');
	INSERT INTO Answer (id,questionId,text,correct,comment) OVERRIDING SYSTEM VALUE VALUES (2022,959,'IntStream.range(1, 6);',false,'');
	INSERT INTO Answer (id,questionId,text,correct,comment) OVERRIDING SYSTEM VALUE VALUES (2023,959,'IntStream.range(1, 6)<br />.forEach(System.out::println);',true,'');
	INSERT INTO Answer (id,questionId,text,correct,comment) OVERRIDING SYSTEM VALUE VALUES (2024,959,'IntStream.range(1, 6)<br />.mapToObj(1 -&gt; i)<br />.forEach(System.out::println);',false,'');
	INSERT INTO Answer (id,questionId,text,correct,comment) OVERRIDING SYSTEM VALUE VALUES (2025,959,'None of the above is equivalent.',false,'');
	INSERT INTO Answer (id,questionId,text,correct,comment) OVERRIDING SYSTEM VALUE VALUES (2026,959,'The provided code does not compile.',false,'');
INSERT INTO Question (id,realmId,type,text,regDate,updateDate) OVERRIDING SYSTEM VALUE VALUES (960,8,0,'Большинство классов даты и времени, используемых в Java 8, лежат в пакете <strong>java</strong>.<strong>time</strong>.<br /><br />И, кстати, на экзамене может быть путаница между словами <em>day</em> и <em>date</em>, т.к. в американском английском <em>date</em> часто используется как синоним <em>day</em>, а не только как day/month/year',TIMESTAMP '1970-01-01 03:00:00',TIMESTAMP '1970-01-01 03:00:00');
INSERT INTO Question (id,realmId,type,text,regDate,updateDate) OVERRIDING SYSTEM VALUE VALUES (961,8,2,'Перечислите и дайте краткую характеристику основным классам даты и времени в Java 8',TIMESTAMP '1970-01-01 03:00:00',TIMESTAMP '1970-01-01 03:00:00');
	INSERT INTO Answer (id,questionId,text,correct,comment) OVERRIDING SYSTEM VALUE VALUES (2027,961,'<strong>LocalDate</strong>. Только дата, нет ни времени, ни зоны.<br /><br /><strong>LocalTime</strong>. Только время, нет ни даты, ни зоны.<br /><br /><strong>LocalDateTime</strong>. Есть дата и время, но нет зоны.<br /><br /><strong>ZonedDateTime</strong>. Есть всё. Без крайней нужды лучше не использовать.',true,'');
INSERT INTO Question (id,realmId,type,text,regDate,updateDate) OVERRIDING SYSTEM VALUE VALUES (962,8,0,'текущие сущности даты/времени можно получить посредством статического метода <strong>now</strong>()',TIMESTAMP '1970-01-01 03:00:00',TIMESTAMP '1970-01-01 03:00:00');
INSERT INTO Question (id,realmId,type,text,regDate,updateDate) OVERRIDING SYSTEM VALUE VALUES (963,8,0,'Вот что напечатает следующий код:<br /><br />System.out.println(LocalDate.now());<br />System.out.println(LocalTime.now());<br />System.out.println(LocalDateTime.now());<br />System.out.println(ZonedDateTime.now());<br /><br />--<br />2019-01-09<br />10:24:29.812<br />2019-01-09T10:24:29.813<br />2019-01-09T10:24:29.813+03:00[Europe/Moscow]',TIMESTAMP '1970-01-01 03:00:00',TIMESTAMP '1970-01-01 03:00:00');
INSERT INTO Question (id,realmId,type,text,regDate,updateDate) OVERRIDING SYSTEM VALUE VALUES (964,8,0,'Чтобы узнать гринвичское время, надо вычесть зону из даты. Отрицательная зона также вычитается, т.е. по факту будет прибавление.<br /><br />2019-01-09T10:24:29.813+03:00[Europe/Moscow] - это<br /><br />2019-01-09T07:24:29.813 по Гринвичу<br /><br />Еще пример.<br />2015&ndash;06&ndash;20T07:50&ndash;07:00[US/Pacific]<br />2015&ndash;06&ndash;20T07:50+05:30[Asia/Kolkata]<br /><br />Разница между Индией и Калифорнией - 12,5 часов. На экзамене все это надо уметь считать',TIMESTAMP '1970-01-01 03:00:00',TIMESTAMP '1970-01-01 03:00:00');
INSERT INTO Question (id,realmId,type,text,regDate,updateDate) OVERRIDING SYSTEM VALUE VALUES (965,8,2,'Двумя способами создайте дату 20.01.2015',TIMESTAMP '1970-01-01 03:00:00',TIMESTAMP '1970-01-01 03:00:00');
	INSERT INTO Answer (id,questionId,text,correct,comment) OVERRIDING SYSTEM VALUE VALUES (2028,965,'1) LocalDate date1 = LocalDate.<strong>of</strong>(2015, Month.JANUARY, 20);<br />2) LocalDate date2 = LocalDate.<strong>of</strong>(2015, 1, 20);',true,'');
INSERT INTO Question (id,realmId,type,text,regDate,updateDate) OVERRIDING SYSTEM VALUE VALUES (966,8,0,'В классе <strong>LocalDate</strong> есть статический метод <strong>of</strong>(), создающий дату:<br /><br />public static <em>LocalDate</em> <strong>of</strong>(<strong>int </strong><em>year</em>, <strong>int </strong><em>month</em>, <strong>int </strong><em>dayOfMonth</em>)<br />public static <em>LocalDate</em> <strong>of</strong>(<strong>int </strong><em>year</em>, <strong>Month </strong><em>month</em>, <strong>int </strong><em>dayOfMonth</em>)<br /><br /><strong>Month</strong> - это enum java.time.Month <br /><br />если месяц задается через int, то отсчет начинается с 1, а не с 0',TIMESTAMP '1970-01-01 03:00:00',TIMESTAMP '1970-01-01 03:00:00');
INSERT INTO Question (id,realmId,type,text,regDate,updateDate) OVERRIDING SYSTEM VALUE VALUES (967,8,2,'Создайте тремя способами экземпляр <strong>LocalTime,</strong> отражающий время 06:15',TIMESTAMP '1970-01-01 03:00:00',TIMESTAMP '1970-01-01 03:00:00');
	INSERT INTO Answer (id,questionId,text,correct,comment) OVERRIDING SYSTEM VALUE VALUES (2029,967,'LocalTime time1 = LocalTime.of(6, 15);<br />LocalTime time2 = LocalTime.of(6, 15, 30);<br />LocalTime time3 = LocalTime.of(6, 15, 30, 200); (это наносекунды, 1/миллиардная секунды)',true,'');
INSERT INTO Question (id,realmId,type,text,regDate,updateDate) OVERRIDING SYSTEM VALUE VALUES (968,8,0,'У класса java.time.<strong>LocalTime</strong> есть статичный метод<strong> of</strong>():<br /><br />public static <em>LocalTime</em> <strong>of</strong>(<strong>int </strong><em>hour</em>, <strong>int</strong> <em>minute</em>)<br />public static <em>LocalTime</em> <strong>of</strong>(<strong>int </strong><em>hour</em>, <strong>int </strong><em>minute</em>, <strong>int </strong><em>second</em>)<br />public static <em>LocalTime</em> <strong>of</strong>(<strong>int </strong><em>hour</em>, <strong>int</strong> <em>minute</em>, <strong>int </strong><em>second</em>, <strong>int </strong><em>nanos</em>)<br /><br />создает экземпляр времени',TIMESTAMP '1970-01-01 03:00:00',TIMESTAMP '1970-01-01 03:00:00');
INSERT INTO Question (id,realmId,type,text,regDate,updateDate) OVERRIDING SYSTEM VALUE VALUES (969,8,2,'Создайте экземпляр <strong>LocalDateTime</strong> 20.01.2015 06:15 <span style="text-decoration: underline;">семью</span> разными способами.',TIMESTAMP '1970-01-01 03:00:00',TIMESTAMP '1970-01-01 03:00:00');
	INSERT INTO Answer (id,questionId,text,correct,comment) OVERRIDING SYSTEM VALUE VALUES (2030,969,'&nbsp;&nbsp;&nbsp;&nbsp;&nbsp;&nbsp;&nbsp; LocalDateTime dateTime1 = LocalDateTime.of(2015, 1, 20, 6, 15);<br />&nbsp;&nbsp;&nbsp;&nbsp;&nbsp;&nbsp;&nbsp; LocalDateTime dateTime2 = LocalDateTime.of(2015, 1, 20, 6, 15, 30);<br />&nbsp;&nbsp;&nbsp;&nbsp;&nbsp;&nbsp;&nbsp; LocalDateTime dateTime3 = LocalDateTime.of(2015, 1, 20, 6, 15, 30, 200);<br />&nbsp;&nbsp;&nbsp;&nbsp;&nbsp;&nbsp;&nbsp; LocalDateTime dateTime4 = LocalDateTime.of(2015, Month.JANUARY, 20, 6, 15);<br />&nbsp;&nbsp;&nbsp;&nbsp;&nbsp;&nbsp;&nbsp; LocalDateTime dateTime5 = LocalDateTime.of(2015, Month.JANUARY, 20, 6, 15, 30);<br />&nbsp;&nbsp;&nbsp;&nbsp;&nbsp;&nbsp;&nbsp; LocalDateTime dateTime6 = LocalDateTime.of(2015, Month.JANUARY, 20, 6, 15, 30, 200);<br />&nbsp;&nbsp;&nbsp;&nbsp;&nbsp;&nbsp;&nbsp; <br />&nbsp;&nbsp;&nbsp;&nbsp;&nbsp;&nbsp;&nbsp; LocalDate date1 = LocalDate.of(2015, 1, 20);<br />&nbsp;&nbsp;&nbsp;&nbsp;&nbsp;&nbsp;&nbsp; LocalTime time1 = LocalTime.of(6,15);<br />&nbsp;&nbsp;&nbsp;&nbsp;&nbsp;&nbsp;&nbsp; LocalDateTime dateTime7 = LocalDateTime.of(date1, time1);',true,'');
INSERT INTO Question (id,realmId,type,text,regDate,updateDate) OVERRIDING SYSTEM VALUE VALUES (971,8,0,'<p>В классе java.time.<strong>LocalDateTime</strong> есть метод <strong>of</strong>():</p>
<p>public static LocalDateTime of(int year, int month,<br />&nbsp; int dayOfMonth, int hour, int minute)</p>
<p>public static LocalDateTime of(int year, int month,<br />&nbsp; int dayOfMonth, int hour, int minute, int second)</p>
<p>public static LocalDateTime of(int year, int month,<br />&nbsp; int dayOfMonth, int hour, int minute, int second, int nanos)</p>
<p>public static LocalDateTime of(int year, Month month,<br />&nbsp; int dayOfMonth, int hour, int minute)</p>
<p>public static LocalDateTime of(int year, Month month,<br />&nbsp; int dayOfMonth, int hour, int minute, int second)</p>
<p>public static LocalDateTime of(int year, Month month,<br />&nbsp; int dayOfMonth, int hour, int minute, int second, int nanos)</p>
<p>public static LocalDateTime of(LocalDate date, LocalTime time)</p>
<p>Создает объект даты/времени</p>',TIMESTAMP '1970-01-01 03:00:00',TIMESTAMP '1970-01-01 03:00:00');
INSERT INTO Question (id,realmId,type,text,regDate,updateDate) OVERRIDING SYSTEM VALUE VALUES (972,8,2,'Создайте объект <strong>ZonedDateTime</strong> для 20.01.2015 06:15 Europe/Moscow<br />тремя разными способами.',TIMESTAMP '1970-01-01 03:00:00',TIMESTAMP '1970-01-01 03:00:00');
	INSERT INTO Answer (id,questionId,text,correct,comment) OVERRIDING SYSTEM VALUE VALUES (2031,972,'&nbsp;&nbsp;&nbsp;&nbsp;&nbsp;&nbsp;&nbsp; ZoneId zone = ZoneId.of("Europe/Moscow");<br />&nbsp;&nbsp;&nbsp;&nbsp;&nbsp;&nbsp;&nbsp; ZonedDateTime zoned1 = ZonedDateTime.of(2015, 1, 20,<br />&nbsp;&nbsp;&nbsp;&nbsp;&nbsp;&nbsp;&nbsp; 6, 15, 30, 200, zone);<br />&nbsp;&nbsp;&nbsp;&nbsp;&nbsp;&nbsp;&nbsp; <br />&nbsp;&nbsp;&nbsp;&nbsp;&nbsp;&nbsp;&nbsp; LocalDate date = LocalDate.of(2015,1,20);<br />&nbsp;&nbsp;&nbsp;&nbsp;&nbsp;&nbsp;&nbsp; LocalTime time = LocalTime.of(6,15);<br />&nbsp;&nbsp;&nbsp;&nbsp;&nbsp;&nbsp;&nbsp; ZonedDateTime zoned2 = ZonedDateTime.of(date, time, zone);<br />&nbsp;&nbsp;&nbsp;&nbsp;&nbsp;&nbsp;&nbsp; <br />&nbsp;&nbsp;&nbsp;&nbsp;&nbsp;&nbsp;&nbsp; LocalDateTime dateTime = LocalDateTime.of(date, time);<br />&nbsp;&nbsp;&nbsp;&nbsp;&nbsp;&nbsp;&nbsp; ZonedDateTime zoned3 = ZonedDateTime.of(dateTime, zone);',true,'');
INSERT INTO Question (id,realmId,type,text,regDate,updateDate) OVERRIDING SYSTEM VALUE VALUES (973,8,0,'<p>В классе <strong>ZonedDateTime</strong> есть метод <strong>of</strong>():<br /><br />public static ZonedDateTime of(int year, int month,<br />&nbsp; int dayOfMonth, int hour, int minute, int second, int nanos, ZoneId zone)<br />&nbsp; <br />public static ZonedDateTime of(LocalDate date, LocalTime time, ZoneId zone)</p>
<p>public static ZonedDateTime of(LocalDateTime dateTime, ZoneId zone)<br /><br />Обратить внимание - методов, принимающих java.time.<strong>Month</strong>, <span style="text-decoration: underline;">нет</span>.</p>',TIMESTAMP '1970-01-01 03:00:00',TIMESTAMP '1970-01-01 03:00:00');
INSERT INTO Question (id,realmId,type,text,regDate,updateDate) OVERRIDING SYSTEM VALUE VALUES (974,8,2,'Как найти текущую временную зону?',TIMESTAMP '1970-01-01 03:00:00',TIMESTAMP '1970-01-01 03:00:00');
	INSERT INTO Answer (id,questionId,text,correct,comment) OVERRIDING SYSTEM VALUE VALUES (2032,974,'ZoneId.systemDefault()',true,'');
INSERT INTO Question (id,realmId,type,text,regDate,updateDate) OVERRIDING SYSTEM VALUE VALUES (975,8,2,'Как получить набор всех доступных временных зон?',TIMESTAMP '1970-01-01 03:00:00',TIMESTAMP '1970-01-01 03:00:00');
	INSERT INTO Answer (id,questionId,text,correct,comment) OVERRIDING SYSTEM VALUE VALUES (2033,975,'&nbsp;&nbsp;&nbsp;&nbsp;&nbsp;&nbsp;&nbsp; Set&lt;String&gt; zonesSet = ZoneId.getAvailableZoneIds();<br />&nbsp;&nbsp;&nbsp;&nbsp;&nbsp;&nbsp;&nbsp; zonesSet.stream().sorted().forEach(System.out::println);',true,'');
INSERT INTO Question (id,realmId,type,text,regDate,updateDate) OVERRIDING SYSTEM VALUE VALUES (976,8,0,'<p>немного старого API с датой/временем:<br /><br />import java.util.*;<br /><br />1) Текущие дата/время: Date d = new Date();<br />2) дата 01.01.2015<br /><br />Calendar c = Calendar.getInstance();<br />c.set(2015, Calendar.JANUARY, 1);<br />Date jan = c.getTime();<br />&nbsp;&nbsp;&nbsp; <em>или</em><br />Calendar c = new GregorianCalendar(2015, Calendar.JANUARY, 1);<br />Date jan = c.getTime();<br />&nbsp;&nbsp;&nbsp; <em>или</em><br />Calendar c = Calendar.getInstance();<br />c.set(2015, 0, 1);<br />Date jan = c.getTime();<br />&nbsp;</p>',TIMESTAMP '1970-01-01 03:00:00',TIMESTAMP '1970-01-01 03:00:00');
INSERT INTO Question (id,realmId,type,text,regDate,updateDate) OVERRIDING SYSTEM VALUE VALUES (977,8,0,'Не забываем - классы даты/времени в Java 8 неизменяемые, поэтому необходимо присваивать результаты изменений ссылкам.',TIMESTAMP '1970-01-01 03:00:00',TIMESTAMP '1970-01-01 03:00:00');
INSERT INTO Question (id,realmId,type,text,regDate,updateDate) OVERRIDING SYSTEM VALUE VALUES (978,8,2,'Перечислите методы прибавления/вычитания отрезков времени. Для каждого метода укажите класс, который не обладает данным методом.',TIMESTAMP '1970-01-01 03:00:00',TIMESTAMP '1970-01-01 03:00:00');
	INSERT INTO Answer (id,questionId,text,correct,comment) OVERRIDING SYSTEM VALUE VALUES (2034,978,'<strong>plusYears</strong>/<strong>minusYears&nbsp;&nbsp;</strong>не применимо к: <strong>LocalTime</strong><br /><strong>plusMonths</strong>/<strong>minusMonths&nbsp;&nbsp;</strong>не применимо к: <strong>LocalTime</strong><br /><strong>plusWeeks</strong>/<strong>minusWeeks&nbsp;&nbsp;</strong>не применимо к: <strong>LocalTime</strong><br /><strong>plusDays</strong>/<strong>minusDays&nbsp;&nbsp;&nbsp;</strong>не применимо к: <strong>LocalTime</strong><br /><strong><br />plusHours</strong>/<strong>minusHours&nbsp;&nbsp;</strong>не применимо к: <strong>LocalDate</strong><br /><strong>plusMinutes</strong>/<strong>minusMinutes&nbsp;</strong>не применимо к: <strong>LocalDate</strong><br /><strong>plusSeconds</strong>/<strong>minusSeconds&nbsp;</strong>не применимо к: <strong>LocalDate</strong><br /><strong>plusNanos</strong>/<strong>minusNanos&nbsp;&nbsp;</strong>не применимо к: <strong>LocalDate<br /><br /><br /></strong>т.е. <strong>LocalDateTime</strong> и <strong>ZonedDateTime</strong> имеют все эти методы',true,'');
INSERT INTO Question (id,realmId,type,text,regDate,updateDate) OVERRIDING SYSTEM VALUE VALUES (979,8,0,'Методы сдвига дата/времени удобно испольщовать в виде цепочки вызовов:<br /><br />LocalDateTime dateTime = LocalDateTime.of(date, time)<br />&nbsp; .minusDays(1).minusHours(10).minusSeconds(30);',TIMESTAMP '1970-01-01 03:00:00',TIMESTAMP '1970-01-01 03:00:00');
INSERT INTO Question (id,realmId,type,text,regDate,updateDate) OVERRIDING SYSTEM VALUE VALUES (980,8,2,'Что напечатает следующий код?<br /><br />LocalDate date = LocalDate.of(2020, Month.JANUARY, 20);<br />date = date.plusMinutes(1);<br />System.out.println(date);',TIMESTAMP '1970-01-01 03:00:00',TIMESTAMP '1970-01-01 03:00:00');
	INSERT INTO Answer (id,questionId,text,correct,comment) OVERRIDING SYSTEM VALUE VALUES (2035,980,'Будет ошибка компиляции. Нельзя добавлять минуты к LocalDate',true,'');
INSERT INTO Question (id,realmId,type,text,regDate,updateDate) OVERRIDING SYSTEM VALUE VALUES (981,8,2,'Что напечатает следующий код?<br /><br />LocalDate date = LocalDate.of(2020, Month.JANUARY, 20);<br />date.plusDays(10);<br />System.out.println(date);',TIMESTAMP '1970-01-01 03:00:00',TIMESTAMP '1970-01-01 03:00:00');
	INSERT INTO Answer (id,questionId,text,correct,comment) OVERRIDING SYSTEM VALUE VALUES (2036,981,'20.01.2020<br /><br />Дата неизменяема',true,'');
INSERT INTO Question (id,realmId,type,text,regDate,updateDate) OVERRIDING SYSTEM VALUE VALUES (982,8,0,'Еще немного старого API дат и времен.<br /><br />import java.util.*;<br /><br />1) прибавить день<br /><br />Date date = new Date();<br />Calendar cal = Calendar.getInstance();<br />cal.setTime(date);<br />cal.add(Calendar.DATE, 1);<br />Date newDate = cal.getTime();<br /><br />2) отнять день<br /><br />Date date = new Date();<br />Calendar cal = Calendar.getInstance();<br />cal.setTime(date);<br />cal.add(Calendar.DATE, -1);<br />Date newDate = cal.getTime();',TIMESTAMP '1970-01-01 03:00:00',TIMESTAMP '1970-01-01 03:00:00');
INSERT INTO Question (id,realmId,type,text,regDate,updateDate) OVERRIDING SYSTEM VALUE VALUES (983,8,0,'<p>У классов даты/времени есть методы, унаследованные из интерфейса java.time.chrono.ChronoZonedDateTime. Это <strong>isBefore</strong>(), <strong>isAfter</strong>(), <strong>isEqual</strong>().<br /><br />Еще есть интересный метод <strong>toInstant</strong>(), который возвращает объект типа Instant, хранящий временной слепок (почитать javadoc при необходимости)</p>',TIMESTAMP '1970-01-01 03:00:00',TIMESTAMP '1970-01-01 03:00:00');
INSERT INTO Question (id,realmId,type,text,regDate,updateDate) OVERRIDING SYSTEM VALUE VALUES (984,8,2,'Что такое <em>Epoch</em> и какое API в связи с этим понятием имеется в классах даты/времени?',TIMESTAMP '1970-01-01 03:00:00',TIMESTAMP '1970-01-01 03:00:00');
	INSERT INTO Answer (id,questionId,text,correct,comment) OVERRIDING SYSTEM VALUE VALUES (2037,984,'Epoch - это 01.01.1970. Кстати говоря, по Гринвичу<br /><br />- <strong>LocalDate</strong> имеет метод <strong>toEpochDay</strong>() - кол-во дней с момента Epoch.<br />- <strong>LocalDateTime</strong> и <strong>ZonedDateTime</strong> имеют метод <strong>toEpochSecond</strong>() - кол-во секунд с момента <em>Epoch</em>.<br />- <strong>LocalTime</strong> не имеет ни того, ни другого',true,'');
INSERT INTO Question (id,realmId,type,text,regDate,updateDate) OVERRIDING SYSTEM VALUE VALUES (985,8,2,'Опишите класс java.time.<strong>Period</strong>&nbsp; и укажите 5 способов (методов) создания объекта класса<strong><br /></strong>',TIMESTAMP '1970-01-01 03:00:00',TIMESTAMP '1970-01-01 03:00:00');
	INSERT INTO Answer (id,questionId,text,correct,comment) OVERRIDING SYSTEM VALUE VALUES (2038,985,'<p>Выражает основанный на <span style="text-decoration: underline;">датах</span> период времени.</p>
<p>Period annually = Period.ofYears(1);<br />Period quarterly = Period.ofMonths(3);<br />Period everyThreeWeeks = Period.ofWeeks(3);<br />Period everyOtherDay = Period.ofDays(2);<br />Period everyYearAndAWeek = Period.of(1,0,7); //years, months, days<br /><br />везде в аргументах - <strong>int</strong></p>',true,'');
INSERT INTO Question (id,realmId,type,text,regDate,updateDate) OVERRIDING SYSTEM VALUE VALUES (986,8,0,'Period.ofYears(1).ofWeeks(1) это то же самое, что Period.ofWeeks(1), т.к. эти методы - статические. Цепочки использовать нельзя.',TIMESTAMP '1970-01-01 03:00:00',TIMESTAMP '1970-01-01 03:00:00');
INSERT INTO Question (id,realmId,type,text,regDate,updateDate) OVERRIDING SYSTEM VALUE VALUES (987,8,0,'Класс <strong>Period</strong> хранит информацию строго в терминах годов, месяцев, дней. Метод ofWeeks() - просто сервисный. Распечатка Period.ofWeeks(7) даст P49D, а Period.of(2,3,4) - P2Y3M4D<br /><br />Если какой-то меры - 0, то в распечатке ее не будет:<br /><br />Period.of(0, 20, 47) =&gt; P20M47D',TIMESTAMP '1970-01-01 03:00:00',TIMESTAMP '1970-01-01 03:00:00');
INSERT INTO Question (id,realmId,type,text,regDate,updateDate) OVERRIDING SYSTEM VALUE VALUES (988,8,0,'Объекты Period можно добавлять/вычитать (посредством методов <strong>plus</strong>(), <strong>minus</strong>()) применительно ко всем объектам даты/времени, кроме <strong>LocalTime</strong>.<br /><br />LocalDate date = LocalDate.of(2015, 1, 20);<br />LocalTime time = LocalTime.of(6, 15);<br />LocalDateTime dateTime = LocalDateTime.of(date, time);<br />Period period = Period.ofMonths(1);<br />System.out.println(date.plus(period)); // 2015&ndash;02&ndash;20<br />System.out.println(dateTime.plus(period)); // 2015&ndash;02&ndash;20T06:15<br />System.out.println(time.plus(period)); // UnsupportedTemporalTypeException',TIMESTAMP '1970-01-01 03:00:00',TIMESTAMP '1970-01-01 03:00:00');
INSERT INTO Question (id,realmId,type,text,regDate,updateDate) OVERRIDING SYSTEM VALUE VALUES (989,8,2,'Опишите класс java.time.<strong>Duration</strong>&nbsp; и укажите&nbsp;6 способов (методов) создания объекта класса, а также расскажите об общем методе <strong>of</strong>()',TIMESTAMP '1970-01-01 03:00:00',TIMESTAMP '1970-01-01 03:00:00');
	INSERT INTO Answer (id,questionId,text,correct,comment) OVERRIDING SYSTEM VALUE VALUES (2039,989,'Класс выражает период времени более дробный, чем сутки.<br /><br />Duration daily = Duration.ofDays(1); // PT24H<br />Duration hourly = Duration.ofHours(1); // PT1H<br />Duration everyMinute = Duration.ofMinutes(1); // PT1M<br />Duration everyTenSeconds = Duration.ofSeconds(10); // PT10S<br />Duration everyMilli = Duration.ofMillis(1); // PT0.001S<br />Duration everyNano = Duration.ofNanos(1); // PT0.000000001S<br /><br />Еще можно создавать объекты с помощью статического метода <strong>of</strong>(<strong>long </strong><em>amount</em>, <strong>TemporalUnit </strong><em>unit</em>). У <strong>TemporalUnit</strong> есть набор enum-констант, хранящихся в реализующем данный интерфейс&nbsp;энуме <strong>ChronoUnit</strong>:<br /><br />Duration daily = Duration.of(1, ChronoUnit.DAYS);<br />Duration hourly = Duration.of(1, ChronoUnit.HOURS);<br />Duration everyMinute = Duration.of(1, ChronoUnit.MINUTES);<br />Duration everyTenSeconds = Duration.of(10, ChronoUnit.SECONDS);<br />Duration everyMilli = Duration.of(1, ChronoUnit.MILLIS);<br />Duration everyNano = Duration.of(1, ChronoUnit.NANOS);<br />Duration halfDays = Duration.of(1, ChronoUnit.HALF_DAYS);<br /><br />везде в аргументах - <strong>long</strong>',true,'');
INSERT INTO Question (id,realmId,type,text,regDate,updateDate) OVERRIDING SYSTEM VALUE VALUES (990,8,0,'У класса <strong>Duration</strong> нет возможности создать комплексный период одним методом, как у <strong>Period</strong>. Если нужно задать 1 час 30 минут, следует вызывать ofMinutes(90);',TIMESTAMP '1970-01-01 03:00:00',TIMESTAMP '1970-01-01 03:00:00');
INSERT INTO Question (id,realmId,type,text,regDate,updateDate) OVERRIDING SYSTEM VALUE VALUES (991,8,2,'Расскажите, как с помощью&nbsp;энумов java.time.temporal.<strong>ChronoUnit</strong> можно найти разницу между друмя объектами даты/времени.',TIMESTAMP '1970-01-01 03:00:00',TIMESTAMP '1970-01-01 03:00:00');
	INSERT INTO Answer (id,questionId,text,correct,comment) OVERRIDING SYSTEM VALUE VALUES (2040,991,'Необходимо вызвать метод <strong>between</strong>() на энуме <strong>ChronoUnit</strong>&nbsp;и подать в этот метод сравниваемые объекты:<br /><br />LocalTime one = LocalTime.of(5, 15);<br />LocalTime two = LocalTime.of(6, 30);<br />LocalDate date = LocalDate.of(2016, 1, 20);<br />System.out.println(ChronoUnit.HOURS.between(one, two)); // 1<br />System.out.println(ChronoUnit.MINUTES.between(one, two)); // 75<br />System.out.println(ChronoUnit.MINUTES.between(one, date)); // DateTimeException',true,'');
INSERT INTO Question (id,realmId,type,text,regDate,updateDate) OVERRIDING SYSTEM VALUE VALUES (992,8,0,'Объекты <strong>Duration</strong> можно добавлять/вычитать (посредством методов <strong>plus</strong>(), <strong>minus</strong>()) применительно ко всем объектам даты/времени, кроме <strong>LocalDate</strong>.<br /><br />LocalDate date = LocalDate.of(2015, 1, 20);<br />LocalTime time = LocalTime.of(6, 15);<br />LocalDateTime dateTime = LocalDateTime.of(date, time);<br />Duration duration = Duration.ofHours(6);<br />System.out.println(dateTime.plus(duration)); // 2015&ndash;01&ndash;20T12:15<br />System.out.println(time.plus(duration)); // 12:15<br />System.out.println(date.plus(duration)); // UnsupportedTemporalException',TIMESTAMP '1970-01-01 03:00:00',TIMESTAMP '1970-01-01 03:00:00');
INSERT INTO Question (id,realmId,type,text,regDate,updateDate) OVERRIDING SYSTEM VALUE VALUES (993,8,2,'Что представляет собой класс java.time.<strong>Instant</strong>? Как можно получить объект этого класса?',TIMESTAMP '1970-01-01 03:00:00',TIMESTAMP '1970-01-01 03:00:00');
	INSERT INTO Answer (id,questionId,text,correct,comment) OVERRIDING SYSTEM VALUE VALUES (2041,993,'Представляет определенный&nbsp;<span style="text-decoration: underline;">момент времени</span>, привязанный к Гринвичскому часовому поясу (зоне). Поэтому методом <strong>toInstant</strong>() может быть взят только с объектов <strong>ZonedDateTime</strong>.<br /><br /><br />ZonedDateTime zonedDateTime = ZonedDateTime.now();<br />Instant instant = zonedDateTime.toInstant(); <br />System.out.println(zonedDateTime); // 2019-01-10T16:45:39.967+03:00[Europe/Moscow]<br />System.out.println(instant); // 2019-01-10T13:45:39.967Z<br /><br />Еще Instant можно получить, используя статический&nbsp; метод <strong>ofEpochSeconds</strong>(), подавая туда число секунд (long), прошедшее от Epoch.<br /><br />Instant instant = Instant.ofEpochSecond(1201912102);<br />System.out.println(instant); // 2008-02-02T00:28:22Z<br /><br />Еще есть статический метод Instant.<strong>now</strong>()',true,'');
INSERT INTO Question (id,realmId,type,text,regDate,updateDate) OVERRIDING SYSTEM VALUE VALUES (994,8,0,'У классов <strong>Duration</strong> и <strong>Period</strong> есть метод <strong>between</strong>(), позволяющий получить период соответствующего типа между двумя поданными объектами даты/времени. В случае с <strong>Period</strong> сигнатурно разрешено подавать только <strong>LocalDate</strong>. В случае с <strong>Duration</strong> - любые объекты, но если объект не поддерживает секунды (читай - <strong>LocalDate</strong>), то будет runtime error. Если объекты разных типов, то второй приводится к первому.<br /><br />А еще у объектов Duration есть метод <em>long</em> <strong>toMillis</strong>()',TIMESTAMP '1970-01-01 03:00:00',TIMESTAMP '1970-01-01 03:00:00');
INSERT INTO Question (id,realmId,type,text,regDate,updateDate) OVERRIDING SYSTEM VALUE VALUES (995,8,2,'Опишите основной API класса <strong>Instant</strong>',TIMESTAMP '1970-01-01 03:00:00',TIMESTAMP '1970-01-01 03:00:00');
	INSERT INTO Answer (id,questionId,text,correct,comment) OVERRIDING SYSTEM VALUE VALUES (2042,995,'1) прибавление/вычитание определенного кол-ва <strong>ChronoUnit </strong>(можно использовать DAYS или меньшие сущности, иначе runtime exception): методы <strong>plus</strong>()/<strong>minus</strong>()<br /><br />Instant nextDay = instant.plus(1, ChronoUnit.DAYS);<br />System.out.println(nextDay); // 2015&ndash;05&ndash;26T15:55:00Z<br />Instant nextHour = instant.plus(1, ChronoUnit.HOURS);<br />System.out.println(nextHour); // 2015&ndash;05&ndash;25T16:55:00Z<br />Instant nextWeek = instant.plus(1, ChronoUnit.WEEKS); // exception<br /><br />2) прибавление/вычитание определенного&nbsp;<strong>TemporalAmount</strong> (обычно <strong>Duration</strong>).:: методы <strong>plus</strong>()/<strong>minus</strong>(), возможны runtime exceptions, если операцию нельзя выполнить.<br /><br />3) готовые методы <strong>plusMillis</strong>(long), <strong>plusNanos</strong>(long), <strong>plusSeconds</strong>(long), аналогично для минуса<br /><br />1) -3) - везде возвращается <strong>Instant</strong>, исходный объект <span style="text-decoration: underline;">не меняется</span>.<br /><br />... и много других, о которых не говорится в книжке. Например isBefore(Instant), isAfter(Instant)',true,'');
INSERT INTO Question (id,realmId,type,text,regDate,updateDate) OVERRIDING SYSTEM VALUE VALUES (996,9,2,'Что такое <strong>ДампМодели_Объектная</strong>?',TIMESTAMP '1970-01-01 03:00:00',TIMESTAMP '1970-01-01 03:00:00');
	INSERT INTO Answer (id,questionId,text,correct,comment) OVERRIDING SYSTEM VALUE VALUES (2043,996,'Это основная модель - источник данных, которая может быть сохранена в объект :<strong>К_ДампМодели</strong> (хранилище ДМ_...) и в UStorage с именем хранилища.<br /><br />Примеры: МодельТекущийГрафик, МодельИсполненныйГрафик и т.д.',true,'');
INSERT INTO Question (id,realmId,type,text,regDate,updateDate) OVERRIDING SYSTEM VALUE VALUES (997,9,2,'Расскажите об объектах :<strong>К_ДампМодели</strong>.',TIMESTAMP '1970-01-01 03:00:00',TIMESTAMP '1970-01-01 03:00:00');
	INSERT INTO Answer (id,questionId,text,correct,comment) OVERRIDING SYSTEM VALUE VALUES (2044,997,'Эти объекты хранят в себе данные соответствующей модели. Фактически, являются неизменяемыми. Обращаться к ним напрямую не надо, для этого существуют промежуточные сущности. Данные хранятся в виде замаршаленного массива объектов.',true,'');
INSERT INTO Question (id,realmId,type,text,regDate,updateDate) OVERRIDING SYSTEM VALUE VALUES (998,9,2,'Расскажите о том, как фиксируются изменения, происходящие с моделью <strong>ДампМодели_Объектная</strong>.',TIMESTAMP '1970-01-01 03:00:00',TIMESTAMP '1970-01-01 03:00:00');
	INSERT INTO Answer (id,questionId,text,correct,comment) OVERRIDING SYSTEM VALUE VALUES (2045,998,'Содержимое модели <strong>ДампМодели_Объектная</strong> может (и должно) подвергаться изменениям. Каждое такое изменение, осуществляемое&nbsp;стандартными методами on_table_rows..., переопределенными на модели,&nbsp;складывается в отдельный внутренний массив <strong>корректировки</strong>. Каждый квант изменений выглядит как массив вида<br />[метод on_table_row, индекс1, индекс2, [объекты[индекс1..индекс2]]]<br /><br />Метод <strong>сохранить_корректировки</strong> обнуляет внутренний массив и кладет накопившиеся корректировки в объект :<strong>К_ДампМодели_Корректировка</strong> (хранилище ДМК_) и в <strong>UStorage</strong> того же имени. Дальнейшие корректировки будут уже применяться к тому состоянию модели, к какому она пришла.',true,'');
INSERT INTO Question (id,realmId,type,text,regDate,updateDate) OVERRIDING SYSTEM VALUE VALUES (999,9,2,'Как устроена модель <strong>ДампМодели_Модульная</strong>?',TIMESTAMP '1970-01-01 03:00:00',TIMESTAMP '1970-01-01 03:00:00');
	INSERT INTO Answer (id,questionId,text,correct,comment) OVERRIDING SYSTEM VALUE VALUES (2046,999,'Эта модель является, по сути, контроллером объектной модели. Она отслеживает состояние объектной модели и использует ее объекты в качестве своих. Через модульную модель можно получить доступ к данным объектной модели:<br /><strong>График.текущий</strong> или <strong>Модель.текущий_график</strong> - ссылка на модульную модель, которая связана с МодельТекущийГрафик',true,'');
INSERT INTO Question (id,realmId,type,text,regDate,updateDate) OVERRIDING SYSTEM VALUE VALUES (1000,9,2,'Как получить данные, отфильтрованные по каким-либо параметрам?',TIMESTAMP '1970-01-01 03:00:00',TIMESTAMP '1970-01-01 03:00:00');
	INSERT INTO Answer (id,questionId,text,correct,comment) OVERRIDING SYSTEM VALUE VALUES (2047,1000,'Необходимо подать параметры в метод <strong>Модель.текущий_график </strong>и подобные, например,<br /><br />Модель.текущий_график(duNSI:[5,31])<br /><br />Модульная модель породит модель <strong>ДампМодели_Паразитка</strong> и будет поддерживать ее состояние. Объекты паразитки - подмножество объектов объектной модели.',true,'');
INSERT INTO Question (id,realmId,type,text,regDate,updateDate) OVERRIDING SYSTEM VALUE VALUES (1001,9,2,'Какова роль параметра :<strong>для</strong>/:<strong>for</strong> при получении фильтрованной модели?',TIMESTAMP '1970-01-01 03:00:00',TIMESTAMP '1970-01-01 03:00:00');
	INSERT INTO Answer (id,questionId,text,correct,comment) OVERRIDING SYSTEM VALUE VALUES (2048,1001,'Если параметр указан, то в случае изменения состава прочих параметров существующая модель с таким же "для" останавливается и заменяется новой. Если параметры не изменились - возвращается имеющаяся. Если параметр для/for не указан, гарантированно соберется новая модель-паразитка.',true,'');
INSERT INTO Question (id,realmId,type,text,regDate,updateDate) OVERRIDING SYSTEM VALUE VALUES (1002,9,2,'Опишите общую схему формирования исполненного графика на ДампахМодели.',TIMESTAMP '1970-01-01 03:00:00',TIMESTAMP '1970-01-01 03:00:00');
	INSERT INTO Answer (id,questionId,text,correct,comment) OVERRIDING SYSTEM VALUE VALUES (2049,1002,'Специфическая логика реализована в методах модели <strong>МодельИсполненныйГрафик</strong><br /><br />1)&nbsp;Канал поднимает объектную модель и сохраняет дамп модели.<br />2) Хендлер посылает в модель объекты, сформированные на основе полученных сигналов.<br />3) По сигналу <strong>FIN</strong> происходит запись корректировок.<br />4) Каждый час с момента старта канала на основании прежнего основного объекта и корректировок формируется и сохраняется новый основной объект.',true,'');
INSERT INTO Question (id,realmId,type,text,regDate,updateDate) OVERRIDING SYSTEM VALUE VALUES (1003,9,2,'Опишите общие принципы отображения в АРМе исполненного графика, реализованного на ДампахМодели.<br /><br />&gt;&gt;&gt;дописать!!!',TIMESTAMP '1970-01-01 03:00:00',TIMESTAMP '1970-01-01 03:00:00');
	INSERT INTO Answer (id,questionId,text,correct,comment) OVERRIDING SYSTEM VALUE VALUES (2050,1003,'1) АРМ определяет временной диапазон видимой части экрана<br />2) На основе этой информации поднимается модель <strong>ДампМодели_Динамическая</strong>, являющаяся особой разновидностью паразитки.<br />3) Стандартный метод График.исполненный возвращает не модульную модель, а динамическую',false,'');
INSERT INTO Question (id,realmId,type,text,regDate,updateDate) OVERRIDING SYSTEM VALUE VALUES (1004,8,2,'Опишите стандартный переход на зимнее/летнее время - что происходит с часами.',TIMESTAMP '1970-01-01 03:00:00',TIMESTAMP '1970-01-01 03:00:00');
	INSERT INTO Answer (id,questionId,text,correct,comment) OVERRIDING SYSTEM VALUE VALUES (2051,1004,'Перевод времени обычно производится на уикенде.<br />Весной (в марте) после 1:59 (технически после 1:59:59 + наносекунды) сразу следует 3:00.<br />Осенью (в ноябре) после 1:59 следует 1:00.',true,'');
INSERT INTO Question (id,realmId,type,text,regDate,updateDate) OVERRIDING SYSTEM VALUE VALUES (1005,8,2,'Что напечатает следующий код с учетом того, что 13 марта в США производится переход на летнее время?<br />&nbsp;&nbsp;&nbsp;&nbsp;&nbsp;&nbsp;&nbsp; <br />&nbsp;&nbsp;&nbsp;&nbsp;&nbsp;&nbsp;&nbsp; LocalDate date = LocalDate.of(2016, Month.MARCH, 13);<br />&nbsp;&nbsp;&nbsp;&nbsp;&nbsp;&nbsp;&nbsp; LocalTime time = LocalTime.of(1, 30);<br />&nbsp;&nbsp;&nbsp;&nbsp;&nbsp;&nbsp;&nbsp; ZoneId zone = ZoneId.of("US/Eastern");<br />&nbsp;&nbsp;&nbsp;&nbsp;&nbsp;&nbsp;&nbsp; ZonedDateTime dateTime = ZonedDateTime.of(date, time, zone);<br />&nbsp;&nbsp;&nbsp;&nbsp;&nbsp;&nbsp;&nbsp; System.out.println(dateTime); <br />&nbsp;&nbsp;&nbsp;&nbsp;&nbsp;&nbsp;&nbsp; dateTime = dateTime.plusHours(1);<br />&nbsp;&nbsp;&nbsp;&nbsp;&nbsp;&nbsp;&nbsp; System.out.println(dateTime);',TIMESTAMP '1970-01-01 03:00:00',TIMESTAMP '1970-01-01 03:00:00');
	INSERT INTO Answer (id,questionId,text,correct,comment) OVERRIDING SYSTEM VALUE VALUES (2052,1005,'2016-03-13T01:30-05:00[US/Eastern]<br />2016-03-13T03:30-04:00[US/Eastern]<br /><br />перевод времени учтется, к тому же изменится UTC-смещение',true,'');
INSERT INTO Question (id,realmId,type,text,regDate,updateDate) OVERRIDING SYSTEM VALUE VALUES (1006,8,2,'Дан код:<br /><br /><br />&nbsp;&nbsp;&nbsp;&nbsp;&nbsp;&nbsp;&nbsp; LocalDate date = LocalDate.of(2016, Month.NOVEMBER, 6);<br />&nbsp;&nbsp;&nbsp;&nbsp;&nbsp;&nbsp;&nbsp; LocalTime time = LocalTime.of(1, 30);<br />&nbsp;&nbsp;&nbsp;&nbsp;&nbsp;&nbsp;&nbsp; ZoneId zone = ZoneId.of("US/Eastern");<br />&nbsp;&nbsp;&nbsp;&nbsp;&nbsp;&nbsp;&nbsp; ZonedDateTime dateTime = ZonedDateTime.of(date, time, zone);<br />&nbsp;&nbsp;&nbsp;&nbsp;&nbsp;&nbsp;&nbsp; System.out.println(dateTime); <br />&nbsp;&nbsp;&nbsp;&nbsp;&nbsp;&nbsp;&nbsp; dateTime = dateTime.plusHours(1);<br />&nbsp;&nbsp;&nbsp;&nbsp;&nbsp;&nbsp;&nbsp; System.out.println(dateTime); <br />&nbsp;&nbsp;&nbsp;&nbsp;&nbsp;&nbsp;&nbsp; dateTime = dateTime.plusHours(1);<br />&nbsp;&nbsp;&nbsp;&nbsp;&nbsp;&nbsp;&nbsp; System.out.println(dateTime);<br /><br />1) Что напечатается с учетом того, что в США 5 ноября происходит переход на зимнее время?<br /><br />2) Какие времена по Гринвичу напечатались бы?',TIMESTAMP '1970-01-01 03:00:00',TIMESTAMP '1970-01-01 03:00:00');
	INSERT INTO Answer (id,questionId,text,correct,comment) OVERRIDING SYSTEM VALUE VALUES (2053,1006,'1) 2016-11-06T01:30-04:00[US/Eastern]<br />2016-11-06T01:30-05:00[US/Eastern]<br />2016-11-06T02:30-05:00[US/Eastern]<br /><br />перевод времени учется, изменится и UTC-смещение<br /><br />2) 5:30, 6:30, 7:30',true,'');
INSERT INTO Question (id,realmId,type,text,regDate,updateDate) OVERRIDING SYSTEM VALUE VALUES (1007,8,0,'У класса <strong>ZonedDateTime</strong> есть метод <strong>withZoneSameInstant</strong>(<strong>ZoneOffset</strong>), который позволяет сменить зону. <strong>ZoneOffset</strong> - это подкласс <strong>ZoneId</strong>.<br /><br />Например, чтобы получить гринвичский аналог произвольного зонного времени, нужно выполнить<br /><br />dateTime.withZoneSameInstant(ZoneOffset.UTC)',TIMESTAMP '1970-01-01 03:00:00',TIMESTAMP '1970-01-01 03:00:00');
INSERT INTO Question (id,realmId,type,text,regDate,updateDate) OVERRIDING SYSTEM VALUE VALUES (1008,8,2,'Что выведет следующий код с учетом того, что 13 марта в США производится переход на летнее время?<br /><br />&nbsp;&nbsp;&nbsp;&nbsp;&nbsp;&nbsp;&nbsp; LocalDate date = LocalDate.of(2016, Month.MARCH, 13);<br />&nbsp;&nbsp;&nbsp;&nbsp;&nbsp;&nbsp;&nbsp; LocalTime time = LocalTime.of(2, 30);<br />&nbsp;&nbsp;&nbsp;&nbsp;&nbsp;&nbsp;&nbsp; ZoneId zone = ZoneId.of("US/Eastern");<br />&nbsp;&nbsp;&nbsp;&nbsp;&nbsp;&nbsp;&nbsp; ZonedDateTime dateTime = ZonedDateTime.of(date, time, zone);<br />&nbsp;&nbsp;&nbsp;&nbsp;&nbsp;&nbsp;&nbsp; System.out.println(dateTime);',TIMESTAMP '1970-01-01 03:00:00',TIMESTAMP '1970-01-01 03:00:00');
	INSERT INTO Answer (id,questionId,text,correct,comment) OVERRIDING SYSTEM VALUE VALUES (2054,1008,'2016-03-13T03:30-04:00[US/Eastern]<br /><br />Java поймет, что требуемого времени не существует, и сместит на час вперед.',true,'');
INSERT INTO Question (id,realmId,type,text,regDate,updateDate) OVERRIDING SYSTEM VALUE VALUES (1009,8,0,'Класс <strong>String</strong> - финальный!',TIMESTAMP '1970-01-01 03:00:00',TIMESTAMP '1970-01-01 03:00:00');
INSERT INTO Question (id,realmId,type,text,regDate,updateDate) OVERRIDING SYSTEM VALUE VALUES (1010,8,0,'Строковые литералы, в принципе, можно сравнивать посредством ==, так как они должны браться из строкового пула, но лучше все-таки так не делать и использовать <strong>equals</strong>().',TIMESTAMP '1970-01-01 03:00:00',TIMESTAMP '1970-01-01 03:00:00');
INSERT INTO Question (id,realmId,type,text,regDate,updateDate) OVERRIDING SYSTEM VALUE VALUES (1011,8,0,'Не забываем - если в выражении с несколькими операторами <strong>+</strong> есть строка, то результат будет строкой.<br /><br />String s4 = "1" + 2 + 3;<br />String s5 = 1 + 2 + "3";<br />System.out.println(s4); // "123"<br />System.out.println(s5); // "33"',TIMESTAMP '1970-01-01 03:00:00',TIMESTAMP '1970-01-01 03:00:00');
INSERT INTO Question (id,realmId,type,text,regDate,updateDate) OVERRIDING SYSTEM VALUE VALUES (1012,8,2,'Что напечатает следующий код?<br /><br />StringBuilder s = new StringBuilder("abcde");<br />s.insert(1, ''-'').delete(3, 4);<br />System.out.println(s);<br />System.out.println(s.substring(2, 4));',TIMESTAMP '1970-01-01 03:00:00',TIMESTAMP '1970-01-01 03:00:00');
	INSERT INTO Answer (id,questionId,text,correct,comment) OVERRIDING SYSTEM VALUE VALUES (2055,1012,'a-bde<br />bd',true,'');
INSERT INTO Question (id,realmId,type,text,regDate,updateDate) OVERRIDING SYSTEM VALUE VALUES (1013,8,2,'Что такое интернационализация?',TIMESTAMP '1970-01-01 03:00:00',TIMESTAMP '1970-01-01 03:00:00');
	INSERT INTO Answer (id,questionId,text,correct,comment) OVERRIDING SYSTEM VALUE VALUES (2056,1013,'Интернационализация (<em>internatiolization</em>, <em>i18n</em>) - это элементы дизайна программы, позволяющие использовать ее с несколькими региональными настройками языка и форматов. При этом нет обязательного требования, чтобы система поддерживала более одного формата/языка, главное - иметь такую возможность.',true,'');
INSERT INTO Question (id,realmId,type,text,regDate,updateDate) OVERRIDING SYSTEM VALUE VALUES (1014,8,2,'Что такое локализация?',TIMESTAMP '1970-01-01 03:00:00',TIMESTAMP '1970-01-01 03:00:00');
	INSERT INTO Answer (id,questionId,text,correct,comment) OVERRIDING SYSTEM VALUE VALUES (2057,1014,'Локализация (<em>localization</em>, <em>l10n</em>) - это поддержка нескольких локалей, т.е. "особых географических, политических или культурных регионов". Можно рассматривать локаль как пару "язык-страна". Локализация включает в себя перевод строк на другие языки, вывод дат и чисел в корректном формате',true,'');
INSERT INTO Question (id,realmId,type,text,regDate,updateDate) OVERRIDING SYSTEM VALUE VALUES (1015,8,0,'Класс <strong>Locale</strong> находится в пакете java.util.',TIMESTAMP '1970-01-01 03:00:00',TIMESTAMP '1970-01-01 03:00:00');
INSERT INTO Question (id,realmId,type,text,regDate,updateDate) OVERRIDING SYSTEM VALUE VALUES (1016,8,2,'Как получить локаль по умолчанию?',TIMESTAMP '1970-01-01 03:00:00',TIMESTAMP '1970-01-01 03:00:00');
	INSERT INTO Answer (id,questionId,text,correct,comment) OVERRIDING SYSTEM VALUE VALUES (2058,1016,'Locale locale = Locale.getDefault(); // en_US',true,'');
INSERT INTO Question (id,realmId,type,text,regDate,updateDate) OVERRIDING SYSTEM VALUE VALUES (1017,8,0,'Локаль может включать (<strong>en_US</strong>), а может и не включать (<strong>fr</strong>) в себя страну.',TIMESTAMP '1970-01-01 03:00:00',TIMESTAMP '1970-01-01 03:00:00');
INSERT INTO Question (id,realmId,type,text,regDate,updateDate) OVERRIDING SYSTEM VALUE VALUES (1018,8,1,'Отметьте корректные наименования локалей.',TIMESTAMP '1970-01-01 03:00:00',TIMESTAMP '1970-01-01 03:00:00');
	INSERT INTO Answer (id,questionId,text,correct,comment) OVERRIDING SYSTEM VALUE VALUES (2064,1018,'en_US',true,'');
	INSERT INTO Answer (id,questionId,text,correct,comment) OVERRIDING SYSTEM VALUE VALUES (2059,1018,'US',false,'нельзя без языка');
	INSERT INTO Answer (id,questionId,text,correct,comment) OVERRIDING SYSTEM VALUE VALUES (2060,1018,'enUS',false,'отутствует подчеркивание между языком и страной');
	INSERT INTO Answer (id,questionId,text,correct,comment) OVERRIDING SYSTEM VALUE VALUES (2061,1018,'US_en',false,'перепутаны местами страна и язык');
	INSERT INTO Answer (id,questionId,text,correct,comment) OVERRIDING SYSTEM VALUE VALUES (2062,1018,'EN',false,'язык должен указаываться строчными буквами');
	INSERT INTO Answer (id,questionId,text,correct,comment) OVERRIDING SYSTEM VALUE VALUES (2063,1018,'en',true,'локаль может быть без страны');
INSERT INTO Question (id,realmId,type,text,regDate,updateDate) OVERRIDING SYSTEM VALUE VALUES (1019,8,2,'Укажите 3 способа получения объектов локалей.',TIMESTAMP '1970-01-01 03:00:00',TIMESTAMP '1970-01-01 03:00:00');
	INSERT INTO Answer (id,questionId,text,correct,comment) OVERRIDING SYSTEM VALUE VALUES (2065,1019,'1) Через константу:<br />Locale.GERMANY<br /><br />2) через конструктор<br />new Locale("ru", "RU")<br />new Locale("ru")<br /><br />3) с использованием паттерна Builder<br />new Locale.Builder()<br />&nbsp; .setLanguage("en")<br />&nbsp; .setRegion("US")<br />&nbsp; .build();&nbsp;&nbsp;&nbsp;',true,'');
INSERT INTO Question (id,realmId,type,text,regDate,updateDate) OVERRIDING SYSTEM VALUE VALUES (1020,8,2,'Как <span style="text-decoration: underline;">не</span> надо использовать Locale.Builder()?',TIMESTAMP '1970-01-01 03:00:00',TIMESTAMP '1970-01-01 03:00:00');
	INSERT INTO Answer (id,questionId,text,correct,comment) OVERRIDING SYSTEM VALUE VALUES (2066,1020,'Locale.Builder позволяет осуществлять манипуляции, которые в удущем могут принести проблемы.<br /><br />1) не надо создавать регионы строчными буквами, а языки - большими.<br /><br />Locale l2 = new Locale.Builder() // bad but legal<br />&nbsp; .setRegion("us")<br />&nbsp; .setLanguage("EN")<br />&nbsp; .build();&nbsp;&nbsp;&nbsp; <br /><br />2) не надо создавать пустые локали:<br />Locale l2 = new Locale.Builder().build(); // bad but legal',true,'');
INSERT INTO Question (id,realmId,type,text,regDate,updateDate) OVERRIDING SYSTEM VALUE VALUES (1021,8,2,'Как установить локаль по умолчанию и какие особенности у такого подхода?',TIMESTAMP '1970-01-01 03:00:00',TIMESTAMP '1970-01-01 03:00:00');
	INSERT INTO Answer (id,questionId,text,correct,comment) OVERRIDING SYSTEM VALUE VALUES (2067,1021,'Locale locale = new Locale("fr");<br />Locale.setDefault(locale);<br /><br />Эта настройка применится только для текущей программы. Никаких изменений на системном уровне не произойдет. Используется такой подход очень редко.',true,'');
INSERT INTO Question (id,realmId,type,text,regDate,updateDate) OVERRIDING SYSTEM VALUE VALUES (1022,8,2,'Что такое resource bundle?',TIMESTAMP '1970-01-01 03:00:00',TIMESTAMP '1970-01-01 03:00:00');
	INSERT INTO Answer (id,questionId,text,correct,comment) OVERRIDING SYSTEM VALUE VALUES (2068,1022,'Это набор локально-ориентированных объектов. Похоже на map с ключами и значениями. Может содержаться в Java-классе или в файле свойств (<em>property file</em>).',true,'');
INSERT INTO Question (id,realmId,type,text,regDate,updateDate) OVERRIDING SYSTEM VALUE VALUES (1023,8,0,'Файл свойств (<em>property file</em>) выглядит следующим образом:<br /><br />Название:<br /><br />&lt;SomeName&gt;_&lt;language&gt;[_&lt;country&gt;].properties, например:<br /><br />Zoo_ru.properties<br /><br />Содержимое:<br /><br />&lt;ключ&gt; = &lt;значение&gt;, например:<br /><br />hello=привет',TIMESTAMP '1970-01-01 03:00:00',TIMESTAMP '1970-01-01 03:00:00');
INSERT INTO Question (id,realmId,type,text,regDate,updateDate) OVERRIDING SYSTEM VALUE VALUES (1024,8,2,'Как обратиться к ресурсу из ресурсного файла?',TIMESTAMP '1970-01-01 03:00:00',TIMESTAMP '1970-01-01 03:00:00');
	INSERT INTO Answer (id,questionId,text,correct,comment) OVERRIDING SYSTEM VALUE VALUES (2069,1024,'если ресурсный файл находится в пакете <strong>pack2</strong> и называется <strong>Zoo_ru.properties</strong>:<br /><br />import java.util.ResourceBundle<br />...<br /><br />ResourceBundle rb = ResourceBundle.getBundle("pack2/Zoo", new Locale("ru"));<br />System.out.println(rb.getString("hello"));<br /><br />Локаль должна точно соответствовать файлу свойств. Если в последнем указана страна, то локали только по языку недостаточно (файл не найдется)',true,'');
INSERT INTO Question (id,realmId,type,text,regDate,updateDate) OVERRIDING SYSTEM VALUE VALUES (1025,8,2,'Расскажите о формате файла свойств (property file):<br /><br />1) как хранятся пары ключ-значение<br />2) как задаются комментарии<br />3) как обрабатываются пробелы<br />4) для чего нужен обратный слеш в конце строки<br />5) как используются эскейп-последовательности',TIMESTAMP '1970-01-01 03:00:00',TIMESTAMP '1970-01-01 03:00:00');
	INSERT INTO Answer (id,questionId,text,correct,comment) OVERRIDING SYSTEM VALUE VALUES (2070,1025,'1) тремя способами:<br />key=value<br />key:value<br />key value<br /><br /><br /><br />2) ! или # в начале строки<br /><br />3) Пробелы до и после разделителя игнорируются<br />Пробелы в начале строки игнорируются<br />Пробелы в конце строки <span style="text-decoration: underline;">не</span> игнорируются<br /><br />4) для переноса строки<br /><br />5) стандартно. Например, \n или \t',true,'');
INSERT INTO Question (id,realmId,type,text,regDate,updateDate) OVERRIDING SYSTEM VALUE VALUES (1026,8,0,'Если надо перенести длинную строку в коде, следует использовать конкатенацию:<br /><br />System.out.println("1 - Вход" + <br />&nbsp;&nbsp;&nbsp;&nbsp;&nbsp;&nbsp;&nbsp;&nbsp;&nbsp;&nbsp;&nbsp;&nbsp;&nbsp;&nbsp;&nbsp;&nbsp;&nbsp;&nbsp; "2 - Регистрация" + <br />&nbsp;&nbsp;&nbsp;&nbsp;&nbsp;&nbsp;&nbsp;&nbsp;&nbsp;&nbsp;&nbsp;&nbsp;&nbsp;&nbsp;&nbsp;&nbsp;&nbsp;&nbsp; "3 - Меню" + <br />&nbsp;&nbsp;&nbsp;&nbsp;&nbsp;&nbsp;&nbsp;&nbsp;&nbsp;&nbsp;&nbsp;&nbsp;&nbsp;&nbsp;&nbsp;&nbsp;&nbsp;&nbsp; "4 - Поиск" + <br />&nbsp;&nbsp;&nbsp;&nbsp;&nbsp;&nbsp;&nbsp;&nbsp;&nbsp;&nbsp;&nbsp;&nbsp;&nbsp;&nbsp;&nbsp;&nbsp;&nbsp;&nbsp; "5 - Сортировки" + <br />&nbsp;&nbsp;&nbsp;&nbsp;&nbsp;&nbsp;&nbsp;&nbsp;&nbsp;&nbsp;&nbsp;&nbsp;&nbsp;&nbsp;&nbsp;&nbsp;&nbsp;&nbsp; "6 - Сохранение в файл" + <br />&nbsp;&nbsp;&nbsp;&nbsp;&nbsp;&nbsp;&nbsp;&nbsp;&nbsp;&nbsp;&nbsp;&nbsp;&nbsp;&nbsp;&nbsp;&nbsp;&nbsp;&nbsp; "7 - Об авторе" + <br />&nbsp;&nbsp;&nbsp;&nbsp;&nbsp;&nbsp;&nbsp;&nbsp;&nbsp;&nbsp;&nbsp;&nbsp;&nbsp;&nbsp;&nbsp;&nbsp;&nbsp;&nbsp; "8 - О приложении");',TIMESTAMP '1970-01-01 03:00:00',TIMESTAMP '1970-01-01 03:00:00');
INSERT INTO Question (id,realmId,type,text,regDate,updateDate) OVERRIDING SYSTEM VALUE VALUES (1027,8,2,'Как пробежаться по всем ресурсам в <strong>ResourceBundle</strong>?',TIMESTAMP '1970-01-01 03:00:00',TIMESTAMP '1970-01-01 03:00:00');
	INSERT INTO Answer (id,questionId,text,correct,comment) OVERRIDING SYSTEM VALUE VALUES (2071,1027,'ResourceBundle rb = ResourceBundle.getBundle("pack2/Zoo", new Locale("ru", "RU"));<br />rb.keySet().stream().map(k -&gt; k+"-&gt;"+rb.getString(k)).forEach(System.out::println);',true,'');
INSERT INTO Question (id,realmId,type,text,regDate,updateDate) OVERRIDING SYSTEM VALUE VALUES (1028,8,0,'Есть класс java.util.<strong>Properties</strong>. Он может содержать в себе пары ключ-значение, а также предоставляет некоторые дополнительные возможности.',TIMESTAMP '1970-01-01 03:00:00',TIMESTAMP '1970-01-01 03:00:00');
INSERT INTO Question (id,realmId,type,text,regDate,updateDate) OVERRIDING SYSTEM VALUE VALUES (1029,8,2,'Как получить объект <strong>Properties</strong> из <strong>ResourceBundle</strong>?',TIMESTAMP '1970-01-01 03:00:00',TIMESTAMP '1970-01-01 03:00:00');
	INSERT INTO Answer (id,questionId,text,correct,comment) OVERRIDING SYSTEM VALUE VALUES (2072,1029,'Properties props = new Properties();<br />rb.keySet().stream().forEach(k -&gt; props.put(k, rb.getString(k)));&nbsp;&nbsp;&nbsp;',true,'');
INSERT INTO Question (id,realmId,type,text,regDate,updateDate) OVERRIDING SYSTEM VALUE VALUES (1030,8,2,'1) Как получить ресурс из объекта <strong>Properties</strong>?<br /><br />2) Как получить значение по умолчанию, если ресурса нет?',TIMESTAMP '1970-01-01 03:00:00',TIMESTAMP '1970-01-01 03:00:00');
	INSERT INTO Answer (id,questionId,text,correct,comment) OVERRIDING SYSTEM VALUE VALUES (2073,1030,'Properties props = new Properties();<br /><br />1) System.out.println(props.getProperty("notReallyAProperty"));<br /><em>или</em><br />System.out.println(props.get("notReallyAProperty"));<br /><br />(если свойства нет, вернется null)<br /><br />2) System.out.println(props.getProperty("notReallyAProperty", "123"));<br />',true,'');
INSERT INTO Question (id,realmId,type,text,regDate,updateDate) OVERRIDING SYSTEM VALUE VALUES (1031,8,2,'Как создать Java Class Resource Bundle и в чем его преимущества по сравнению с property file?',TIMESTAMP '1970-01-01 03:00:00',TIMESTAMP '1970-01-01 03:00:00');
	INSERT INTO Answer (id,questionId,text,correct,comment) OVERRIDING SYSTEM VALUE VALUES (2074,1031,'import java.util.*;<br />public class Zoo_ru_RU extends <strong>ListResourceBundle</strong> {<br />&nbsp;&nbsp;&nbsp; protected Object[][] getContents() {<br />&nbsp;&nbsp;&nbsp;&nbsp;&nbsp;&nbsp;&nbsp; return new Object[][] {<br />&nbsp;&nbsp;&nbsp;&nbsp;&nbsp;&nbsp;&nbsp;&nbsp;&nbsp;&nbsp;&nbsp; { "hello", "Привет!" },<br />&nbsp;&nbsp;&nbsp;&nbsp;&nbsp;&nbsp;&nbsp;&nbsp;&nbsp;&nbsp;&nbsp; { "bye", "Пока" } <br />&nbsp;&nbsp;&nbsp;&nbsp;&nbsp;&nbsp;&nbsp; };<br />&nbsp;&nbsp;&nbsp; } <br />}<br /><br />Преимущества:<br />1) значениями свойств могут быть не только строки, но также и любые объекты.<br />2) можно создавать свойства в рантайме',true,'');
INSERT INTO Question (id,realmId,type,text,regDate,updateDate) OVERRIDING SYSTEM VALUE VALUES (1032,8,2,'Как получить ресурсы из ресурсного класса (Java Class Resource Bundle)?',TIMESTAMP '1970-01-01 03:00:00',TIMESTAMP '1970-01-01 03:00:00');
	INSERT INTO Answer (id,questionId,text,correct,comment) OVERRIDING SYSTEM VALUE VALUES (2075,1032,'если ресурсный файл-класс находится в пакете <strong>pack2</strong> и называется <strong>Zoo_ru_RU</strong>:<br /><br /><br />import java.util.ResourceBundle<br />...<br />ResourceBundle rb2 = ResourceBundle.getBundle("pack2.Zoo", new Locale("ru", "RU"));<br />System.out.println(rb2.<strong>getObject</strong>("bye"));<br /><br />Локаль должна точно соответствовать классу (если в классе указана страна, одного языка в локали недостаточно).',true,'');
INSERT INTO Question (id,realmId,type,text,regDate,updateDate) OVERRIDING SYSTEM VALUE VALUES (1033,8,0,'Методы <strong>getObject</strong>() и <strong>getString</strong>() класса <strong>ResourceBundle</strong> выдают <strong>MissingResourceException</strong>, если ресурса нет.',TIMESTAMP '1970-01-01 03:00:00',TIMESTAMP '1970-01-01 03:00:00');
INSERT INTO Question (id,realmId,type,text,regDate,updateDate) OVERRIDING SYSTEM VALUE VALUES (1034,8,0,'Доступ к файлу свойств или ресурсному классу только по имени:<br /><br />ResourceBundle.getBundle("SomeName", someLocale)<br /><br />возможен только если он находится в default package',TIMESTAMP '1970-01-01 03:00:00',TIMESTAMP '1970-01-01 03:00:00');
INSERT INTO Question (id,realmId,type,text,regDate,updateDate) OVERRIDING SYSTEM VALUE VALUES (1035,8,0,'Методом ResourceBundle.<strong>getBundle</strong>("name") можно загрузить ресурсы для дефолтной локали.',TIMESTAMP '1970-01-01 03:00:00',TIMESTAMP '1970-01-01 03:00:00');
INSERT INTO Question (id,realmId,type,text,regDate,updateDate) OVERRIDING SYSTEM VALUE VALUES (1036,8,0,'Если мы запрашиваем ResourceBundle из property file явным образом (слеши вместо точек в пути, getBundle("pack2/Zoo"), то такой файл должен быть, иначе никакого подбора подходящих ресурсов не будет. Если пакет указан с точками, то будет перебор подходящих.<br /><br />Еще. Если у нас локаль со страной, то к ней подойдут ресурсы только с языком, но если локаль только с языком, то ресурсы со страной не подойдут.',TIMESTAMP '1970-01-01 03:00:00',TIMESTAMP '1970-01-01 03:00:00');
INSERT INTO Question (id,realmId,type,text,regDate,updateDate) OVERRIDING SYSTEM VALUE VALUES (1037,8,2,'Укажите приоритеты подбора ресурсов при запросе ResourceBundle из класса ресурсов c полной локалью.<br /><br />ResourceBundle.getBundle("pack2.Zoo", new Locale("ru", "RU"))',TIMESTAMP '1970-01-01 03:00:00',TIMESTAMP '1970-01-01 03:00:00');
	INSERT INTO Answer (id,questionId,text,correct,comment) OVERRIDING SYSTEM VALUE VALUES (2076,1037,'1) Zoo_ru_RU.java<br />2) Zoo_ru_RU.properties<br />3) Zoo_ru.java<br />4) Zoo_ru.properties<br />5) Zoo_en_US.java (дефолтная локаль)<br />6) Zoo_en_US.properties<br />7) Zoo_en.java<br />8) Zoo_en.properties<br />9) Zoo.java (дефолтные ресурсы)<br />10) Zoo.properties<br />если ничего не нашлось - MissingResourceException',true,'');
INSERT INTO Question (id,realmId,type,text,regDate,updateDate) OVERRIDING SYSTEM VALUE VALUES (1038,8,0,'Когда речь пойдет о ResourceBundle, то, вероятно, не будет указываться путь к пакету, т.е. вся логика пройдет как бы в default package:<br /><br />ResourceBundle.getBundle("Zoo", new Locale("en"));',TIMESTAMP '1970-01-01 03:00:00',TIMESTAMP '1970-01-01 03:00:00');
INSERT INTO Question (id,realmId,type,text,regDate,updateDate) OVERRIDING SYSTEM VALUE VALUES (1039,8,2,'Укажите приоритеты подбора ресурсов при запросе ResourceBundle из класса ресурсов c неполной локалью (только язык) .<br /><br />ResourceBundle.getBundle("pack2.Zoo", new Locale("ru"))',TIMESTAMP '1970-01-01 03:00:00',TIMESTAMP '1970-01-01 03:00:00');
	INSERT INTO Answer (id,questionId,text,correct,comment) OVERRIDING SYSTEM VALUE VALUES (2077,1039,'1) Zoo_ru.java<br />2) Zoo_ru.properties<br />3) Zoo_en.java (язык дефолтной локали)<br />4) Zoo_en.properties<br />5) Zoo.java (дефолтные ресурсы)<br />6) Zoo.properties<br />если ничего не нашлось - MissingResourceException<br /><br />т.е. ресурсы с указанием страны в этом случае не просматриваются вообще',true,'');
INSERT INTO Question (id,realmId,type,text,regDate,updateDate) OVERRIDING SYSTEM VALUE VALUES (1040,8,0,'Если в найденном <strong>ResourceBundle</strong> не находится запрашиваемый ключ, то производится попытка получить значение ключа из ресурса, вышестоящего в иерархии. <span style="text-decoration: underline;">Выше по иерархии</span> - это значит отбрасывать по одному специализацию: Zoo_fr_FR.java -&gt; Zoo_fr.java -&gt; Zoo.java <br /><br />Причем действует правило: если совпадают ресурсный класс и файл свойств, то файл свойств выпадает из зоны видимости.',TIMESTAMP '1970-01-01 03:00:00',TIMESTAMP '1970-01-01 03:00:00');
INSERT INTO Question (id,realmId,type,text,regDate,updateDate) OVERRIDING SYSTEM VALUE VALUES (1041,8,0,'В Java-ресурсах значения строк часто идут со ссылкой на возможные вставки, например<br /><br />helloByName=Hello, {0}<br /><br />Потом в коде программы можно будет что-нибудь подставить:<br /><br />String format = rb.getString("helloByName");<br />String formatted = MessageFormat.format(format, "Tammy");<br />System.out.print(formatted);',TIMESTAMP '1970-01-01 03:00:00',TIMESTAMP '1970-01-01 03:00:00');
INSERT INTO Question (id,realmId,type,text,regDate,updateDate) OVERRIDING SYSTEM VALUE VALUES (1042,8,2,'Есть класс java.text.<strong>NumberFormat</strong>,&nbsp; который обладает методами-фабриками для получения разнообразных форматтеров. Перечислите эти методы и опишите, что они возвращают.',TIMESTAMP '1970-01-01 03:00:00',TIMESTAMP '1970-01-01 03:00:00');
	INSERT INTO Answer (id,questionId,text,correct,comment) OVERRIDING SYSTEM VALUE VALUES (2078,1042,'1) <em>NumberFormat</em> <strong>getInstance</strong>() - форматтер общего назначения<br /><em>NumberFormat</em> <strong>getInstance</strong>(<strong>Locale</strong> <em>locale</em>)<br /><br />2) <em>NumberFormat</em> <strong>getNumberInstance</strong>() - аналогично<br /><em>NumberFormat</em> <strong>getNumberInstance</strong>(<strong>Locale</strong> <em>locale</em>)<br /><br />3) <em>NumberFormat</em> <strong>getCurrencyInstance</strong>() - для форматирования валют<br /><em>NumberFormat</em> <strong>getCurrencyInstance</strong>(<strong>Locale</strong> <em>locale</em>)<br /><br />4) <em>NumberFormat</em> <strong>getPercentInstance</strong>() - для форматирования процентов<br /><em>NumberFormat</em> <strong>getPercentInstance</strong>(<strong>Locale</strong> <em>locale</em>)<br /><br />5) <em>NumberFormat</em> <strong>getIntegerInstance</strong>() - для округления десятичных значений<br /><em>NumberFormat</em> <strong>getIntegerInstance</strong>(<strong>Locale</strong> <em>locale</em>)',true,'');
INSERT INTO Question (id,realmId,type,text,regDate,updateDate) OVERRIDING SYSTEM VALUE VALUES (1043,8,0,'Любой экземпляр <strong>NumberFormat</strong> умеет парсить строку:<br /><br /><em>Number</em> <strong>parse</strong>(<strong>String</strong> <em>source</em>)<br /><br />и форматировать число в строку:<br /><br /><em>String</em> <strong>format</strong>(<em>много перезагрузок</em>)<br /><br />Стиль форматирования и парсинга определяется локалью:<br /><br />NumberFormat en = NumberFormat.getInstance(Locale.US);<br />NumberFormat fr = NumberFormat.getInstance(Locale.FRANCE);<br />String s = "40.45";<br />System.out.println(en.parse(s)); // 40.45<br />System.out.println(fr.parse(s)); // 40<br /><br />Выдает checked exception <strong>ParseException</strong>, если парсинг не получился, так что надо обязательно проверять обработку исключения, анализируя задачи экзамена. Парсинг начинается с начала строки и как только встречает символ, который не может распарсить, прекращается и возвращает то, что имеет к этому моменту. Если к этому моменту ничего еще нет - то <strong>ParseException</strong>.',TIMESTAMP '1970-01-01 03:00:00',TIMESTAMP '1970-01-01 03:00:00');
INSERT INTO Question (id,realmId,type,text,regDate,updateDate) OVERRIDING SYSTEM VALUE VALUES (1044,8,0,'Объекты NumberFormat - не являются thread-safe, так что не надо хранить их в переменных класса и экземпляра.',TIMESTAMP '1970-01-01 03:00:00',TIMESTAMP '1970-01-01 03:00:00');
INSERT INTO Question (id,realmId,type,text,regDate,updateDate) OVERRIDING SYSTEM VALUE VALUES (1045,8,2,'Отформатируйте форматтером <br />1) целое число 3 200 000<br />2) вещественное число 48 как валюту',TIMESTAMP '1970-01-01 03:00:00',TIMESTAMP '1970-01-01 03:00:00');
	INSERT INTO Answer (id,questionId,text,correct,comment) OVERRIDING SYSTEM VALUE VALUES (2079,1045,'1) int num = 3_200_000;<br />NumberFormat nf = NumberFormat.getInstance();<br />System.out.println(nf.format(num));<br /><br />2) double cur = 48;<br />NumberFormat nf = NumberFormat.getCurrencyInstance();<br />System.out.println(nf.format(cur));',true,'');
INSERT INTO Question (id,realmId,type,text,regDate,updateDate) OVERRIDING SYSTEM VALUE VALUES (1046,8,0,'Бывает, что существуют сразу две дефолтных локали:<br /><br />Locale.getDefault(Locale.Category.FORMAT);<br />Locale.getDefault(Locale.Category.DISPLAY);<br />',TIMESTAMP '1970-01-01 03:00:00',TIMESTAMP '1970-01-01 03:00:00');
INSERT INTO Question (id,realmId,type,text,regDate,updateDate) OVERRIDING SYSTEM VALUE VALUES (1047,8,1,'Дан код:<br /><br />NumberFormat nf = NumberFormat.getInstance(Locale.US);<br />String str = _______;<br />System.out.println(nf.parse(str));<br /><br />Какие варианты строки не приведут к ParseExcetion?',TIMESTAMP '1970-01-01 03:00:00',TIMESTAMP '1970-01-01 03:00:00');
	INSERT INTO Answer (id,questionId,text,correct,comment) OVERRIDING SYSTEM VALUE VALUES (2080,1047,'456abc',true,'будет 456');
	INSERT INTO Answer (id,questionId,text,correct,comment) OVERRIDING SYSTEM VALUE VALUES (2081,1047,'-2.5165x10',true,'будет -2.5165');
	INSERT INTO Answer (id,questionId,text,correct,comment) OVERRIDING SYSTEM VALUE VALUES (2082,1047,'x85.3',false,'парсинг невозможен с самого начала строки');
	INSERT INTO Answer (id,questionId,text,correct,comment) OVERRIDING SYSTEM VALUE VALUES (2083,1047,'3,200',true,'будет 3');
INSERT INTO Question (id,realmId,type,text,regDate,updateDate) OVERRIDING SYSTEM VALUE VALUES (1048,8,2,'Приведите пример парсинга валютной строки.',TIMESTAMP '1970-01-01 03:00:00',TIMESTAMP '1970-01-01 03:00:00');
	INSERT INTO Answer (id,questionId,text,correct,comment) OVERRIDING SYSTEM VALUE VALUES (2084,1048,'String amt = "95,55 руб.";<br />NumberFormat cf = NumberFormat.getCurrencyInstance(new Locale("ru", "RU"));<br />try {<br />&nbsp;&nbsp;&nbsp; Number num = cf.parse(amt);<br />&nbsp;&nbsp;&nbsp; double value = num.doubleValue();<br />&nbsp;&nbsp;&nbsp; System.out.println(value);&nbsp;&nbsp; <br />} catch (ParseException pe) {<br />&nbsp;&nbsp;&nbsp; pe.printStackTrace();<br />}',true,'');
INSERT INTO Question (id,realmId,type,text,regDate,updateDate) OVERRIDING SYSTEM VALUE VALUES (1049,8,0,'Есть такой класс java.time.<strong>DateTimeFormatter</strong>, который позволяет форматировать дату и время - любой объект.',TIMESTAMP '1970-01-01 03:00:00',TIMESTAMP '1970-01-01 03:00:00');
INSERT INTO Question (id,realmId,type,text,regDate,updateDate) OVERRIDING SYSTEM VALUE VALUES (1050,8,2,'Отформатируйте по ISO дату 22.03.1980, время 00:05, таймстемп 22.03.1980 00:05',TIMESTAMP '1970-01-01 03:00:00',TIMESTAMP '1970-01-01 03:00:00');
	INSERT INTO Answer (id,questionId,text,correct,comment) OVERRIDING SYSTEM VALUE VALUES (2085,1050,'LocalDate date = LocalDate.of(1980,3,22);<br />LocalTime time = LocalTime.of(0,5);<br />LocalDateTime dateTime = LocalDateTime.of(date, time);<br />System.out.println(date.format(DateTimeFormatter.ISO_LOCAL_DATE));<br />System.out.println(time.format(DateTimeFormatter.ISO_LOCAL_TIME));<br />System.out.println(dateTime.format(DateTimeFormatter.ISO_LOCAL_DATE_TIME));<br /><br />--<br />1980-03-22<br />00:05:00<br />1980-03-22T00:05:00<br /><br />Если форматтер даты/времени не подходит, буде RTE',true,'');
INSERT INTO Question (id,realmId,type,text,regDate,updateDate) OVERRIDING SYSTEM VALUE VALUES (1051,8,0,'У класса java.time.<strong>DateTimeFormatter</strong> есть методы:<br /><br /><em>DateTimeFormatter </em><strong>ofLocalizedDate</strong>(<strong>FormatStyle</strong> <em>dateStyle</em>)<br /><em>DateTimeFormatter </em><strong>ofLocalizedTime</strong>(<strong>FormatStyle</strong> <em>timeStyle</em>)<br /><em>DateTimeFormatter </em><strong>ofLocalizedDateTime</strong>(<strong>FormatStyle</strong> <em>dateTimeStyle</em>)<br /><em>DateTimeFormatter </em><strong>ofLocalizedDateTime</strong>(<strong>FormatStyle</strong> <em>dateStyle</em>, <strong>FormatStyle </strong><em>timeStyle</em>)<br />&nbsp;Самый популярные стили формата - <strong>FormatStyle.SHORT </strong>и<strong> FormatStyle.MEDIUM<br /></strong>',TIMESTAMP '1970-01-01 03:00:00',TIMESTAMP '1970-01-01 03:00:00');
INSERT INTO Question (id,realmId,type,text,regDate,updateDate) OVERRIDING SYSTEM VALUE VALUES (1052,8,2,'Какими форматтерами, полученными с&nbsp; помощью методов <strong>DateTimeFormatter.</strong><strong>ofLocalized</strong>... ,&nbsp; какие типы даты/времени можно отформатировать, чтобы не было исключения?',TIMESTAMP '1970-01-01 03:00:00',TIMESTAMP '1970-01-01 03:00:00');
	INSERT INTO Answer (id,questionId,text,correct,comment) OVERRIDING SYSTEM VALUE VALUES (2086,1052,'<strong>ofLocalizedDate</strong> - <strong>LocalDate</strong> и <strong>LocalDateTime<br />ofLocalizedTime - LocalDateTime </strong>и <strong>LocalTime<br />ofLocalizedDateTime - </strong>только <strong>LocalDateTime</strong>',true,'');
INSERT INTO Question (id,realmId,type,text,regDate,updateDate) OVERRIDING SYSTEM VALUE VALUES (1053,8,2,'Как создать <strong>DateTimeFormatter</strong> произвольного вида?',TIMESTAMP '1970-01-01 03:00:00',TIMESTAMP '1970-01-01 03:00:00');
	INSERT INTO Answer (id,questionId,text,correct,comment) OVERRIDING SYSTEM VALUE VALUES (2087,1053,'Надо использовать статичный метод DateTimeFormatter.<strong>ofPattern</strong>(). например:<br /><br />LocalDate date = LocalDate.of(1980,3,22);<br />LocalTime time = LocalTime.of(0,5);<br />LocalDateTime dateTime = LocalDateTime.of(date, time);<br />DateTimeFormatter dtf = DateTimeFormatter.ofPattern("dd-MM-yy HH:mm");<br />System.out.println(dtf.format(dateTime));<br /><br />--<br />22-03-80 00:05',true,'');
INSERT INTO Question (id,realmId,type,text,regDate,updateDate) OVERRIDING SYSTEM VALUE VALUES (1054,8,0,'Раньше для форматирования использовался java.text.SimpleDateFormat:<br /><br />SimpleDateFormat sf = new SimpleDateFormat("hh:mm");<br />sf.format(date);',TIMESTAMP '1970-01-01 03:00:00',TIMESTAMP '1970-01-01 03:00:00');
INSERT INTO Question (id,realmId,type,text,regDate,updateDate) OVERRIDING SYSTEM VALUE VALUES (1055,8,1,'Какие строки следующего кода вызовут исключение?<br /><br />4: DateTimeFormatter f = DateTimeFormatter.ofPattern("hh:mm");<br />5: f.format(dateTime);<br />6: f.format(date);<br />7: f.format(time);',TIMESTAMP '1970-01-01 03:00:00',TIMESTAMP '1970-01-01 03:00:00');
	INSERT INTO Answer (id,questionId,text,correct,comment) OVERRIDING SYSTEM VALUE VALUES (2088,1055,'4',false,'');
	INSERT INTO Answer (id,questionId,text,correct,comment) OVERRIDING SYSTEM VALUE VALUES (2089,1055,'5',false,'');
	INSERT INTO Answer (id,questionId,text,correct,comment) OVERRIDING SYSTEM VALUE VALUES (2090,1055,'6',true,'');
	INSERT INTO Answer (id,questionId,text,correct,comment) OVERRIDING SYSTEM VALUE VALUES (2091,1055,'7',false,'');
INSERT INTO Question (id,realmId,type,text,regDate,updateDate) OVERRIDING SYSTEM VALUE VALUES (1056,8,2,'Перечислите основные служебные обозначения для различных единиц времени в <strong>DateTimeFormatter</strong>.',TIMESTAMP '1970-01-01 03:00:00',TIMESTAMP '1970-01-01 03:00:00');
	INSERT INTO Answer (id,questionId,text,correct,comment) OVERRIDING SYSTEM VALUE VALUES (2092,1056,'<strong>y</strong> - год<br /><strong>M</strong> - номер месяца<br /><strong>d</strong> - день месяца<br /><strong>E</strong> - название дня недели<br /><strong>a</strong> - a.m./p.m.<br /><strong>h</strong> - час (1-12)<br /><strong>H</strong> - час (0-23)<br /><strong>m</strong> - минута<br /><strong>s</strong> - секунда<br /><strong>S</strong> - дробная часть секунды<br /><strong>z</strong> - имя зоны<br /><strong>x</strong> - смещение зоны',true,'');
INSERT INTO Question (id,realmId,type,text,regDate,updateDate) OVERRIDING SYSTEM VALUE VALUES (1057,8,0,'Классы даты/времени могут осуществлять парсинг строк в соответствии с форматтером:<br /><br />DateTimeFormatter f = DateTimeFormatter.ofPattern("MM dd yyyy");<br />LocalDate date = LocalDate.parse("01 02 2015", f);<br /><br />Если форматтер не задан, то используется ISO_LOCAL...<br /><br />LocalTime time = LocalTime.parse("11:22");',TIMESTAMP '1970-01-01 03:00:00',TIMESTAMP '1970-01-01 03:00:00');
INSERT INTO Question (id,realmId,type,text,regDate,updateDate) OVERRIDING SYSTEM VALUE VALUES (1058,8,1,'Which of the following creates valid locales, assuming that the language and country codes follow standard conventions? (Choose all that apply.)',TIMESTAMP '1970-01-01 03:00:00',TIMESTAMP '1970-01-01 03:00:00');
	INSERT INTO Answer (id,questionId,text,correct,comment) OVERRIDING SYSTEM VALUE VALUES (2096,1058,'new Locale("IN", "hi");',false,'');
	INSERT INTO Answer (id,questionId,text,correct,comment) OVERRIDING SYSTEM VALUE VALUES (2097,1058,'Locale.create("hi");',false,'');
	INSERT INTO Answer (id,questionId,text,correct,comment) OVERRIDING SYSTEM VALUE VALUES (2098,1058,'Locale.create("IN");',false,'');
	INSERT INTO Answer (id,questionId,text,correct,comment) OVERRIDING SYSTEM VALUE VALUES (2093,1058,'new Locale("hi");',true,'');
	INSERT INTO Answer (id,questionId,text,correct,comment) OVERRIDING SYSTEM VALUE VALUES (2094,1058,'new Locale("hi", "IN");',true,'');
	INSERT INTO Answer (id,questionId,text,correct,comment) OVERRIDING SYSTEM VALUE VALUES (2095,1058,'new Locale("IN");',false,'');
INSERT INTO Question (id,realmId,type,text,regDate,updateDate) OVERRIDING SYSTEM VALUE VALUES (1059,8,1,'Which of the following are common types to localize? (Choose all that apply.)',TIMESTAMP '1970-01-01 03:00:00',TIMESTAMP '1970-01-01 03:00:00');
	INSERT INTO Answer (id,questionId,text,correct,comment) OVERRIDING SYSTEM VALUE VALUES (2099,1059,'Booleans',false,'');
	INSERT INTO Answer (id,questionId,text,correct,comment) OVERRIDING SYSTEM VALUE VALUES (2100,1059,'Class names',false,'');
	INSERT INTO Answer (id,questionId,text,correct,comment) OVERRIDING SYSTEM VALUE VALUES (2101,1059,'Currency',true,'');
	INSERT INTO Answer (id,questionId,text,correct,comment) OVERRIDING SYSTEM VALUE VALUES (2102,1059,'Dates',true,'');
	INSERT INTO Answer (id,questionId,text,correct,comment) OVERRIDING SYSTEM VALUE VALUES (2103,1059,'Numbers',true,'');
	INSERT INTO Answer (id,questionId,text,correct,comment) OVERRIDING SYSTEM VALUE VALUES (2104,1059,'Variable names',false,'');
INSERT INTO Question (id,realmId,type,text,regDate,updateDate) OVERRIDING SYSTEM VALUE VALUES (1060,8,1,'Which of the following are true? (Choose all that apply.)',TIMESTAMP '1970-01-01 03:00:00',TIMESTAMP '1970-01-01 03:00:00');
	INSERT INTO Answer (id,questionId,text,correct,comment) OVERRIDING SYSTEM VALUE VALUES (2105,1060,'All keys must be in the same resource bundle file to be used.',false,'');
	INSERT INTO Answer (id,questionId,text,correct,comment) OVERRIDING SYSTEM VALUE VALUES (2106,1060,'All resource bundles defined as Java classes can be expressed using the property file format instead.',false,'в ресурсном классе могут быть сохранены объекты любых типов, а в property file - столько строки');
	INSERT INTO Answer (id,questionId,text,correct,comment) OVERRIDING SYSTEM VALUE VALUES (2107,1060,'All resource bundles defined as property files can be expressed using the Java class list bundle format instead.',true,'все, что можно сохранить в property file, можно сохранить и в ресурсном классе');
	INSERT INTO Answer (id,questionId,text,correct,comment) OVERRIDING SYSTEM VALUE VALUES (2108,1060,'Changing the default locale lasts for only a single run of the program.',true,'');
	INSERT INTO Answer (id,questionId,text,correct,comment) OVERRIDING SYSTEM VALUE VALUES (2109,1060,'It is forbidden to have both Props_en.java and Props_en.properties in the classpath of an application.',false,'');
INSERT INTO Question (id,realmId,type,text,regDate,updateDate) OVERRIDING SYSTEM VALUE VALUES (1061,8,1,'Assume that all bundles mentioned in the answers exist and define the same keys. Which one will be used to find the key in line 8?<br /><br />6: Locale.setDefault(new Locale("en", "US"));<br />7: ResourceBundle b = ResourceBundle.getBundle("Dolphins");<br />8: b.getString("name");',TIMESTAMP '1970-01-01 03:00:00',TIMESTAMP '1970-01-01 03:00:00');
	INSERT INTO Answer (id,questionId,text,correct,comment) OVERRIDING SYSTEM VALUE VALUES (2112,1061,'Dolphins_en.properties',false,'');
	INSERT INTO Answer (id,questionId,text,correct,comment) OVERRIDING SYSTEM VALUE VALUES (2113,1061,'Whales.properties',false,'');
	INSERT INTO Answer (id,questionId,text,correct,comment) OVERRIDING SYSTEM VALUE VALUES (2114,1061,'Whales_en_US.properties',false,'');
	INSERT INTO Answer (id,questionId,text,correct,comment) OVERRIDING SYSTEM VALUE VALUES (2115,1061,'The code does not compile.',false,'');
	INSERT INTO Answer (id,questionId,text,correct,comment) OVERRIDING SYSTEM VALUE VALUES (2110,1061,'Dolphins.properties',false,'');
	INSERT INTO Answer (id,questionId,text,correct,comment) OVERRIDING SYSTEM VALUE VALUES (2111,1061,'Dolphins_en.java',true,'');
INSERT INTO Question (id,realmId,type,text,regDate,updateDate) OVERRIDING SYSTEM VALUE VALUES (1062,8,1,'Suppose that we have the following property files and code. Which bundles are used on lines 8 and 9 respectively?<br /><br />Dolphins.properties<br />name=The Dolphin<br />age=0<br /><br />Dolphins_en.properties<br />name=Dolly<br />age=4<br /><br />Dolphins_fr.properties<br />name=Dolly<br /><br />5: Locale fr = new Locale("fr");<br />6: Locale.setDefault(new Locale("en", "US"));<br />7: ResourceBundle b = ResourceBundle.getBundle("Dolphins", fr);<br />8: b.getString("name");<br />9: b.getString("age");',TIMESTAMP '1970-01-01 03:00:00',TIMESTAMP '1970-01-01 03:00:00');
	INSERT INTO Answer (id,questionId,text,correct,comment) OVERRIDING SYSTEM VALUE VALUES (2116,1062,'Dolphins.properties and Dolphins.properties',false,'');
	INSERT INTO Answer (id,questionId,text,correct,comment) OVERRIDING SYSTEM VALUE VALUES (2117,1062,'Dolphins.properties and Dolphins_en.properties',false,'');
	INSERT INTO Answer (id,questionId,text,correct,comment) OVERRIDING SYSTEM VALUE VALUES (2118,1062,'Dolphins_en.properties and Dolphins_en.properties',false,'');
	INSERT INTO Answer (id,questionId,text,correct,comment) OVERRIDING SYSTEM VALUE VALUES (2119,1062,'Dolphins_fr.properties and Dolphins.properties',true,'Если найден подходящий ресурсный файл, то все берем из него. Если в нем нет - идем выше по иерархии, а для <strong>Dolphins_fr</strong> это будет <strong>Dolphins</strong>');
	INSERT INTO Answer (id,questionId,text,correct,comment) OVERRIDING SYSTEM VALUE VALUES (2120,1062,'Dolphins_fr.properties and Dolphins_en.properties',false,'');
	INSERT INTO Answer (id,questionId,text,correct,comment) OVERRIDING SYSTEM VALUE VALUES (2121,1062,'The code does not compile.',false,'');
INSERT INTO Question (id,realmId,type,text,regDate,updateDate) OVERRIDING SYSTEM VALUE VALUES (1063,8,1,'Which of the following can be inserted into the blank to create a date of June 21, 2014? (Choose all that apply.)<br /><br />import java.time.*;<br /><br />public class StartOfSummer {<br />&nbsp;&nbsp;&nbsp; public static void main(String[] args) {<br />&nbsp;&nbsp;&nbsp;&nbsp;&nbsp;&nbsp;&nbsp; LocalDate date = ____________<br />&nbsp;&nbsp;&nbsp; } <br />}',TIMESTAMP '1970-01-01 03:00:00',TIMESTAMP '1970-01-01 03:00:00');
	INSERT INTO Answer (id,questionId,text,correct,comment) OVERRIDING SYSTEM VALUE VALUES (2122,1063,'new LocalDate(2014, 5, 21);',false,'');
	INSERT INTO Answer (id,questionId,text,correct,comment) OVERRIDING SYSTEM VALUE VALUES (2123,1063,'new LocalDate(2014, 6, 21);',false,'');
	INSERT INTO Answer (id,questionId,text,correct,comment) OVERRIDING SYSTEM VALUE VALUES (2124,1063,'LocalDate.of(2014, 5, 21);',false,'');
	INSERT INTO Answer (id,questionId,text,correct,comment) OVERRIDING SYSTEM VALUE VALUES (2125,1063,'LocalDate.of(2014, 6, 21);',true,'');
	INSERT INTO Answer (id,questionId,text,correct,comment) OVERRIDING SYSTEM VALUE VALUES (2126,1063,'LocalDate.of(2014, Calendar.JUNE, 21);',false,'Calendar.JUNE - это 5.');
	INSERT INTO Answer (id,questionId,text,correct,comment) OVERRIDING SYSTEM VALUE VALUES (2127,1063,'LocalDate.of(2014, Month.JUNE, 21);',true,'');
INSERT INTO Question (id,realmId,type,text,regDate,updateDate) OVERRIDING SYSTEM VALUE VALUES (1064,9,2,'Опишите общую схему формирования проектного графика на Дампах Модели.',TIMESTAMP '1970-01-01 03:00:00',TIMESTAMP '1970-01-01 03:00:00');
	INSERT INTO Answer (id,questionId,text,correct,comment) OVERRIDING SYSTEM VALUE VALUES (2128,1064,'1) Планировщик осуществляет расчет.<br />2) Поднимается МодельПроектныйГрафик<br />3) Модель забирает данные у планировщика и изготавливает дамп.',true,'');
INSERT INTO Question (id,realmId,type,text,regDate,updateDate) OVERRIDING SYSTEM VALUE VALUES (1065,9,2,'Опишите, как отображается проектный график на ДампахМодели.',TIMESTAMP '1970-01-01 03:00:00',TIMESTAMP '1970-01-01 03:00:00');
	INSERT INTO Answer (id,questionId,text,correct,comment) OVERRIDING SYSTEM VALUE VALUES (2129,1065,'1) Поднимается МодельПроектныйГрафик с подмешиванием ДампМодели_Братская<br />2) ДампМодели_Братская.<strong>получить_братьев</strong> запускает ДампМодели.<strong>пиар_по_узлам </strong> и заполняет модель актуальными данными всех планировщиков.<br />3) на АРМе отображается то, что релевантно для АРМа.<br /><br />ДампМодели_Братская - разновидность паразитки. Ее обновление осуществляется модульной моделью по стандартным правилам.',true,'');
INSERT INTO Question (id,realmId,type,text,regDate,updateDate) OVERRIDING SYSTEM VALUE VALUES (1066,8,1,'<p>What is the output of the following code?</p>
<p>LocalDate date = LocalDate.parse(<br />"2018&ndash;04&ndash;30", DateTimeFormatter.ISO_LOCAL_DATE);<br />date.plusDays(2);<br />date.plusHours(3);<br />System.out.println(date.getYear() + " "<br />&nbsp; + date.getMonth() + " "+ date.getDayOfMonth());</p>',TIMESTAMP '1970-01-01 03:00:00',TIMESTAMP '1970-01-01 03:00:00');
	INSERT INTO Answer (id,questionId,text,correct,comment) OVERRIDING SYSTEM VALUE VALUES (2130,1066,'2018 APRIL 2',false,'');
	INSERT INTO Answer (id,questionId,text,correct,comment) OVERRIDING SYSTEM VALUE VALUES (2131,1066,'2018 APRIL 30',false,'');
	INSERT INTO Answer (id,questionId,text,correct,comment) OVERRIDING SYSTEM VALUE VALUES (2132,1066,'2018 MAY 2',false,'');
	INSERT INTO Answer (id,questionId,text,correct,comment) OVERRIDING SYSTEM VALUE VALUES (2133,1066,'The code does not compile.',true,'нет у даты метода plusHours()');
	INSERT INTO Answer (id,questionId,text,correct,comment) OVERRIDING SYSTEM VALUE VALUES (2134,1066,'A runtime exception is thrown.',false,'');
INSERT INTO Question (id,realmId,type,text,regDate,updateDate) OVERRIDING SYSTEM VALUE VALUES (1067,8,1,'<p>What is the output of the following code?</p>
<p>LocalDate date = LocalDate.of(2018, Month.APRIL, 40);<br />System.out.println(date.getYear() + " " + date.getMonth()<br />&nbsp; + " "+ date.getDayOfMonth());</p>',TIMESTAMP '1970-01-01 03:00:00',TIMESTAMP '1970-01-01 03:00:00');
	INSERT INTO Answer (id,questionId,text,correct,comment) OVERRIDING SYSTEM VALUE VALUES (2135,1067,'2018 APRIL 4',false,'');
	INSERT INTO Answer (id,questionId,text,correct,comment) OVERRIDING SYSTEM VALUE VALUES (2136,1067,'2018 APRIL 30',false,'');
	INSERT INTO Answer (id,questionId,text,correct,comment) OVERRIDING SYSTEM VALUE VALUES (2137,1067,'2018 MAY 10',false,'');
	INSERT INTO Answer (id,questionId,text,correct,comment) OVERRIDING SYSTEM VALUE VALUES (2138,1067,'Another date',false,'');
	INSERT INTO Answer (id,questionId,text,correct,comment) OVERRIDING SYSTEM VALUE VALUES (2139,1067,'The code does not compile.',false,'');
	INSERT INTO Answer (id,questionId,text,correct,comment) OVERRIDING SYSTEM VALUE VALUES (2140,1067,'A runtime exception is thrown.',true,'');
INSERT INTO Question (id,realmId,type,text,regDate,updateDate) OVERRIDING SYSTEM VALUE VALUES (1068,8,1,'What is the output of the following code?<br /><br />LocalDate date = LocalDate.of(2018, Month.APRIL, 30);<br />date.plusDays(2);<br />date.plusYears(3);<br />System.out.println(date.getYear() + " "<br />&nbsp; + date.getMonth() + " "+ date.getDayOfMonth());',TIMESTAMP '1970-01-01 03:00:00',TIMESTAMP '1970-01-01 03:00:00');
	INSERT INTO Answer (id,questionId,text,correct,comment) OVERRIDING SYSTEM VALUE VALUES (2144,1068,'2021 APRIL 2',false,'');
	INSERT INTO Answer (id,questionId,text,correct,comment) OVERRIDING SYSTEM VALUE VALUES (2145,1068,'2021 APRIL 30',false,'');
	INSERT INTO Answer (id,questionId,text,correct,comment) OVERRIDING SYSTEM VALUE VALUES (2146,1068,'2021 MAY 2',false,'');
	INSERT INTO Answer (id,questionId,text,correct,comment) OVERRIDING SYSTEM VALUE VALUES (2147,1068,'A runtime exception is thrown.',false,'');
	INSERT INTO Answer (id,questionId,text,correct,comment) OVERRIDING SYSTEM VALUE VALUES (2141,1068,'2018 APRIL 2',false,'');
	INSERT INTO Answer (id,questionId,text,correct,comment) OVERRIDING SYSTEM VALUE VALUES (2142,1068,'2018 APRIL 30',true,'');
	INSERT INTO Answer (id,questionId,text,correct,comment) OVERRIDING SYSTEM VALUE VALUES (2143,1068,'2018 MAY 2',false,'');
INSERT INTO Question (id,realmId,type,text,regDate,updateDate) OVERRIDING SYSTEM VALUE VALUES (1069,8,1,'What is the output of the following code?<br /><br />LocalDateTime d = LocalDateTime.of(2015, 5, 10, 11, 22, 33);<br />Period p = Period.of(1, 2, 3);<br />d = d.minus(p);<br />DateTimeFormatter f = DateTimeFormatter.<br />&nbsp; ofLocalizedTime(FormatStyle.SHORT);<br />System.out.println(d.format(f));',TIMESTAMP '1970-01-01 03:00:00',TIMESTAMP '1970-01-01 03:00:00');
	INSERT INTO Answer (id,questionId,text,correct,comment) OVERRIDING SYSTEM VALUE VALUES (2148,1069,'3/7/14 11:22 AM',false,'');
	INSERT INTO Answer (id,questionId,text,correct,comment) OVERRIDING SYSTEM VALUE VALUES (2149,1069,'5/10/15 11:22 AM',false,'');
	INSERT INTO Answer (id,questionId,text,correct,comment) OVERRIDING SYSTEM VALUE VALUES (2150,1069,'3/7/14',false,'');
	INSERT INTO Answer (id,questionId,text,correct,comment) OVERRIDING SYSTEM VALUE VALUES (2151,1069,'5/10/15',false,'');
	INSERT INTO Answer (id,questionId,text,correct,comment) OVERRIDING SYSTEM VALUE VALUES (2152,1069,'11:22 AM',true,'');
	INSERT INTO Answer (id,questionId,text,correct,comment) OVERRIDING SYSTEM VALUE VALUES (2153,1069,'The code does not compile.',false,'');
	INSERT INTO Answer (id,questionId,text,correct,comment) OVERRIDING SYSTEM VALUE VALUES (2154,1069,'A runtime exception is thrown.',false,'');
INSERT INTO Question (id,realmId,type,text,regDate,updateDate) OVERRIDING SYSTEM VALUE VALUES (1070,8,1,'What is the output of the following code?<br /><br />LocalDateTime d = LocalDateTime.of(2015, 5, 10, 11, 22, 33);<br />Period p = Period.ofDays(1).ofYears(2);<br />d = d.minus(p);<br />DateTimeFormatter f = DateTimeFormatter.<br />&nbsp; ofLocalizedDateTime(FormatStyle.SHORT);<br />System.out.println(f.format(d));',TIMESTAMP '1970-01-01 03:00:00',TIMESTAMP '1970-01-01 03:00:00');
	INSERT INTO Answer (id,questionId,text,correct,comment) OVERRIDING SYSTEM VALUE VALUES (2160,1070,'A runtime exception is thrown.',false,'');
	INSERT INTO Answer (id,questionId,text,correct,comment) OVERRIDING SYSTEM VALUE VALUES (2155,1070,'5/9/13 11:22 AM',false,'');
	INSERT INTO Answer (id,questionId,text,correct,comment) OVERRIDING SYSTEM VALUE VALUES (2156,1070,'5/10/13 11:22 AM',true,'');
	INSERT INTO Answer (id,questionId,text,correct,comment) OVERRIDING SYSTEM VALUE VALUES (2157,1070,'5/9/14',false,'');
	INSERT INTO Answer (id,questionId,text,correct,comment) OVERRIDING SYSTEM VALUE VALUES (2158,1070,'5/10/14',false,'');
	INSERT INTO Answer (id,questionId,text,correct,comment) OVERRIDING SYSTEM VALUE VALUES (2159,1070,'The code does not compile.',false,'');
INSERT INTO Question (id,realmId,type,text,regDate,updateDate) OVERRIDING SYSTEM VALUE VALUES (1071,8,1,'Which of the answer choices is true given the following code? (Choose all that apply.)<br /><br />2016&ndash;08&ndash;28T05:00 GMT-04:00<br />2016&ndash;08&ndash;28T09:00 GMT-06:00',TIMESTAMP '1970-01-01 03:00:00',TIMESTAMP '1970-01-01 03:00:00');
	INSERT INTO Answer (id,questionId,text,correct,comment) OVERRIDING SYSTEM VALUE VALUES (2161,1071,'The first date/time is earlier.',true,'');
	INSERT INTO Answer (id,questionId,text,correct,comment) OVERRIDING SYSTEM VALUE VALUES (2162,1071,'The second date/time is earlier.',false,'');
	INSERT INTO Answer (id,questionId,text,correct,comment) OVERRIDING SYSTEM VALUE VALUES (2163,1071,'Both date/times are the same.',false,'');
	INSERT INTO Answer (id,questionId,text,correct,comment) OVERRIDING SYSTEM VALUE VALUES (2164,1071,'The date/times are 2 hours apart.',false,'');
	INSERT INTO Answer (id,questionId,text,correct,comment) OVERRIDING SYSTEM VALUE VALUES (2165,1071,'The date/times are 6 hours apart.',true,'');
	INSERT INTO Answer (id,questionId,text,correct,comment) OVERRIDING SYSTEM VALUE VALUES (2166,1071,'The date/times are 10 hours apart.',false,'');
INSERT INTO Question (id,realmId,type,text,regDate,updateDate) OVERRIDING SYSTEM VALUE VALUES (1072,8,1,'Note that March 13, 2016, is the weekend that clocks spring ahead for daylight savings time. What is the output of the following?<br /><br />LocalDate date = LocalDate.of(2016, Month.MARCH, 13);<br />LocalTime time = LocalTime.of(1, 30);<br />ZoneId zone = ZoneId.of("US/Eastern");<br />ZonedDateTime dateTime1 = ZonedDateTime.of(date, time, zone);<br />ZonedDateTime dateTime2 = dateTime1.plus(1, ChronoUnit.HOURS);<br /><br />long hours = ChronoUnit.HOURS.between(dateTime1, dateTime2);<br />int clock1 = dateTime1.getHour();<br />int clock2 = dateTime2.getHour();<br />System.out.println(hours + "," + clock1 + "," + clock2);',TIMESTAMP '1970-01-01 03:00:00',TIMESTAMP '1970-01-01 03:00:00');
	INSERT INTO Answer (id,questionId,text,correct,comment) OVERRIDING SYSTEM VALUE VALUES (2167,1072,'1,1,2',false,'');
	INSERT INTO Answer (id,questionId,text,correct,comment) OVERRIDING SYSTEM VALUE VALUES (2168,1072,'1,1,3',true,'');
	INSERT INTO Answer (id,questionId,text,correct,comment) OVERRIDING SYSTEM VALUE VALUES (2169,1072,'2,1,2',false,'');
	INSERT INTO Answer (id,questionId,text,correct,comment) OVERRIDING SYSTEM VALUE VALUES (2170,1072,'2,1,3',false,'');
	INSERT INTO Answer (id,questionId,text,correct,comment) OVERRIDING SYSTEM VALUE VALUES (2171,1072,'The code does not compile.',false,'');
	INSERT INTO Answer (id,questionId,text,correct,comment) OVERRIDING SYSTEM VALUE VALUES (2172,1072,'A runtime exception is thrown.',false,'');
INSERT INTO Question (id,realmId,type,text,regDate,updateDate) OVERRIDING SYSTEM VALUE VALUES (1073,8,1,'Note that March 13, 2016, is the weekend that we spring forward, and November 6, 2016, is when we fall back for daylight savings time. Which of the following can fill in the blank without the code throwing an exception? (Choose all that apply):<br /><br />ZoneId zone = ZoneId.of("US/Eastern");<br />LocalDate date = _____________;<br />LocalTime time1 = LocalTime.of(2, 15);<br />ZonedDateTime a = ZonedDateTime.of(date, time1, zone);',TIMESTAMP '1970-01-01 03:00:00',TIMESTAMP '1970-01-01 03:00:00');
	INSERT INTO Answer (id,questionId,text,correct,comment) OVERRIDING SYSTEM VALUE VALUES (2176,1073,'LocalDate.of(2016, 11, 7)',true,'');
	INSERT INTO Answer (id,questionId,text,correct,comment) OVERRIDING SYSTEM VALUE VALUES (2177,1073,'LocalDate.of(2017, 2, 29)',false,'');
	INSERT INTO Answer (id,questionId,text,correct,comment) OVERRIDING SYSTEM VALUE VALUES (2173,1073,'LocalDate.of(2016, 3, 13)',true,'Java сообразит, что подставить. В данном случае время будет 03:15');
	INSERT INTO Answer (id,questionId,text,correct,comment) OVERRIDING SYSTEM VALUE VALUES (2174,1073,'LocalDate.of(2016, 3, 40)',false,'');
	INSERT INTO Answer (id,questionId,text,correct,comment) OVERRIDING SYSTEM VALUE VALUES (2175,1073,'LocalDate.of(2016, 11, 6)',true,'');
INSERT INTO Question (id,realmId,type,text,regDate,updateDate) OVERRIDING SYSTEM VALUE VALUES (1074,8,2,'Дан код:<br /><br />ZoneId zone = ZoneId.of("US/Eastern");<br />LocalDate date = LocalDate.of(2016, 11, 6);<br />LocalTime time1 = LocalTime.of(1, 30);<br />ZonedDateTime a = ZonedDateTime.of(date, time1, zone);<br />System.out.println(a);<br />System.out.println(a.plusHours(1));<br /><br /><br />06.11.16 - день перевода на зимнее время в указанной зоне.<br /><br />Одинаковый ли вывод будет у двух последних операторов?',TIMESTAMP '1970-01-01 03:00:00',TIMESTAMP '1970-01-01 03:00:00');
	INSERT INTO Answer (id,questionId,text,correct,comment) OVERRIDING SYSTEM VALUE VALUES (2178,1074,'Час будет одинаковый, а вот смещение - разное:<br /><br />2016-11-06T01:30-04:00[US/Eastern]<br />2016-11-06T01:30-05:00[US/Eastern]',true,'');
INSERT INTO Question (id,realmId,type,text,regDate,updateDate) OVERRIDING SYSTEM VALUE VALUES (1075,8,1,'Given the following code, which of the answer choices can fill in the blank to print true? (Choose all that apply.)<br /><br />String m1 = Duration.of(1, ChronoUnit.MINUTES).toString();<br />String m2 = Duration.ofMinutes(1).toString();<br />String s = Duration.of(60, ChronoUnit.SECONDS).toString();<br /><br />String d = Duration.ofDays(1).toString();<br />String p = Period.ofDays(1).toString();<br /><br />System.out.println(________);',TIMESTAMP '1970-01-01 03:00:00',TIMESTAMP '1970-01-01 03:00:00');
	INSERT INTO Answer (id,questionId,text,correct,comment) OVERRIDING SYSTEM VALUE VALUES (2179,1075,'m1 == m2',false,'');
	INSERT INTO Answer (id,questionId,text,correct,comment) OVERRIDING SYSTEM VALUE VALUES (2180,1075,'m1.equals(m2)',true,'');
	INSERT INTO Answer (id,questionId,text,correct,comment) OVERRIDING SYSTEM VALUE VALUES (2181,1075,'m1.equals(s)',true,'будет напечатано PT1M. Равные по продолжительности объекты Duration напечатаются одинаково');
	INSERT INTO Answer (id,questionId,text,correct,comment) OVERRIDING SYSTEM VALUE VALUES (2182,1075,'d == p',false,'');
	INSERT INTO Answer (id,questionId,text,correct,comment) OVERRIDING SYSTEM VALUE VALUES (2183,1075,'d.equals(p)',false,'Period начинается с P, а Duration - с PT');
INSERT INTO Question (id,realmId,type,text,regDate,updateDate) OVERRIDING SYSTEM VALUE VALUES (1076,8,0,'Объекты <strong>Period</strong> одинаковой длины дадут одинаковый вывод метода <strong>toString</strong>(), независимо от различий в процессе создания объектов. То же самое справедливо и для <strong>Duration</strong>.<br /><br />String str1 = Period.ofWeeks(3).toString();<br />String str2 = Period.ofDays(21).toString();<br />String str3 = Duration.ofHours(1).toString();<br />String str4 = Duration.ofSeconds(3600).toString();<br /><br />--<br />P21D<br />P21D<br />PT1H<br />PT1H',TIMESTAMP '1970-01-01 03:00:00',TIMESTAMP '1970-01-01 03:00:00');
INSERT INTO Question (id,realmId,type,text,regDate,updateDate) OVERRIDING SYSTEM VALUE VALUES (1077,8,1,'Given the following, which answers can correctly fill in the blank? (Choose all that apply.)<br /><br />LocalDate date = LocalDate.now();<br />LocalTime time = LocalTime.now();<br />LocalDateTime dateTime = LocalDateTime.now();<br />ZoneId zoneId = ZoneId.systemDefault();<br />ZonedDateTime zonedDateTime = ZonedDateTime.of(dateTime, zoneId);<br />long epochSeconds = 0;<br />Instant instant = ____________;',TIMESTAMP '1970-01-01 03:00:00',TIMESTAMP '1970-01-01 03:00:00');
	INSERT INTO Answer (id,questionId,text,correct,comment) OVERRIDING SYSTEM VALUE VALUES (2184,1077,'Instant.now()',true,'');
	INSERT INTO Answer (id,questionId,text,correct,comment) OVERRIDING SYSTEM VALUE VALUES (2185,1077,'Instant.ofEpochSecond(epochSeconds)',true,'');
	INSERT INTO Answer (id,questionId,text,correct,comment) OVERRIDING SYSTEM VALUE VALUES (2186,1077,'date.toInstant()',false,'');
	INSERT INTO Answer (id,questionId,text,correct,comment) OVERRIDING SYSTEM VALUE VALUES (2187,1077,'dateTime.toInstant()',false,'');
	INSERT INTO Answer (id,questionId,text,correct,comment) OVERRIDING SYSTEM VALUE VALUES (2188,1077,'time.toInstant()',false,'');
	INSERT INTO Answer (id,questionId,text,correct,comment) OVERRIDING SYSTEM VALUE VALUES (2189,1077,'zonedDateTime.toInstant()',true,'');
INSERT INTO Question (id,realmId,type,text,regDate,updateDate) OVERRIDING SYSTEM VALUE VALUES (1078,8,1,'What is the output of the following method if props contains {veggies=brontosaurus, meat=velociraptor}?<br /><br />private static void print(Properties props) {<br />&nbsp; System.out.println(props.get("veggies", "none")<br />&nbsp;&nbsp;&nbsp; + " " + props.get("omni", "none"));<br />}',TIMESTAMP '1970-01-01 03:00:00',TIMESTAMP '1970-01-01 03:00:00');
	INSERT INTO Answer (id,questionId,text,correct,comment) OVERRIDING SYSTEM VALUE VALUES (2192,1078,'none none',false,'');
	INSERT INTO Answer (id,questionId,text,correct,comment) OVERRIDING SYSTEM VALUE VALUES (2193,1078,'none null',false,'');
	INSERT INTO Answer (id,questionId,text,correct,comment) OVERRIDING SYSTEM VALUE VALUES (2194,1078,'The code does not compile.',true,'метод get объекта Properties не может содержать два параметра');
	INSERT INTO Answer (id,questionId,text,correct,comment) OVERRIDING SYSTEM VALUE VALUES (2195,1078,'A runtime exception is thrown.',false,'');
	INSERT INTO Answer (id,questionId,text,correct,comment) OVERRIDING SYSTEM VALUE VALUES (2190,1078,'brontosaurus none',false,'');
	INSERT INTO Answer (id,questionId,text,correct,comment) OVERRIDING SYSTEM VALUE VALUES (2191,1078,'brontosaurus null',false,'');
INSERT INTO Question (id,realmId,type,text,regDate,updateDate) OVERRIDING SYSTEM VALUE VALUES (1079,8,1,'Which of the following prints out all of the values in props?',TIMESTAMP '1970-01-01 03:00:00',TIMESTAMP '1970-01-01 03:00:00');
	INSERT INTO Answer (id,questionId,text,correct,comment) OVERRIDING SYSTEM VALUE VALUES (2196,1079,'props.keys().stream().map(k -&gt; k .forEach(System.out::println));',false,'');
	INSERT INTO Answer (id,questionId,text,correct,comment) OVERRIDING SYSTEM VALUE VALUES (2197,1079,'props.keys().stream().map(k -&gt; props.get(k))<br />&nbsp; .forEach(System.out::println);',false,'');
	INSERT INTO Answer (id,questionId,text,correct,comment) OVERRIDING SYSTEM VALUE VALUES (2198,1079,'props.keySet().stream().map(k -&gt; k) .forEach(System.out::println);',false,'');
	INSERT INTO Answer (id,questionId,text,correct,comment) OVERRIDING SYSTEM VALUE VALUES (2199,1079,'props.keySet().stream().map(k -&gt; props.get(k))<br />&nbsp; .forEach(System.out::println);',true,'');
	INSERT INTO Answer (id,questionId,text,correct,comment) OVERRIDING SYSTEM VALUE VALUES (2200,1079,'props.stream().map(k -&gt; k) .forEach(System.out::println);',false,'');
	INSERT INTO Answer (id,questionId,text,correct,comment) OVERRIDING SYSTEM VALUE VALUES (2201,1079,'props.stream().map(k -&gt; props.get(k)) .forEach(System.out::println);',false,'');
INSERT INTO Question (id,realmId,type,text,regDate,updateDate) OVERRIDING SYSTEM VALUE VALUES (1080,8,1,'Which of the following are stored in a Period object? (Choose all that apply.)',TIMESTAMP '1970-01-01 03:00:00',TIMESTAMP '1970-01-01 03:00:00');
	INSERT INTO Answer (id,questionId,text,correct,comment) OVERRIDING SYSTEM VALUE VALUES (2202,1080,'Year',true,'');
	INSERT INTO Answer (id,questionId,text,correct,comment) OVERRIDING SYSTEM VALUE VALUES (2203,1080,'Month',true,'');
	INSERT INTO Answer (id,questionId,text,correct,comment) OVERRIDING SYSTEM VALUE VALUES (2204,1080,'Day',true,'');
	INSERT INTO Answer (id,questionId,text,correct,comment) OVERRIDING SYSTEM VALUE VALUES (2205,1080,'Hour',false,'');
	INSERT INTO Answer (id,questionId,text,correct,comment) OVERRIDING SYSTEM VALUE VALUES (2206,1080,'Minute',false,'');
	INSERT INTO Answer (id,questionId,text,correct,comment) OVERRIDING SYSTEM VALUE VALUES (2207,1080,'Second',false,'');
INSERT INTO Question (id,realmId,type,text,regDate,updateDate) OVERRIDING SYSTEM VALUE VALUES (1081,8,1,'Which of the following objects could contain the information &ldquo;eastern standard time&rdquo;? (Choose all that apply.)',TIMESTAMP '1970-01-01 03:00:00',TIMESTAMP '1970-01-01 03:00:00');
	INSERT INTO Answer (id,questionId,text,correct,comment) OVERRIDING SYSTEM VALUE VALUES (2208,1081,'Instant',false,'');
	INSERT INTO Answer (id,questionId,text,correct,comment) OVERRIDING SYSTEM VALUE VALUES (2209,1081,'LocalDate',false,'');
	INSERT INTO Answer (id,questionId,text,correct,comment) OVERRIDING SYSTEM VALUE VALUES (2210,1081,'LocalDateTime',false,'');
	INSERT INTO Answer (id,questionId,text,correct,comment) OVERRIDING SYSTEM VALUE VALUES (2211,1081,'LocalTime',false,'');
	INSERT INTO Answer (id,questionId,text,correct,comment) OVERRIDING SYSTEM VALUE VALUES (2212,1081,'ZonedDateTime',true,'');
INSERT INTO Question (id,realmId,type,text,regDate,updateDate) OVERRIDING SYSTEM VALUE VALUES (1082,8,2,'Перечислите основные проверяемые исключения, которые могут встретиться на экзамене.',TIMESTAMP '2019-01-26 14:32:49',TIMESTAMP '2019-01-26 14:32:49');
	INSERT INTO Answer (id,questionId,text,correct,comment) OVERRIDING SYSTEM VALUE VALUES (2213,1082,'java.text.<strong>ParseException</strong><br />преобразование строки в число<br /><br />java.io.<strong>IOException</strong><br />
<div>java.io.<strong>FileNotFoundException</strong></div>
<div>java.io.<strong>NotSerializableException<br /></strong>операции ввода-вывода<br />(все исключения пакета java.io - проверяемые, и все происходят от IOException)<br /><br />java.sql.<strong>SQLException</strong></div>
операции с БД<br />(все исключения пакета java.sql - проверяемые, и все происходят от SQLException)',true,'');
INSERT INTO Question (id,realmId,type,text,regDate,updateDate) OVERRIDING SYSTEM VALUE VALUES (1083,8,2,'Перечислите непроверяемые исключения, которые добавляются в OCP',TIMESTAMP '2019-01-26 14:59:54',TIMESTAMP '2019-01-26 14:59:54');
	INSERT INTO Answer (id,questionId,text,correct,comment) OVERRIDING SYSTEM VALUE VALUES (2214,1083,'<div>java.lang.<strong>ArrayStoreException</strong></div>
<div>запись объекта неверного типа в массив</div>
<div>&nbsp;</div>
<div>java.time.<strong>DateTimeException</strong></div>
<div>неверный формат строки для преобразования в дату</div>
<div>&nbsp;</div>
<div>java.util.<strong>MissingResourceException</strong></div>
<div>отсутствие запрашиваемого ресурса</div>
<div>&nbsp;</div>
<div>java.lang.<strong>IllegalStateException</strong></div>
<div>java.lang.<strong>UnsupportedOperationException</strong></div>
<div>выполнение недопустимой операции применительно к коллекциям, в т.ч. с учетом многопоточности</div>',true,'');
INSERT INTO Question (id,realmId,type,text,regDate,updateDate) OVERRIDING SYSTEM VALUE VALUES (1084,8,0,'Напоминание: нельзя ловить проверяемое исключение, если исследуемый блок кода не может это исключение породить - будет ошибка компиляции',TIMESTAMP '2019-01-26 16:11:03',TIMESTAMP '2019-01-26 16:11:03');
INSERT INTO Question (id,realmId,type,text,regDate,updateDate) OVERRIDING SYSTEM VALUE VALUES (1085,8,2,'Какой смысл может быть в следующем коде?<br />
<div><br />public String getDataFromDatabase() throws SQLException {</div>
<div>&nbsp; &nbsp; throw new UnsupportedOperationException();</div>
<div>}</div>',TIMESTAMP '2019-01-26 16:16:04',TIMESTAMP '2019-01-28 22:42:19');
	INSERT INTO Answer (id,questionId,text,correct,comment) OVERRIDING SYSTEM VALUE VALUES (2215,1085,'Код для обращения к БД еще не написан, либо БД еще не развернута, но метод уже нужно встраивать в другие части приложения. Таким образом вызывающий код будет готов в тому, что в какой-то момент SQLException начнет прилетать.',true,'');
INSERT INTO Question (id,realmId,type,text,regDate,updateDate) OVERRIDING SYSTEM VALUE VALUES (1086,8,2,'Опишите основные конструкторы класса <strong>Exception</strong>.',TIMESTAMP '2019-01-26 16:28:22',TIMESTAMP '2019-01-26 16:38:13');
	INSERT INTO Answer (id,questionId,text,correct,comment) OVERRIDING SYSTEM VALUE VALUES (2216,1086,'1) Конструктор без аргументов:<br /><strong>Exception</strong>()<br /><br />2) Конструктор, оборачивающий одно исключение в другое:<br /><strong>Exception</strong>(<strong>Exception</strong> <em>e</em>)<br /><br />3) Конструктор, передающий пользовательское сообщение об ошибке:<br /><strong>Exception</strong>(<strong>String</strong> <em>message</em>)<br />(у классов Exception и RuntimeException собственного сообщения об ошибке нет, getMessage() вернет&nbsp; null)',true,'');
INSERT INTO Question (id,realmId,type,text,regDate,updateDate) OVERRIDING SYSTEM VALUE VALUES (1087,8,0,'Необработанное исключение всегда печатает <em>stack trace</em>. По заказу его можно отправить на печать методом <strong>printStackTrace</strong>().',TIMESTAMP '2019-01-26 16:42:42',TIMESTAMP '2019-01-26 16:42:42');
INSERT INTO Question (id,realmId,type,text,regDate,updateDate) OVERRIDING SYSTEM VALUE VALUES (1088,8,0,'Распространенная практика - оборачивать проверяемые исключения в RuntimeException:<br /><br />public static void main(String[] args) {<br />&nbsp;&nbsp;&nbsp; try {<br />&nbsp;&nbsp;&nbsp;&nbsp;&nbsp;&nbsp;&nbsp; throw new IOException();<br />&nbsp;&nbsp;&nbsp; } catch (IOException e) {<br />&nbsp;&nbsp;&nbsp;&nbsp;&nbsp;&nbsp;&nbsp; e.printStackTrace();<br />&nbsp;&nbsp;&nbsp;&nbsp;&nbsp;&nbsp;&nbsp; throw new RuntimeException(e);<br />&nbsp;&nbsp;&nbsp; } <br />}',TIMESTAMP '2019-01-28 11:10:41',TIMESTAMP '2019-01-28 23:34:48');
INSERT INTO Question (id,realmId,type,text,regDate,updateDate) OVERRIDING SYSTEM VALUE VALUES (1089,8,2,'Опишите&nbsp;смысл и синтаксис концепции <em>Multi-catch</em>.',TIMESTAMP '2019-01-28 16:45:10',TIMESTAMP '2019-01-28 17:10:58');
	INSERT INTO Answer (id,questionId,text,correct,comment) OVERRIDING SYSTEM VALUE VALUES (2217,1089,'Концепция действует, начиная с Java 7. Смысл - ловить сразу несколько типов исключений в одной catch-конструкции:<br /><br />try {<br />&nbsp;...<br />} catch (DateTimeParseException | IOException&nbsp;| NumberFormatException&nbsp;e) {<br />&nbsp;&nbsp;&nbsp; e.printStackTrace();<br />&nbsp;&nbsp;&nbsp; throw new RuntimeException(e);<br />}',true,'');
INSERT INTO Question (id,realmId,type,text,regDate,updateDate) OVERRIDING SYSTEM VALUE VALUES (1090,8,2,'Опишите ограничения концепции <em>multi-catch.</em>',TIMESTAMP '2019-01-28 17:10:05',TIMESTAMP '2019-01-31 22:38:31');
	INSERT INTO Answer (id,questionId,text,correct,comment) OVERRIDING SYSTEM VALUE VALUES (2218,1090,'1) в списке исключений не могут одновременно присутствовать классы, непосредственно связанные иерархически - будет ошибка компиляции. Смысл ограничения - запрет на избыточность: если указан класс-родитель, то класс-потомок обязательно поймается, поэтому не надо его указывать.<br /><br />&nbsp;&nbsp;&nbsp;&nbsp;&nbsp;&nbsp;&nbsp; try {<br />&nbsp;&nbsp;&nbsp;&nbsp;&nbsp;&nbsp;&nbsp;&nbsp;&nbsp;&nbsp;&nbsp;&nbsp; ....<br />&nbsp;&nbsp;&nbsp;&nbsp;&nbsp;&nbsp;&nbsp; } catch (IOException | FileNotFoundException e) { //doesn''t compile<br />&nbsp;&nbsp;&nbsp;&nbsp;&nbsp;&nbsp;&nbsp;&nbsp;&nbsp;&nbsp;&nbsp; <br />&nbsp;&nbsp;&nbsp;&nbsp;&nbsp;&nbsp;&nbsp; }<br /><br />2) нельзя переприсваивать переменную исключения:<br /><br />&nbsp;&nbsp;&nbsp;&nbsp;&nbsp;&nbsp;&nbsp; try {<br />&nbsp;&nbsp;&nbsp;&nbsp;&nbsp;&nbsp;&nbsp;&nbsp;&nbsp;&nbsp;&nbsp; throw new FileNotFoundException();<br />&nbsp;&nbsp;&nbsp;&nbsp;&nbsp;&nbsp;&nbsp; } catch (IOException | NumberFormatException e) {<br />&nbsp;&nbsp;&nbsp;&nbsp;&nbsp;&nbsp;&nbsp;&nbsp;&nbsp;&nbsp;&nbsp; e = new RuntimeException(); //doesn''t compile<br />&nbsp;&nbsp;&nbsp;&nbsp;&nbsp;&nbsp;&nbsp; }',true,'');
INSERT INTO Question (id,realmId,type,text,regDate,updateDate) OVERRIDING SYSTEM VALUE VALUES (1091,8,0,'<p>В конструкции multi-catch так же, как и в обычном одинарном catch, нельзя несколько раз обрабатывать одно и то же исключение:<br /><br />&nbsp;&nbsp;&nbsp;&nbsp;&nbsp;&nbsp;&nbsp; try {<br />&nbsp;&nbsp;&nbsp;&nbsp;&nbsp;&nbsp;&nbsp;&nbsp;&nbsp;&nbsp;&nbsp; throw new IOException();<br />&nbsp;&nbsp;&nbsp;&nbsp;&nbsp;&nbsp;&nbsp; } catch (IOException | NumberFormatException e) {</p>
<p>&nbsp;&nbsp;&nbsp;&nbsp;&nbsp;&nbsp;&nbsp; } catch (DateTimeParseException | IOException e) {&nbsp;//doesn''t compile<br />&nbsp;&nbsp;&nbsp;&nbsp;&nbsp;&nbsp;&nbsp;&nbsp;&nbsp;&nbsp;&nbsp;&nbsp;<br />&nbsp;&nbsp;&nbsp;&nbsp;&nbsp;&nbsp;&nbsp; }<br /><br /></p>',TIMESTAMP '2019-01-28 17:22:06',TIMESTAMP '2019-01-28 17:22:06');
INSERT INTO Question (id,realmId,type,text,regDate,updateDate) OVERRIDING SYSTEM VALUE VALUES (1092,8,2,'В чем слабое место следующего кода и как его улучшить?<br /><br />...<br />finally {<br />&nbsp;&nbsp;&nbsp; if (in != null) in.close();<br />&nbsp;&nbsp;&nbsp; if (out != null) out.close();<br />}',TIMESTAMP '2019-01-28 17:51:20',TIMESTAMP '2019-01-28 17:51:20');
	INSERT INTO Answer (id,questionId,text,correct,comment) OVERRIDING SYSTEM VALUE VALUES (2219,1092,'Проблема в том, что закрытие первого ресурса может вызвать исключение, тогда второй ресурс даже не попытается закрыться. Улучшить можно так:<br /><br />finally {<br />&nbsp;&nbsp;&nbsp; try {<br />&nbsp;&nbsp;&nbsp;&nbsp;&nbsp;&nbsp;&nbsp; in.close();<br />&nbsp;&nbsp;&nbsp; } catch (IOException e) {}<br />&nbsp;&nbsp;&nbsp; try {<br />&nbsp;&nbsp;&nbsp;&nbsp;&nbsp;&nbsp;&nbsp; out.close();<br />&nbsp;&nbsp;&nbsp; } catch (IOException e) {}<br />}<br /><br />либо использовать конструкцию try-with-resources',true,'');
INSERT INTO Question (id,realmId,type,text,regDate,updateDate) OVERRIDING SYSTEM VALUE VALUES (1093,8,2,'Объясните смысл конструкции <em>Try-With-Resources</em> и опишите ее синтаксис.',TIMESTAMP '2019-01-28 22:41:05',TIMESTAMP '2019-01-28 22:53:47');
	INSERT INTO Answer (id,questionId,text,correct,comment) OVERRIDING SYSTEM VALUE VALUES (2220,1093,'В try-with-resources автоматически закрываются все <em>ресурсы</em>, указанные в <strong>try </strong>(это называется <em>automatic resource management</em>). Блок <strong>finally</strong> при этом можно не указывать - на закрытие ресурсов он отрабатывает имплицитно, при этом <span style="text-decoration: underline;">до</span> выполнения явно указанных <strong>catch</strong> и <strong>finally</strong>.<br /><br />Синтаксис такой (<strong>catch</strong> и <strong>finally</strong> необязательны):<br /><br />try (SomeResource r1 = getSomeResource();<br />&nbsp;&nbsp;&nbsp;&nbsp;&nbsp;&nbsp;&nbsp; OtherResource r2 = getOtherResource()) {<br />&nbsp;&nbsp;&nbsp; //protected code<br />} <strong>[</strong>catch (IOException e) { // может быть несколько, как и в обычном try<br />&nbsp;&nbsp;&nbsp; // exception handler<br />}<strong>]</strong> <strong>[</strong>finally {<br />&nbsp;&nbsp;&nbsp; // finally block<br />}<strong>]</strong>',true,'');
INSERT INTO Question (id,realmId,type,text,regDate,updateDate) OVERRIDING SYSTEM VALUE VALUES (1094,8,2,'Почему не скомпилируется следующий код?<br /><br />try (Scanner s = new Scanner(System.in)) {<br />&nbsp;&nbsp;&nbsp; s.nextLine();<br />} catch(Exception e) {<br />&nbsp;&nbsp;&nbsp; s.nextInt();<br />} finally{<br />&nbsp;&nbsp;&nbsp; s.nextInt();<br />}',TIMESTAMP '2019-01-28 22:56:20',TIMESTAMP '2019-01-28 22:56:20');
	INSERT INTO Answer (id,questionId,text,correct,comment) OVERRIDING SYSTEM VALUE VALUES (2221,1094,'потому что переменная <em>s</em> не видна за пределами try {}',true,'');
INSERT INTO Question (id,realmId,type,text,regDate,updateDate) OVERRIDING SYSTEM VALUE VALUES (1095,8,0,'Конструкция <em>try-with-resources</em> исключает возможность случайного обращения к ресурсу за пределами <strong>try</strong> {}. В обычном <strong>try</strong> для использования закрываемого ресурса приходилось объявлять переменную ресурса до блока <strong>try</strong>, чтобы она была видна и в <strong>finally</strong>. При этом она становилась видной и всему последующему коду.',TIMESTAMP '2019-01-28 22:59:03',TIMESTAMP '2019-01-28 22:59:03');
INSERT INTO Question (id,realmId,type,text,regDate,updateDate) OVERRIDING SYSTEM VALUE VALUES (1096,8,2,'Каким свойством должен обладать объект, который подается как ресурс в конструкцию <em>try-with-resources</em>?',TIMESTAMP '2019-01-28 23:07:18',TIMESTAMP '2019-01-28 23:07:18');
	INSERT INTO Answer (id,questionId,text,correct,comment) OVERRIDING SYSTEM VALUE VALUES (2222,1096,'Он должен реализовывать интерфейс java.lang.<strong>AutoCloseable</strong>:<br /><br />public interface AutoCloseable {<br />&nbsp;&nbsp;&nbsp; void close() throws Exception;<br />}',true,'');
INSERT INTO Question (id,realmId,type,text,regDate,updateDate) OVERRIDING SYSTEM VALUE VALUES (1097,8,2,'Почему&nbsp; и где не скомпилируется следующий код?<br /><br />public class StuckTurkeyCage implements AutoCloseable {<br />&nbsp;&nbsp;&nbsp; public void close() throws Exception {<br />&nbsp;&nbsp;&nbsp;&nbsp;&nbsp;&nbsp;&nbsp; throw new Exception("Cage door does not close");<br />&nbsp;&nbsp;&nbsp; }<br />&nbsp;&nbsp;&nbsp; public static void main(String[] args) {<br />&nbsp;&nbsp;&nbsp;&nbsp;&nbsp;&nbsp;&nbsp; try (StuckTurkeyCage t = new StuckTurkeyCage()) { <br />&nbsp;&nbsp;&nbsp;&nbsp;&nbsp;&nbsp;&nbsp;&nbsp;&nbsp;&nbsp;&nbsp; System.out.println("put turkeys in");<br />&nbsp;&nbsp;&nbsp;&nbsp;&nbsp;&nbsp;&nbsp; }<br />&nbsp;&nbsp;&nbsp; }<br />}',TIMESTAMP '2019-01-28 23:17:22',TIMESTAMP '2019-01-28 23:17:22');
	INSERT INTO Answer (id,questionId,text,correct,comment) OVERRIDING SYSTEM VALUE VALUES (2223,1097,'В try-with-resources используется объект, закрытие которого может продуцировать проверяемое исключение. В данном случае оно никак не обрабатывается.',true,'');
INSERT INTO Question (id,realmId,type,text,regDate,updateDate) OVERRIDING SYSTEM VALUE VALUES (1098,8,2,'Какие пожелания (не требования) высказывает Java к реализации метода <strong>close</strong>() интерфейса <strong>AutoCloseable</strong>?',TIMESTAMP '2019-01-28 23:24:01',TIMESTAMP '2019-01-28 23:25:20');
	INSERT INTO Answer (id,questionId,text,correct,comment) OVERRIDING SYSTEM VALUE VALUES (2224,1098,'1) не выбрасывать <strong>Exception</strong>. Лучше вообще без исключений, или с исключением более конкретным.<br />2) быть идемпотентным, т.е. не иметь побочных эффектов (в виде ошибок или изменения состояния объектов) при многократном вызове.',true,'');
INSERT INTO Question (id,realmId,type,text,regDate,updateDate) OVERRIDING SYSTEM VALUE VALUES (1099,8,0,'Интерфейс <strong>AutoCloseable</strong> появился в Java 7. До этого существовал более жесткий интерфейс <strong>Closeable</strong>, метод которого мог выбрасывать только <strong>IOException</strong>, а также был оязан быть идемпотентным. С появлением <strong>AutoCloseble</strong> интерфейс <strong>Closeable</strong> стал ему наследовать.',TIMESTAMP '2019-01-28 23:31:54',TIMESTAMP '2019-01-28 23:31:54');
INSERT INTO Question (id,realmId,type,text,regDate,updateDate) OVERRIDING SYSTEM VALUE VALUES (1100,8,2,'Как ловить проверяемое исключение, которое выбрасывается при закрытии ресурса в конструкции try-with-resources?',TIMESTAMP '2019-01-28 23:39:34',TIMESTAMP '2019-01-28 23:39:34');
	INSERT INTO Answer (id,questionId,text,correct,comment) OVERRIDING SYSTEM VALUE VALUES (2225,1100,'прямо в нижерасположенном блоке <strong>catch</strong>:<br /><br />public class JammedTurkeyCage implements AutoCloseable {<br />&nbsp;&nbsp;&nbsp; public void close() throws IllegalStateException {<br />&nbsp;&nbsp;&nbsp;&nbsp;&nbsp;&nbsp;&nbsp; throw new IllegalStateException("Cage door does not close");<br />&nbsp;&nbsp;&nbsp; }<br />&nbsp;&nbsp;&nbsp; public static void main(String[] args) {<br />&nbsp;&nbsp;&nbsp;&nbsp;&nbsp;&nbsp;&nbsp; try (JammedTurkeyCage t = new JammedTurkeyCage()) {<br />&nbsp;&nbsp;&nbsp;&nbsp;&nbsp;&nbsp;&nbsp;&nbsp;&nbsp;&nbsp;&nbsp; System.out.println("put turkeys in");<br />&nbsp;&nbsp;&nbsp;&nbsp;&nbsp;&nbsp;&nbsp; } catch (IllegalStateException e) {<br />&nbsp;&nbsp;&nbsp;&nbsp;&nbsp;&nbsp;&nbsp;&nbsp;&nbsp;&nbsp;&nbsp; System.out.println("caught: " + e.getMessage());<br />&nbsp;&nbsp;&nbsp;&nbsp;&nbsp;&nbsp;&nbsp; }<br />&nbsp;&nbsp;&nbsp; }<br />}',true,'');
INSERT INTO Question (id,realmId,type,text,regDate,updateDate) OVERRIDING SYSTEM VALUE VALUES (1101,8,2,'Объясните, что такое <em>suppressed exceptions</em> ("подавленные исключения") и приведите пример.',TIMESTAMP '2019-01-28 23:55:01',TIMESTAMP '2019-01-29 00:11:36');
	INSERT INTO Answer (id,questionId,text,correct,comment) OVERRIDING SYSTEM VALUE VALUES (2226,1101,'Suppressed exceptions имеют место, когда код выбрасывает сразу несколько исключений, но только одно из них попадает в обработку. В этом случае необработанные исключения можно получить с объекта основного исключения посредством вызова метода <em>Throwable</em>[] <strong>getSuppressed</strong>().<br />Источник таких исключений - блок try-with-resources, когда в блоке <strong>try</strong> образуются исключения, а закрытие ресурсов тоже продуцирует исключение:<br /><br />class JammedTurkeyCage implements AutoCloseable {<br />&nbsp;&nbsp;&nbsp; public void close() throws IllegalStateException {<br />&nbsp;&nbsp;&nbsp;&nbsp;&nbsp;&nbsp;&nbsp; throw new IllegalStateException("Cage door does not close");<br />&nbsp;&nbsp;&nbsp; }<br />}<br />...<br />try (JammedTurkeyCage t = new JammedTurkeyCage()) {<br />&nbsp;&nbsp;&nbsp; throw new IllegalStateException("turkeys ran off");<br />} catch (IllegalStateException e) {<br />&nbsp;&nbsp;&nbsp; System.out.println("caught: " + e.getMessage());<br />&nbsp;&nbsp;&nbsp; for (Throwable t: e.getSuppressed())<br />&nbsp;&nbsp;&nbsp;&nbsp;&nbsp;&nbsp;&nbsp; System.out.println(t.getMessage());<br />}<br />==&gt;<br />caught: turkeys ran off<br />Cage door does not close',true,'');
INSERT INTO Question (id,realmId,type,text,regDate,updateDate) OVERRIDING SYSTEM VALUE VALUES (1102,8,0,'Необычный пример suppressed exceptions:<br /><br />class JammedTurkeyCage implements AutoCloseable {<br />&nbsp;&nbsp;&nbsp; public void close() throws IllegalStateException {<br />&nbsp;&nbsp;&nbsp;&nbsp;&nbsp;&nbsp;&nbsp; throw new IllegalStateException("Cage door does not close");<br />&nbsp;&nbsp;&nbsp; }<br />}<br />...<br />try (JammedTurkeyCage t = new JammedTurkeyCage()) {<br />&nbsp;&nbsp;&nbsp; throw new RuntimeException("turkeys ran off");<br />} catch (IllegalStateException e) {<br />&nbsp;&nbsp;&nbsp; System.out.println("caught: " + e.getMessage());<br />}<br /><br />Здесь RuntimeException является первичным и передается методу, содержащему <strong>try</strong>, и выше по стеку, если нет обработки. Блок <strong>catch</strong> не успевает сработать. Исключение, возникающее при закрытии ресурса, становится подавленным в составе RuntimeException.',TIMESTAMP '2019-01-28 23:59:29',TIMESTAMP '2019-01-28 23:59:29');
INSERT INTO Question (id,realmId,type,text,regDate,updateDate) OVERRIDING SYSTEM VALUE VALUES (1103,8,0,'Ресурсы в try-with-resources закрываются в обратном порядке. В следующем коде сначала закроется <em>t2</em>, а потом <em>t1</em>:<br /><br />class JammedTurkeyCage implements AutoCloseable {<br />&nbsp;&nbsp;&nbsp; public void close() throws IllegalStateException {<br />&nbsp;&nbsp;&nbsp;&nbsp;&nbsp;&nbsp;&nbsp; throw new IllegalStateException("Cage door does not close");<br />&nbsp;&nbsp;&nbsp; }<br />}<br />...<br />try (JammedTurkeyCage t1 = new JammedTurkeyCage();<br />&nbsp;&nbsp;&nbsp; JammedTurkeyCage t2 = new JammedTurkeyCage()) {<br />&nbsp;&nbsp;&nbsp;&nbsp;&nbsp;&nbsp;&nbsp; System.out.println("turkeys entered cages");<br />} catch (IllegalStateException e) {<br />&nbsp;&nbsp;&nbsp; System.out.println("caught: " + e.getMessage());<br />&nbsp;&nbsp;&nbsp; for (Throwable t: e.getSuppressed())<br />&nbsp;&nbsp;&nbsp;&nbsp;&nbsp;&nbsp;&nbsp; System.out.println(t.getMessage());<br />}<br /><br />В вышеприведенном примере исключение, выбрасываемое при закрытии <em>t2</em>, станет основным, а выбрасываемое при закрытии <em>t1</em> - подавленным.',TIMESTAMP '2019-01-29 00:06:37',TIMESTAMP '2019-01-29 00:06:37');
INSERT INTO Question (id,realmId,type,text,regDate,updateDate) OVERRIDING SYSTEM VALUE VALUES (1104,8,0,'Важно! Понятие <em>suppressed exceptions</em> применимо только к тем множественным исключениям, которые порождаются в блоке <strong>try</strong> конструкции try-with-resources. Например, исключение, возникающее в эксплицитном <strong>finally</strong>, будет выброшено, а все прочие исключения, случившиеся до <strong>finally</strong>, просто потеряются.',TIMESTAMP '2019-01-29 00:11:11',TIMESTAMP '2019-01-29 00:11:11');
INSERT INTO Question (id,realmId,type,text,regDate,updateDate) OVERRIDING SYSTEM VALUE VALUES (1105,8,2,'Что напечатает следующий код?<br /><br />public class Auto implements AutoCloseable {<br />&nbsp;&nbsp;&nbsp; int num;<br />&nbsp;&nbsp;&nbsp; Auto(int num) { this.num = num; }<br />&nbsp;&nbsp;&nbsp; public void close() {<br />&nbsp;&nbsp;&nbsp;&nbsp;&nbsp;&nbsp;&nbsp; System.out.println("Close: " + num);<br />&nbsp;&nbsp;&nbsp; }<br />&nbsp;&nbsp;&nbsp; public static void main(String[] args) {<br />&nbsp;&nbsp;&nbsp;&nbsp;&nbsp;&nbsp;&nbsp; try (Auto a1 = new Auto(1); Auto a2 = new Auto(2)) {<br />&nbsp;&nbsp;&nbsp;&nbsp;&nbsp;&nbsp;&nbsp;&nbsp;&nbsp;&nbsp;&nbsp; throw new RuntimeException();<br />&nbsp;&nbsp;&nbsp;&nbsp;&nbsp;&nbsp;&nbsp; } catch (Exception e) {<br />&nbsp;&nbsp;&nbsp;&nbsp;&nbsp;&nbsp;&nbsp;&nbsp;&nbsp;&nbsp;&nbsp; System.out.println("ex");<br />&nbsp;&nbsp;&nbsp;&nbsp;&nbsp;&nbsp;&nbsp; } finally {<br />&nbsp;&nbsp;&nbsp;&nbsp;&nbsp;&nbsp;&nbsp;&nbsp;&nbsp;&nbsp;&nbsp; System.out.println("finally");<br />&nbsp;&nbsp;&nbsp;&nbsp;&nbsp;&nbsp;&nbsp; }<br />&nbsp;&nbsp;&nbsp; }<br />}',TIMESTAMP '2019-01-30 11:03:09',TIMESTAMP '2019-01-30 11:03:09');
	INSERT INTO Answer (id,questionId,text,correct,comment) OVERRIDING SYSTEM VALUE VALUES (2227,1105,'Close: 2<br />Close: 1<br />ex<br />finally',true,'');
INSERT INTO Question (id,realmId,type,text,regDate,updateDate) OVERRIDING SYSTEM VALUE VALUES (1106,8,2,'<p><br />Как можно двумя способами залогировать и повторно выбросить (<em>rethrow</em>) проверяемое исключение?</p>
<p>дан пример метода:</p>
<p>public void multiCatch() throws SQLException, DateTimeParseException {<br />&nbsp;&nbsp;&nbsp; parseData(); //<em>может выдавать указанные в сигнатуре исключения</em><br />}</p>',TIMESTAMP '2019-01-30 11:41:00',TIMESTAMP '2019-01-30 11:41:00');
	INSERT INTO Answer (id,questionId,text,correct,comment) OVERRIDING SYSTEM VALUE VALUES (2228,1106,'<p>1) явное указание исключений в multi-catch</p>
<p>public void multiCatch() throws SQLException, DateTimeParseException {<br />&nbsp;&nbsp;&nbsp; try {<br />&nbsp;&nbsp;&nbsp;&nbsp;&nbsp;&nbsp;&nbsp; parseData();<br />&nbsp;&nbsp;&nbsp; } <strong>catch (SQLException | DateTimeParseException e)</strong> {<br />&nbsp;&nbsp;&nbsp;&nbsp;&nbsp;&nbsp;&nbsp; System.err.println(e);<br />&nbsp;&nbsp;&nbsp;&nbsp;&nbsp;&nbsp;&nbsp; throw e;<br />&nbsp;&nbsp;&nbsp; } <br />}</p>
<p>недостаток - необходимость менять каждый раз сигнатуру и содержимое <strong>catch</strong>, если меняется состав исключений.</p>
<p>2) ловить Exception</p>
<p>public void multiCatch() throws SQLException, DateTimeParseException {<br />&nbsp;&nbsp;&nbsp; try {<br />&nbsp;&nbsp;&nbsp;&nbsp;&nbsp;&nbsp;&nbsp; parseData();<br />&nbsp;&nbsp;&nbsp; } <strong>catch (Exception e)</strong> {<br />&nbsp;&nbsp;&nbsp;&nbsp;&nbsp;&nbsp;&nbsp; System.err.println(e);<br />&nbsp;&nbsp;&nbsp;&nbsp;&nbsp;&nbsp;&nbsp; throw e;<br />&nbsp;&nbsp;&nbsp; } <br />}</p>
<p>недостаток - словятся и будут залогированы и все встретившиеся непроверяемые исключения. (проверяемые просто так не словятся, их надо будет добавлять в сигнатуру)</p>',true,'');
INSERT INTO Question (id,realmId,type,text,regDate,updateDate) OVERRIDING SYSTEM VALUE VALUES (1107,8,2,'Изложите смысла инструмента <em>assert</em> и опишите его синтаксис.',TIMESTAMP '2019-01-30 12:40:31',TIMESTAMP '2019-01-30 17:57:42');
	INSERT INTO Answer (id,questionId,text,correct,comment) OVERRIDING SYSTEM VALUE VALUES (2229,1107,'Assert - это булево выражение, вычисляемое в произвольном месте кода. Если <strong>true</strong> - значит, программа выполняется штатно. Если <strong>false</strong> - значит произошел сбой, несовместимый с дальнейшей работой. В этом случае выдается <strong>AssertionError</strong>, который является подклассом <strong>Error</strong> и поэтому не ловится.<br />Смысл использования <strong>assert</strong> - создать страховку от какой-то нежелательной ситуации. Т.е. разработчик ожидает, что условия, проверяемые assert, всегда будут выполняться. И если вдруг условие не выполнится - это послужит признаком неожиданной нештатной ситуации.<br /><br />Синтаксис:<br />assert boolean_expression;<br />assert boolean_expression: error_message;<br /><br />Смысл аналогичен коду<br />if (!boolean_expression) throw new AssertionError();',true,'');
INSERT INTO Question (id,realmId,type,text,regDate,updateDate) OVERRIDING SYSTEM VALUE VALUES (1108,8,0,'Чтобы включить режим обработки <strong>assert</strong>, нужно запустить код с ключом <strong>-ea</strong> или <strong>-enableassertions</strong>:<br /><br />java -ea SomeClassName',TIMESTAMP '2019-01-30 12:44:32',TIMESTAMP '2019-01-30 12:50:48');
INSERT INTO Question (id,realmId,type,text,regDate,updateDate) OVERRIDING SYSTEM VALUE VALUES (1109,8,2,'Опишите режимы механизма <strong>assert</strong>, настраиваемые в командной строке.',TIMESTAMP '2019-01-30 15:31:49',TIMESTAMP '2019-01-30 15:31:49');
	INSERT INTO Answer (id,questionId,text,correct,comment) OVERRIDING SYSTEM VALUE VALUES (2230,1109,'1) включить assert во всем коде, кроме системных Java-классов:<br />java -enableassertions SomeClass<br /><em>или</em><br />java -ea SomeClass<br /><br />2) включить assert во всех классах конктретного пакета (три точки важны):<br />java -ea:com.wiley.demos... my.programs.Main<br /><br />3) включить assert в конкретном классе:<br />java -ea:com.wiley.demos.TestColors my.programs.Main<br /><br />4) отключить assert в классе/пакете, который раньше был включен:<br />java -ea:com.wiley.demos... -da:com.wiley.demos.TestColors my.programs.Main<br />java -ea -disableassertions:com.wiley.demos... my.programs.Main (<em>наверное</em>)',true,'');
INSERT INTO Question (id,realmId,type,text,regDate,updateDate) OVERRIDING SYSTEM VALUE VALUES (1110,8,0,'Важно помнить, что по умолчанию механизм <strong>assert&nbsp;</strong>выключен, поэтому на экзамене надо следить, чтобы assert был явно включен, в противном случае считать, что assert игнорируется.',TIMESTAMP '2019-01-30 15:34:34',TIMESTAMP '2019-01-30 15:34:34');
INSERT INTO Question (id,realmId,type,text,regDate,updateDate) OVERRIDING SYSTEM VALUE VALUES (1111,8,2,'Перечислите наиболее типовые случаи использования механихма <strong>assert</strong>.',TIMESTAMP '2019-01-30 17:12:21',TIMESTAMP '2019-01-30 17:51:00');
	INSERT INTO Answer (id,questionId,text,correct,comment) OVERRIDING SYSTEM VALUE VALUES (2231,1111,'1) Внутренние инварианты (<em>Internal Invariants</em>).Ограничение на значение какой-л. переменной:<br />assert x&lt;0<br />2) Инварианты класса (<em>Class Invariants</em>). Проверка валидности состояния объекта<br />public class Rectangle {<br />&nbsp;&nbsp;&nbsp; private int width, height;<br />&nbsp;...<br />&nbsp;&nbsp;&nbsp; public int getArea() {<br />&nbsp;&nbsp;&nbsp;&nbsp;&nbsp;&nbsp;&nbsp; assert isValid(): "Not a valid Rectangle";<br />&nbsp;&nbsp;&nbsp;&nbsp;&nbsp;&nbsp;&nbsp; return width * height;<br />&nbsp;&nbsp;&nbsp; }<br />&nbsp;&nbsp;&nbsp; private boolean isValid() {<br />&nbsp;&nbsp;&nbsp;&nbsp;&nbsp;&nbsp;&nbsp; return (width &gt;= 0 &amp;&amp; height &gt;= 0);<br />&nbsp;&nbsp;&nbsp; }<br />}<br />3) Инварианты потока выполнения (<em>Control Flow Invariants</em>). Проверка фактической недостижимости некоторого места в коде. В следующем примере мы посредством AssertionError будем оповещены, если в энуме появится новое значение.<br />public enum Seasons {<br />&nbsp;&nbsp;&nbsp; SPRING, SUMMER, FALL<br />}<br />...<br />void test(Seasons s) {<br />&nbsp;&nbsp;&nbsp; switch (s) {<br />&nbsp;&nbsp;&nbsp;&nbsp;&nbsp;&nbsp;&nbsp; case SPRING:<br />&nbsp;&nbsp;&nbsp;&nbsp;&nbsp;&nbsp;&nbsp;&nbsp;&nbsp;&nbsp;&nbsp; break;<br />&nbsp;&nbsp;&nbsp;&nbsp;&nbsp;&nbsp;&nbsp; case FALL:<br />&nbsp;&nbsp;&nbsp;&nbsp;&nbsp;&nbsp;&nbsp;&nbsp;&nbsp;&nbsp;&nbsp; break;<br />&nbsp;&nbsp;&nbsp;&nbsp;&nbsp;&nbsp;&nbsp; case SUMMER:<br />&nbsp;&nbsp;&nbsp;&nbsp;&nbsp;&nbsp;&nbsp;&nbsp;&nbsp;&nbsp;&nbsp; break;<br />&nbsp;&nbsp;&nbsp;&nbsp;&nbsp;&nbsp;&nbsp; default:<br />&nbsp;&nbsp;&nbsp;&nbsp;&nbsp;&nbsp;&nbsp;&nbsp;&nbsp;&nbsp;&nbsp; assert false: "Invalid season";<br />&nbsp;&nbsp;&nbsp; }<br />}<br />4) Пред-условия (<em>Preconditions</em>). Проверка условия перед вызовом метода.<br />5) Пост-условия (<em>Post Conditions</em>). Проверка условия после вызова метода.',true,'');
INSERT INTO Question (id,realmId,type,text,regDate,updateDate) OVERRIDING SYSTEM VALUE VALUES (1112,8,0,'Важное правило механизма <strong>assert</strong> - никакой бизнес-логики. Иначе при выключении механизма (что происходит при развертывании продакшена) изменится выход программы.',TIMESTAMP '2019-01-30 17:19:59',TIMESTAMP '2019-01-30 17:19:59');
INSERT INTO Question (id,realmId,type,text,regDate,updateDate) OVERRIDING SYSTEM VALUE VALUES (1113,8,0,'Для валидации параметров, передаваемых в метод, использовать механизм <strong>assert</strong> не надо! Следует порождать <strong>IllegalArgumentException</strong>:<br /><br />public class Rectangle {<br />&nbsp;&nbsp;&nbsp; public Rectangle(int width, int height) {<br />&nbsp;&nbsp;&nbsp;&nbsp;&nbsp;&nbsp;&nbsp; if(width &lt; 0 || height &lt; 0) {<br />&nbsp;&nbsp;&nbsp;&nbsp;&nbsp;&nbsp;&nbsp;&nbsp;&nbsp;&nbsp;&nbsp; throw new IllegalArgumentException();<br />&nbsp;&nbsp;&nbsp;&nbsp;&nbsp;&nbsp;&nbsp; }<br />&nbsp;&nbsp;&nbsp;&nbsp;&nbsp;&nbsp;&nbsp; this.width = width;<br />&nbsp;&nbsp;&nbsp;&nbsp;&nbsp;&nbsp;&nbsp; this.height = height;<br />&nbsp;&nbsp;&nbsp; }<br />}<br />',TIMESTAMP '2019-01-30 17:53:30',TIMESTAMP '2019-01-30 17:53:30');
INSERT INTO Question (id,realmId,type,text,regDate,updateDate) OVERRIDING SYSTEM VALUE VALUES (1114,8,1,'Which of the following pairs fills in the blanks to make this code compile?<br /><br />5: public void read() ___________ SQLException {<br />6:&nbsp;&nbsp;&nbsp;&nbsp; ___________ new SQLException();<br />7: }',TIMESTAMP '2019-01-31 21:13:03',TIMESTAMP '2019-01-31 21:13:03');
	INSERT INTO Answer (id,questionId,text,correct,comment) OVERRIDING SYSTEM VALUE VALUES (2232,1114,'throw on line 5 and throw on line 6',false,'');
	INSERT INTO Answer (id,questionId,text,correct,comment) OVERRIDING SYSTEM VALUE VALUES (2233,1114,'throw on line 5 and throws on line 6',false,'');
	INSERT INTO Answer (id,questionId,text,correct,comment) OVERRIDING SYSTEM VALUE VALUES (2234,1114,'throws on line 5 and throw on line 6',true,'');
	INSERT INTO Answer (id,questionId,text,correct,comment) OVERRIDING SYSTEM VALUE VALUES (2235,1114,'throws on line 5 and throws on line 6',false,'');
	INSERT INTO Answer (id,questionId,text,correct,comment) OVERRIDING SYSTEM VALUE VALUES (2236,1114,'None of the above. SQLException is a checked exception and cannot be thrown.',false,'');
	INSERT INTO Answer (id,questionId,text,correct,comment) OVERRIDING SYSTEM VALUE VALUES (2237,1114,'None of the above. SQLException is a runtime exception and cannot be thrown.',false,'');
INSERT INTO Question (id,realmId,type,text,regDate,updateDate) OVERRIDING SYSTEM VALUE VALUES (1115,8,1,'Which of the following changes when made independently would make this code compile? (Choose all that apply.)<br /><br />1: public class StuckTurkeyCage implements AutoCloseable {<br />2:&nbsp;&nbsp;&nbsp;&nbsp; public void close() throws Exception {<br />3:&nbsp;&nbsp;&nbsp;&nbsp;&nbsp;&nbsp;&nbsp;&nbsp; throw new Exception("Cage door does not close");<br />4:&nbsp;&nbsp;&nbsp;&nbsp; }<br />5:&nbsp;&nbsp;&nbsp;&nbsp; public static void main(String[] args) {<br />6:&nbsp;&nbsp;&nbsp;&nbsp;&nbsp;&nbsp;&nbsp;&nbsp; try (StuckTurkeyCage t = new StuckTurkeyCage()) {<br />7:&nbsp;&nbsp;&nbsp;&nbsp;&nbsp;&nbsp;&nbsp;&nbsp;&nbsp;&nbsp;&nbsp;&nbsp; System.out.println("put turkeys in");<br />8:&nbsp;&nbsp;&nbsp;&nbsp;&nbsp;&nbsp;&nbsp;&nbsp; }<br />9:&nbsp;&nbsp;&nbsp;&nbsp; }<br />10: }',TIMESTAMP '2019-01-31 22:31:54',TIMESTAMP '2019-01-31 22:31:54');
	INSERT INTO Answer (id,questionId,text,correct,comment) OVERRIDING SYSTEM VALUE VALUES (2240,1115,'Change line 8 to } catch (Exception e) {}.',true,'');
	INSERT INTO Answer (id,questionId,text,correct,comment) OVERRIDING SYSTEM VALUE VALUES (2241,1115,'Change line 8 to } finally {}.',false,'');
	INSERT INTO Answer (id,questionId,text,correct,comment) OVERRIDING SYSTEM VALUE VALUES (2242,1115,'None of the above will make the code compile.',false,'');
	INSERT INTO Answer (id,questionId,text,correct,comment) OVERRIDING SYSTEM VALUE VALUES (2243,1115,'The code already compiles as is.',false,'');
	INSERT INTO Answer (id,questionId,text,correct,comment) OVERRIDING SYSTEM VALUE VALUES (2238,1115,'Remove throws Exception from the declaration on line 2.',false,'');
	INSERT INTO Answer (id,questionId,text,correct,comment) OVERRIDING SYSTEM VALUE VALUES (2239,1115,'Add throws Exception to the declaration on line 5.',true,'');
INSERT INTO Question (id,realmId,type,text,regDate,updateDate) OVERRIDING SYSTEM VALUE VALUES (1116,8,1,'Which of the following fills in the blank to make the code compile? (Choose all that apply)<br /><br />public static void main(String[] args) {<br />&nbsp;&nbsp;&nbsp; try {<br />&nbsp;&nbsp;&nbsp;&nbsp;&nbsp;&nbsp;&nbsp; throw new IOException();<br />&nbsp;&nbsp;&nbsp; } catch (__________________________ ) { }<br />}',TIMESTAMP '2019-01-31 22:36:12',TIMESTAMP '2019-01-31 22:36:12');
	INSERT INTO Answer (id,questionId,text,correct,comment) OVERRIDING SYSTEM VALUE VALUES (2244,1116,'FileNotFoundException | IOException e',false,'нельзя указывать в multi-catch исключения, связанные иерархически');
	INSERT INTO Answer (id,questionId,text,correct,comment) OVERRIDING SYSTEM VALUE VALUES (2245,1116,'FileNotFoundException e | IOException e',false,'');
	INSERT INTO Answer (id,questionId,text,correct,comment) OVERRIDING SYSTEM VALUE VALUES (2246,1116,'FileNotFoundException | RuntimeException e',false,'');
	INSERT INTO Answer (id,questionId,text,correct,comment) OVERRIDING SYSTEM VALUE VALUES (2247,1116,'FileNotFoundException e | RuntimeException e',false,'');
	INSERT INTO Answer (id,questionId,text,correct,comment) OVERRIDING SYSTEM VALUE VALUES (2248,1116,'IOException | RuntimeException e',true,'');
	INSERT INTO Answer (id,questionId,text,correct,comment) OVERRIDING SYSTEM VALUE VALUES (2249,1116,'IOException e | RuntimeException e',false,'');
INSERT INTO Question (id,realmId,type,text,regDate,updateDate) OVERRIDING SYSTEM VALUE VALUES (1117,8,1,'Which of the following are true statements? (Choose all that apply.)',TIMESTAMP '2019-01-31 22:48:25',TIMESTAMP '2019-01-31 22:48:25');
	INSERT INTO Answer (id,questionId,text,correct,comment) OVERRIDING SYSTEM VALUE VALUES (2250,1117,'A traditional try statement without a catch block requires a finally block.',true,'');
	INSERT INTO Answer (id,questionId,text,correct,comment) OVERRIDING SYSTEM VALUE VALUES (2251,1117,'A traditional try statement without a finally block requires a catch block.',true,'');
	INSERT INTO Answer (id,questionId,text,correct,comment) OVERRIDING SYSTEM VALUE VALUES (2252,1117,'A traditional try statement with only one statement can omit the {}.',false,'');
	INSERT INTO Answer (id,questionId,text,correct,comment) OVERRIDING SYSTEM VALUE VALUES (2253,1117,'A try-with-resources statement without a catch block requires a finally block.',false,'');
	INSERT INTO Answer (id,questionId,text,correct,comment) OVERRIDING SYSTEM VALUE VALUES (2254,1117,'A try-with-resources statement without a finally block requires a catch block.',false,'');
	INSERT INTO Answer (id,questionId,text,correct,comment) OVERRIDING SYSTEM VALUE VALUES (2255,1117,'A try-with-resources statement with only one statement can omit the {}.',false,'');
INSERT INTO Question (id,realmId,type,text,regDate,updateDate) OVERRIDING SYSTEM VALUE VALUES (1118,8,1,'What is the output of the following code?<br /><br />import java.io.*;<br />public class AutocloseableFlow {<br />&nbsp;&nbsp;&nbsp; static class Door implements AutoCloseable {<br />&nbsp;&nbsp;&nbsp;&nbsp;&nbsp;&nbsp;&nbsp; public void close() {<br />&nbsp;&nbsp;&nbsp;&nbsp;&nbsp;&nbsp;&nbsp;&nbsp;&nbsp;&nbsp;&nbsp; System.out.print("D");<br />&nbsp;&nbsp;&nbsp; } }<br />&nbsp;&nbsp;&nbsp; static class Window implements Closeable {<br />&nbsp;&nbsp;&nbsp;&nbsp;&nbsp;&nbsp;&nbsp; public void close() {<br />&nbsp;&nbsp;&nbsp;&nbsp;&nbsp;&nbsp;&nbsp;&nbsp;&nbsp;&nbsp;&nbsp; System.out.print("W");<br />&nbsp;&nbsp;&nbsp;&nbsp;&nbsp;&nbsp;&nbsp;&nbsp;&nbsp;&nbsp;&nbsp; throw new RuntimeException();<br />&nbsp;&nbsp;&nbsp; } }<br />&nbsp;&nbsp;&nbsp; public static void main(String[] args) {<br />&nbsp;&nbsp;&nbsp;&nbsp;&nbsp;&nbsp;&nbsp; try (Door d = new Door(); Window w = new Window()) {<br />&nbsp;&nbsp;&nbsp;&nbsp;&nbsp;&nbsp;&nbsp;&nbsp;&nbsp;&nbsp;&nbsp; System.out.print("T");<br />&nbsp;&nbsp;&nbsp;&nbsp;&nbsp;&nbsp;&nbsp; } catch (Exception e) {<br />&nbsp;&nbsp;&nbsp;&nbsp;&nbsp;&nbsp;&nbsp;&nbsp;&nbsp;&nbsp;&nbsp; System.out.print("E");<br />&nbsp;&nbsp;&nbsp;&nbsp;&nbsp;&nbsp;&nbsp; } finally {<br />&nbsp;&nbsp;&nbsp;&nbsp;&nbsp;&nbsp;&nbsp;&nbsp;&nbsp;&nbsp;&nbsp; System.out.print("F");<br />&nbsp;&nbsp;&nbsp; } } }',TIMESTAMP '2019-01-31 22:55:17',TIMESTAMP '2019-01-31 22:55:17');
	INSERT INTO Answer (id,questionId,text,correct,comment) OVERRIDING SYSTEM VALUE VALUES (2256,1118,'TWF',false,'');
	INSERT INTO Answer (id,questionId,text,correct,comment) OVERRIDING SYSTEM VALUE VALUES (2257,1118,'TWDF',false,'');
	INSERT INTO Answer (id,questionId,text,correct,comment) OVERRIDING SYSTEM VALUE VALUES (2258,1118,'TWDEF',true,'');
	INSERT INTO Answer (id,questionId,text,correct,comment) OVERRIDING SYSTEM VALUE VALUES (2259,1118,'TWF followed by an exception',false,'');
	INSERT INTO Answer (id,questionId,text,correct,comment) OVERRIDING SYSTEM VALUE VALUES (2260,1118,'TWDF followed by an exception',false,'');
	INSERT INTO Answer (id,questionId,text,correct,comment) OVERRIDING SYSTEM VALUE VALUES (2261,1118,'TWEF followed by an exception',false,'');
	INSERT INTO Answer (id,questionId,text,correct,comment) OVERRIDING SYSTEM VALUE VALUES (2262,1118,'The code does not compile.',false,'');
INSERT INTO Question (id,realmId,type,text,regDate,updateDate) OVERRIDING SYSTEM VALUE VALUES (1119,8,1,'What is the output of the following code?<br /><br />import java.io.*;<br />public class AutocloseableFlow {<br />&nbsp;&nbsp;&nbsp; static class Door implements AutoCloseable {<br />&nbsp;&nbsp;&nbsp;&nbsp;&nbsp;&nbsp;&nbsp; public void close() {<br />&nbsp;&nbsp;&nbsp;&nbsp;&nbsp;&nbsp;&nbsp;&nbsp;&nbsp;&nbsp;&nbsp; System.out.print("D");<br />&nbsp;&nbsp;&nbsp;&nbsp;&nbsp;&nbsp;&nbsp;&nbsp;&nbsp;&nbsp;&nbsp; throw new RuntimeException();<br />&nbsp;&nbsp;&nbsp; } }<br />&nbsp;&nbsp;&nbsp; static class Window implements Closeable {<br />&nbsp;&nbsp;&nbsp;&nbsp;&nbsp;&nbsp;&nbsp; public void close() {<br />&nbsp;&nbsp;&nbsp;&nbsp;&nbsp;&nbsp;&nbsp;&nbsp;&nbsp;&nbsp;&nbsp; System.out.print("W");<br />&nbsp;&nbsp;&nbsp;&nbsp;&nbsp;&nbsp;&nbsp;&nbsp;&nbsp;&nbsp;&nbsp; throw new RuntimeException();<br />&nbsp;&nbsp;&nbsp; } }<br />&nbsp;&nbsp;&nbsp; public static void main(String[] args) {<br />&nbsp;&nbsp;&nbsp;&nbsp;&nbsp;&nbsp;&nbsp; try {<br />&nbsp;&nbsp;&nbsp;&nbsp;&nbsp;&nbsp;&nbsp;&nbsp;&nbsp;&nbsp;&nbsp; Door d = new Door(); Window w = new Window()<br />&nbsp;&nbsp;&nbsp;&nbsp;&nbsp;&nbsp;&nbsp; }<br />&nbsp;&nbsp;&nbsp;&nbsp;&nbsp;&nbsp;&nbsp; {<br />&nbsp;&nbsp;&nbsp;&nbsp;&nbsp;&nbsp;&nbsp;&nbsp;&nbsp;&nbsp;&nbsp; System.out.print("T");<br />&nbsp;&nbsp;&nbsp;&nbsp;&nbsp;&nbsp;&nbsp; } catch (Exception e) {<br />&nbsp;&nbsp;&nbsp;&nbsp;&nbsp;&nbsp;&nbsp;&nbsp;&nbsp;&nbsp;&nbsp; System.out.print("E");<br />&nbsp;&nbsp;&nbsp;&nbsp;&nbsp;&nbsp;&nbsp; } finally {<br />&nbsp;&nbsp;&nbsp;&nbsp;&nbsp;&nbsp;&nbsp;&nbsp;&nbsp;&nbsp;&nbsp; System.out.print("F");<br />} } }',TIMESTAMP '2019-01-31 22:58:44',TIMESTAMP '2019-01-31 22:58:44');
	INSERT INTO Answer (id,questionId,text,correct,comment) OVERRIDING SYSTEM VALUE VALUES (2263,1119,'TWF',false,'');
	INSERT INTO Answer (id,questionId,text,correct,comment) OVERRIDING SYSTEM VALUE VALUES (2264,1119,'TWDF',false,'');
	INSERT INTO Answer (id,questionId,text,correct,comment) OVERRIDING SYSTEM VALUE VALUES (2265,1119,'TWDEF',false,'');
	INSERT INTO Answer (id,questionId,text,correct,comment) OVERRIDING SYSTEM VALUE VALUES (2266,1119,'TWF followed by an exception',false,'');
	INSERT INTO Answer (id,questionId,text,correct,comment) OVERRIDING SYSTEM VALUE VALUES (2267,1119,'TWDF followed by an exception',false,'');
	INSERT INTO Answer (id,questionId,text,correct,comment) OVERRIDING SYSTEM VALUE VALUES (2268,1119,'TWEF followed by an exception',false,'');
	INSERT INTO Answer (id,questionId,text,correct,comment) OVERRIDING SYSTEM VALUE VALUES (2269,1119,'The code does not compile.',true,'try {...} {...}&nbsp; не скомпилируется');
INSERT INTO Question (id,realmId,type,text,regDate,updateDate) OVERRIDING SYSTEM VALUE VALUES (1120,8,1,'What is the result of running <br />&nbsp;&nbsp;&nbsp; <strong>java EchoInput hi there</strong> <br />with the following code?<br /><br />public class EchoInput {<br />&nbsp;&nbsp;&nbsp; public static void main(String [] args) {<br />&nbsp;&nbsp;&nbsp;&nbsp;&nbsp;&nbsp;&nbsp; if(args.length &lt;= 3) assert false;<br />&nbsp;&nbsp;&nbsp;&nbsp;&nbsp;&nbsp;&nbsp; System.out.println(args[0] + args[1] + args[2]);<br />&nbsp;&nbsp;&nbsp; }<br />}',TIMESTAMP '2019-01-31 23:08:54',TIMESTAMP '2019-01-31 23:08:54');
	INSERT INTO Answer (id,questionId,text,correct,comment) OVERRIDING SYSTEM VALUE VALUES (2272,1120,'The code throws an ArrayIndexOutOfBoundsException.',true,'assert не выполнится, т.к. по умолчанию отключено');
	INSERT INTO Answer (id,questionId,text,correct,comment) OVERRIDING SYSTEM VALUE VALUES (2273,1120,'The code compiles and runs successfully, but there is no output.',false,'');
	INSERT INTO Answer (id,questionId,text,correct,comment) OVERRIDING SYSTEM VALUE VALUES (2274,1120,'The code does not compile.',false,'');
	INSERT INTO Answer (id,questionId,text,correct,comment) OVERRIDING SYSTEM VALUE VALUES (2270,1120,'hithere',false,'');
	INSERT INTO Answer (id,questionId,text,correct,comment) OVERRIDING SYSTEM VALUE VALUES (2271,1120,'The assert statement throws an AssertionError.',false,'');
INSERT INTO Question (id,realmId,type,text,regDate,updateDate) OVERRIDING SYSTEM VALUE VALUES (1121,8,1,'Which of the following command lines cause this program to fail on the assertion? (Choose all that apply.)<br /><br />public class On {<br />&nbsp;&nbsp;&nbsp; public static void main(String[] args) {<br />&nbsp;&nbsp;&nbsp;&nbsp;&nbsp;&nbsp;&nbsp; String s = null;<br />&nbsp;&nbsp;&nbsp;&nbsp;&nbsp;&nbsp;&nbsp; assert s != null;<br />&nbsp;&nbsp;&nbsp; }<br />}',TIMESTAMP '2019-01-31 23:12:41',TIMESTAMP '2019-01-31 23:12:41');
	INSERT INTO Answer (id,questionId,text,correct,comment) OVERRIDING SYSTEM VALUE VALUES (2275,1121,'java &ndash;da On',false,'');
	INSERT INTO Answer (id,questionId,text,correct,comment) OVERRIDING SYSTEM VALUE VALUES (2276,1121,'java &ndash;ea On',true,'');
	INSERT INTO Answer (id,questionId,text,correct,comment) OVERRIDING SYSTEM VALUE VALUES (2277,1121,'java -da -ea:On On',true,'можно использовать -ea и -da в реверсном порядке, только смысла большого нет - изначально и так assert везде отключен');
	INSERT INTO Answer (id,questionId,text,correct,comment) OVERRIDING SYSTEM VALUE VALUES (2278,1121,'java -ea -da:On On',false,'');
	INSERT INTO Answer (id,questionId,text,correct,comment) OVERRIDING SYSTEM VALUE VALUES (2279,1121,'The code does not compile.',false,'');
INSERT INTO Question (id,realmId,type,text,regDate,updateDate) OVERRIDING SYSTEM VALUE VALUES (1122,8,1,'Which of the following prints <strong>OhNo</strong> with the assertion failure when the number is positive? (Choose all that apply.)',TIMESTAMP '2019-01-31 23:16:38',TIMESTAMP '2019-01-31 23:18:24');
	INSERT INTO Answer (id,questionId,text,correct,comment) OVERRIDING SYSTEM VALUE VALUES (2280,1122,'assert n &lt; 0: "OhNo";',true,'');
	INSERT INTO Answer (id,questionId,text,correct,comment) OVERRIDING SYSTEM VALUE VALUES (2281,1122,'assert n &lt; 0, "OhNo";',false,'');
	INSERT INTO Answer (id,questionId,text,correct,comment) OVERRIDING SYSTEM VALUE VALUES (2282,1122,'assert n &lt; 0 ("OhNo");',false,'');
	INSERT INTO Answer (id,questionId,text,correct,comment) OVERRIDING SYSTEM VALUE VALUES (2283,1122,'assert(n &lt; 0): "OhNo";',true,'булево выражение можно окружить скобками, хотя и не является обязательным. Перед скобками можно не ставить пробел');
	INSERT INTO Answer (id,questionId,text,correct,comment) OVERRIDING SYSTEM VALUE VALUES (2284,1122,'assert(n &lt; 0, "OhNo");',false,'');
INSERT INTO Question (id,realmId,type,text,regDate,updateDate) OVERRIDING SYSTEM VALUE VALUES (1123,8,1,'Which of the following are true of the code? (Choose all that apply.)<br /><br />4: private int addPlusOne(int a, int b) {<br />5:&nbsp;&nbsp;&nbsp;&nbsp; boolean assert = false;<br />6:&nbsp;&nbsp;&nbsp;&nbsp; assert a++ &gt; 0;<br />7:&nbsp;&nbsp;&nbsp;&nbsp; assert b &gt; 0;<br />8:&nbsp;&nbsp;&nbsp;&nbsp; return a + b;<br />9: }',TIMESTAMP '2019-01-31 23:27:29',TIMESTAMP '2019-01-31 23:28:31');
	INSERT INTO Answer (id,questionId,text,correct,comment) OVERRIDING SYSTEM VALUE VALUES (2288,1123,'Line 6 is an appropriate use of an assertion.',false,'так не надо делать. не должно быть побочных эффектов (изменение значения переменной) в assert');
	INSERT INTO Answer (id,questionId,text,correct,comment) OVERRIDING SYSTEM VALUE VALUES (2289,1123,'Line 7 is an appropriate use of an assertion.',true,'');
	INSERT INTO Answer (id,questionId,text,correct,comment) OVERRIDING SYSTEM VALUE VALUES (2285,1123,'Line 5 does not compile.',true,'');
	INSERT INTO Answer (id,questionId,text,correct,comment) OVERRIDING SYSTEM VALUE VALUES (2286,1123,'Lines 6 and 7 do not compile because they are missing the String message.',false,'');
	INSERT INTO Answer (id,questionId,text,correct,comment) OVERRIDING SYSTEM VALUE VALUES (2287,1123,'Lines 6 and 7 do not compile because they are missing parentheses.',false,'');
INSERT INTO Question (id,realmId,type,text,regDate,updateDate) OVERRIDING SYSTEM VALUE VALUES (1124,8,1,'Which of the following are runtime exceptions? (Choose all that apply.)',TIMESTAMP '2019-01-31 23:31:07',TIMESTAMP '2019-01-31 23:31:34');
	INSERT INTO Answer (id,questionId,text,correct,comment) OVERRIDING SYSTEM VALUE VALUES (2290,1124,'Exception',false,'');
	INSERT INTO Answer (id,questionId,text,correct,comment) OVERRIDING SYSTEM VALUE VALUES (2291,1124,'IllegalStateException',true,'');
	INSERT INTO Answer (id,questionId,text,correct,comment) OVERRIDING SYSTEM VALUE VALUES (2292,1124,'IOException',false,'');
	INSERT INTO Answer (id,questionId,text,correct,comment) OVERRIDING SYSTEM VALUE VALUES (2293,1124,'MissingResourceException',true,'');
	INSERT INTO Answer (id,questionId,text,correct,comment) OVERRIDING SYSTEM VALUE VALUES (2294,1124,'DateTimeParseException',true,'');
	INSERT INTO Answer (id,questionId,text,correct,comment) OVERRIDING SYSTEM VALUE VALUES (2295,1124,'SQLException',false,'');
INSERT INTO Question (id,realmId,type,text,regDate,updateDate) OVERRIDING SYSTEM VALUE VALUES (1125,8,1,'Which of the following can legally fill in the blank? (Choose all that apply.)<br /><br />public class AhChoo {<br />&nbsp;&nbsp;&nbsp; static class SneezeException extends Exception { }<br />&nbsp;&nbsp;&nbsp; static class SniffleException extends SneezeException { }<br />&nbsp;&nbsp;&nbsp; public static void main(String[] args) throws SneezeException {<br />&nbsp;&nbsp;&nbsp;&nbsp;&nbsp;&nbsp;&nbsp; try {<br />&nbsp;&nbsp;&nbsp;&nbsp;&nbsp;&nbsp;&nbsp;&nbsp;&nbsp;&nbsp;&nbsp; throw new SneezeException();<br />&nbsp;&nbsp;&nbsp;&nbsp;&nbsp;&nbsp;&nbsp; } catch (SneezeException e) {<br />&nbsp;&nbsp;&nbsp;&nbsp;&nbsp;&nbsp;&nbsp;&nbsp;&nbsp;&nbsp;&nbsp; ______________<br />&nbsp;&nbsp;&nbsp;&nbsp;&nbsp;&nbsp;&nbsp;&nbsp;&nbsp;&nbsp;&nbsp; throw e;<br />} } }',TIMESTAMP '2019-01-31 23:46:48',TIMESTAMP '2019-01-31 23:53:35');
	INSERT INTO Answer (id,questionId,text,correct,comment) OVERRIDING SYSTEM VALUE VALUES (2296,1125,'// leave line blank',true,'');
	INSERT INTO Answer (id,questionId,text,correct,comment) OVERRIDING SYSTEM VALUE VALUES (2297,1125,'e = new Exception();',false,'');
	INSERT INTO Answer (id,questionId,text,correct,comment) OVERRIDING SYSTEM VALUE VALUES (2298,1125,'e = new RuntimeException();',false,'Нельзя присвоить экземпляр RuntimeException переменной типа SneezeException');
	INSERT INTO Answer (id,questionId,text,correct,comment) OVERRIDING SYSTEM VALUE VALUES (2299,1125,'e = new SneezeException();',true,'');
	INSERT INTO Answer (id,questionId,text,correct,comment) OVERRIDING SYSTEM VALUE VALUES (2300,1125,'e = new SniffleException();',true,'');
	INSERT INTO Answer (id,questionId,text,correct,comment) OVERRIDING SYSTEM VALUE VALUES (2301,1125,'None of the above; the code does not compile.',false,'');
INSERT INTO Question (id,realmId,type,text,regDate,updateDate) OVERRIDING SYSTEM VALUE VALUES (1126,8,1,'Which of the following can legally fill in the blank? (Choose all that apply.)<br /><br />public class AhChoo {<br />&nbsp;&nbsp;&nbsp; static class SneezeException extends Exception { }<br />&nbsp;&nbsp;&nbsp; static class SniffleException extends SneezeException { }<br />&nbsp;&nbsp;&nbsp; public static void main(String[] args) throws SneezeException {<br />&nbsp;&nbsp;&nbsp;&nbsp;&nbsp;&nbsp;&nbsp; try {<br />&nbsp;&nbsp;&nbsp;&nbsp;&nbsp;&nbsp;&nbsp;&nbsp;&nbsp;&nbsp;&nbsp; throw new SneezeException();<br />&nbsp;&nbsp;&nbsp;&nbsp;&nbsp;&nbsp;&nbsp; } catch (SneezeException | RuntimeException e) {<br />&nbsp;&nbsp;&nbsp;&nbsp;&nbsp;&nbsp;&nbsp;&nbsp;&nbsp;&nbsp;&nbsp; _________________<br />&nbsp;&nbsp;&nbsp;&nbsp;&nbsp;&nbsp;&nbsp;&nbsp;&nbsp;&nbsp;&nbsp; throw e;<br />} } }',TIMESTAMP '2019-01-31 23:54:15',TIMESTAMP '2019-02-01 00:04:10');
	INSERT INTO Answer (id,questionId,text,correct,comment) OVERRIDING SYSTEM VALUE VALUES (2304,1126,'e = new RuntimeException();',false,'нельзя переприсваивать переменную в multi-catch - она финальная.');
	INSERT INTO Answer (id,questionId,text,correct,comment) OVERRIDING SYSTEM VALUE VALUES (2305,1126,'e = new SneezeException();',false,'нельзя переприсваивать переменную в multi-catch - она финальная.');
	INSERT INTO Answer (id,questionId,text,correct,comment) OVERRIDING SYSTEM VALUE VALUES (2306,1126,'e = new SniffleException();',false,'нельзя переприсваивать переменную в multi-catch - она финальная.');
	INSERT INTO Answer (id,questionId,text,correct,comment) OVERRIDING SYSTEM VALUE VALUES (2307,1126,'None of the above; the code does not compile.',false,'');
	INSERT INTO Answer (id,questionId,text,correct,comment) OVERRIDING SYSTEM VALUE VALUES (2302,1126,'// leave line blank',true,'');
	INSERT INTO Answer (id,questionId,text,correct,comment) OVERRIDING SYSTEM VALUE VALUES (2303,1126,'e = new Exception();',false,'нельзя переприсваивать переменную в multi-catch - она финальная.');
INSERT INTO Question (id,realmId,type,text,regDate,updateDate) OVERRIDING SYSTEM VALUE VALUES (1127,8,1,'Which of the following can legally fill in the blank? (Choose all that apply.)<br /><br />public class AhChoo {<br />&nbsp;&nbsp;&nbsp; static class SneezeException extends Exception { }<br />&nbsp;&nbsp;&nbsp; static class SniffleException extends SneezeException { }<br />&nbsp;&nbsp;&nbsp; public static void main(String[] args) throws SneezeException {<br />&nbsp;&nbsp;&nbsp;&nbsp;&nbsp;&nbsp;&nbsp; try {<br />&nbsp;&nbsp;&nbsp;&nbsp;&nbsp;&nbsp;&nbsp;&nbsp;&nbsp;&nbsp;&nbsp; throw new SneezeException();<br />&nbsp;&nbsp;&nbsp;&nbsp;&nbsp;&nbsp;&nbsp; } catch (SneezeException | SniffleException e) {<br />&nbsp;&nbsp;&nbsp;&nbsp;&nbsp;&nbsp;&nbsp;&nbsp;&nbsp;&nbsp;&nbsp; _________________<br />&nbsp;&nbsp;&nbsp;&nbsp;&nbsp;&nbsp;&nbsp;&nbsp;&nbsp;&nbsp;&nbsp; throw e;<br />} } }',TIMESTAMP '2019-02-01 00:09:51',TIMESTAMP '2019-02-01 00:09:51');
	INSERT INTO Answer (id,questionId,text,correct,comment) OVERRIDING SYSTEM VALUE VALUES (2308,1127,'// leave line blank',false,'');
	INSERT INTO Answer (id,questionId,text,correct,comment) OVERRIDING SYSTEM VALUE VALUES (2309,1127,'e = new Exception();',false,'');
	INSERT INTO Answer (id,questionId,text,correct,comment) OVERRIDING SYSTEM VALUE VALUES (2310,1127,'e = new RuntimeException();',false,'');
	INSERT INTO Answer (id,questionId,text,correct,comment) OVERRIDING SYSTEM VALUE VALUES (2311,1127,'e = new SneezeException();',false,'');
	INSERT INTO Answer (id,questionId,text,correct,comment) OVERRIDING SYSTEM VALUE VALUES (2312,1127,'e = new SniffleException();',false,'');
	INSERT INTO Answer (id,questionId,text,correct,comment) OVERRIDING SYSTEM VALUE VALUES (2313,1127,'None of the above; the code does not compile.',true,'запрещены иерархически связанные классы в multi-catch');
INSERT INTO Question (id,realmId,type,text,regDate,updateDate) OVERRIDING SYSTEM VALUE VALUES (1128,8,1,'Which of the following are checked exceptions? (Choose all that apply.)<br /><br />class One extends RuntimeException{}<br />class Two extends Exception{}<br />class Three extends Error{}<br />class Four extends One{}<br />class Five extends Two{}<br />class Six extends Three{}',TIMESTAMP '2019-02-01 00:13:20',TIMESTAMP '2019-02-01 00:13:20');
	INSERT INTO Answer (id,questionId,text,correct,comment) OVERRIDING SYSTEM VALUE VALUES (2314,1128,'One',false,'');
	INSERT INTO Answer (id,questionId,text,correct,comment) OVERRIDING SYSTEM VALUE VALUES (2315,1128,'Two',true,'');
	INSERT INTO Answer (id,questionId,text,correct,comment) OVERRIDING SYSTEM VALUE VALUES (2316,1128,'Three',false,'');
	INSERT INTO Answer (id,questionId,text,correct,comment) OVERRIDING SYSTEM VALUE VALUES (2317,1128,'Four',false,'');
	INSERT INTO Answer (id,questionId,text,correct,comment) OVERRIDING SYSTEM VALUE VALUES (2318,1128,'Five',true,'');
	INSERT INTO Answer (id,questionId,text,correct,comment) OVERRIDING SYSTEM VALUE VALUES (2319,1128,'Six',false,'');
INSERT INTO Question (id,realmId,type,text,regDate,updateDate) OVERRIDING SYSTEM VALUE VALUES (1129,8,1,'What is the output of the following?<br /><br />public class SnowStorm {<br />&nbsp;&nbsp;&nbsp; static class Walk implements AutoCloseable {<br />&nbsp;&nbsp;&nbsp;&nbsp;&nbsp;&nbsp;&nbsp; public void close() {<br />&nbsp;&nbsp;&nbsp;&nbsp;&nbsp;&nbsp;&nbsp;&nbsp;&nbsp;&nbsp;&nbsp; throw new RuntimeException("snow");<br />&nbsp;&nbsp;&nbsp;&nbsp;&nbsp;&nbsp;&nbsp; }<br />&nbsp;&nbsp;&nbsp; }<br />&nbsp;&nbsp;&nbsp; public static void main(String[] args) {<br />&nbsp;&nbsp;&nbsp;&nbsp;&nbsp;&nbsp;&nbsp; try (Walk walk1 = new Walk(); Walk walk2 = new Walk();) {<br />&nbsp;&nbsp;&nbsp;&nbsp;&nbsp;&nbsp;&nbsp;&nbsp;&nbsp;&nbsp;&nbsp; throw new RuntimeException("rain");<br />&nbsp;&nbsp;&nbsp;&nbsp;&nbsp;&nbsp;&nbsp; } catch(Exception e) {<br />&nbsp;&nbsp;&nbsp;&nbsp;&nbsp;&nbsp;&nbsp;&nbsp;&nbsp;&nbsp;&nbsp; System.out.println(e.getMessage()<br />&nbsp;&nbsp;&nbsp;&nbsp;&nbsp;&nbsp;&nbsp;&nbsp;&nbsp;&nbsp;&nbsp;&nbsp;&nbsp;&nbsp;&nbsp; + " " + e.getSuppressed().length);<br />} } }',TIMESTAMP '2019-02-01 00:20:09',TIMESTAMP '2019-02-01 00:20:09');
	INSERT INTO Answer (id,questionId,text,correct,comment) OVERRIDING SYSTEM VALUE VALUES (2320,1129,'rain 0',false,'');
	INSERT INTO Answer (id,questionId,text,correct,comment) OVERRIDING SYSTEM VALUE VALUES (2321,1129,'rain 1',false,'');
	INSERT INTO Answer (id,questionId,text,correct,comment) OVERRIDING SYSTEM VALUE VALUES (2322,1129,'rain 2',true,'');
	INSERT INTO Answer (id,questionId,text,correct,comment) OVERRIDING SYSTEM VALUE VALUES (2323,1129,'show 0',false,'');
	INSERT INTO Answer (id,questionId,text,correct,comment) OVERRIDING SYSTEM VALUE VALUES (2324,1129,'snow 1',false,'');
	INSERT INTO Answer (id,questionId,text,correct,comment) OVERRIDING SYSTEM VALUE VALUES (2325,1129,'snow 2',false,'');
	INSERT INTO Answer (id,questionId,text,correct,comment) OVERRIDING SYSTEM VALUE VALUES (2326,1129,'The code does not compile.',false,'');
INSERT INTO Question (id,realmId,type,text,regDate,updateDate) OVERRIDING SYSTEM VALUE VALUES (1130,8,1,'Fill in the blank: A class that implements _________________ may be in a try-with-resource statement. (Choose all that apply.)',TIMESTAMP '2019-02-01 00:22:11',TIMESTAMP '2019-02-01 00:22:11');
	INSERT INTO Answer (id,questionId,text,correct,comment) OVERRIDING SYSTEM VALUE VALUES (2327,1130,'AutoCloseable',true,'');
	INSERT INTO Answer (id,questionId,text,correct,comment) OVERRIDING SYSTEM VALUE VALUES (2328,1130,'Closeable',true,'');
	INSERT INTO Answer (id,questionId,text,correct,comment) OVERRIDING SYSTEM VALUE VALUES (2329,1130,'Exception',false,'');
	INSERT INTO Answer (id,questionId,text,correct,comment) OVERRIDING SYSTEM VALUE VALUES (2330,1130,'RuntimeException',false,'');
	INSERT INTO Answer (id,questionId,text,correct,comment) OVERRIDING SYSTEM VALUE VALUES (2331,1130,'Serializable',false,'');
INSERT INTO Question (id,realmId,type,text,regDate,updateDate) OVERRIDING SYSTEM VALUE VALUES (1131,8,1,'Which pairs fill in the blanks? The <strong>close</strong>() method is <span style="text-decoration: underline;"><em>not</em> </span>allowed to throw a(n) _________________ in a class that implements _________________. (Choose all that apply.)',TIMESTAMP '2019-02-01 00:27:25',TIMESTAMP '2019-02-01 00:27:25');
	INSERT INTO Answer (id,questionId,text,correct,comment) OVERRIDING SYSTEM VALUE VALUES (2336,1131,'IOException, AutoCloseable',false,'');
	INSERT INTO Answer (id,questionId,text,correct,comment) OVERRIDING SYSTEM VALUE VALUES (2337,1131,'IOException, Closeable',false,'');
	INSERT INTO Answer (id,questionId,text,correct,comment) OVERRIDING SYSTEM VALUE VALUES (2332,1131,'Exception, AutoCloseable',false,'');
	INSERT INTO Answer (id,questionId,text,correct,comment) OVERRIDING SYSTEM VALUE VALUES (2333,1131,'Exception, Closeable',true,'');
	INSERT INTO Answer (id,questionId,text,correct,comment) OVERRIDING SYSTEM VALUE VALUES (2334,1131,'IllegalStateException, AutoCloseable',false,'');
	INSERT INTO Answer (id,questionId,text,correct,comment) OVERRIDING SYSTEM VALUE VALUES (2335,1131,'IllegalStateException, Closeable',false,'можно, т.к. исключение непроверяемое');
INSERT INTO Question (id,realmId,type,text,regDate,updateDate) OVERRIDING SYSTEM VALUE VALUES (1132,8,1,'Which of the following <span style="text-decoration: underline;"><em>cannot</em> </span>fill in the blank? (Choose all that apply.)<br /><br />public void read() throws SQLException {<br />&nbsp;&nbsp;&nbsp; try {<br />&nbsp;&nbsp;&nbsp;&nbsp;&nbsp;&nbsp;&nbsp; readFromDatabase();<br />&nbsp;&nbsp;&nbsp; } catch (_________________ e) {<br />&nbsp;&nbsp;&nbsp;&nbsp;&nbsp;&nbsp;&nbsp; throw e;<br />&nbsp;&nbsp;&nbsp; }<br />}<br /><br />private void readFromDatabase() throws SQLException { }',TIMESTAMP '2019-02-01 00:41:29',TIMESTAMP '2019-02-01 00:41:29');
	INSERT INTO Answer (id,questionId,text,correct,comment) OVERRIDING SYSTEM VALUE VALUES (2338,1132,'Exception',false,'можно! Если есть rethrow, то Java 7 и выше рассматривает Exception в catch как одно из исключений, объявленных методом.');
	INSERT INTO Answer (id,questionId,text,correct,comment) OVERRIDING SYSTEM VALUE VALUES (2339,1132,'RuntimeException',false,'');
	INSERT INTO Answer (id,questionId,text,correct,comment) OVERRIDING SYSTEM VALUE VALUES (2340,1132,'SQLException',false,'');
	INSERT INTO Answer (id,questionId,text,correct,comment) OVERRIDING SYSTEM VALUE VALUES (2341,1132,'SQLException | IOException',true,'');
	INSERT INTO Answer (id,questionId,text,correct,comment) OVERRIDING SYSTEM VALUE VALUES (2342,1132,'SQLException | RuntimeException',false,'');
INSERT INTO Question (id,realmId,type,text,regDate,updateDate) OVERRIDING SYSTEM VALUE VALUES (1133,8,1,'Which of the following is true when creating your own exception class?',TIMESTAMP '2019-02-01 00:42:45',TIMESTAMP '2019-02-01 00:42:45');
	INSERT INTO Answer (id,questionId,text,correct,comment) OVERRIDING SYSTEM VALUE VALUES (2343,1133,'One or more constructors must be coded.',false,'');
	INSERT INTO Answer (id,questionId,text,correct,comment) OVERRIDING SYSTEM VALUE VALUES (2344,1133,'Only checked exceptions may be created.',false,'');
	INSERT INTO Answer (id,questionId,text,correct,comment) OVERRIDING SYSTEM VALUE VALUES (2345,1133,'Only unchecked exceptions may be created.',false,'');
	INSERT INTO Answer (id,questionId,text,correct,comment) OVERRIDING SYSTEM VALUE VALUES (2346,1133,'The toString() method must be coded.',false,'');
	INSERT INTO Answer (id,questionId,text,correct,comment) OVERRIDING SYSTEM VALUE VALUES (2347,1133,'None of the above.',true,'');
INSERT INTO Question (id,realmId,type,text,regDate,updateDate) OVERRIDING SYSTEM VALUE VALUES (1134,8,2,'Дайте краткие определения потока (<em>thread</em>), процесса (<em>process</em>), задачи (<em>task</em>)&nbsp;.',TIMESTAMP '2019-02-01 16:54:55',TIMESTAMP '2019-02-01 17:32:47');
	INSERT INTO Answer (id,questionId,text,correct,comment) OVERRIDING SYSTEM VALUE VALUES (2348,1134,'Поток - это минимальная единица выполнения программы, управляемая операционной системой.<br />Процесс - это группа связанных друг с другом потоков, существующих в едином ресурсном окружении.<br />Задача - единица работы, осуществляемая потоком.',true,'');
INSERT INTO Question (id,realmId,type,text,regDate,updateDate) OVERRIDING SYSTEM VALUE VALUES (1135,8,0,'Существуют однопоточные (<em>single-threaded</em>) и многопоточные (<em>multi-threaded</em>) процессы.',TIMESTAMP '2019-02-01 16:55:43',TIMESTAMP '2019-02-01 16:55:43');
INSERT INTO Question (id,realmId,type,text,regDate,updateDate) OVERRIDING SYSTEM VALUE VALUES (1136,8,2,'Дайте определения понятиям&nbsp; "системный поток" (<em>system thread</em>)&nbsp;и "пользовательский поток" (<em>user-defined thread</em>).',TIMESTAMP '2019-02-01 17:58:29',TIMESTAMP '2019-02-01 17:58:29');
	INSERT INTO Answer (id,questionId,text,correct,comment) OVERRIDING SYSTEM VALUE VALUES (2349,1136,'Системный поток создается JVM и действует на заднем плане приложения - например, поток gc. <br /><br />Пользовательский поток создается пользователем для решения конкретной задачи. Первичный пользовательский поток - это тот, который запускает метод <strong>main</strong>().',true,'');
INSERT INTO Question (id,realmId,type,text,regDate,updateDate) OVERRIDING SYSTEM VALUE VALUES (1137,8,0,'Если происходит ошибка в системном потоке (например, кончается память), то обычно выдается Error.<br /><br />Еще одна особенность. По факту, любое Java-приложение - многопоточно, но если имеется только один пользовательский поток - мы называем приложение однопоточным.',TIMESTAMP '2019-02-01 17:59:34',TIMESTAMP '2019-02-01 17:59:34');
INSERT INTO Question (id,realmId,type,text,regDate,updateDate) OVERRIDING SYSTEM VALUE VALUES (1138,8,2,'Дайте определения потока-демона (<em>daemon thread</em>).',TIMESTAMP '2019-02-01 18:02:25',TIMESTAMP '2019-02-01 18:02:25');
	INSERT INTO Answer (id,questionId,text,correct,comment) OVERRIDING SYSTEM VALUE VALUES (2350,1138,'Это поток, который не останавливает выключение JVM, когда программа заканчивает работу. Фактически JVM останавливается, когда среди потоков остаются одни демоны. gc-поток - демон. <br />Пользователь также&nbsp; может создавать демонов.',true,'');
INSERT INTO Question (id,realmId,type,text,regDate,updateDate) OVERRIDING SYSTEM VALUE VALUES (1139,8,2,'Что такое конкурентность (<em>concurrency</em>)?',TIMESTAMP '2019-02-04 22:32:06',TIMESTAMP '2019-02-04 22:32:06');
	INSERT INTO Answer (id,questionId,text,correct,comment) OVERRIDING SYSTEM VALUE VALUES (2351,1139,'Возможность одновременного выполнения нескольких потоков и процессов.',true,'');
INSERT INTO Question (id,realmId,type,text,regDate,updateDate) OVERRIDING SYSTEM VALUE VALUES (1140,8,2,'Что такое планировщик потоков (<em>thread scheduler</em>)?',TIMESTAMP '2019-02-04 22:32:41',TIMESTAMP '2019-02-04 22:32:41');
	INSERT INTO Answer (id,questionId,text,correct,comment) OVERRIDING SYSTEM VALUE VALUES (2352,1140,'Это механизм операционной системы, управляющий выполнением потоков. Центральный процессор не может одновременно выполнять несколько операций, поэтому планировщик потоков выделяет процессорное время каждому потоку по какому-либо принципу. Например, <em>round-robin schedule</em>, когда каждый поток получает равные порции времения для выполнения (например, 100 мс) по круговой схеме.',true,'');
INSERT INTO Question (id,realmId,type,text,regDate,updateDate) OVERRIDING SYSTEM VALUE VALUES (1141,8,2,'Что такое переключение контекста (context switch)?',TIMESTAMP '2019-02-04 22:33:08',TIMESTAMP '2019-02-04 22:33:08');
	INSERT INTO Answer (id,questionId,text,correct,comment) OVERRIDING SYSTEM VALUE VALUES (2353,1141,'Это процесс сохранения состояния потока в момент передачи процессору следующего потока, состояние которого восстанавливается из ранее сохраненного. Переключение контекста может являться источников снижения быстродействия, т.к. сохранение/восстановление состояния потоков может занимать время.',true,'');
INSERT INTO Question (id,realmId,type,text,regDate,updateDate) OVERRIDING SYSTEM VALUE VALUES (1142,8,2,'Что такое приоритет потока (<em>thread priority</em>) и как он выглядит в Java?',TIMESTAMP '2019-02-04 22:33:47',TIMESTAMP '2019-02-04 22:33:47');
	INSERT INTO Answer (id,questionId,text,correct,comment) OVERRIDING SYSTEM VALUE VALUES (2354,1142,'Это числовое значение, которое используется планировщиком потоков для определения того, какой поток важнее. Если появляется поток с более высоким приоритетом, чем все остальные, выполнение сразу передается ему. <br />В Java приоритет потока выражается целым числом. У класса java.lang.<strong>Thread</strong> есть константы Thread.<strong>MIN_PRIORITY</strong>, Thread.<strong>NORM_PRIORITY</strong>, Thread.<strong>MAX_PRIORITY</strong>, равные 1, 5, 10 соответственно. По умолчанию приоритет пользовательского потока равен 5.',true,'');
INSERT INTO Question (id,realmId,type,text,regDate,updateDate) OVERRIDING SYSTEM VALUE VALUES (1143,8,2,'Опишите интерфейс <strong>Runnable</strong>.',TIMESTAMP '2019-02-04 22:34:26',TIMESTAMP '2019-02-04 22:34:26');
	INSERT INTO Answer (id,questionId,text,correct,comment) OVERRIDING SYSTEM VALUE VALUES (2355,1143,'package java.lang;<br /><br />@FunctionalInterface public interface Runnable {<br />&nbsp;&nbsp;&nbsp; void run();<br />}<br /><br />Интерфейс выражает действия, которые будут выполнены отдельным потоком.',true,'');
INSERT INTO Question (id,realmId,type,text,regDate,updateDate) OVERRIDING SYSTEM VALUE VALUES (1144,8,1,'Отметьте лямбда-выражения, валидные для интерфейса <strong>Runnable</strong>.',TIMESTAMP '2019-02-04 22:35:59',TIMESTAMP '2019-02-04 22:35:59');
	INSERT INTO Answer (id,questionId,text,correct,comment) OVERRIDING SYSTEM VALUE VALUES (2356,1144,'() -&gt; System.out.println("Hello World")',true,'');
	INSERT INTO Answer (id,questionId,text,correct,comment) OVERRIDING SYSTEM VALUE VALUES (2357,1144,'() -&gt; {int i=10; i++;}',true,'');
	INSERT INTO Answer (id,questionId,text,correct,comment) OVERRIDING SYSTEM VALUE VALUES (2358,1144,'() -&gt; {return;}',true,'');
	INSERT INTO Answer (id,questionId,text,correct,comment) OVERRIDING SYSTEM VALUE VALUES (2359,1144,'() -&gt; {}',true,'');
	INSERT INTO Answer (id,questionId,text,correct,comment) OVERRIDING SYSTEM VALUE VALUES (2360,1144,'() -&gt; ""',false,'лямбда не должна возвращать значение');
	INSERT INTO Answer (id,questionId,text,correct,comment) OVERRIDING SYSTEM VALUE VALUES (2361,1144,'() -&gt; 5',false,'лямбда не должна возвращать значение');
	INSERT INTO Answer (id,questionId,text,correct,comment) OVERRIDING SYSTEM VALUE VALUES (2362,1144,'() -&gt; {return new Object();}',false,'лямбда не должна возвращать значение');
INSERT INTO Question (id,realmId,type,text,regDate,updateDate) OVERRIDING SYSTEM VALUE VALUES (1145,8,0,'Для создания задач, выполняемых отдельным потоком, до сих пор актуально создавать класс, имплементирующий интерфейс <strong>Runnable</strong>:<br /><br />public class CalculateAverages implements Runnable {<br />&nbsp;&nbsp;&nbsp; private double[] scores;<br />&nbsp;&nbsp;&nbsp; public CalculateAverages(double[] scores) {<br />&nbsp;&nbsp;&nbsp;&nbsp;&nbsp;&nbsp;&nbsp; this.scores = scores;<br />&nbsp;&nbsp;&nbsp; }<br />&nbsp;&nbsp;&nbsp; public void run() {<br />&nbsp;&nbsp;&nbsp;&nbsp;&nbsp;&nbsp;&nbsp; // Define work here that uses the scores object<br />&nbsp;&nbsp;&nbsp; }<br />}',TIMESTAMP '2019-02-04 22:36:26',TIMESTAMP '2019-02-04 22:36:26');
INSERT INTO Question (id,realmId,type,text,regDate,updateDate) OVERRIDING SYSTEM VALUE VALUES (1146,8,2,'Опишите 2 способа создать задачу, выполняемую в потоке.',TIMESTAMP '2019-02-04 22:36:59',TIMESTAMP '2019-02-04 22:36:59');
	INSERT INTO Answer (id,questionId,text,correct,comment) OVERRIDING SYSTEM VALUE VALUES (2363,1146,'Общий подход - получить экземпляр класса <strong>Thread</strong> и вызвать на нем метод <strong>start</strong>(). Получить экземпляр можно как раз 2-мя способами:<br /><br />1. Передать экземпляр <strong>Runnable</strong> или соответствующую лямбду в конструктор класса <strong>Thread</strong>:<br /><br />public class PrintData implements Runnable {<br />&nbsp;&nbsp;&nbsp; public void run() {<br />&nbsp;&nbsp;&nbsp;&nbsp;&nbsp;&nbsp;&nbsp; for(int i=0; i&lt;3; i++)<br />&nbsp;&nbsp;&nbsp;&nbsp;&nbsp;&nbsp;&nbsp;&nbsp;&nbsp;&nbsp;&nbsp; System.out.println("Printing record: "+i);<br />&nbsp;&nbsp;&nbsp; }<br />&nbsp;&nbsp;&nbsp; public static void main(String[] args) {<br />&nbsp;&nbsp;&nbsp;&nbsp;&nbsp;&nbsp;&nbsp; new Thread(new PrintData()).start();<br />&nbsp;&nbsp;&nbsp; }<br />}<br /><br />2. Менее популярный. Создать класс, наследующий классу <strong>Thread</strong>, и переопределить в нем метод <strong>run</strong>() (используется при создании собственных приоритизированных потоков - наследников <strong>Thread</strong>):<br /><br />public class ReadInventoryThread extends Thread {<br />&nbsp;&nbsp;&nbsp; public void run() {<br />&nbsp;&nbsp;&nbsp;&nbsp;&nbsp;&nbsp;&nbsp; System.out.println("Printing zoo inventory");<br />&nbsp;&nbsp;&nbsp; }<br />&nbsp;&nbsp;&nbsp; public static void main(String[] args) {<br />&nbsp;&nbsp;&nbsp;&nbsp;&nbsp;&nbsp;&nbsp; new ReadInventoryThread().start();<br />&nbsp;&nbsp;&nbsp; }<br />}',true,'');
INSERT INTO Question (id,realmId,type,text,regDate,updateDate) OVERRIDING SYSTEM VALUE VALUES (1147,8,0,'Если мы запускаем несколько отдельных равнозначных потоков, то предсказать порядок их выполнения невозможно. Но в каждом отдельном потоке инструкции выполняются четко по порядку.',TIMESTAMP '2019-02-04 22:37:11',TIMESTAMP '2019-02-04 22:37:11');
INSERT INTO Question (id,realmId,type,text,regDate,updateDate) OVERRIDING SYSTEM VALUE VALUES (1148,8,0,'На экзамене надо быть внимательным: запуск метода <strong>run</strong>() не запускает отдельный поток, только запуск Thread.<strong>start</strong>()',TIMESTAMP '2019-02-04 22:37:34',TIMESTAMP '2019-02-04 22:37:34');
INSERT INTO Question (id,realmId,type,text,regDate,updateDate) OVERRIDING SYSTEM VALUE VALUES (1149,8,2,'Опишите преимущества того или иного способа запуска задачи в отдельном потоке.',TIMESTAMP '2019-02-04 22:38:41',TIMESTAMP '2019-02-04 22:38:41');
	INSERT INTO Answer (id,questionId,text,correct,comment) OVERRIDING SYSTEM VALUE VALUES (2364,1149,'1. Наследование от <strong>Thread</strong>:<br />&nbsp;&nbsp;&nbsp; - можно создать собственный класс-поток с особым поведением, на который будут опираться многие задачи (приоритизированные потоки)<br /><br />2. Имплементация <strong>Runnable</strong>:<br />&nbsp;&nbsp;&nbsp; - любой класс можно сделать <strong>Runnable</strong>.<br />&nbsp;&nbsp;&nbsp; - объект задача отделен от объекта потока - лучший ООП-дизайн.<br />&nbsp;&nbsp;&nbsp; - для объектов Runnable существует обширное <strong>Concurrency API</strong>',true,'');
INSERT INTO Question (id,realmId,type,text,regDate,updateDate) OVERRIDING SYSTEM VALUE VALUES (1150,8,2,'Что такое опрашивание потока (<em>thread polling</em>) и как оно реализовано в Java?',TIMESTAMP '2019-02-05 23:57:00',TIMESTAMP '2019-02-05 23:57:00');
	INSERT INTO Answer (id,questionId,text,correct,comment) OVERRIDING SYSTEM VALUE VALUES (2365,1150,'Это процесс проверки некоторых данных (состояния) через равные промежутки времени. В Java для этого используется статический метод Thread.<strong>sleep</strong>(<strong>int</strong> <em>milliseconds</em>). Вызов этого метода приводит к "засыпанию" текущего потока на указанное время.',true,'');
INSERT INTO Question (id,realmId,type,text,regDate,updateDate) OVERRIDING SYSTEM VALUE VALUES (1151,8,0,'Пример использования Thread.<strong>sleep</strong>():<br /><br />public class CheckResults {<br />&nbsp;&nbsp;&nbsp; private static int counter = 0;<br />&nbsp;&nbsp;&nbsp; public static void main(String[] args) throws InterruptedException {<br />&nbsp;&nbsp;&nbsp;&nbsp;&nbsp;&nbsp;&nbsp; new Thread(() -&gt; {<br />&nbsp;&nbsp;&nbsp;&nbsp;&nbsp;&nbsp;&nbsp;&nbsp;&nbsp;&nbsp;&nbsp; for(int i=0; i&lt;500; i++) CheckResults.counter++;<br />&nbsp;&nbsp;&nbsp;&nbsp;&nbsp;&nbsp;&nbsp; }).start();<br />&nbsp;&nbsp;&nbsp;&nbsp;&nbsp;&nbsp;&nbsp; while(CheckResults.counter&lt;100) {<br />&nbsp;&nbsp;&nbsp;&nbsp;&nbsp;&nbsp;&nbsp;&nbsp;&nbsp;&nbsp;&nbsp; System.out.println("Not reached yet");<br />&nbsp;&nbsp;&nbsp;&nbsp;&nbsp;&nbsp;&nbsp;&nbsp;&nbsp;&nbsp;&nbsp; Thread.sleep(1000); // 1 SECOND<br />&nbsp;&nbsp;&nbsp;&nbsp;&nbsp;&nbsp;&nbsp; }<br />&nbsp;&nbsp;&nbsp;&nbsp;&nbsp;&nbsp;&nbsp; System.out.println("Reached!");<br />&nbsp;&nbsp;&nbsp; }<br />}',TIMESTAMP '2019-02-05 23:57:40',TIMESTAMP '2019-02-05 23:57:40');
INSERT INTO Question (id,realmId,type,text,regDate,updateDate) OVERRIDING SYSTEM VALUE VALUES (1152,8,0,'Метод Thread.<strong>sleep</strong>() выбрасывает проверяемое исключение <strong>InterruptedException</strong> (выдается, если спящий поток прерывают), поэтому придется либо объявлять его в вызывающем методе, либо оборачивать в try-catch.',TIMESTAMP '2019-02-06 00:00:05',TIMESTAMP '2019-02-06 00:00:05');
INSERT INTO Question (id,realmId,type,text,regDate,updateDate) OVERRIDING SYSTEM VALUE VALUES (1153,8,2,'Что такое <strong>ExecutorService</strong>?',TIMESTAMP '2019-02-06 00:27:35',TIMESTAMP '2019-02-06 00:27:35');
	INSERT INTO Answer (id,questionId,text,correct,comment) OVERRIDING SYSTEM VALUE VALUES (2366,1153,'Это интерфейс в пакете java.util.<strong>concurrent</strong>, обладающий API, которое облегчает работу с задачами и потоками. Для получения экземпляра <strong>ExecutorService</strong> используются фабричные методы класса <strong>Executors</strong>.',true,'');
INSERT INTO Question (id,realmId,type,text,regDate,updateDate) OVERRIDING SYSTEM VALUE VALUES (1154,8,2,'Приведите простейший пример использования <strong>ExecutorService</strong>.',TIMESTAMP '2019-02-06 00:28:00',TIMESTAMP '2019-02-06 00:28:00');
	INSERT INTO Answer (id,questionId,text,correct,comment) OVERRIDING SYSTEM VALUE VALUES (2367,1154,'import java.util.concurrent.*;<br /><br />public class ZooInfo {<br />&nbsp;&nbsp;&nbsp; public static void main(String[] args) {<br />&nbsp;&nbsp;&nbsp;&nbsp;&nbsp;&nbsp;&nbsp; ExecutorService service = null;<br />&nbsp;&nbsp;&nbsp;&nbsp;&nbsp;&nbsp;&nbsp; try {<br />&nbsp;&nbsp;&nbsp;&nbsp;&nbsp;&nbsp;&nbsp;&nbsp;&nbsp;&nbsp;&nbsp; service = Executors.newSingleThreadExecutor();<br />&nbsp;&nbsp;&nbsp;&nbsp;&nbsp;&nbsp;&nbsp;&nbsp;&nbsp;&nbsp;&nbsp; service.execute(() -&gt; System.out.println("Printing zoo inventory"));<br />&nbsp;&nbsp;&nbsp;&nbsp;&nbsp;&nbsp;&nbsp;&nbsp;&nbsp;&nbsp;&nbsp; service.execute(() -&gt; {for(int i=0; i&lt;3; i++)<br />&nbsp;&nbsp;&nbsp;&nbsp;&nbsp;&nbsp;&nbsp; } finally {<br />&nbsp;&nbsp;&nbsp;&nbsp;&nbsp;&nbsp;&nbsp;&nbsp;&nbsp;&nbsp;&nbsp; if(service != null) service.shutdown();<br />&nbsp;&nbsp;&nbsp;&nbsp;&nbsp;&nbsp;&nbsp; }<br />&nbsp;&nbsp;&nbsp; }<br />}',true,'');
INSERT INTO Question (id,realmId,type,text,regDate,updateDate) OVERRIDING SYSTEM VALUE VALUES (1155,8,2,'Как получить <em>single-thread executor</em> и каковы его особенности?',TIMESTAMP '2019-02-06 00:28:38',TIMESTAMP '2019-02-06 00:28:38');
	INSERT INTO Answer (id,questionId,text,correct,comment) OVERRIDING SYSTEM VALUE VALUES (2368,1155,'Получить можно посредством метода Executors.<strong>newSingleThreadExecutor</strong>(). Особенности:<br />- гарантирует задач в том порядке, в котором они ему передаются. <br />- для выполнения задач используется один поток.<br />- в каждый момент времени выполняется только одна задача.<br />- если поток завершается из-за сбоя, генерится еще один поток, и следующие задачи выполняются в нем.',true,'');
INSERT INTO Question (id,realmId,type,text,regDate,updateDate) OVERRIDING SYSTEM VALUE VALUES (1156,8,0,'Поскольку потоки, создаваемые экзекьютором, не являются демонами, необходимо останавливать экзекьютор командой <strong>shutdown</strong>(), иначе есть риск, что приложение не завершится вообще.',TIMESTAMP '2019-02-06 00:29:01',TIMESTAMP '2019-02-06 00:29:01');
INSERT INTO Question (id,realmId,type,text,regDate,updateDate) OVERRIDING SYSTEM VALUE VALUES (1157,8,2,'Опишите процесс остановки экзекьютора.',TIMESTAMP '2019-02-06 00:29:52',TIMESTAMP '2019-02-06 00:29:52');
	INSERT INTO Answer (id,questionId,text,correct,comment) OVERRIDING SYSTEM VALUE VALUES (2369,1157,'<strong>0</strong>. экзекьютор перед выключением: принимает новые задачи, выполняет имеющиеся.<br /><strong>isShutdown</strong>() = false, <strong>isTerminated</strong>() = false<br /><br /><strong>1</strong>. поступила команда <strong>shutdown</strong>(): новые задачи не принимаются (<em>RejectedExecutionException</em>), старые выполняются.<br /><strong>isShutdown</strong>() = true, <strong>isTerminated</strong>() = false<br /><br /><strong>2</strong>. экзекьютор остановлен. все задачи выполнены, новые не принимаются (<em>RejectedExecutionException</em>)<br /><strong>isShutdown</strong>() = true, <strong>isTerminated</strong>() = true',true,'');
INSERT INTO Question (id,realmId,type,text,regDate,updateDate) OVERRIDING SYSTEM VALUE VALUES (1158,8,2,'Опишите 2 способа остановки <strong>ExecutorService</strong>.',TIMESTAMP '2019-02-06 00:31:40',TIMESTAMP '2019-02-26 17:06:59');
	INSERT INTO Answer (id,questionId,text,correct,comment) OVERRIDING SYSTEM VALUE VALUES (2370,1158,'<strong>1</strong>. метод <strong>shutdown</strong>(). Не останавливает уже переданные задачи.<br /><br /><strong>2</strong>. метод <strong>shutdownNow</strong>(). <em>Пытается</em> остановить запущенные задачи (не факт, что сможет, бывают и неубиваемые потоки) и сбрасывает&nbsp; предстоящие, возвращая их список (List&lt;Runnable&gt;).',true,'');
INSERT INTO Question (id,realmId,type,text,regDate,updateDate) OVERRIDING SYSTEM VALUE VALUES (1159,8,0,'<strong>ExecutorService</strong> не реализует <strong>AutoCloseable</strong>, поэтому его нельзя использовать в <em>try-with-resources</em>. Закрывать экзекьюторы полагается в <strong>finally</strong>. Если мы имеем дело со статическим экзекьютором, которым пользуется все приложение, то надо предусмотреть способ выключить его (например, специальным статическим методом) перед остановкой приложения, иначе оно может зависнуть.',TIMESTAMP '2019-02-06 00:32:07',TIMESTAMP '2019-02-06 00:32:07');
INSERT INTO Question (id,realmId,type,text,regDate,updateDate) OVERRIDING SYSTEM VALUE VALUES (1160,8,2,'Опишите интерфейс <strong>Future</strong>.',TIMESTAMP '2019-02-06 00:53:32',TIMESTAMP '2019-02-06 00:53:32');
	INSERT INTO Answer (id,questionId,text,correct,comment) OVERRIDING SYSTEM VALUE VALUES (2371,1160,'Интерфейс java.util.concurrent.<strong>Future</strong>&lt;V&gt; представляет узнать состояние и результат работы некоторой запланированной задачи.<br /><br />Имеет следующие методы:<br /><br /><em>boolean </em><strong>cancel</strong>(boolean <em>mayInterruptIfRunning</em>) - попытка прервать выполнение задачи. Возвращает <strong>false</strong>, если задачу прервать нельзя (например, она уже выполнена). Параметр <em>mayInterruptIfRunning</em> дает полномочия прервать поток задачи, если она в процессе выполнения.<br /><br /><em>V</em> <strong>get()</strong> throws <em>InterruptedException</em>, <em>ExecutionException</em> - ожидание завершения вычисления и возвращение результата. <strong>ExecutionException</strong> - если выполнение задачи упало. <strong>InterruptedException</strong> - если текущий поток был прерван, находясь в ожидании.<br /><br /><em>V</em> <strong>get</strong>(long <em>timeout</em>, TimeUnit <em>unit</em>) throws <em>InterruptedException</em>, <em>ExecutionException</em>, <em>TimeoutException</em> - ожидание в течение строго заданного времени, затем возвращение результата, если он доступен. <em>TimeoutException</em> - если время вышло.<br /><br /><em>boolean</em> <strong>isCancelled</strong>() - <strong>true</strong>, если задача была отменена до завершения<br /><br /><em>boolean </em><strong>isDone</strong>() - <strong>true</strong>, если задача завершена (т.е. выполнилась, упала или была отменена)',true,'');
INSERT INTO Question (id,realmId,type,text,regDate,updateDate) OVERRIDING SYSTEM VALUE VALUES (1161,8,2,'Перечислите 3 способа подачи задачи на исполнение в <strong>ExecutorService</strong>.',TIMESTAMP '2019-02-06 00:55:00',TIMESTAMP '2019-02-06 00:55:00');
	INSERT INTO Answer (id,questionId,text,correct,comment) OVERRIDING SYSTEM VALUE VALUES (2372,1161,'<strong>1</strong>. void <strong>execute</strong>(Runnable <em>task</em>) - выполняет <strong>Runnable</strong> когда-нибудь в будущем<br /><br /><strong>2</strong>. <em>Future</em>&lt;?&gt; <strong>submit</strong>(Runnable <em>task</em>)&nbsp; - выполняет <strong>Runnable</strong> когда-нибудь в будущем, возвращая экземпляр <strong>Future</strong>, метод <strong>get</strong>() которого вернет <strong>null</strong> после <em>успешного</em> выполнения задачи.<br /><br /><strong>3</strong>. &lt;T&gt; <em>Future</em>&lt;T&gt; <strong>submit</strong>(Callable&lt;T&gt; <em>task</em>) - выполняет задачу <strong>Callable</strong> когда-либо в будущем, возвращает объект <strong>Future</strong>, отслеживающий состояние задачи.',true,'');
INSERT INTO Question (id,realmId,type,text,regDate,updateDate) OVERRIDING SYSTEM VALUE VALUES (1162,8,2,'Перечислите 2 способа подачи списка задач на исполнение в <strong>ExecutorService</strong>.',TIMESTAMP '2019-02-06 00:56:30',TIMESTAMP '2019-02-06 00:56:30');
	INSERT INTO Answer (id,questionId,text,correct,comment) OVERRIDING SYSTEM VALUE VALUES (2373,1162,'<br /><strong>1</strong>. &lt;T&gt; <em>List</em>&lt;Future&lt;T&gt;&gt; <strong>invokeAll</strong>(Collection&lt;? extends Callable&lt;T&gt;&gt; <em>tasks</em>) throws <em>InterruptedException</em> -<br />выполняет все задачи, возвращая список экземпляров <strong>Future</strong>, расположенных в том же порядке, что и задачи. Вызывающий метод дожидается конца работы <strong>invokeAll</strong>(); соответственно, все экземпляры <strong>Future</strong>, возвращенные в списке, будут <strong>isDone</strong>() = true.<br /><strong><br />2</strong>. &lt;T&gt; <em>T</em> <em>invokeAny</em>(Collection&lt;? extends Callable&lt;T&gt;&gt; <em>tasks</em>) throws InterruptedException, ExecutionException - <br />выполняет все задачи; как только хотя бы одна задача будет выполнена, ее результат вернется, а остальные будут отменены. Вызывающий метод дожидается конца работы <strong>invokeAny</strong>(). <em>ExecutionException</em> будет, если ни одна задача не будет выполнена без Exception.',true,'');
INSERT INTO Question (id,realmId,type,text,regDate,updateDate) OVERRIDING SYSTEM VALUE VALUES (1163,8,0,'Метод ExecutorService.<strong>submit</strong>() предпочтительнее <strong>execute</strong>(), так как возвращает <strong>Future</strong>. Можно всегда использовать <strong>submit</strong>(), даже если не нужен возвращаемый <strong>Future</strong>.',TIMESTAMP '2019-02-06 00:56:55',TIMESTAMP '2019-02-06 00:56:55');
INSERT INTO Question (id,realmId,type,text,regDate,updateDate) OVERRIDING SYSTEM VALUE VALUES (1164,8,2,'Опишите вызовы методов <strong>invokeAll</strong>() и <strong>invokeAny</strong>() интерфейса <strong>ExecutorService</strong> с заданием безусловного времени ожидания результата.',TIMESTAMP '2019-02-06 00:59:22',TIMESTAMP '2019-02-06 00:59:22');
	INSERT INTO Answer (id,questionId,text,correct,comment) OVERRIDING SYSTEM VALUE VALUES (2374,1164,'<br />&lt;T&gt; <em>List</em>&lt;Future&lt;T&gt;&gt; <strong>invokeAll</strong>(Collection&lt;? extends Callable&lt;T&gt;&gt; <em>tasks</em>, long <em>timeout</em>, TimeUnit <em>unit</em>) throws <em>InterruptedException - </em><br />возвращает список <strong>Future</strong>. Если время ожидания истекло, отменяет невыполненные задачи и возвращает, что есть: т.е. в результате могут быть <strong>Future</strong>, у которых <strong>isCancelled</strong>() = true и <strong>isDone</strong>() = true. <br /><br />&lt;T&gt; <em>T</em> <strong>invokeAny</strong>(Collection&lt;? extends Callable&lt;T&gt;&gt; <em>tasks</em>, long <em>timeout</em>, TimeUnit <em>unit</em>)&nbsp; throws <em>InterruptedException</em>, <em>ExecutionException</em>, <em>TimeoutException</em> -<br />возвращает результат первой успешно (т.е. без Exception) выполненной задачи. Если истек период ожидания, будет выдан <em>TimeoutException</em>. <em>ExecutionException</em> будет, если ни одна задача не будет выполнена без Exception.',true,'');
INSERT INTO Question (id,realmId,type,text,regDate,updateDate) OVERRIDING SYSTEM VALUE VALUES (1165,8,0,'Классический пример работы с Future:<br /><br />import java.util.concurrent.*;<br />public class CheckResults {<br />&nbsp;&nbsp;&nbsp; private static int counter = 0;<br />&nbsp;&nbsp;&nbsp; public static void main(String[] args) throws InterruptedException, ExecutionException {<br />&nbsp;&nbsp;&nbsp;&nbsp;&nbsp;&nbsp;&nbsp; ExecutorService service = null;<br />&nbsp;&nbsp;&nbsp;&nbsp;&nbsp;&nbsp;&nbsp; try {<br />&nbsp;&nbsp;&nbsp;&nbsp;&nbsp;&nbsp;&nbsp;&nbsp;&nbsp;&nbsp;&nbsp; service = Executors.newSingleThreadExecutor();<br /><strong>&nbsp;&nbsp;&nbsp;&nbsp;&nbsp;&nbsp;&nbsp;&nbsp;&nbsp;&nbsp;&nbsp; Future&lt;?&gt; result = service.submit(() -&gt; {</strong><br /><strong>&nbsp;&nbsp;&nbsp;&nbsp;&nbsp;&nbsp;&nbsp;&nbsp;&nbsp;&nbsp;&nbsp;&nbsp;&nbsp;&nbsp;&nbsp; for(int i=0; i&lt;500; i++) CheckResults.counter++;</strong><br /><strong>&nbsp;&nbsp;&nbsp;&nbsp;&nbsp;&nbsp;&nbsp;&nbsp;&nbsp;&nbsp;&nbsp; });</strong><br /><strong>&nbsp;&nbsp;&nbsp;&nbsp;&nbsp;&nbsp;&nbsp;&nbsp;&nbsp;&nbsp;&nbsp; result.get(10, TimeUnit.SECONDS);</strong><br />&nbsp;&nbsp;&nbsp;&nbsp;&nbsp;&nbsp;&nbsp;&nbsp;&nbsp;&nbsp;&nbsp; System.out.println("Reached!");<br />&nbsp;&nbsp;&nbsp;&nbsp;&nbsp;&nbsp;&nbsp; } catch (TimeoutException e) {<br />&nbsp;&nbsp;&nbsp;&nbsp;&nbsp;&nbsp;&nbsp;&nbsp;&nbsp;&nbsp;&nbsp; System.out.println("Not reached in time");<br />&nbsp;&nbsp;&nbsp;&nbsp;&nbsp;&nbsp;&nbsp; } finally {<br />&nbsp;&nbsp;&nbsp;&nbsp;&nbsp;&nbsp;&nbsp;&nbsp;&nbsp;&nbsp;&nbsp; if(service != null) service.shutdown();<br />&nbsp;&nbsp;&nbsp;&nbsp;&nbsp;&nbsp;&nbsp; }<br />&nbsp;&nbsp;&nbsp; }<br />}',TIMESTAMP '2019-02-06 00:59:34',TIMESTAMP '2019-02-06 00:59:59');
INSERT INTO Question (id,realmId,type,text,regDate,updateDate) OVERRIDING SYSTEM VALUE VALUES (1166,8,2,'Перечислите экземпляры энума <strong>TimeUnit</strong> для разных единиц времени.',TIMESTAMP '2019-02-06 01:00:22',TIMESTAMP '2019-02-06 01:00:22');
	INSERT INTO Answer (id,questionId,text,correct,comment) OVERRIDING SYSTEM VALUE VALUES (2375,1166,'TimeUnit.NANOSECONDS<br />TimeUnit.MICROSECONDS<br />TimeUnit.MILLISECONDS<br />TimeUnit.SECONDS<br />TimeUnit.MINUTES<br />TimeUnit.HOURS<br />TimeUnit.DAYS',true,'');
INSERT INTO Question (id,realmId,type,text,regDate,updateDate) OVERRIDING SYSTEM VALUE VALUES (1167,8,2,'Опишите интерфейс <strong>Callable</strong>.',TIMESTAMP '2019-02-06 01:00:54',TIMESTAMP '2019-02-06 01:00:54');
	INSERT INTO Answer (id,questionId,text,correct,comment) OVERRIDING SYSTEM VALUE VALUES (2376,1167,'package java.util.concurrent;<br /><br />@FunctionalInterface public interface Callable&lt;V&gt; {<br />&nbsp;&nbsp;&nbsp; V call() throws Exception;<br />}<br /><br />Это более удачная альтернатива интерфейсу <strong>Runnable</strong>, т.к. позволяет получить больше информации о выполненной задаче.',true,'');
INSERT INTO Question (id,realmId,type,text,regDate,updateDate) OVERRIDING SYSTEM VALUE VALUES (1168,8,0,'Интерфейс <strong>Callable</strong> очень похож на <strong>Supplier</strong>, но отличается от него тем, что выбрасывает исключение:<br /><br />void useCallable(Callable&lt;Integer&gt; expression) {}<br />void useSupplier(Supplier&lt;Integer&gt; expression) {}<br />...<br />useCallable(() -&gt; {throw new IOException();}); // COMPILES<br />useSupplier(() -&gt; {throw new IOException();}); // DOES NOT COMPILE',TIMESTAMP '2019-02-06 01:01:48',TIMESTAMP '2019-02-06 01:01:48');
INSERT INTO Question (id,realmId,type,text,regDate,updateDate) OVERRIDING SYSTEM VALUE VALUES (1169,8,0,'Если есть перегруженные методы, принимающие разные функциональные интерфейса, которые схожи по сигнатуре и аргументам, компилятор не сможет понять, к какому типу приводить лямбду, и выдаст ошибку:<br /><br />&nbsp;&nbsp;&nbsp; static void use(Callable&lt;Integer&gt; expression) {}<br />&nbsp;&nbsp;&nbsp; static void use(Supplier&lt;Integer&gt; expression) {}&nbsp;&nbsp;&nbsp; <br /><br />&nbsp;&nbsp;&nbsp; public static void main(String[] args) {<br />&nbsp;&nbsp;&nbsp;&nbsp;&nbsp;&nbsp;&nbsp; use(() -&gt; 5); //compile error: Reference to use is ambigous<br />&nbsp;&nbsp;&nbsp; }<br />&nbsp;&nbsp;&nbsp; <br />Поможет явный кастинг:<br /><br />&nbsp;&nbsp;&nbsp; use((Supplier&lt;Integer&gt;)() -&gt; 5);',TIMESTAMP '2019-02-06 01:05:20',TIMESTAMP '2019-02-06 01:05:38');
INSERT INTO Question (id,realmId,type,text,regDate,updateDate) OVERRIDING SYSTEM VALUE VALUES (1170,8,0,'Если в коде метода, возвращающего значение, в каком-то месте неизбежно выбросится исключение (посредством <strong>throw</strong>), то отсутствие последующего <strong>return</strong> не будет ошибкой компиляции (а наличие, наоборот, будет - unreacheable code)',TIMESTAMP '2019-02-06 01:07:19',TIMESTAMP '2019-02-06 01:07:28');
INSERT INTO Question (id,realmId,type,text,regDate,updateDate) OVERRIDING SYSTEM VALUE VALUES (1171,8,2,'Приведите простой пример определения результата задачи с использованием <strong>Callable</strong> и ExecutorService.<strong>submit</strong>().',TIMESTAMP '2019-02-06 01:08:19',TIMESTAMP '2019-02-06 01:08:19');
	INSERT INTO Answer (id,questionId,text,correct,comment) OVERRIDING SYSTEM VALUE VALUES (2377,1171,'ExecutorService service = null;<br />try {<br />&nbsp;&nbsp;&nbsp; service = Executors.newSingleThreadExecutor();<br />&nbsp;&nbsp;&nbsp; Future&lt;Integer&gt; result = service.submit(() -&gt; 30+11);<br />&nbsp;&nbsp;&nbsp; System.out.println(result.get());<br />} finally {<br />&nbsp;&nbsp;&nbsp; if(service != null) service.shutdown();<br />}',true,'');
INSERT INTO Question (id,realmId,type,text,regDate,updateDate) OVERRIDING SYSTEM VALUE VALUES (1172,8,0,'еще одно отличие <strong>Callable</strong> от <strong>Runnable</strong>.<br /><br />Поскольку Callable.<strong>call</strong>() объявляет Exception, мы можем спокойно создавать лямбды этого типа - нам не придется обрабатывать исключение до того момента, когда мы явно вызовем метод <strong>call</strong>(). А с учетом того, что часто мы и не вызываем сами <strong>call</strong>(), а передаем лямбду куда-то в Concurrency API, где и без нас все обрабатывают, нам вообще не приходится возиться с исключением.<br />А Runnable.<strong>run</strong>() исключений не объявляет, поэтому уже в самой лямбде придется ставить try-catch, т.к. объявить исключение в лямбде нельзя, только в соответствующем методе функционального интерфейса.<br /><br />&nbsp;&nbsp;&nbsp;&nbsp;&nbsp;&nbsp;&nbsp; Runnable r = () -&gt; {Thread.sleep(3);}; //doesn''t compile: unreported exception InterruptedException<br />&nbsp;&nbsp;&nbsp;&nbsp;&nbsp;&nbsp;&nbsp; Callable c = () -&gt; {Thread.sleep(3); return null;}; //OK',TIMESTAMP '2019-02-06 01:09:02',TIMESTAMP '2019-02-06 01:09:02');
INSERT INTO Question (id,realmId,type,text,regDate,updateDate) OVERRIDING SYSTEM VALUE VALUES (1173,8,0,'У экземпляров <strong>ExecutorService</strong> есть полезный метод<br /><br /><em>boolean </em><strong>awaitTermination</strong>(long <em>timeout</em>, TimeUnit <em>unit</em>) throws <em>InterruptedException</em><br /><br />Он ожидает, когда экзекьютор, на котором вызвали <strong>shutdown</strong>(), реально остановится. Если экзекьютор выполнит все задачи, тогда метод вернет <strong>true</strong>, и выполнение кода продолжится. Если выйдет время, то выполнение кода продолжится, но возвращен будет <strong>false</strong>.<br /><br />А еще есть полезный метод <strong>isTerminated</strong>(). Он вернет <strong>true</strong>, если все задачи выполнены и была отправлена команда <strong>shutdown</strong>() или <strong>shutdownNow</strong>().<br /><br />ExecutorService service = null;<br />try {<br />&nbsp;&nbsp;&nbsp; service = Executors.newSingleThreadExecutor();<br />&nbsp;&nbsp;&nbsp; // Add tasks to the thread executor<br />&nbsp;&nbsp;&nbsp; ...<br />} finally {<br />&nbsp;&nbsp;&nbsp; if(service != null) service.shutdown();<br />}<br />if(service != null) {<br />&nbsp;&nbsp;&nbsp; service.awaitTermination(1, TimeUnit.MINUTES);<br />&nbsp;&nbsp;&nbsp; // Check whether all tasks are finished<br />&nbsp;&nbsp;&nbsp; if(service.isTerminated())<br />&nbsp;&nbsp;&nbsp;&nbsp;&nbsp;&nbsp;&nbsp; System.out.println("All tasks finished");<br />&nbsp;&nbsp;&nbsp; else<br />&nbsp;&nbsp;&nbsp;&nbsp;&nbsp;&nbsp;&nbsp; System.out.println("At least one task is still running");<br />}',TIMESTAMP '2019-02-06 01:10:03',TIMESTAMP '2019-02-06 01:10:03');
INSERT INTO Question (id,realmId,type,text,regDate,updateDate) OVERRIDING SYSTEM VALUE VALUES (1174,8,2,'<br />Опишите смысл и вид интерфейса <strong>ScheduledExecutorService</strong> и приведите пример получения его экземпляра.',TIMESTAMP '2019-02-07 22:16:01',TIMESTAMP '2019-02-07 22:16:01');
	INSERT INTO Answer (id,questionId,text,correct,comment) OVERRIDING SYSTEM VALUE VALUES (2378,1174,'Интерфейс java.util.concurrent.<strong>ScheduledExecutorService</strong> расширяет <strong>ExecutorService</strong> и предлагает API для отложенного и многократного выполнения задач.<br /><br />Получить экземпляр можно так:<br /><br />ScheduledExecutorService service = Executors.newSingleThreadScheduledExecutor();',true,'');
INSERT INTO Question (id,realmId,type,text,regDate,updateDate) OVERRIDING SYSTEM VALUE VALUES (1175,8,2,'Назовите методы <strong>ScheduledExecutorService</strong>, отвечающие за однократный запуск задач.',TIMESTAMP '2019-02-07 22:22:08',TIMESTAMP '2019-02-07 22:22:08');
	INSERT INTO Answer (id,questionId,text,correct,comment) OVERRIDING SYSTEM VALUE VALUES (2379,1175,'1. &lt;V&gt; <em>ScheduledFuture</em>&lt;V&gt; <strong>schedule</strong>(<em>Callable</em>&lt;V&gt; callable, <em>long</em> delay, <em>TimeUnit</em> unit) <br /><br />2. <em>ScheduledFuture</em>&lt;?&gt; <strong>schedule</strong>(<em>Runnable</em> command, <em>long</em> delay, <em>TimeUnit</em> unit)<br /><br />оба метода запускают задачу (<strong>Callable</strong> или <strong>Runnable</strong>) после заданного временного промежутка.',true,'');
INSERT INTO Question (id,realmId,type,text,regDate,updateDate) OVERRIDING SYSTEM VALUE VALUES (1176,8,2,'Назовите методы <strong>ScheduledExecutorService</strong>, отвечающие за многоократный запуск задач.',TIMESTAMP '2019-02-07 22:24:02',TIMESTAMP '2019-02-07 22:24:02');
	INSERT INTO Answer (id,questionId,text,correct,comment) OVERRIDING SYSTEM VALUE VALUES (2380,1176,'1. <em>ScheduledFuture</em>&lt;?&gt; <strong>scheduleAtFixedRate</strong>(<em>Runnable</em> command, <em>long</em> initialDelay, <em>long</em> period, <em>TimeUnit</em> unit) -<br />по истечении начальной задержки запускает задачу <strong>Runnable</strong> с указанным периодом. Если используется однопоточный экзекьютор и при этом за период задача не успевает закончится, старт следующей итерации начнется позже.<br /><br />2. <em>ScheduledFuture</em>&lt;?&gt; <strong>scheduleWithFixedDelay</strong>(<em>Runnable</em> command, <em>long</em> initialDelay, <em>long</em> delay, <em>TimeUnit</em> unit) - <br />по истечении начальной задержки запускает задачу <strong>Runnable</strong> с указанным периодом. Следующая итерация стартует, когда с момента окончания предыдущей пройдет указанная задержка.<br /><br />Выполнение задачи останавливается только при ее явной отмене, либо при падении, либо при завершении экзекьютора.',true,'');
INSERT INTO Question (id,realmId,type,text,regDate,updateDate) OVERRIDING SYSTEM VALUE VALUES (1177,8,2,'Опишите интерфейс <strong>ScheduledFuture</strong>.',TIMESTAMP '2019-02-07 22:27:54',TIMESTAMP '2019-02-07 22:27:54');
	INSERT INTO Answer (id,questionId,text,correct,comment) OVERRIDING SYSTEM VALUE VALUES (2381,1177,'Интерфейс java.util.concurrent.<strong>ScheduledFuture</strong>&lt;V&gt; наследует интерфейсу Future и некоторым другим. В частности, из интерфейса <strong>Delayed</strong> он берет метод <br />&nbsp;&nbsp;&nbsp; <em>long </em><strong>getDelay</strong>(<em>TimeUnit</em> unit),<br />который возвращает время, оставшееся до следующей итерации(?)',true,'');
INSERT INTO Question (id,realmId,type,text,regDate,updateDate) OVERRIDING SYSTEM VALUE VALUES (1178,8,0,'Задачи, запущенные посредством <strong>ScheduledExecutorService</strong>, могут и не стартовать в ожидаемое время. Это зависит, среди прочего,&nbsp; от наличия доступных потоков.',TIMESTAMP '2019-02-07 22:28:39',TIMESTAMP '2019-02-07 22:28:39');
INSERT INTO Question (id,realmId,type,text,regDate,updateDate) OVERRIDING SYSTEM VALUE VALUES (1179,8,2,'Что такое пул потоков (<em>thread pool</em>)?',TIMESTAMP '2019-02-07 22:29:15',TIMESTAMP '2019-02-07 22:29:15');
	INSERT INTO Answer (id,questionId,text,correct,comment) OVERRIDING SYSTEM VALUE VALUES (2382,1179,'Это группа предварительно инстанциированных потоков многократного использования, которые предназначены для выполнения набора произвольных задач.',true,'');
INSERT INTO Question (id,realmId,type,text,regDate,updateDate) OVERRIDING SYSTEM VALUE VALUES (1180,8,2,'Перечислите и опишите методы, позволяющие получить экземпляры пулов потоков.',TIMESTAMP '2019-02-07 23:24:33',TIMESTAMP '2019-02-07 23:24:33');
	INSERT INTO Answer (id,questionId,text,correct,comment) OVERRIDING SYSTEM VALUE VALUES (2383,1180,'Используются фабричные методы класса <strong>Executors</strong>.<br /><br />1. <em>ExecutorService</em> <strong>newCachedThreadPool</strong>() - <br />потоки создаются по мере надобности, но если есть ранее освободившиеся, то используются они. Подходит для асинхронного запуска множества короткоживущих задач.<br /><br />2. <em>ExecutorService</em> <strong>newFixedThreadPool</strong>(<em>int</em> nThreads) -<br />пул состоит из фиксированного числа потоков. Если задач больше, чем свободных потоков, они ставятся в очередь. Потоки живут, пока пул не будет явно выключен. Если какой-то поток будет завершен из-за ошибки, на его место будет создан новый.<br /><br />3. <em>ScheduledExecutorService</em> <strong>newScheduledThreadPool</strong>(<em>int</em> corePoolSize) -<br />пул фиксированного размера, предназначенный для выполнения отложенных задач. Потоки пула всегда живы (т.е. создаются не по мере необходимости)',true,'');
INSERT INTO Question (id,realmId,type,text,regDate,updateDate) OVERRIDING SYSTEM VALUE VALUES (1181,8,0,'<strong>ScheduledExecutorService</strong>, возвращаемый методом <em>Executors</em>.<strong>newScheduledThreadPool</strong>, может запускать задачи&nbsp; фиксированным периодом (<strong>scheduleAtFixedRate</strong>()), не дожидаясь выполнения предыдущей итерации.',TIMESTAMP '2019-02-07 23:25:07',TIMESTAMP '2019-02-07 23:25:07');
INSERT INTO Question (id,realmId,type,text,regDate,updateDate) OVERRIDING SYSTEM VALUE VALUES (1182,8,0,'Посредством вызова <em>Runtime</em>.<strong>getRuntime</strong>().<strong>availableProcessors</strong>() можно узнать число доступных процессоров и на основе этой информации выбрать величину используемых пулов потоков. 16-ти потоков для 2-х процессоров будет достаточно, если использовать потоки для обращения к ресурсам/БД, но слишком много, если запускаются задачи, требующие интенсивных процессорных расчетов.',TIMESTAMP '2019-02-07 23:25:24',TIMESTAMP '2019-02-07 23:25:24');
INSERT INTO Question (id,realmId,type,text,regDate,updateDate) OVERRIDING SYSTEM VALUE VALUES (1183,8,2,'Что такое потоковая безопасность (<em>thread safety</em>)?',TIMESTAMP '2019-02-07 23:26:27',TIMESTAMP '2019-02-07 23:26:27');
	INSERT INTO Answer (id,questionId,text,correct,comment) OVERRIDING SYSTEM VALUE VALUES (2384,1183,'Это свойство объекта, гарантирующее безопасную работу с объектом со стороны нескольких конкурентных потоков.',true,'');
INSERT INTO Question (id,realmId,type,text,regDate,updateDate) OVERRIDING SYSTEM VALUE VALUES (1184,8,2,'Что такое состояние гонки (<em>race condition</em>)?',TIMESTAMP '2019-02-07 23:26:51',TIMESTAMP '2019-02-07 23:26:51');
	INSERT INTO Answer (id,questionId,text,correct,comment) OVERRIDING SYSTEM VALUE VALUES (2385,1184,'Это такая ситуация, когда программа выдает непредсказуемые результаты в процессе нескольких одновременно выполняющихся задач.',true,'');
INSERT INTO Question (id,realmId,type,text,regDate,updateDate) OVERRIDING SYSTEM VALUE VALUES (1185,8,2,'Что такое атомарность (<em>atomicity</em>)?',TIMESTAMP '2019-02-07 23:27:23',TIMESTAMP '2019-02-07 23:27:23');
	INSERT INTO Answer (id,questionId,text,correct,comment) OVERRIDING SYSTEM VALUE VALUES (2386,1185,'Это свойство операции, в работу которой не может вмешиваться другой процесс/поток. Например, в атомарной операции изменения значения переменной в момент этого изменения никто посторонний не сможет получить доступ к переменной даже на чтение.',true,'');
INSERT INTO Question (id,realmId,type,text,regDate,updateDate) OVERRIDING SYSTEM VALUE VALUES (1186,8,2,'Перечислите атомарные классы примитивов и расскажите, как получить их экземпляры.',TIMESTAMP '2019-02-07 23:30:07',TIMESTAMP '2019-02-07 23:30:07');
	INSERT INTO Answer (id,questionId,text,correct,comment) OVERRIDING SYSTEM VALUE VALUES (2387,1186,'Атомарные классы предоставляют наборы атомарных методов.<br /><br />1. <strong>AtomicBoolean</strong><br />2. <strong>AtomicInteger</strong><br />3. <strong>AtomicIntegerArray</strong> - массив <strong>int</strong>, каждый элемент которого атомарен.<br />4. <strong>AtomicLong</strong> <br />5. <strong>AtomicLongArray</strong><br />6. <strong>AtomicReference</strong> - ссылка на объект, обновляемая атомарно<br />7. <strong>AtomicReferenceArray</strong> - массив атомарных ссылок<br /><br />Получить экземпляр можно с помощью конструктора:<br />int i = new AtomicInteger(); // 0<br />int i = new AtomicInteger(5); // 5',true,'');
INSERT INTO Question (id,realmId,type,text,regDate,updateDate) OVERRIDING SYSTEM VALUE VALUES (1187,8,2,'Перечислите основные атомарные методы атомарных классов примитивов.',TIMESTAMP '2019-02-07 23:45:04',TIMESTAMP '2019-02-07 23:45:04');
	INSERT INTO Answer (id,questionId,text,correct,comment) OVERRIDING SYSTEM VALUE VALUES (2388,1187,'1. <em>type</em> <strong>get</strong>() - получить текущее значение<br />2. <em>void</em> <strong>set</strong>(<em>type</em> newValue) - установить заданное значение<br />3. <em>type</em> <strong>getAndSet</strong>(<em>type</em> newValue) - установить новое значение, вернув старое<br />4. <em>type</em> <strong>incrementAndGet</strong>() - аналог ++value<br />5. <em>type</em> <strong>getAndIncrement</strong>() - аналог value++<br />6. <em>type</em> <strong>decrementAndGet</strong>() - аналог --value<br />7. <em>type</em> <strong>getAndDecrement</strong>() - аналог value--<br /><br />Последние 4 метода - только для числовых типов.<br /><br />Для атомарных массивов те же методы, только в сигнатуру добавляется индекс, например <strong>getAndSet</strong>(<em>int</em> index, <em>int</em> newValue)',true,'');
INSERT INTO Question (id,realmId,type,text,regDate,updateDate) OVERRIDING SYSTEM VALUE VALUES (1188,8,2,'Что такое монитор (<em>lock</em>, <em>monitor</em>)?',TIMESTAMP '2019-02-09 11:50:52',TIMESTAMP '2019-02-09 11:50:52');
	INSERT INTO Answer (id,questionId,text,correct,comment) OVERRIDING SYSTEM VALUE VALUES (2389,1188,'Это структура, которая позволяет взаимное исключение, т.е. обеспечение доступа к какому-либо коду&nbsp; строго одному потоку в любой заданный момент времени.',true,'');
INSERT INTO Question (id,realmId,type,text,regDate,updateDate) OVERRIDING SYSTEM VALUE VALUES (1189,8,2,'Опишите синтаксис простейшей синхронизации по объекту.',TIMESTAMP '2019-02-09 12:03:21',TIMESTAMP '2019-02-09 12:03:21');
	INSERT INTO Answer (id,questionId,text,correct,comment) OVERRIDING SYSTEM VALUE VALUES (2390,1189,'SheepManager manager = new SheepManager();<br /><br />synchronized(manager) {<br />&nbsp;&nbsp;&nbsp; // Work to be completed by one thread at a time<br />}<br /><br />В качестве монитора может использоваться любой объект.',true,'');
INSERT INTO Question (id,realmId,type,text,regDate,updateDate) OVERRIDING SYSTEM VALUE VALUES (1190,8,0,'Когда блок <strong>synchronized</strong> подходит к концу, освобождающий его поток "будит" один из ждущих потоков, выбранный случайным образом.',TIMESTAMP '2019-02-09 12:05:06',TIMESTAMP '2019-02-09 12:05:06');
INSERT INTO Question (id,realmId,type,text,regDate,updateDate) OVERRIDING SYSTEM VALUE VALUES (1191,8,0,'Нет смысла синхронизировать <em>создание</em> потоков, потому что <em>исполняться</em>&nbsp; они все равно будут в неизвестном для нас порядке.<br /><br />for(int i=0; i&lt;10; i++) {<br />&nbsp;&nbsp;&nbsp; synchronized(monitor) {<br />&nbsp;&nbsp;&nbsp;&nbsp;&nbsp;&nbsp;&nbsp; service.submit(() -&gt; System.out.println());<br />&nbsp;&nbsp;&nbsp; }<br />}',TIMESTAMP '2019-02-09 12:23:55',TIMESTAMP '2019-02-09 12:23:55');
INSERT INTO Question (id,realmId,type,text,regDate,updateDate) OVERRIDING SYSTEM VALUE VALUES (1192,8,0,'В качестве монитора нас устроит любой объект, но часто монитор делают финальным, чтобы в процессе выполнения потоков исключить возможность переприсвоения ссылки.<br /><br />private final Object lock = new Object();<br />private void incrementAndReport() {<br />&nbsp;&nbsp;&nbsp; synchronized(lock) {<br />&nbsp;&nbsp;&nbsp;&nbsp;&nbsp;&nbsp;&nbsp; System.out.print((++sheepCount)+" ");<br />&nbsp;&nbsp;&nbsp; }<br />}',TIMESTAMP '2019-02-09 12:47:39',TIMESTAMP '2019-02-09 12:47:39');
INSERT INTO Question (id,realmId,type,text,regDate,updateDate) OVERRIDING SYSTEM VALUE VALUES (1193,8,0,'Если метод <span style="text-decoration: underline;">экземпляра</span> объявить <strong>synchronized</strong>, то этот метод будет синхронизирован по текущему экземпдяра. Иными словами,<br /><br />private void incrementAndReport() {<br />&nbsp;&nbsp;&nbsp; synchronized(this) {<br />&nbsp;&nbsp;&nbsp;&nbsp;&nbsp;&nbsp;&nbsp; System.out.print((++sheepCount)+" ");<br />&nbsp;&nbsp;&nbsp; }<br />}<br /><br />эквивалентно<br /><br />private synchronized void incrementAndReport() {<br />&nbsp;&nbsp;&nbsp; System.out.print((++sheepCount)+" ");<br />}',TIMESTAMP '2019-02-09 16:14:09',TIMESTAMP '2019-02-09 16:14:09');
INSERT INTO Question (id,realmId,type,text,regDate,updateDate) OVERRIDING SYSTEM VALUE VALUES (1194,8,0,'Если <span style="text-decoration: underline;">статический</span> метод объявить <strong>synchronized</strong>, то этот метод будет синхронизирован по объекту класса. Иными словами,<br /><br />public static void printDaysWork() {<br />&nbsp;&nbsp;&nbsp; synchronized(SheepManager.class) {<br />&nbsp;&nbsp;&nbsp;&nbsp;&nbsp;&nbsp;&nbsp; System.out.print("Finished work");<br />&nbsp;&nbsp;&nbsp; }<br />}<br /><br />эквивалентно<br /><br />public static synchronized void printDaysWork() {<br />&nbsp;&nbsp;&nbsp; System.out.print("Finished work");<br />}',TIMESTAMP '2019-02-09 16:17:14',TIMESTAMP '2019-02-09 16:17:14');
INSERT INTO Question (id,realmId,type,text,regDate,updateDate) OVERRIDING SYSTEM VALUE VALUES (1195,8,0,'Если два потока одновременно редактируют одну неконкурентную коллекцию, может появиться&nbsp;<strong>ConcurrentModificationException</strong>. Более того, такое возможно даже в одном потоке, если удалять элементы из коллекции во время итерирования:<br /><br />
<div>for(String key: map.keySet())</div>
<div>&nbsp; &nbsp; foodData.remove(key);<br /><br />Если использовать конкурентные коллекции, то такой код не выдаст исключения, т.к. итератор будет обновляться после каждого удаления. Хотя делать так все равно не надо.</div>',TIMESTAMP '2019-02-10 12:47:39',TIMESTAMP '2019-02-10 12:47:39');
INSERT INTO Question (id,realmId,type,text,regDate,updateDate) OVERRIDING SYSTEM VALUE VALUES (1196,8,0,'Конкурентные коллекции были введены для того, чтобы дать возможность нескольким потокам модифицировать коллекцию одновременно и иметь после каждого изменения актуальную картину состояния коллекции.',TIMESTAMP '2019-02-10 12:50:04',TIMESTAMP '2019-02-10 12:50:04');
INSERT INTO Question (id,realmId,type,text,regDate,updateDate) OVERRIDING SYSTEM VALUE VALUES (1197,8,0,'Конкурентные коллекции надо использовать всегда, когда несколько потоков могут потенциально модифицировать одну колекцию, даже если есть ощущение, что проблем не возникнет.',TIMESTAMP '2019-02-10 12:52:22',TIMESTAMP '2019-02-10 12:52:22');
INSERT INTO Question (id,realmId,type,text,regDate,updateDate) OVERRIDING SYSTEM VALUE VALUES (1198,8,0,'Класс <strong>ConcurrentHashMap</strong> реализует интерфейс <strong>ConcurrentMap</strong>. Создавать ссылки такого типа нужно, когда метод принимает именно <strong>ConcurrentMap</strong>, т.е. методу нужны thread-safe объекты.',TIMESTAMP '2019-02-10 13:21:38',TIMESTAMP '2019-02-10 13:21:38');
INSERT INTO Question (id,realmId,type,text,regDate,updateDate) OVERRIDING SYSTEM VALUE VALUES (1199,8,2,'Опишите интерфейс <strong>BlockingQueue&nbsp;</strong>и его основные методы.',TIMESTAMP '2019-02-10 13:46:49',TIMESTAMP '2019-02-10 14:39:09');
	INSERT INTO Answer (id,questionId,text,correct,comment) OVERRIDING SYSTEM VALUE VALUES (2391,1199,'Интерфейс java.util.concurrent.<strong>BlockingQueue</strong>&lt;E&gt; олицетворяет очередь, которая при выполнении некоторых операций умеет "ждать" благоприятной ситуации. Например, ждать появления в очереди элемента, если она пуста, или ждать возможности добавить&nbsp; элемент в очередь, если в ней нет свободного места.<br />Реализации <strong>BlockingQueue</strong> - потокобезопасны. Нельзя помещать <strong>null</strong>, т.к. является специальным возвращаемым значением.<br /><br /><em>boolean</em> <strong>offer</strong>(<em>E</em> e, <em>long</em> timeout, <em>TimeUnit</em> unit) throws <em>InterruptedException</em> -<br />добавляет элемент в очередь, ожидая в течение указанного времени, если нет места. Если время вышло, а место так и не появилось - возвратит <strong>false</strong>.<br /><br /><em>E <strong>poll</strong>(long</em> timeout, <em>TimeUnit</em> unit) throws <em>InterruptedException</em> -<br />Удаляет из очереди и возвращает головной элемент, ожидая в течение указанного времени, если очередь пуста. Если время истекло, а данных так и нет - вернется <strong>null</strong>.<br /><br /><em>void</em> <strong>put</strong>(<em>E</em> e) throws <em>InterruptedException</em> -<br />помещает элемент в очередь, дожидаясь, когда это будет возможно<br /><br /><em>E</em> <strong>take</strong>() throws <em>InterruptedException</em> -<br />возвращает и удаляет головной элемент из очереди, дожидаясь, если необходимо, появления данных.',true,'');
INSERT INTO Question (id,realmId,type,text,regDate,updateDate) OVERRIDING SYSTEM VALUE VALUES (1200,8,2,'Опишите класс&nbsp;<strong>LinkedBlockingQueue</strong>.',TIMESTAMP '2019-02-10 14:07:26',TIMESTAMP '2019-02-10 14:16:31');
	INSERT INTO Answer (id,questionId,text,correct,comment) OVERRIDING SYSTEM VALUE VALUES (2392,1200,'Класс&nbsp;java.util.concurrent.<strong>LinkedBlockingQueue</strong>&lt;E&gt; реализует интерфейс <strong>BlockingQueue</strong>. Использует связанный список для хранения элементов, что улучшает пропускную способность по сравнению с очередями, основанными на массивах; производительность при многопоточном использовании не всегда предсказуема. Есть конструктор, позволяющий задать размер очереди (по умолчанию - Integer.MAX_VALUE)',true,'');
INSERT INTO Question (id,realmId,type,text,regDate,updateDate) OVERRIDING SYSTEM VALUE VALUES (1201,8,0,'В очереди&nbsp;<strong>Queue</strong>&nbsp;запрещается добавлять <strong>null</strong>, т.к. он является специальным значением-индикатором. Некоторые реализации <strong>Queue</strong> (например, <strong>LinkedList</strong>) позволяют хранить <strong>null</strong>, большинство выдаст NPE при&nbsp; попытке добавления. Однако даже если конкретный экземпляр разрешает хранить <strong>null</strong>, не надо их добавлять, если используется ссылка типа <strong>Queue</strong>.',TIMESTAMP '2019-02-10 14:46:12',TIMESTAMP '2019-02-10 14:46:28');
INSERT INTO Question (id,realmId,type,text,regDate,updateDate) OVERRIDING SYSTEM VALUE VALUES (1202,8,2,'<div>Опишите интерфейс <strong>BlockingDeque</strong> и его основные методы.</div>
<div>&nbsp;</div>',TIMESTAMP '2019-02-10 14:55:17',TIMESTAMP '2019-02-10 14:55:17');
INSERT INTO Question (id,realmId,type,text,regDate,updateDate) OVERRIDING SYSTEM VALUE VALUES (1203,8,2,'<div>Опишите интерфейс <strong>BlockingDeque</strong> и его основные методы.</div>
<div>&nbsp;</div>',TIMESTAMP '2019-02-10 16:23:50',TIMESTAMP '2019-02-10 16:23:50');
	INSERT INTO Answer (id,questionId,text,correct,comment) OVERRIDING SYSTEM VALUE VALUES (2393,1203,'<div>Интерфейс java.util.concurrent.<strong>BlockingDeque</strong>&lt;E&gt; олицетворяет двустороннюю очередь, которая при выполнении некоторых операций умеет "ждать" благоприятной ситуации. Например, ждать появления в очереди элемента, если она пуста, или ждать возможности добавить&nbsp; элемент в очередь, если в ней нет свободного места.</div>
<div><strong>BlockingDeque</strong> наследует от <strong>BlockingQueue</strong>. Поэтому 1)реализующие классы - потокобезопасны 2)нельзя помещать <strong>null</strong>, т.к. является специальным возвращаемым значением.</div>
<div>&nbsp;</div>
<div><em>boolean</em> <strong>offerFirst</strong>(<em>E</em> e, <em>long</em> timeout, <em>TimeUnit</em> unit) throws <em>InterruptedException</em> -&nbsp;</div>
<div>добавляет элемент в голову очереди, дожидаясь в течение таймаута. Возвращает <strong>false</strong>, если время истекло.</div>
<div>&nbsp;</div>
<div><em>boolean</em> <strong>offerLast</strong>(<em>E</em> e, <em>long</em> timeout, <em>TimeUnit</em> unit) throws <em>InterruptedException</em> -</div>
<div>добавляет элемент в хвост очереди, дожидаясь в течение таймаута. Возвращает <strong>false</strong>, если время истекло. Аналогичен методу <strong>offer</strong> с такой же сигнатурой.</div>
<div>&nbsp;</div>
<div><em>E</em> <strong>pollFirst</strong>(<em>long</em> timeout, <em>TimeUnit</em> unit) throws <em>InterruptedException</em> -</div>
<div>Удаляет из головы очереди и возвращает элемент, дожидаясь в течении таймаута. Возвращает <strong>null</strong>, если время истекло. Аналогичен методу <strong>poll</strong> с такой же сигнатурой.</div>
<div>&nbsp;</div>
<div><em>E</em> <strong>pollLast</strong>(<em>long</em> timeout, <em>TimeUnit</em> unit) throws <em>InterruptedException&nbsp;</em> -</div>
<div>Удаляет из хвоста очереди и возвращает элемент, дожидаясь в течении таймаута. Возвращает <strong>null</strong>, если время истекло.&nbsp;</div>
<div>&nbsp;</div>
<div><em>void</em> <strong>putFirst</strong>(<em>E</em> e) throws <em>InterruptedException</em></div>
<div><em>void</em> <strong>putLast</strong>(<em>E</em> e) throws <em>InterruptedException</em></div>
<div><em>E</em> <strong>takeFirst</strong>() throws <em>InterruptedException</em></div>
<div><em>E</em> <strong>takeLast</strong>() throws <em>InterruptedException</em> -&nbsp;</div>
<div>методы добавления/извлечения с бесконечным ожиданием.</div>',true,'');
INSERT INTO Question (id,realmId,type,text,regDate,updateDate) OVERRIDING SYSTEM VALUE VALUES (1204,8,2,'Опишите класс <strong>LinkedBlockingDeque</strong>.',TIMESTAMP '2019-02-10 16:33:34',TIMESTAMP '2019-02-10 16:33:34');
	INSERT INTO Answer (id,questionId,text,correct,comment) OVERRIDING SYSTEM VALUE VALUES (2394,1204,'Класс java.util.concurrent.<strong>LinkedBlockingDeque</strong>&lt;E&gt; реализует интерфейс <strong>BlockingDeque</strong>. Использует связанные узлы для хранения элементов. Большинство операций занимают фиксированное время; операции, основанные на <strong>equals</strong> (<strong>contains</strong> и удаление по конкретному элементу), занимают линейное время. Есть конструктор, позволяющий задать размер очереди (по умолчанию - Integer.MAX_VALUE)',true,'');
INSERT INTO Question (id,realmId,type,text,regDate,updateDate) OVERRIDING SYSTEM VALUE VALUES (1205,8,2,'Опишите класс <strong>ConcurrentSkipListSet</strong>.',TIMESTAMP '2019-02-10 16:52:48',TIMESTAMP '2019-02-10 16:52:48');
	INSERT INTO Answer (id,questionId,text,correct,comment) OVERRIDING SYSTEM VALUE VALUES (2395,1205,'Класс java.util.concurrent.Class <strong>ConcurrentSkipListSet</strong>&lt;E&gt; является многопоточным аналогом <strong>TreeSet</strong>. Рекомендуется использовать со ссылками <strong>SortedSet</strong> и <strong>NavigableSet</strong>. Особенности: 1) метод <strong>size</strong>() не выполняется за фиксированное время, так как для подсчета приходится пробегать коллекцию. 2) не разрешается использовать <strong>null</strong> в качестве элемента.
<div>&nbsp;</div>',true,'');
INSERT INTO Question (id,realmId,type,text,regDate,updateDate) OVERRIDING SYSTEM VALUE VALUES (1206,8,2,'Опишите класс&nbsp;<strong>ConcurrentSkipListMap</strong>.',TIMESTAMP '2019-02-10 17:01:00',TIMESTAMP '2019-02-10 17:01:00');
	INSERT INTO Answer (id,questionId,text,correct,comment) OVERRIDING SYSTEM VALUE VALUES (2396,1206,'Класс java.util.concurrent.Class&nbsp;<strong>ConcurrentSkipListMap</strong>&lt;K,V&gt; является многопоточным аналогом&nbsp;<strong>TreeMap</strong>. Рекомендуется использовать со ссылками&nbsp;<strong>SortedMap</strong>&nbsp;и&nbsp;<strong>NavigableMap</strong>. Особенности: 1) метод&nbsp;<strong>size</strong>() не выполняется за фиксированное время, так как для подсчета приходится пробегать коллекцию. 2) не разрешается использовать&nbsp;<strong>null</strong>&nbsp;в качестве ключа или значения. 3) Map.Entry.<strong>setValue</strong> не поддерживается.
<div>&nbsp;</div>',true,'');
INSERT INTO Question (id,realmId,type,text,regDate,updateDate) OVERRIDING SYSTEM VALUE VALUES (1207,8,2,'Опишите класс&nbsp;<strong>CopyOnWriteArrayList</strong>.',TIMESTAMP '2019-02-10 17:19:04',TIMESTAMP '2019-02-10 17:19:04');
	INSERT INTO Answer (id,questionId,text,correct,comment) OVERRIDING SYSTEM VALUE VALUES (2397,1207,'Класс java.util.concurrent.<strong>CopyOnWriteArrayList</strong>&lt;E&gt; представляет собой потокобезопасную версию <strong>ArrayList</strong>. Каждая операция, изменяющая состав коллекции (удаление, добавление, замена элемента), приводит к появлению фактически новой коллекции. Благодаря этому итерация всегда безопасна и предсказуема: на ней не сказываются никакие изменения, происходящие&nbsp; в данный момент с коллекцией. Недостатком является повышенный расход памяти, поэтому использовать эту коллекцию надо тогда, когда чтение происходит значительно чаще, чем модификации.
<div>&nbsp;</div>',true,'');
INSERT INTO Question (id,realmId,type,text,regDate,updateDate) OVERRIDING SYSTEM VALUE VALUES (1208,8,2,'Что напечатает следующий код?<br /><br />
<div>List&lt;Integer&gt; list = new CopyOnWriteArrayList&lt;&gt;(Arrays.asList(4,3,52));</div>
<div>for(Integer item: list) {</div>
<div>&nbsp; &nbsp; System.out.print(item+" ");</div>
<div>&nbsp; &nbsp; list.add(9);</div>
<div>}</div>
<div>System.out.println();</div>
<div>System.out.println("Size: "+list.size());</div>',TIMESTAMP '2019-02-10 17:21:09',TIMESTAMP '2019-02-10 17:21:09');
	INSERT INTO Answer (id,questionId,text,correct,comment) OVERRIDING SYSTEM VALUE VALUES (2398,1208,'<div>4 3 52</div>
<div>Size: 6<br /><br />На каждом шаге итерации содержимое коллекции меняется, но мы этого не видим, т.к. итерируемся по первоначальному варианту. Впоследствии оказывается, что элементов в коллекции уже 6.</div>',true,'');
INSERT INTO Question (id,realmId,type,text,regDate,updateDate) OVERRIDING SYSTEM VALUE VALUES (1209,8,2,'Опишите класс <strong>CopyOnWriteArraySet</strong>.',TIMESTAMP '2019-02-10 18:49:45',TIMESTAMP '2019-02-10 18:49:45');
	INSERT INTO Answer (id,questionId,text,correct,comment) OVERRIDING SYSTEM VALUE VALUES (2399,1209,'<div>Класс java.util.concurrent.<strong>CopyOnWriteArraySet</strong>&lt;E&gt; - это потокобезопасный Set, основанный на внутреннем <strong>CopyOnWriteArrayList</strong> и имеющий его особенности. Каждая операция, изменяющая состав коллекции (удаление, добавление, замена элемента), приводит к появлению фактически новой коллекции. Благодаря этому итерация всегда безопасна и предсказуема: на ней не сказываются никакие изменения, происходящие&nbsp; в данный момент с коллекцией. Недостатком является повышенный расход памяти, поэтому использовать эту коллекцию надо тогда, когда чтение происходит значительно чаще, чем модификации.</div>
<div>&nbsp;</div>',true,'');
INSERT INTO Question (id,realmId,type,text,regDate,updateDate) OVERRIDING SYSTEM VALUE VALUES (1210,8,2,'Перечислите методы, позволяющие получить синхронизированные коллекции из обычных.',TIMESTAMP '2019-02-10 19:04:57',TIMESTAMP '2019-02-10 19:04:57');
	INSERT INTO Answer (id,questionId,text,correct,comment) OVERRIDING SYSTEM VALUE VALUES (2400,1210,'<div>1. static &lt;T&gt; Collection&lt;T&gt; <strong>synchronizedCollection</strong>(Collection&lt;T&gt; c)</div>
<div>2. static &lt;T&gt; List&lt;T&gt; <strong>synchronizedList</strong>(List&lt;T&gt; list)</div>
<div>3. static &lt;K,V&gt; Map&lt;K,V&gt; <strong>synchronizedMap</strong>(Map&lt;K,V&gt; m)</div>
<div>4. static &lt;K,V&gt; NavigableMap&lt;K,V&gt; <strong>synchronizedNavigableMap</strong>(NavigableMap&lt;K,V&gt; m)</div>
<div>5. static &lt;T&gt; NavigableSet&lt;T&gt; <strong>synchronizedNavigableSet</strong>(NavigableSet&lt;T&gt; s)</div>
<div>6. static &lt;T&gt; Set&lt;T&gt; <strong>synchronizedSet</strong>(Set&lt;T&gt; s)</div>
<div>7. static &lt;K,V&gt; SortedMap&lt;K,V&gt; <strong>synchronizedSortedMap</strong>(SortedMap&lt;K,V&gt; m)</div>
<div>8. static &lt;T&gt; SortedSet&lt;T&gt; <strong>synchronizedSortedSet</strong>(SortedSet&lt;T&gt; s)</div>
<div>&nbsp;</div>',true,'');
INSERT INTO Question (id,realmId,type,text,regDate,updateDate) OVERRIDING SYSTEM VALUE VALUES (1211,8,0,'В синхнонизированных коллекциях, полученных из обычных методами <strong>Collections</strong>, потокобезопасен только прямой доступ к элементам. Итераторы надо синхронизировать вручную!<br /><br />
<div>List&lt;Integer&gt; list = Collections.synchronizedList(</div>
<div>&nbsp; new ArrayList&lt;&gt;(Arrays.asList(4,3,52)));</div>
<div>synchronized(list) {</div>
<div>&nbsp; &nbsp; for(int data: list)</div>
<div>&nbsp; &nbsp; &nbsp; &nbsp; System.out.print(data+" ");</div>
<div>}</div>
<br />И еще один важный момент. Если возникла необходимость получить синхронизированную версию коллекции, работать в дальнейшем нужно только с ней.',TIMESTAMP '2019-02-10 19:06:50',TIMESTAMP '2019-02-10 19:08:14');
INSERT INTO Question (id,realmId,type,text,regDate,updateDate) OVERRIDING SYSTEM VALUE VALUES (1212,8,2,'Опишите классы&nbsp;<strong>ConcurrentLinkedQueue</strong> и <strong>ConcurrentLinkedDeque</strong>.',TIMESTAMP '2019-02-10 19:30:59',TIMESTAMP '2019-02-10 19:30:59');
	INSERT INTO Answer (id,questionId,text,correct,comment) OVERRIDING SYSTEM VALUE VALUES (2401,1212,'Классы&nbsp;java.util.concurrent.<strong>ConcurrentLinkedQueue&lt;E&gt; </strong>и java.util.concurrent.<strong>ConcurrentLinkedDeque&lt;E&gt;&nbsp;</strong>являются потокобезопасными реализациями соответствующих интерфейсов. Особенности:<br /><br />1) Не имеют ограничений на размер очереди.<br />2) Не разрешают использование <strong>null</strong> в качестве элемента.<br />3) итераторы и массовые операции (addAll и т.п.) являются слабо консистентными.<br />4) метод <strong>size</strong>() выполняется не за фиксированное время, так как итерируется по данным.',true,'');
INSERT INTO Question (id,realmId,type,text,regDate,updateDate) OVERRIDING SYSTEM VALUE VALUES (1213,8,2,'Опишите класс <strong>ConcurrentHashMap</strong>.',TIMESTAMP '2019-02-10 19:48:09',TIMESTAMP '2019-02-10 19:48:09');
	INSERT INTO Answer (id,questionId,text,correct,comment) OVERRIDING SYSTEM VALUE VALUES (2402,1213,'<p>Класс java.util.concurrent.<strong>ConcurrentHashMap</strong>&lt;E&gt; является потокобезопасной реализацией <em>Hashtable</em>. Имеет следующие особенности:<br /><br />1) чтение данных идет по самому свежему состоянию. Если данные другим потоком добавлялись/удалялись&nbsp;массово (<strong>putAll</strong>, <strong>clear</strong>), то есть шанс, что при чтении будет доступна только часть данных (вместо всего набора либо пустого результата, соответственно).<br /><br />2) Итераторы не выдают <strong>ConcurrentModificationException</strong>, но в случае многопоточных модификаций могут быть не вполне консистентными, поэтому предназначены для использования одним потоком в конкретный момент времени.<br /><br />3) <strong>null</strong> в качестве ключа или значения - запрещен.</p>',true,'');
INSERT INTO Question (id,realmId,type,text,regDate,updateDate) OVERRIDING SYSTEM VALUE VALUES (1214,8,2,'Что такое последовательный поток (<em>serial stream</em>)?',TIMESTAMP '2019-02-12 22:52:42',TIMESTAMP '2019-02-12 22:52:42');
	INSERT INTO Answer (id,questionId,text,correct,comment) OVERRIDING SYSTEM VALUE VALUES (2403,1214,'Это поток, в котором элементы обрабатываются по порядку, причем в конкретный момент времени обрабатывается только один элемент.',true,'');
INSERT INTO Question (id,realmId,type,text,regDate,updateDate) OVERRIDING SYSTEM VALUE VALUES (1215,8,0,'Количество потоков (thread), доступных по умолчанию для параллельных потоков (stream), базируется на числе доступных процессоров.',TIMESTAMP '2019-02-12 22:52:58',TIMESTAMP '2019-02-12 22:52:58');
INSERT INTO Question (id,realmId,type,text,regDate,updateDate) OVERRIDING SYSTEM VALUE VALUES (1216,8,2,'Опишите 2 способа создания параллельных потоков.',TIMESTAMP '2019-02-12 22:53:27',TIMESTAMP '2019-02-12 22:53:27');
	INSERT INTO Answer (id,questionId,text,correct,comment) OVERRIDING SYSTEM VALUE VALUES (2404,1216,'1. Метод <strong>parallel</strong>(), определенный для любого потока:<br /><br />Stream&lt;Integer&gt; stream = Arrays.asList(1,2,3,4,5,6).stream();<br />Stream&lt;Integer&gt; parallelStream = stream.parallel();<br /><br />Это промежуточная операция.<br /><br />2. Метод <strong>parallelStream</strong>(), определенный на интерфейсе <strong>Collection</strong>:<br /><br />Stream&lt;Integer&gt; parallelStream2 = Arrays.asList(1,2,3,4,5,6).parallelStream();',true,'');
INSERT INTO Question (id,realmId,type,text,regDate,updateDate) OVERRIDING SYSTEM VALUE VALUES (1217,8,0,'В интерфейсе <strong>Stream</strong> есть метод <strong>isParallel</strong>(), позволяющий узнать, пригоден ли поток для параллельной обработки. Некоторые операции с параллельным потоком (например, Stream.<strong>concat</strong>(Stream s1, Stream s2), s1 или s2 - паралелльный) сохраняют параллельность; другие (например, <strong>flatMap</strong>()) - не сохраняют.',TIMESTAMP '2019-02-12 22:54:10',TIMESTAMP '2019-02-12 22:54:10');
INSERT INTO Question (id,realmId,type,text,regDate,updateDate) OVERRIDING SYSTEM VALUE VALUES (1218,8,0,'Операция <strong>forEach</strong> для параллельного потока не сохраняет порядок обработки:<br /><br />Arrays.asList(1,2,3,4,5,6)<br />&nbsp; .parallelStream()<br />&nbsp; .forEach(s -&gt; System.out.print(s+" "));<br /><br />&gt;&gt;&nbsp; 4 1 6 5 2 3<br /><br />Фактически, <strong>forEach</strong> на параллелльном потоке эквивалентен регистрации нескольких <strong>Runnable</strong> в экзекьюторе с пулом.',TIMESTAMP '2019-02-12 22:54:31',TIMESTAMP '2019-02-12 22:54:31');
INSERT INTO Question (id,realmId,type,text,regDate,updateDate) OVERRIDING SYSTEM VALUE VALUES (1219,8,0,'В интерфейсе <strong>Stream</strong> существует метод <strong>forEachOrdered</strong>(), который обеспечивает упорядоченную обработку для параллельных потоков. Правда, за счет потерь в быстродействии.<br /><br />Arrays.asList(1,2,3,4,5,6)<br />&nbsp; .parallelStream()<br />&nbsp; .forEachOrdered(s -&gt; System.out.print(s+" "));<br /><br />&nbsp; &gt;&gt; 1 2 3 4 5 6<br />&nbsp; <br />&nbsp;',TIMESTAMP '2019-02-12 22:54:58',TIMESTAMP '2019-02-12 22:54:58');
INSERT INTO Question (id,realmId,type,text,regDate,updateDate) OVERRIDING SYSTEM VALUE VALUES (1220,8,0,'Использование параллельных потоков оправдано при значительном объеме данных в потоке. Если наборы небольшие, выигрыш по производительности будет несущественным, и этот выигрыш будет еще уменьшен (иногда до отрицательных величин) за счет собственно расходов на подготовку параллельной обработки.',TIMESTAMP '2019-02-12 22:58:21',TIMESTAMP '2019-02-12 22:58:21');
INSERT INTO Question (id,realmId,type,text,regDate,updateDate) OVERRIDING SYSTEM VALUE VALUES (1221,8,2,'Что такое независимая операция (<em>independent operation</em>) применительно к потокам?',TIMESTAMP '2019-02-12 22:59:09',TIMESTAMP '2019-02-12 22:59:16');
	INSERT INTO Answer (id,questionId,text,correct,comment) OVERRIDING SYSTEM VALUE VALUES (2405,1221,'Это операция, выполнение которой не зависит от результатов, полученных на других элементах потока (и не влияет на них). Пример - преобразование всех строк в потоке к верхнему регистру. Если мы имеем дело с независимыми операциями и не нуждаемся в сохранении порядка элементов, это прямое показание для использования параллельных потоков.',true,'');
INSERT INTO Question (id,realmId,type,text,regDate,updateDate) OVERRIDING SYSTEM VALUE VALUES (1222,8,0,'Если мы используем параллельный поток и <strong>forEachOrdered</strong>, то элементы в <strong>forEachOrdered</strong> будут обрабатываться в соответствии с исходным порядком, но порядок предыдущих операций не определен, поэтому если в них используются операции с побочными эффектами, общий результат обработки непредсказуем:<br />&nbsp; <br />List&lt;Integer&gt; data = Collections.synchronizedList(new ArrayList&lt;&gt;());<br />Arrays.asList(1,2,3,4,5,6).parallelStream()<br />&nbsp; .map(i -&gt; {data.add(i); return i;}) // AVOID STATEFUL LAMBDA EXPRESSIONS!<br />&nbsp; .forEachOrdered(i -&gt; System.out.print(i+" "));<br />System.out.println();<br />for(Integer e: data) {<br />&nbsp;&nbsp;&nbsp; System.out.print(e+" ");<br />}<br /><br />&gt;&gt; 1 2 3 4 5 6<br />&nbsp;&nbsp; 2 4 3 5 6 1<br />&nbsp;&nbsp; <br />&nbsp;&nbsp; <br />&nbsp;(вообще лучше не использовать операции с побочными эффектами даже в последовательных потоках)',TIMESTAMP '2019-02-12 23:00:25',TIMESTAMP '2019-02-12 23:00:25');
INSERT INTO Question (id,realmId,type,text,regDate,updateDate) OVERRIDING SYSTEM VALUE VALUES (1223,8,2,'Перечислите операции <strong>Stream</strong>, результат которых не зависит от того, параллельный у нас поток или нет.',TIMESTAMP '2019-02-12 23:00:58',TIMESTAMP '2019-02-12 23:00:58');
	INSERT INTO Answer (id,questionId,text,correct,comment) OVERRIDING SYSTEM VALUE VALUES (2406,1223,'skip(), limit(), findFirst(), distinct() (проверить), sorted()<br /><br />Поток при этом еще должен быть упорядоченным.',true,'');
INSERT INTO Question (id,realmId,type,text,regDate,updateDate) OVERRIDING SYSTEM VALUE VALUES (1224,8,0,'Если вызвать метод <strong>unordered</strong>() на потоке, то JVM получает разрешение не учитывать порядок элементов в тех операциях, где подразумевается порядок.<br />Для последовательных потоков метод <strong>unordered</strong>() ничего не изменит, но если такой поток сделать параллельным, то резко возрастет производительность, и потеряется порядок:<br /><br />Arrays.asList(1,2,3,4,5,6).stream().unordered().parallel();',TIMESTAMP '2019-02-12 23:03:04',TIMESTAMP '2019-02-12 23:03:04');
INSERT INTO Question (id,realmId,type,text,regDate,updateDate) OVERRIDING SYSTEM VALUE VALUES (1225,8,2,'Перечислите требования к аргументам метода <strong>reduce</strong>(), выполнение которых гарантирует работу метода в параллельной обработке с сохранением ожидаемого порядка.',TIMESTAMP '2019-02-12 23:05:49',TIMESTAMP '2019-02-27 11:28:14');
	INSERT INTO Answer (id,questionId,text,correct,comment) OVERRIDING SYSTEM VALUE VALUES (2407,1225,'сигнатура:<br />&nbsp;&lt;U&gt; U&nbsp;&nbsp;&nbsp; reduce(U identity, BiFunction&lt;U,? super T,U&gt; accumulator, BinaryOperator&lt;U&gt; combiner)<br />&nbsp;<br />&nbsp;1) <strong>identity</strong>: для любого элемента <strong>u</strong> потока должно выполняться условие <strong>combiner.apply(identity, u) = u</strong><br />&nbsp;2) <strong>accumulator</strong>: операция <strong>op</strong>, определяемая аккумулятором, должна быть ассоциативной - <strong>(a op b) op c = a op (b op c)</strong>, плюс не должна иметь побочных эффектов (изменять состояние чего-то)<br /><em>&nbsp; * примечание: ассоциативность применительно&nbsp;к&nbsp; BiFunction&lt;U,? super T,U&gt; обозначает</em><br /><em>&nbsp;&nbsp;(u op t1) op t2 == u op ( (identity op t1) op t2)</em><br />&nbsp;3) <strong>combiner</strong>: для любой пары <strong>u</strong> и <strong>t</strong> должно выполняться условие <strong>combiner.apply(u,accumulator.apply(identity,t)) =&nbsp; accumulator.apply(u,t)</strong>, плюс не должно быть побочных эффектов<br />&nbsp; <br />&nbsp;К перегруженным методам <strong>reduce</strong><br />&nbsp;&nbsp; Optional&lt;T&gt; reduce(BinaryOperator&lt;T&gt; accumulator)<br />&nbsp;&nbsp; T reduce(T identity, BinaryOperator&lt;T&gt; accumulator)<br />&nbsp;вышеуказанные требования также применимы, они нужны для стабильности результата.',true,'');
INSERT INTO Question (id,realmId,type,text,regDate,updateDate) OVERRIDING SYSTEM VALUE VALUES (1226,8,0,'Пример <strong>reduce</strong>(), удовлетворяющего принципам:<br />&nbsp;<br />&nbsp;System.out.println(Arrays.asList(''w'', ''o'', ''l'', ''f'')<br />&nbsp; .stream()<br />&nbsp; .reduce("",(s1, c) -&gt; s1 + c,<br />&nbsp;&nbsp;&nbsp; (s2,s3) -&gt; s2 + s3));',TIMESTAMP '2019-02-12 23:06:45',TIMESTAMP '2019-02-12 23:06:45');
INSERT INTO Question (id,realmId,type,text,regDate,updateDate) OVERRIDING SYSTEM VALUE VALUES (1227,8,0,'В методе <strong>reduce</strong>() очень желательно задавать <strong>combiner</strong>, если речь идет о параллельной обработке.',TIMESTAMP '2019-02-12 23:07:10',TIMESTAMP '2019-02-12 23:07:10');
INSERT INTO Question (id,realmId,type,text,regDate,updateDate) OVERRIDING SYSTEM VALUE VALUES (1228,8,2,'Перечислите требования к аргументам метода <strong>collect</strong>(), выполнение которых гарантирует работу метода в параллельной обработке с сохранением ожидаемого порядка.',TIMESTAMP '2019-02-13 00:14:08',TIMESTAMP '2019-02-13 00:14:08');
	INSERT INTO Answer (id,questionId,text,correct,comment) OVERRIDING SYSTEM VALUE VALUES (2408,1228,'Сигнатура метода:<br />&nbsp;&lt;R&gt; R collect(Supplier&lt;R&gt; supplier, BiConsumer&lt;R,? super T&gt; accumulator, BiConsumer&lt;R,R&gt; combiner)<br /><br />1. <strong>supplier</strong> - должен многократно возвращать свежий пустой контейнер <br />2. <strong>combiner </strong>должен быть ассоциативным<br />3. для любых элементов <strong>t1</strong>, <strong>t2</strong>, <strong>t3</strong> должно выполняться условие:<br />cont1 получен в результате acc.accept(cont1, t1), acc.accept(cont1, t2)<br />cont2 получен в результате acc.accept(cont2, t3)<br />cont3 получен в результате acc.accept(cont3, t1)<br />cont4 получен в результате acc.accept(cont3, t2), acc.accept(cont3, t3)<br /><br />тогда combine(cont1, cont2) = combine(cont3, cont4)',true,'');
INSERT INTO Question (id,realmId,type,text,regDate,updateDate) OVERRIDING SYSTEM VALUE VALUES (1229,8,0,'Если <strong>collect</strong>(<em>Supplier</em>, <em>BiConsumer</em>, <em>BiConsumer</em>) применяется к параллельному потоку, должна использоваться конкурентная коллекция, иначе возможно <strong>ConcurrentModificationException</strong><br /><br />Stream&lt;String&gt; stream = Stream.of("w", "o", "l", "f").parallel();<br />SortedSet&lt;String&gt; set = stream.collect(ConcurrentSkipListSet::new, Set::add,<br />Set::addAll);<br />System.out.println(set); // [f, l, o, w]',TIMESTAMP '2019-02-13 00:16:02',TIMESTAMP '2019-02-13 00:16:02');
INSERT INTO Question (id,realmId,type,text,regDate,updateDate) OVERRIDING SYSTEM VALUE VALUES (1230,8,2,'Перечислите условия для того, чтобы редукция с помощью коллектора выполнялась многопоточно.',TIMESTAMP '2019-02-13 00:55:12',TIMESTAMP '2019-02-13 00:55:12');
	INSERT INTO Answer (id,questionId,text,correct,comment) OVERRIDING SYSTEM VALUE VALUES (2409,1230,'1. Поток должен быть параллельным<br />2. Метод <strong>characteristics</strong>() коллектора должен иметь энум-константу Collector.Characteristics.<strong>CONCURRENT<br /></strong>3. Метод <strong>characteristics</strong>() коллектора должен иметь энум-константу Collector.Characteristics.<strong>UNORDERED,</strong> либо поток должен быть неупорядоченным.<br /><br />Если условия не соблюдаются, коллектор в параллельном потоке отработает так же, как и для последовательного, выигрыша по производительности не будет.',true,'');
INSERT INTO Question (id,realmId,type,text,regDate,updateDate) OVERRIDING SYSTEM VALUE VALUES (1231,8,2,'Перечислите методы, посредством которых можно получить коллекторы для параллельной редукции.',TIMESTAMP '2019-02-13 01:25:33',TIMESTAMP '2019-02-13 01:25:33');
	INSERT INTO Answer (id,questionId,text,correct,comment) OVERRIDING SYSTEM VALUE VALUES (2410,1231,'1. <strong>toConcurrentMap</strong>(Function&lt;? super T,? extends K&gt; keyMapper, Function&lt;? super T,? extends U&gt; valueMapper)<br />&nbsp;&nbsp; <strong>toConcurrentMap</strong>(Function&lt;? super T,? extends K&gt; keyMapper, Function&lt;? super T,? extends U&gt; valueMapper, BinaryOperator&lt;U&gt; mergeFunction)<br />&nbsp;&nbsp; <strong>toConcurrentMap</strong>(Function&lt;? super T,? extends K&gt; keyMapper, Function&lt;? super T,? extends U&gt; valueMapper, BinaryOperator&lt;U&gt; mergeFunction, Supplier&lt;M&gt; mapSupplier)<br />&nbsp;&nbsp; <br />&nbsp;&nbsp; получается ConcurrentMap&lt;K,U&gt; (точнее, коллектор в нее); mergeFunction - функция преобразования значений дубликатных ключей; mapSupplier - понятно<br />&nbsp;&nbsp; <br />2. <strong>groupingByConcurrent</strong>(Function&lt;? super T,? extends K&gt; classifier) - получается ConcurrentMap&lt;K,List&lt;T&gt;&gt;<br />&nbsp;&nbsp; <strong>groupingByConcurrent</strong>(Function&lt;? super T,? extends K&gt; classifier, Collector&lt;? super T,A,D&gt; downstream) - получается ConcurrentMap&lt;K,D&gt;, D - контейнер поданного коллектора<br />&nbsp;&nbsp; <strong>groupingByConcurrent</strong>(Function&lt;? super T,? extends K&gt; classifier, Supplier&lt;M&gt; mapFactory, Collector&lt;? super T,A,D&gt; downstream) - получается ConcurrentMap&lt;K,D&gt;, D - контейнер поданного коллектора, mapFactory - понятно',true,'');
INSERT INTO Question (id,realmId,type,text,regDate,updateDate) OVERRIDING SYSTEM VALUE VALUES (1232,8,2,'Опишите класс <strong>CyclicBarrier</strong>.',TIMESTAMP '2019-02-14 23:46:43',TIMESTAMP '2019-02-14 23:46:43');
	INSERT INTO Answer (id,questionId,text,correct,comment) OVERRIDING SYSTEM VALUE VALUES (2411,1232,'Класс java.util.concurrent.<strong>CyclicBarrier</strong> предназначен для остановки на определенном месте в ожидании момента, когда до&nbsp; этого места дойдет заданное число потоков.<br />Имеет конструкторы<br />&nbsp; <strong>CyclicBarrier</strong>(<em>int</em> parties)<br />&nbsp; <strong>CyclicBarrier</strong>(<em>int</em> parties, <em>Runnable</em> barrierAction) - после снятия барьера выполняется <em>barrierAction</em><br />&nbsp;<br />&nbsp;Барьер устанавливается методами<br />&nbsp;<em>int </em><strong>await</strong>() throws <em>InterruptedException</em>, <em>BrokenBarrierException</em><br />&nbsp;<em>int </em><strong>await</strong>(<em>long</em> timeout, <em>TimeUnit</em> unit) throws <em>InterruptedException</em>, <em>BrokenBarrierException</em>, <em>TimeoutException</em> - барьер снимается, если истек таймаут.',true,'');
INSERT INTO Question (id,realmId,type,text,regDate,updateDate) OVERRIDING SYSTEM VALUE VALUES (1233,8,0,'Пример использования <strong>CyclicBarrier</strong>. <br />&nbsp;<br />import java.util.concurrent.*;<br />public class LionPenManager {<br />&nbsp;&nbsp;&nbsp; public void performTask(CyclicBarrier cb) {<br />&nbsp;&nbsp;&nbsp;&nbsp;&nbsp;&nbsp;&nbsp; try {<br />&nbsp;&nbsp;&nbsp;&nbsp;&nbsp;&nbsp;&nbsp;&nbsp;&nbsp;&nbsp;&nbsp; someAction();<br />&nbsp;&nbsp;&nbsp;&nbsp;&nbsp;&nbsp;&nbsp;&nbsp;&nbsp;&nbsp;&nbsp; cb.await();<br />&nbsp;&nbsp;&nbsp;&nbsp;&nbsp;&nbsp;&nbsp;&nbsp;&nbsp;&nbsp;&nbsp; otherAction();<br />&nbsp;&nbsp;&nbsp;&nbsp;&nbsp;&nbsp;&nbsp; } catch (InterruptedException | BrokenBarrierException e) {<br />&nbsp;&nbsp;&nbsp;&nbsp;&nbsp;&nbsp;&nbsp;&nbsp;&nbsp;&nbsp;&nbsp; // Handle checked exceptions here<br />&nbsp;&nbsp;&nbsp;&nbsp;&nbsp;&nbsp;&nbsp; }<br />&nbsp;&nbsp;&nbsp; }<br />&nbsp;&nbsp;&nbsp; public static void main(String[] args) {<br />&nbsp;&nbsp;&nbsp;&nbsp;&nbsp;&nbsp;&nbsp; ExecutorService service = null;<br />&nbsp;&nbsp;&nbsp;&nbsp;&nbsp;&nbsp;&nbsp; try {<br />&nbsp;&nbsp;&nbsp;&nbsp;&nbsp;&nbsp;&nbsp;&nbsp;&nbsp;&nbsp;&nbsp; LionPenManager manager = new LionPenManager();<br />&nbsp;&nbsp;&nbsp;&nbsp;&nbsp;&nbsp;&nbsp;&nbsp;&nbsp;&nbsp;&nbsp; CyclicBarrier cb = new CyclicBarrier(4);<br />&nbsp;&nbsp;&nbsp;&nbsp;&nbsp;&nbsp;&nbsp;&nbsp;&nbsp;&nbsp;&nbsp; for(int i=0; i&lt;4; i++)<br />&nbsp;&nbsp;&nbsp;&nbsp;&nbsp;&nbsp;&nbsp;&nbsp;&nbsp;&nbsp;&nbsp;&nbsp;&nbsp;&nbsp;&nbsp; service.submit(() -&gt; manager.performTask(cb));<br />&nbsp;&nbsp;&nbsp;&nbsp;&nbsp;&nbsp;&nbsp; } finally {<br />&nbsp;&nbsp;&nbsp;&nbsp;&nbsp;&nbsp;&nbsp;&nbsp;&nbsp;&nbsp;&nbsp; if(service != null) service.shutdown();<br />&nbsp;&nbsp;&nbsp;&nbsp;&nbsp;&nbsp;&nbsp; }<br />&nbsp;&nbsp;&nbsp; }<br />}',TIMESTAMP '2019-02-14 23:46:56',TIMESTAMP '2019-02-14 23:46:56');
INSERT INTO Question (id,realmId,type,text,regDate,updateDate) OVERRIDING SYSTEM VALUE VALUES (1234,8,0,'Если в пуле потоков меньше, чем установлено в используемом <strong>CyclicBarrier</strong>, то будет deadlock.',TIMESTAMP '2019-02-14 23:47:13',TIMESTAMP '2019-02-14 23:47:13');
INSERT INTO Question (id,realmId,type,text,regDate,updateDate) OVERRIDING SYSTEM VALUE VALUES (1235,8,0,'После того как <strong>CyclicBarrier</strong> открылся, он пригоден к повторному использованию, т.е. следующий поток после открытия станет первым в новой очереди ожидающих.',TIMESTAMP '2019-02-14 23:47:31',TIMESTAMP '2019-02-14 23:47:31');
INSERT INTO Question (id,realmId,type,text,regDate,updateDate) OVERRIDING SYSTEM VALUE VALUES (1236,8,2,'Опишите предназначение класса <strong>ForkJoinTask</strong>.',TIMESTAMP '2019-02-15 00:31:50',TIMESTAMP '2019-02-15 00:31:50');
	INSERT INTO Answer (id,questionId,text,correct,comment) OVERRIDING SYSTEM VALUE VALUES (2412,1236,'Абстрактный класс java.util.concurrent.<strong>ForkJoinTask</strong>&lt;V&gt; предназначен для выполнения масштабной задачи методом ее рекурсивного деления на задачи меньшего объема, которые конкурентно выполняются потоками из специального пула, называемого <strong>ForkJoinPool</strong>.',true,'');
INSERT INTO Question (id,realmId,type,text,regDate,updateDate) OVERRIDING SYSTEM VALUE VALUES (1237,8,2,'Опишите схему работы механизма <strong>Fork/Join</strong>, когда требуется выполнить задачу, которая не возвращает результаты (аналог <strong>Runnable</strong>).',TIMESTAMP '2019-02-15 00:53:25',TIMESTAMP '2019-02-15 00:53:25');
	INSERT INTO Answer (id,questionId,text,correct,comment) OVERRIDING SYSTEM VALUE VALUES (2413,1237,'1. Создаем класс-задачу, наследующий от <strong>RecursiveAction</strong> (который, в свою очередь, является потомком <strong>ForkJoinTask</strong>&lt;<em>Void</em>&gt;).<br />2. В классе реализуем метод <strong>compute</strong>(), в котором либо непосредственно выполняем задачу, либо создаем более мелкие задачи и запускаем их, подавая как аргументы метода <strong>invokeAll</strong>().<br />3. Создаем пул: <em>ForkJoinPool pool = new ForkJoinPool();</em><br />4. Запускаем задачу в пуле: <em>pool.invoke(task);</em><br /><br />(стартовать главную задачу можно и вызовом на ней метода <strong>invoke</strong>(), тогда выполнение начнется в пуле <strong>ForkJoinPool</strong>.<em>commonPool</em>()).',true,'');
INSERT INTO Question (id,realmId,type,text,regDate,updateDate) OVERRIDING SYSTEM VALUE VALUES (1238,8,0,'Особенность <strong>ForkJoinPool</strong> в том, что в нем силами ограниченного числа потоков выполняется большое количество мелких задач (информация из javadoc <strong>ForkJoinTask</strong>).<br /><br />Кстати, есть конструктор <strong>ForkJoinPool</strong>(<em>int</em> parallelism). В конструкторе без аргументов используется значение параллелизма, равное числу активных процессоров.',TIMESTAMP '2019-02-15 00:55:02',TIMESTAMP '2019-02-28 12:46:53');
INSERT INTO Question (id,realmId,type,text,regDate,updateDate) OVERRIDING SYSTEM VALUE VALUES (1239,8,2,'Опишите схему работы механизма <strong>Fork/Join</strong>, когда требуется выполнить задачу, которая возвращает результаты (аналог <strong>Callable</strong>).',TIMESTAMP '2019-02-15 00:59:52',TIMESTAMP '2019-02-15 01:39:14');
	INSERT INTO Answer (id,questionId,text,correct,comment) OVERRIDING SYSTEM VALUE VALUES (2414,1239,'1. Создаем класс-задачу, наследующий от <strong>RecursiveTask</strong>&lt;<em>V</em>&gt; (который, в свою очередь, является потомком <strong>ForkJoinTask</strong>&lt;<em>V</em>&gt;). <em>V</em> - это тип результата.<br />2. В классе реализуем метод <em>V</em> <strong>compute</strong>(), в котором либо непосредственно выполняем задачу и <span style="text-decoration: underline;">возвращаем результат через <strong>return</strong></span>, либо создаем более мелкие задачи и запускаем на них метод <strong>fork</strong>()...<br />3. ...Далее в том же методе <strong>compute</strong>() на последней из изготовленных подзадач запускаем ее метод <strong>compute</strong>(), агрегируем результат с результатами предыдущих "forked"-подзадач, полученными методом <em>V</em> <strong>join</strong>() на подзадаче (этот метод ждет, пока не выполнится задача и ее возможные подзадачи). Результат агрегации <span style="text-decoration: underline;">возвращаем через <strong>return</strong></span>.<br />4. Создаем пул: <em>ForkJoinPool pool = new ForkJoinPool();</em><br />5. Запускаем задачу в пуле: <em>V result = pool.invoke(task);</em><br /><br />(стартовать главную задачу можно и вызовом на ней метода <strong>invoke</strong>(), тогда выполнение начнется в пуле <strong>ForkJoinPool</strong>.<em>commonPool</em>()).',true,'');
INSERT INTO Question (id,realmId,type,text,regDate,updateDate) OVERRIDING SYSTEM VALUE VALUES (1240,8,0,'Важно. При использовании методов <strong>fork</strong> и <strong>join</strong> в <strong>RecursiveTask</strong> необходимо сперва запустить все подзадачи (<strong>fork</strong>&nbsp; и на последней <strong>compute</strong>), а уже потом агрегировать с&nbsp; <strong>join</strong>''ами.<br /><br />Плохо:<br />V otherResult = otherTask.fork().join(); (fork возвращает this)<br />return new MyTask().compute() + otherResult;<br /><br />Хорошо:<br />otherTask.fork();<br />return new MyTask().compute() + otherTask.join();',TIMESTAMP '2019-02-15 01:38:14',TIMESTAMP '2019-02-27 12:49:27');
INSERT INTO Question (id,realmId,type,text,regDate,updateDate) OVERRIDING SYSTEM VALUE VALUES (1241,8,0,'Метод <strong>compute</strong>() в <strong>RecursiveAction</strong> и <strong>RecursiveTask</strong> - <em>protected</em>',TIMESTAMP '2019-02-23 13:21:39',TIMESTAMP '2019-02-23 13:21:39');
INSERT INTO Question (id,realmId,type,text,regDate,updateDate) OVERRIDING SYSTEM VALUE VALUES (1242,8,0,'Метод <strong>invokeAll</strong>() класса <strong>ForkJoinTask</strong> может принимать либо два объекта <strong>ForkJoinTask</strong>, либо варарг из них же.',TIMESTAMP '2019-02-23 13:21:57',TIMESTAMP '2019-02-23 13:21:57');
INSERT INTO Question (id,realmId,type,text,regDate,updateDate) OVERRIDING SYSTEM VALUE VALUES (1243,8,0,'Метод <strong>compute</strong>() в <strong>RecursiveAction</strong> и <strong>RecursiveTask</strong> не принимает аргументов. Поэтому всю необходимую для выполнения задачу информацию принято передавать через конструктор.',TIMESTAMP '2019-02-23 13:22:13',TIMESTAMP '2019-02-23 13:22:13');
INSERT INTO Question (id,realmId,type,text,regDate,updateDate) OVERRIDING SYSTEM VALUE VALUES (1244,8,0,'Если есть несколько участков кода, синхронизированных по одному объекту, то в момент выполнения одного из этих участков блокируется доступ не только к этому участку, но и к остальным.',TIMESTAMP '2019-02-23 13:22:23',TIMESTAMP '2019-02-23 13:22:23');
INSERT INTO Question (id,realmId,type,text,regDate,updateDate) OVERRIDING SYSTEM VALUE VALUES (1245,8,2,'Опишите три ситуации нарушения жизнеспособности программы с точки зрения конкурентности.',TIMESTAMP '2019-02-23 13:22:55',TIMESTAMP '2019-02-23 13:22:55');
	INSERT INTO Answer (id,questionId,text,correct,comment) OVERRIDING SYSTEM VALUE VALUES (2415,1245,'<p>1. <strong>Deadlock</strong>. Поток A заблокировал ресурс X и ожидает ресурса Y, который в свою очередь заблокирован потоком B, ждущим ресурса X. Ожидание будет бесконечным, так как ресурсы никогда не освободятся.</p>
<p>2. <strong>Starvation</strong>. Поток не может получить доступ к ресурсу, так как его каждый раз получают другие потоки.</p>
<p>3. <strong>Livelock</strong>. Потоки не могут получить доступ к ресурсам, но не находятся в режиме ожидания, просто при каждой попытке доступа к ресурсам "мешают" друг другу (взаимное Starvation).</p>',true,'');
INSERT INTO Question (id,realmId,type,text,regDate,updateDate) OVERRIDING SYSTEM VALUE VALUES (1246,10,2,'Вывести на экран число <strong><span style="color: #222222; font-family: Palatino Linotype; font-size: medium;">&pi; </span></strong>с точностью до сотых, <strong>e</strong> с точностью до десятых.',TIMESTAMP '2019-02-23 14:29:04',TIMESTAMP '2019-03-08 08:30:14');
	INSERT INTO Answer (id,questionId,text,correct,comment) OVERRIDING SYSTEM VALUE VALUES (2416,1246,'BigDecimal bd = new BigDecimal(Math.PI);<br />bd = bd.setScale(2, RoundingMode.HALF_UP);<br />System.out.println(bd.doubleValue());<br /><br />bd = new BigDecimal(Math.E).setScale(1, RoundingMode.HALF_UP);<br />System.out.println(bd);',true,'');
INSERT INTO Question (id,realmId,type,text,regDate,updateDate) OVERRIDING SYSTEM VALUE VALUES (1247,8,0,'Атомарные обертки реализованы только для наиболее часто используемых примитивов. Целочисленные не-Integer примитивы можно хранить в <strong>AtomicInteger</strong>. <br /><br /><strong>float</strong> можно хранить в <strong>AtomicInteger</strong> с использованием метода <em>Float</em>.<strong>floatToIntBits</strong>(), а <strong>double</strong> - в <strong>AtomicLong</strong> с использованием <em>Double</em>.<strong>doubleToLongBits</strong>().',TIMESTAMP '2019-02-26 18:28:00',TIMESTAMP '2019-02-26 18:28:19');
INSERT INTO Question (id,realmId,type,text,regDate,updateDate) OVERRIDING SYSTEM VALUE VALUES (1248,8,2,'Что такое упорядоченный/неупорядоченный поток?',TIMESTAMP '2019-02-27 12:14:40',TIMESTAMP '2019-02-27 12:14:52');
	INSERT INTO Answer (id,questionId,text,correct,comment) OVERRIDING SYSTEM VALUE VALUES (2417,1248,'Потоки могут иметь или не иметь порядок отправки элементов в обработку (<em>encounter order</em>).<br />Это свойство зависит <span style="text-decoration: underline;">от источника данных и от промежуточных операций</span>. Например, списки и массивы генерируют упорядоченные потоки, а сеты - нет. Промежуточная операция <strong>sorted</strong>() может сделать поток упорядоченным, а метод <strong>unordered</strong>() может сделать поток неупорядоченным.<br />Для последовательного потока упорядоченность/неупорядоченность не влияет на быстродействие (хотя может влиять на консистентность результата), а в параллельной обработке для неупорядоченных потоков резко возрастает быстродействие.',true,'');
INSERT INTO Question (id,realmId,type,text,regDate,updateDate) OVERRIDING SYSTEM VALUE VALUES (1249,8,0,'Пример использования <strong>RecursiveTask</strong>:<br /><br />public class WeighAnimalTask extends RecursiveTask&lt;Double&gt; {<br />&nbsp;&nbsp;&nbsp; private int start;<br />&nbsp;&nbsp;&nbsp; private int end;<br />&nbsp;&nbsp;&nbsp; private Double[] weights;<br />&nbsp;&nbsp;&nbsp; public WeighAnimalTask(Double[] weights, int start, int end) {<br />&nbsp;&nbsp;&nbsp;&nbsp;&nbsp;&nbsp;&nbsp; this.start = start;<br />&nbsp;&nbsp;&nbsp;&nbsp;&nbsp;&nbsp;&nbsp; this.end = end;<br />&nbsp;&nbsp;&nbsp;&nbsp;&nbsp;&nbsp;&nbsp; this.weights = weights;<br />&nbsp;&nbsp;&nbsp; }<br />&nbsp;&nbsp;&nbsp; protected Double compute() {<br />&nbsp;&nbsp;&nbsp;&nbsp;&nbsp;&nbsp;&nbsp; if(end-start &lt;= 3) {<br />&nbsp;&nbsp;&nbsp;&nbsp;&nbsp;&nbsp;&nbsp;&nbsp;&nbsp;&nbsp;&nbsp; double sum = 0;<br />&nbsp;&nbsp;&nbsp;&nbsp;&nbsp;&nbsp;&nbsp;&nbsp;&nbsp;&nbsp;&nbsp; for(int i=start; i&lt;end; i++) {<br />&nbsp;&nbsp;&nbsp;&nbsp;&nbsp;&nbsp;&nbsp;&nbsp;&nbsp;&nbsp;&nbsp;&nbsp;&nbsp;&nbsp;&nbsp; weights[i] = (double)new Random().nextInt(100);<br />&nbsp;&nbsp;&nbsp;&nbsp;&nbsp;&nbsp;&nbsp;&nbsp;&nbsp;&nbsp;&nbsp;&nbsp;&nbsp;&nbsp;&nbsp; System.out.println("Animal Weighed: "+i);<br />&nbsp;&nbsp;&nbsp;&nbsp;&nbsp;&nbsp;&nbsp;&nbsp;&nbsp;&nbsp;&nbsp;&nbsp;&nbsp;&nbsp;&nbsp; sum += weights[i];<br />&nbsp;&nbsp;&nbsp;&nbsp;&nbsp;&nbsp;&nbsp;&nbsp;&nbsp;&nbsp;&nbsp; }<br />&nbsp;&nbsp;&nbsp;&nbsp;&nbsp;&nbsp;&nbsp;&nbsp;&nbsp;&nbsp;&nbsp; return sum;<br />&nbsp;&nbsp;&nbsp;&nbsp;&nbsp;&nbsp;&nbsp; } else {<br />&nbsp;&nbsp;&nbsp;&nbsp;&nbsp;&nbsp;&nbsp;&nbsp;&nbsp;&nbsp;&nbsp; int middle = start+((end-start)/2);<br />&nbsp;&nbsp;&nbsp;&nbsp;&nbsp;&nbsp;&nbsp;&nbsp;&nbsp;&nbsp;&nbsp; System.out.println("[start="+start+",middle="+middle+",end="+end+"]");<br />&nbsp;&nbsp;&nbsp;&nbsp;&nbsp;&nbsp;&nbsp;&nbsp;&nbsp;&nbsp;&nbsp; RecursiveTask&lt;Double&gt; otherTask = new WeighAnimalTask(weights,start,middle);<br />&nbsp;&nbsp;&nbsp;&nbsp;&nbsp;&nbsp;&nbsp;&nbsp;&nbsp;&nbsp;&nbsp; otherTask.fork();<br />&nbsp;&nbsp;&nbsp;&nbsp;&nbsp;&nbsp;&nbsp;&nbsp;&nbsp;&nbsp;&nbsp; return new WeighAnimalTask(weights,middle,end).compute() + otherTask.join();<br />&nbsp;&nbsp;&nbsp;&nbsp;&nbsp;&nbsp;&nbsp; }<br />&nbsp;&nbsp;&nbsp; }<br />}',TIMESTAMP '2019-02-27 12:54:03',TIMESTAMP '2019-02-27 12:54:20');
INSERT INTO Question (id,realmId,type,text,regDate,updateDate) OVERRIDING SYSTEM VALUE VALUES (1250,8,1,'Given an instance of a <strong>Stream</strong>, <em>s</em>, and a <strong>Collection</strong>, <em>c</em>, which are valid ways of creating a parallel stream? (Choose all that apply.)',TIMESTAMP '2019-02-27 13:05:24',TIMESTAMP '2019-02-27 13:05:24');
	INSERT INTO Answer (id,questionId,text,correct,comment) OVERRIDING SYSTEM VALUE VALUES (2418,1250,'new ParallelStream(s)',false,'');
	INSERT INTO Answer (id,questionId,text,correct,comment) OVERRIDING SYSTEM VALUE VALUES (2419,1250,'c.parallel()',false,'');
	INSERT INTO Answer (id,questionId,text,correct,comment) OVERRIDING SYSTEM VALUE VALUES (2420,1250,'s.parallelStream()',false,'');
	INSERT INTO Answer (id,questionId,text,correct,comment) OVERRIDING SYSTEM VALUE VALUES (2421,1250,'c.parallelStream()',true,'');
	INSERT INTO Answer (id,questionId,text,correct,comment) OVERRIDING SYSTEM VALUE VALUES (2422,1250,'new ParallelStream(c)',false,'');
	INSERT INTO Answer (id,questionId,text,correct,comment) OVERRIDING SYSTEM VALUE VALUES (2423,1250,'s.parallel()',true,'');
INSERT INTO Question (id,realmId,type,text,regDate,updateDate) OVERRIDING SYSTEM VALUE VALUES (1251,8,1,'Which of the following statements about the <em>Callable</em> <strong>call</strong>() and <em>Runnable</em> <strong>run</strong>() methods are correct? (Choose all that apply.)',TIMESTAMP '2019-02-27 13:19:39',TIMESTAMP '2019-02-27 13:19:39');
	INSERT INTO Answer (id,questionId,text,correct,comment) OVERRIDING SYSTEM VALUE VALUES (2424,1251,'Both can throw unchecked exceptions.',true,'');
	INSERT INTO Answer (id,questionId,text,correct,comment) OVERRIDING SYSTEM VALUE VALUES (2425,1251,'Callable takes a generic method argument.',false,'');
	INSERT INTO Answer (id,questionId,text,correct,comment) OVERRIDING SYSTEM VALUE VALUES (2426,1251,'Callable can throw a checked exception.',true,'');
	INSERT INTO Answer (id,questionId,text,correct,comment) OVERRIDING SYSTEM VALUE VALUES (2427,1251,'Both can be implemented with lambda expressions.',true,'');
	INSERT INTO Answer (id,questionId,text,correct,comment) OVERRIDING SYSTEM VALUE VALUES (2428,1251,'Runnable returns a generic type.',false,'');
	INSERT INTO Answer (id,questionId,text,correct,comment) OVERRIDING SYSTEM VALUE VALUES (2429,1251,'Callable returns a generic type.',true,'');
	INSERT INTO Answer (id,questionId,text,correct,comment) OVERRIDING SYSTEM VALUE VALUES (2430,1251,'Both methods return void.',false,'');
INSERT INTO Question (id,realmId,type,text,regDate,updateDate) OVERRIDING SYSTEM VALUE VALUES (1252,8,1,'<p>Which lines need to be changed to make the code compile? (Choose all that apply.)</p>
<p>ExecutorService service = Executors.newSingleThreadScheduledExecutor();<br />service.scheduleWithFixedDelay(() -&gt; { // w1<br />&nbsp;&nbsp;&nbsp;&nbsp;&nbsp;&nbsp;&nbsp; System.out.println("Open Zoo");<br />&nbsp;&nbsp;&nbsp;&nbsp;&nbsp;&nbsp;&nbsp; return null; // w2<br />&nbsp;&nbsp;&nbsp; }, 0, 1, TimeUnit.MINUTES);<br />Future&lt;?&gt; result = service.submit(() -&gt; System.out.println("Wake Staff")); // w3<br />System.out.println(result.get()); // w4</p>',TIMESTAMP '2019-02-27 13:33:46',TIMESTAMP '2019-02-27 13:33:46');
	INSERT INTO Answer (id,questionId,text,correct,comment) OVERRIDING SYSTEM VALUE VALUES (2432,1252,'Line w1',true,'У типа ссылки ExecutorService нет метода scheduleWithFixedDelay');
	INSERT INTO Answer (id,questionId,text,correct,comment) OVERRIDING SYSTEM VALUE VALUES (2433,1252,'Line w2',true,'scheduleWithFixedDelay принимает Runnable, а не Callable');
	INSERT INTO Answer (id,questionId,text,correct,comment) OVERRIDING SYSTEM VALUE VALUES (2434,1252,'Line w3',false,'');
	INSERT INTO Answer (id,questionId,text,correct,comment) OVERRIDING SYSTEM VALUE VALUES (2435,1252,'Line w4',false,'');
	INSERT INTO Answer (id,questionId,text,correct,comment) OVERRIDING SYSTEM VALUE VALUES (2436,1252,'It compiles but throws an exception at runtime.',false,'');
	INSERT INTO Answer (id,questionId,text,correct,comment) OVERRIDING SYSTEM VALUE VALUES (2431,1252,'It compiles and runs without issue.',false,'');
INSERT INTO Question (id,realmId,type,text,regDate,updateDate) OVERRIDING SYSTEM VALUE VALUES (1253,8,1,'What statement about the following code is true?<br /><br />AtomicLong value1 = new AtomicLong(0);<br />final long[] value2 = {0};<br />IntStream.iterate(1, i -&gt; 1).limit(100).parallel()<br />&nbsp;&nbsp;&nbsp; .forEach(i -&gt; value1.incrementAndGet());<br />IntStream.iterate(1, i -&gt; 1).limit(100).parallel()<br />&nbsp;&nbsp;&nbsp; .forEach(i -&gt; ++value2[0]);<br />System.out.println(value1+" "+value2[0]);',TIMESTAMP '2019-02-28 10:43:53',TIMESTAMP '2019-02-28 10:43:53');
	INSERT INTO Answer (id,questionId,text,correct,comment) OVERRIDING SYSTEM VALUE VALUES (2437,1253,'It outputs 100 100.',false,'');
	INSERT INTO Answer (id,questionId,text,correct,comment) OVERRIDING SYSTEM VALUE VALUES (2438,1253,'It outputs 100 99.',false,'');
	INSERT INTO Answer (id,questionId,text,correct,comment) OVERRIDING SYSTEM VALUE VALUES (2439,1253,'The output cannot be determined ahead of time.',true,'');
	INSERT INTO Answer (id,questionId,text,correct,comment) OVERRIDING SYSTEM VALUE VALUES (2440,1253,'The code does not compile.',false,'');
	INSERT INTO Answer (id,questionId,text,correct,comment) OVERRIDING SYSTEM VALUE VALUES (2441,1253,'It compiles but throws an exception at runtime.',false,'');
	INSERT INTO Answer (id,questionId,text,correct,comment) OVERRIDING SYSTEM VALUE VALUES (2442,1253,'It compiles but enters an infinite loop at runtime.',false,'');
INSERT INTO Question (id,realmId,type,text,regDate,updateDate) OVERRIDING SYSTEM VALUE VALUES (1254,8,1,'Fill in the blanks: _________ occur(s) when two or more threads are blocked forever but both appear active. __________occur(s) when two or more threads try to complete a related task at the same time.',TIMESTAMP '2019-02-28 10:51:50',TIMESTAMP '2019-02-28 10:51:50');
	INSERT INTO Answer (id,questionId,text,correct,comment) OVERRIDING SYSTEM VALUE VALUES (2448,1254,'Deadlock, Livelock',false,'');
	INSERT INTO Answer (id,questionId,text,correct,comment) OVERRIDING SYSTEM VALUE VALUES (2443,1254,'Livelock, Deadlock',false,'');
	INSERT INTO Answer (id,questionId,text,correct,comment) OVERRIDING SYSTEM VALUE VALUES (2444,1254,'Deadlock, Starvation',false,'');
	INSERT INTO Answer (id,questionId,text,correct,comment) OVERRIDING SYSTEM VALUE VALUES (2445,1254,'Race conditions, Deadlock',false,'');
	INSERT INTO Answer (id,questionId,text,correct,comment) OVERRIDING SYSTEM VALUE VALUES (2446,1254,'Livelock, Race conditions',true,'');
	INSERT INTO Answer (id,questionId,text,correct,comment) OVERRIDING SYSTEM VALUE VALUES (2447,1254,'Starvation, Race conditions',false,'');
INSERT INTO Question (id,realmId,type,text,regDate,updateDate) OVERRIDING SYSTEM VALUE VALUES (1255,8,1,'Which happens when more tasks are submitted to a thread executor than available threads?',TIMESTAMP '2019-02-28 10:55:12',TIMESTAMP '2019-02-28 10:55:12');
	INSERT INTO Answer (id,questionId,text,correct,comment) OVERRIDING SYSTEM VALUE VALUES (2449,1255,'The thread executor will throw an exception when a task is submitted that is over its thread limit.',false,'');
	INSERT INTO Answer (id,questionId,text,correct,comment) OVERRIDING SYSTEM VALUE VALUES (2450,1255,'The task will be added to an internal queue and completed when there is an available thread.',true,'');
	INSERT INTO Answer (id,questionId,text,correct,comment) OVERRIDING SYSTEM VALUE VALUES (2451,1255,'The thread executor will discard any task over its thread limit.',false,'');
	INSERT INTO Answer (id,questionId,text,correct,comment) OVERRIDING SYSTEM VALUE VALUES (2452,1255,'The call to submit the task to the thread executor will wait until there is a thread available before continuing.',false,'');
	INSERT INTO Answer (id,questionId,text,correct,comment) OVERRIDING SYSTEM VALUE VALUES (2453,1255,'The thread executor creates new temporary threads to complete the additional tasks.',false,'');
INSERT INTO Question (id,realmId,type,text,regDate,updateDate) OVERRIDING SYSTEM VALUE VALUES (1256,8,1,'<p>What is the result of executing the following code snippet?</p>
<p>List&lt;Integer&gt; l1 = Arrays.asList(1,2,3);<br />List&lt;Integer&gt; l2 = new CopyOnWriteArrayList&lt;&gt;(l1);<br />Set&lt;Integer&gt; s3 = new ConcurrentSkipListSet&lt;&gt;();<br />s3.addAll(l1);</p>
<p>for(Integer item: l2) l2.add(4); // x1<br />for(Integer item: s3) s3.add(5); // x2<br />System.out.println(l1.size()+" "+l2.size()+" "+s3.size());</p>',TIMESTAMP '2019-02-28 11:38:27',TIMESTAMP '2019-02-28 11:38:27');
	INSERT INTO Answer (id,questionId,text,correct,comment) OVERRIDING SYSTEM VALUE VALUES (2454,1256,'It outputs 3 6 4.',true,'');
	INSERT INTO Answer (id,questionId,text,correct,comment) OVERRIDING SYSTEM VALUE VALUES (2455,1256,'It outputs 6 6 6.',false,'');
	INSERT INTO Answer (id,questionId,text,correct,comment) OVERRIDING SYSTEM VALUE VALUES (2456,1256,'It outputs 6 3 4.',false,'');
	INSERT INTO Answer (id,questionId,text,correct,comment) OVERRIDING SYSTEM VALUE VALUES (2457,1256,'The code does not compile.',false,'');
	INSERT INTO Answer (id,questionId,text,correct,comment) OVERRIDING SYSTEM VALUE VALUES (2458,1256,'It compiles but throws an exception at runtime on line x1.',false,'');
	INSERT INTO Answer (id,questionId,text,correct,comment) OVERRIDING SYSTEM VALUE VALUES (2459,1256,'It compiles but throws an exception at runtime on line x2.',false,'');
	INSERT INTO Answer (id,questionId,text,correct,comment) OVERRIDING SYSTEM VALUE VALUES (2460,1256,'It compiles but enters an infinite loop at runtime.',false,'');
INSERT INTO Question (id,realmId,type,text,regDate,updateDate) OVERRIDING SYSTEM VALUE VALUES (1257,8,1,'<p>What statements about the following code are true? (Choose all that apply.)</p>
<p>Integer i1 = Arrays.asList(1,2,3,4,5).stream().findAny().get();<br />synchronized(i1) { // y1<br />&nbsp;&nbsp;&nbsp; Integer i2 = Arrays.asList(6,7,8,9,10)<br />&nbsp;&nbsp;&nbsp;&nbsp;&nbsp;&nbsp;&nbsp; .parallelStream()<br />&nbsp;&nbsp;&nbsp;&nbsp;&nbsp;&nbsp;&nbsp; .sorted() // y2<br />&nbsp;&nbsp;&nbsp;&nbsp;&nbsp;&nbsp;&nbsp; .findAny().get(); // y3<br />&nbsp;&nbsp;&nbsp; System.out.println(i1+" "+i2);<br />}</p>',TIMESTAMP '2019-02-28 11:48:05',TIMESTAMP '2019-02-28 11:48:05');
	INSERT INTO Answer (id,questionId,text,correct,comment) OVERRIDING SYSTEM VALUE VALUES (2464,1257,'The code will not compile because of line y2.',false,'');
	INSERT INTO Answer (id,questionId,text,correct,comment) OVERRIDING SYSTEM VALUE VALUES (2465,1257,'The code will not compile because of line y3.',false,'');
	INSERT INTO Answer (id,questionId,text,correct,comment) OVERRIDING SYSTEM VALUE VALUES (2466,1257,'It compiles but throws an exception at runtime.',false,'');
	INSERT INTO Answer (id,questionId,text,correct,comment) OVERRIDING SYSTEM VALUE VALUES (2467,1257,'The output cannot be determined ahead of time.',true,'findAny() непредсказуем ни для последовательного, ни для параллельного потока');
	INSERT INTO Answer (id,questionId,text,correct,comment) OVERRIDING SYSTEM VALUE VALUES (2468,1257,'It compiles but waits forever at runtime.',false,'');
	INSERT INTO Answer (id,questionId,text,correct,comment) OVERRIDING SYSTEM VALUE VALUES (2461,1257,'It outputs 1 6.',false,'');
	INSERT INTO Answer (id,questionId,text,correct,comment) OVERRIDING SYSTEM VALUE VALUES (2462,1257,'It outputs 1 10.',false,'');
	INSERT INTO Answer (id,questionId,text,correct,comment) OVERRIDING SYSTEM VALUE VALUES (2463,1257,'The code will not compile because of line y1.',false,'');
INSERT INTO Question (id,realmId,type,text,regDate,updateDate) OVERRIDING SYSTEM VALUE VALUES (1258,8,1,'<p>Assuming MyTask is an abstract class that&nbsp;extends the ForkJoinTask class, what statements about the following code are true? (Choose all that apply.)</p>
<p>import java.util.concurrent.*;<br />public class FindMin extends MyTask {<br />&nbsp;&nbsp;&nbsp; private Integer[] elements;<br />&nbsp;&nbsp;&nbsp; private int a;<br />&nbsp;&nbsp;&nbsp; private int b;<br />&nbsp;&nbsp;&nbsp; public FindMin(Integer[] elements, int a, int b) {<br />&nbsp;&nbsp;&nbsp;&nbsp;&nbsp;&nbsp;&nbsp; this.elements = elements;<br />&nbsp;&nbsp;&nbsp;&nbsp;&nbsp;&nbsp;&nbsp; this.a = a;<br />&nbsp;&nbsp;&nbsp;&nbsp;&nbsp;&nbsp;&nbsp; this.b = b;<br />&nbsp;&nbsp;&nbsp; }<br />&nbsp;&nbsp;&nbsp; public Integer compute() {<br />&nbsp;&nbsp;&nbsp;&nbsp;&nbsp;&nbsp;&nbsp; if ((b&mdash;a) &lt; 2)<br />&nbsp;&nbsp;&nbsp;&nbsp;&nbsp;&nbsp;&nbsp;&nbsp;&nbsp;&nbsp;&nbsp; return Math.min(elements[a], elements[b]);<br />&nbsp;&nbsp;&nbsp;&nbsp;&nbsp;&nbsp;&nbsp; else {<br />&nbsp;&nbsp;&nbsp;&nbsp;&nbsp;&nbsp;&nbsp;&nbsp;&nbsp;&nbsp;&nbsp; int m = a + ((b&mdash;a) / 2);<br />&nbsp;&nbsp;&nbsp;&nbsp;&nbsp;&nbsp;&nbsp;&nbsp;&nbsp;&nbsp;&nbsp; System.out.println(a + "," + m + "," + b);<br />&nbsp;&nbsp;&nbsp;&nbsp;&nbsp;&nbsp;&nbsp;&nbsp;&nbsp;&nbsp;&nbsp; MyTask t1 = new FindMin(elements, a, m);<br />&nbsp;&nbsp;&nbsp;&nbsp;&nbsp;&nbsp;&nbsp;&nbsp;&nbsp;&nbsp;&nbsp; int result = t1.fork().join();<br />&nbsp;&nbsp;&nbsp;&nbsp;&nbsp;&nbsp;&nbsp;&nbsp;&nbsp;&nbsp;&nbsp; return Math.min(new FindMin(elements, m, b).compute(), result);<br />&nbsp;&nbsp;&nbsp;&nbsp;&nbsp;&nbsp;&nbsp; }<br />&nbsp;&nbsp;&nbsp; }</p>
<p>&nbsp;&nbsp;&nbsp; public static void main(String[] args) throws InterruptedException, ExecutionException {<br />&nbsp;&nbsp;&nbsp;&nbsp;&nbsp;&nbsp;&nbsp; Integer[] elements = new Integer[] { 8, -3, 2, -54 };<br />&nbsp;&nbsp;&nbsp;&nbsp;&nbsp;&nbsp;&nbsp; MyTask task = new FindMin(elements, 0, elements.length&mdash;1);<br />&nbsp;&nbsp;&nbsp;&nbsp;&nbsp;&nbsp;&nbsp; ForkJoinPool pool = new ForkJoinPool(1);<br />&nbsp;&nbsp;&nbsp;&nbsp;&nbsp;&nbsp;&nbsp; Integer sum = pool.invoke(task);<br />&nbsp;&nbsp;&nbsp;&nbsp;&nbsp;&nbsp;&nbsp; System.out.println("Min: " + sum);<br />&nbsp;&nbsp;&nbsp; }<br />}</p>',TIMESTAMP '2019-02-28 12:53:30',TIMESTAMP '2019-02-28 12:54:52');
	INSERT INTO Answer (id,questionId,text,correct,comment) OVERRIDING SYSTEM VALUE VALUES (2469,1258,'The code correctly finds the minimum value in the array.',true,'');
	INSERT INTO Answer (id,questionId,text,correct,comment) OVERRIDING SYSTEM VALUE VALUES (2470,1258,'MyTask inherits RecursiveAction.',false,'');
	INSERT INTO Answer (id,questionId,text,correct,comment) OVERRIDING SYSTEM VALUE VALUES (2471,1258,'MyTask inherits RecursiveTask.',true,'');
	INSERT INTO Answer (id,questionId,text,correct,comment) OVERRIDING SYSTEM VALUE VALUES (2472,1258,'The code produces an infinite loop at runtime.',false,'');
	INSERT INTO Answer (id,questionId,text,correct,comment) OVERRIDING SYSTEM VALUE VALUES (2473,1258,'The class produces single-threaded performance at runtime.',true,'');
	INSERT INTO Answer (id,questionId,text,correct,comment) OVERRIDING SYSTEM VALUE VALUES (2474,1258,'The code does not compile.',false,'Скомпилируется. На самом деле можно представить себе, что MyTask&nbsp; наследует RecursiveTask&lt;Integer&gt;');
INSERT INTO Question (id,realmId,type,text,regDate,updateDate) OVERRIDING SYSTEM VALUE VALUES (1259,8,1,'<p>What statements about the following code are true? (Choose all that apply.)</p>
<p>System.out.println(Arrays.asList("duck","chicken","flamingo","pelican")<br />&nbsp;&nbsp;&nbsp; .parallelStream().parallel() // q1<br />&nbsp;&nbsp;&nbsp; .reduce(0,<br />&nbsp;&nbsp;&nbsp;&nbsp;&nbsp;&nbsp;&nbsp; (c1, c2) -&gt; c1.length() + c2.length(), // q2<br />&nbsp;&nbsp;&nbsp;&nbsp;&nbsp;&nbsp;&nbsp; (s1, s2) -&gt; s1 + s2)); // q3</p>
<p>&nbsp;</p>',TIMESTAMP '2019-02-28 13:05:04',TIMESTAMP '2019-02-28 13:05:04');
	INSERT INTO Answer (id,questionId,text,correct,comment) OVERRIDING SYSTEM VALUE VALUES (2475,1259,'It compiles and runs without issue, outputting the total length of all strings in the stream.',false,'');
	INSERT INTO Answer (id,questionId,text,correct,comment) OVERRIDING SYSTEM VALUE VALUES (2476,1259,'The code will not compile because of line q1.',false,'');
	INSERT INTO Answer (id,questionId,text,correct,comment) OVERRIDING SYSTEM VALUE VALUES (2477,1259,'The code will not compile because of line q2.',true,'В этой версии метода reduce аккумулятор должен принимать на вход первый параметр типа финального результата, а второй - типа потока, т.е. BiFunction&lt;U,? super T,U&gt;');
	INSERT INTO Answer (id,questionId,text,correct,comment) OVERRIDING SYSTEM VALUE VALUES (2478,1259,'The code will not compile because of line q3.',false,'');
	INSERT INTO Answer (id,questionId,text,correct,comment) OVERRIDING SYSTEM VALUE VALUES (2479,1259,'It compiles but throws an exception at runtime.',false,'');
INSERT INTO Question (id,realmId,type,text,regDate,updateDate) OVERRIDING SYSTEM VALUE VALUES (1260,8,1,'<p>What statements about the following code snippet are true? (Choose all that apply.)</p>
<p>Object o1 = new Object();<br />Object o2 = new Object();<br />ExecutorService service = Executors.newFixedThreadPool(2);<br />Future&lt;?&gt; f1 = service.submit(() -&gt; {<br />&nbsp;&nbsp;&nbsp; synchronized (o1) {<br />&nbsp;&nbsp;&nbsp;&nbsp;&nbsp;&nbsp;&nbsp; synchronized (o2) { System.out.println("Tortoise"); } // t1<br />&nbsp;&nbsp;&nbsp; }<br />});<br />Future&lt;?&gt; f2 = service.submit(() -&gt; {<br />&nbsp;&nbsp;&nbsp; synchronized (o2) {<br />&nbsp;&nbsp;&nbsp;&nbsp;&nbsp;&nbsp;&nbsp; synchronized (o1) { System.out.println("Hare"); } // t2<br />&nbsp;&nbsp;&nbsp; }<br />});<br />f1.get();<br />f2.get();</p>',TIMESTAMP '2019-02-28 13:17:01',TIMESTAMP '2019-02-28 13:17:01');
	INSERT INTO Answer (id,questionId,text,correct,comment) OVERRIDING SYSTEM VALUE VALUES (2480,1260,'If the code does output anything, the order cannot be determined.',true,'');
	INSERT INTO Answer (id,questionId,text,correct,comment) OVERRIDING SYSTEM VALUE VALUES (2481,1260,'The code will always output Tortoise followed by Hare.',false,'');
	INSERT INTO Answer (id,questionId,text,correct,comment) OVERRIDING SYSTEM VALUE VALUES (2482,1260,'The code will always output Hare followed by Tortoise.',false,'');
	INSERT INTO Answer (id,questionId,text,correct,comment) OVERRIDING SYSTEM VALUE VALUES (2483,1260,'The code does not compile because of line t1.',false,'');
	INSERT INTO Answer (id,questionId,text,correct,comment) OVERRIDING SYSTEM VALUE VALUES (2484,1260,'The code does not compile because of line t2.',false,'');
	INSERT INTO Answer (id,questionId,text,correct,comment) OVERRIDING SYSTEM VALUE VALUES (2485,1260,'The code may produce a deadlock at runtime.',true,'');
	INSERT INTO Answer (id,questionId,text,correct,comment) OVERRIDING SYSTEM VALUE VALUES (2486,1260,'The code may produce a livelock at runtime.',false,'');
	INSERT INTO Answer (id,questionId,text,correct,comment) OVERRIDING SYSTEM VALUE VALUES (2487,1260,'It compiles but throws an exception at runtime.',false,'');
INSERT INTO Question (id,realmId,type,text,regDate,updateDate) OVERRIDING SYSTEM VALUE VALUES (1261,8,1,'<p>What is the result of executing the following application? (Choose all that apply.)</p>
<p>import java.util.concurrent.*;<br />public class CountNumbers extends RecursiveAction {<br />&nbsp;&nbsp;&nbsp; private int start;<br />&nbsp;&nbsp;&nbsp; private int end;<br />&nbsp;&nbsp;&nbsp; public CountNumbers(int start, int end) {<br />&nbsp;&nbsp;&nbsp;&nbsp;&nbsp;&nbsp;&nbsp; this.start = start;<br />&nbsp;&nbsp;&nbsp;&nbsp;&nbsp;&nbsp;&nbsp; this.end = end;<br />&nbsp;&nbsp;&nbsp; }<br />&nbsp;&nbsp;&nbsp; protected void compute() {<br />&nbsp;&nbsp;&nbsp;&nbsp;&nbsp;&nbsp;&nbsp; if (start&lt;0) return;<br />&nbsp;&nbsp;&nbsp;&nbsp;&nbsp;&nbsp;&nbsp; else {<br />&nbsp;&nbsp;&nbsp;&nbsp;&nbsp;&nbsp;&nbsp;&nbsp;&nbsp;&nbsp;&nbsp; int middle = start + ((end&mdash;start) / 2);<br />&nbsp;&nbsp;&nbsp;&nbsp;&nbsp;&nbsp;&nbsp;&nbsp;&nbsp;&nbsp;&nbsp; invokeAll(new CountNumbers(start, middle),<br />&nbsp;&nbsp;&nbsp;&nbsp;&nbsp;&nbsp;&nbsp;&nbsp;&nbsp;&nbsp;&nbsp; new CountNumbers(middle, end)); // m1<br />&nbsp;&nbsp;&nbsp;&nbsp;&nbsp;&nbsp;&nbsp; }<br />&nbsp;&nbsp;&nbsp; }<br />&nbsp;&nbsp;&nbsp; public static void main(String[] args) {<br />&nbsp;&nbsp;&nbsp;&nbsp;&nbsp;&nbsp;&nbsp; ForkJoinTask&lt;?&gt; task = new CountNumbers(0, 4); // m2<br />&nbsp;&nbsp;&nbsp;&nbsp;&nbsp;&nbsp;&nbsp; ForkJoinPool pool = new ForkJoinPool();<br />&nbsp;&nbsp;&nbsp;&nbsp;&nbsp;&nbsp;&nbsp; Object result = pool.invoke(task); // m3<br />&nbsp;&nbsp;&nbsp; }<br />}</p>',TIMESTAMP '2019-02-28 13:37:30',TIMESTAMP '2019-02-28 13:37:30');
	INSERT INTO Answer (id,questionId,text,correct,comment) OVERRIDING SYSTEM VALUE VALUES (2488,1261,'It compiles and runs without issue.',false,'');
	INSERT INTO Answer (id,questionId,text,correct,comment) OVERRIDING SYSTEM VALUE VALUES (2489,1261,'The code will not compile because of m1.',false,'');
	INSERT INTO Answer (id,questionId,text,correct,comment) OVERRIDING SYSTEM VALUE VALUES (2490,1261,'The code will not compile because of m2.',false,'');
	INSERT INTO Answer (id,questionId,text,correct,comment) OVERRIDING SYSTEM VALUE VALUES (2491,1261,'The code will not compile because of m3.',false,'');
	INSERT INTO Answer (id,questionId,text,correct,comment) OVERRIDING SYSTEM VALUE VALUES (2492,1261,'It compiles but throws an exception at runtime.',true,'По факту будет StackOverflowError');
	INSERT INTO Answer (id,questionId,text,correct,comment) OVERRIDING SYSTEM VALUE VALUES (2493,1261,'It compiles but hangs at runtime.',false,'Не зависнет, т.к. несмотря на то , что терминальный return никогда не будет достигнут, зацикленность выливается в бесконечный запуск compute(), а это приводит к StackOverflowError');
INSERT INTO Question (id,realmId,type,text,regDate,updateDate) OVERRIDING SYSTEM VALUE VALUES (1262,8,1,'<p>What statements about the following code snippet are true? (Choose all that apply.)</p>
<p>4: Stream&lt;String&gt; cats = Stream.of("leopard","lynx","ocelot","puma").parallel();<br />5: Stream&lt;String&gt; bears = Stream.of("panda","grizzly","polar").parallel();<br />6: ConcurrentMap&lt;Boolean, List&lt;String&gt;&gt; data = Stream.of(cats,bears)<br />7:&nbsp;&nbsp;&nbsp;&nbsp; .flatMap(s -&gt; s)<br />8:&nbsp;&nbsp;&nbsp;&nbsp; .collect(Collectors.groupingByConcurrent(s -&gt; !s.startsWith("p")));<br />9: System.out.println(data.get(false).size()+" "+data.get(true).size());</p>',TIMESTAMP '2019-02-28 14:11:51',TIMESTAMP '2019-02-28 14:11:51');
	INSERT INTO Answer (id,questionId,text,correct,comment) OVERRIDING SYSTEM VALUE VALUES (2496,1262,'The code will not compile because of line 6.',false,'');
	INSERT INTO Answer (id,questionId,text,correct,comment) OVERRIDING SYSTEM VALUE VALUES (2497,1262,'The code will not compile because of line 7.',false,'');
	INSERT INTO Answer (id,questionId,text,correct,comment) OVERRIDING SYSTEM VALUE VALUES (2498,1262,'The code will not compile because of line 8.',false,'');
	INSERT INTO Answer (id,questionId,text,correct,comment) OVERRIDING SYSTEM VALUE VALUES (2499,1262,'It compiles but throws an exception at runtime.',false,'');
	INSERT INTO Answer (id,questionId,text,correct,comment) OVERRIDING SYSTEM VALUE VALUES (2500,1262,'The collect() operation is always executed in a single-threaded fashion.',true,'');
	INSERT INTO Answer (id,questionId,text,correct,comment) OVERRIDING SYSTEM VALUE VALUES (2494,1262,'It outputs 3 4.',true,'');
	INSERT INTO Answer (id,questionId,text,correct,comment) OVERRIDING SYSTEM VALUE VALUES (2495,1262,'It outputs 4 3.',false,'');
INSERT INTO Question (id,realmId,type,text,regDate,updateDate) OVERRIDING SYSTEM VALUE VALUES (1263,8,1,'<p>What is the result of calling the following method?</p>
<p>3: public void addAndPrintItems(BlockingDeque&lt;Integer&gt; deque) {<br />4:&nbsp;&nbsp;&nbsp;&nbsp; deque.offer(103);<br />5:&nbsp;&nbsp;&nbsp;&nbsp; deque.offerFirst(20, 1, TimeUnit.SECONDS);<br />6:&nbsp;&nbsp;&nbsp;&nbsp; deque.offerLast(85, 7, TimeUnit.HOURS);<br />7:&nbsp;&nbsp;&nbsp;&nbsp; System.out.print(deque.pollFirst(200, TimeUnit.NANOSECONDS));<br />8:&nbsp;&nbsp;&nbsp;&nbsp; System.out.print(" "+deque.pollLast(1, TimeUnit.MINUTES));<br />9: }</p>',TIMESTAMP '2019-02-28 14:52:13',TIMESTAMP '2019-02-28 14:52:13');
	INSERT INTO Answer (id,questionId,text,correct,comment) OVERRIDING SYSTEM VALUE VALUES (2501,1263,'It outputs 20 85.',false,'');
	INSERT INTO Answer (id,questionId,text,correct,comment) OVERRIDING SYSTEM VALUE VALUES (2502,1263,'It outputs 103 85.',false,'');
	INSERT INTO Answer (id,questionId,text,correct,comment) OVERRIDING SYSTEM VALUE VALUES (2503,1263,'It outputs 20 103.',false,'');
	INSERT INTO Answer (id,questionId,text,correct,comment) OVERRIDING SYSTEM VALUE VALUES (2504,1263,'The code will not compile.',true,'Не обрабатывается и не объявляется проверяемое исключение InterruptedException');
	INSERT INTO Answer (id,questionId,text,correct,comment) OVERRIDING SYSTEM VALUE VALUES (2505,1263,'It compiles but throws an exception at runtime.',false,'');
	INSERT INTO Answer (id,questionId,text,correct,comment) OVERRIDING SYSTEM VALUE VALUES (2506,1263,'The output cannot be determined ahead of time.',false,'Если бы обрабатывалось или объявлялось InterruptedException, то это был бы правильный ответ.');
INSERT INTO Question (id,realmId,type,text,regDate,updateDate) OVERRIDING SYSTEM VALUE VALUES (1264,8,1,'Which of the following are valid Callable expressions? (Choose all that apply.)',TIMESTAMP '2019-02-28 14:59:25',TIMESTAMP '2019-02-28 14:59:25');
	INSERT INTO Answer (id,questionId,text,correct,comment) OVERRIDING SYSTEM VALUE VALUES (2512,1264,'(int count) -&gt; count+1',false,'');
	INSERT INTO Answer (id,questionId,text,correct,comment) OVERRIDING SYSTEM VALUE VALUES (2513,1264,'() -&gt; {System.out.println("Giraffe"); return 10;}',true,'');
	INSERT INTO Answer (id,questionId,text,correct,comment) OVERRIDING SYSTEM VALUE VALUES (2507,1264,'a -&gt; {return 10;}',false,'не должно быть входного параметра');
	INSERT INTO Answer (id,questionId,text,correct,comment) OVERRIDING SYSTEM VALUE VALUES (2508,1264,'() -&gt; {String s = "";}',false,'');
	INSERT INTO Answer (id,questionId,text,correct,comment) OVERRIDING SYSTEM VALUE VALUES (2509,1264,'() -&gt; 5',true,'');
	INSERT INTO Answer (id,questionId,text,correct,comment) OVERRIDING SYSTEM VALUE VALUES (2510,1264,'() -&gt; {return null}',false,'');
	INSERT INTO Answer (id,questionId,text,correct,comment) OVERRIDING SYSTEM VALUE VALUES (2511,1264,'() -&gt; "The" + "Zoo"',true,'');
INSERT INTO Question (id,realmId,type,text,regDate,updateDate) OVERRIDING SYSTEM VALUE VALUES (1265,8,1,'<p>What is the result of executing the following application? (Choose all that apply.)</p>
<p>import java.util.concurrent.*;<br />import java.util.stream.*;<br />public class PrintConstants {<br />&nbsp;&nbsp;&nbsp; public static void main(String[] args) {<br />&nbsp;&nbsp;&nbsp;&nbsp;&nbsp;&nbsp;&nbsp; ExecutorService service = Executors.newScheduledThreadPool(10);<br />&nbsp;&nbsp;&nbsp;&nbsp;&nbsp;&nbsp;&nbsp; DoubleStream.of(3.14159,2.71828) // b1<br />&nbsp;&nbsp;&nbsp;&nbsp;&nbsp;&nbsp;&nbsp;&nbsp;&nbsp;&nbsp;&nbsp; .forEach(c -&gt; service.submit( // b2<br />&nbsp;&nbsp;&nbsp;&nbsp;&nbsp;&nbsp;&nbsp;&nbsp;&nbsp;&nbsp;&nbsp;&nbsp;&nbsp;&nbsp;&nbsp; () -&gt; System.out.println(10*c))); // b3<br />&nbsp;&nbsp;&nbsp;&nbsp;&nbsp;&nbsp;&nbsp; service.execute(() -&gt; System.out.println("Printed")); // b4<br />&nbsp;&nbsp;&nbsp; }<br />}</p>',TIMESTAMP '2019-02-28 15:20:25',TIMESTAMP '2019-02-28 15:20:25');
	INSERT INTO Answer (id,questionId,text,correct,comment) OVERRIDING SYSTEM VALUE VALUES (2514,1265,'It compiles and outputs the two numbers, followed by Printed.',false,'');
	INSERT INTO Answer (id,questionId,text,correct,comment) OVERRIDING SYSTEM VALUE VALUES (2515,1265,'The code will not compile because of line b1.',false,'');
	INSERT INTO Answer (id,questionId,text,correct,comment) OVERRIDING SYSTEM VALUE VALUES (2516,1265,'The code will not compile because of line b2.',false,'');
	INSERT INTO Answer (id,questionId,text,correct,comment) OVERRIDING SYSTEM VALUE VALUES (2517,1265,'The code will not compile because of line b3.',false,'');
	INSERT INTO Answer (id,questionId,text,correct,comment) OVERRIDING SYSTEM VALUE VALUES (2518,1265,'The code will not compile because of line b4.',false,'');
	INSERT INTO Answer (id,questionId,text,correct,comment) OVERRIDING SYSTEM VALUE VALUES (2519,1265,'It compiles but the output cannot be determined ahead of time.',true,'');
	INSERT INTO Answer (id,questionId,text,correct,comment) OVERRIDING SYSTEM VALUE VALUES (2520,1265,'It compiles but throws an exception at runtime.',false,'');
	INSERT INTO Answer (id,questionId,text,correct,comment) OVERRIDING SYSTEM VALUE VALUES (2521,1265,'It compiles but waits forever at runtime.',true,'Речь идет о <span style="text-decoration: underline;">приложении</span>. Оно не завершится, пока не будет остановлен экзекьютор.');
INSERT INTO Question (id,realmId,type,text,regDate,updateDate) OVERRIDING SYSTEM VALUE VALUES (1266,8,1,'<p>Assuming 100 milliseconds is enough time for the tasks submitted to the thread executor to complete, what is the result of executing the following program? (Choose all that apply.)</p>
<p>import java.util.concurrent.*;<br />public class SheepManager {<br />&nbsp;&nbsp;&nbsp; private static AtomicInteger sheepCount1 = new AtomicInteger(0); // w1<br />&nbsp;&nbsp;&nbsp; private static int sheepCount2 = 0;</p>
<p>&nbsp;&nbsp;&nbsp; public static void main(String[] args) throws InterruptedException {<br />&nbsp;&nbsp;&nbsp;&nbsp;&nbsp;&nbsp;&nbsp; ExecutorService service = null;<br />&nbsp;&nbsp;&nbsp;&nbsp;&nbsp;&nbsp;&nbsp; try {<br />&nbsp;&nbsp;&nbsp;&nbsp;&nbsp;&nbsp;&nbsp;&nbsp;&nbsp;&nbsp;&nbsp; service = Executors.newSingleThreadExecutor(); // w2<br />&nbsp;&nbsp;&nbsp;<br />&nbsp;&nbsp;&nbsp;&nbsp;&nbsp;&nbsp;&nbsp;&nbsp;&nbsp;&nbsp;&nbsp; for(int i=0; i&lt;100; i++)<br />&nbsp;&nbsp;&nbsp;&nbsp;&nbsp;&nbsp;&nbsp;&nbsp;&nbsp;&nbsp;&nbsp;&nbsp;&nbsp;&nbsp;&nbsp; service.execute(() -&gt;<br />&nbsp;&nbsp;&nbsp;&nbsp;&nbsp;&nbsp;&nbsp;&nbsp;&nbsp;&nbsp;&nbsp;&nbsp;&nbsp;&nbsp;&nbsp;&nbsp;&nbsp;&nbsp;&nbsp; {sheepCount1.getAndIncrement(); sheepCount2++;}); // w3<br />&nbsp;&nbsp;&nbsp;&nbsp;&nbsp;&nbsp;&nbsp;&nbsp;&nbsp;&nbsp;&nbsp; Thread.sleep(100);<br />&nbsp;&nbsp;&nbsp;&nbsp;&nbsp;&nbsp;&nbsp;&nbsp;&nbsp;&nbsp;&nbsp; System.out.println(sheepCount1+" "+sheepCount2);<br />&nbsp;&nbsp;&nbsp;&nbsp;&nbsp;&nbsp;&nbsp; } finally {<br />&nbsp;&nbsp;&nbsp;&nbsp;&nbsp;&nbsp;&nbsp;&nbsp;&nbsp;&nbsp;&nbsp; if(service != null) service.shutdown();<br />&nbsp;&nbsp;&nbsp;&nbsp;&nbsp;&nbsp;&nbsp; }<br />&nbsp;&nbsp;&nbsp; }<br />}</p>',TIMESTAMP '2019-02-28 15:35:34',TIMESTAMP '2019-02-28 15:35:34');
	INSERT INTO Answer (id,questionId,text,correct,comment) OVERRIDING SYSTEM VALUE VALUES (2528,1266,'It compiles but throws an exception at runtime.',false,'');
	INSERT INTO Answer (id,questionId,text,correct,comment) OVERRIDING SYSTEM VALUE VALUES (2522,1266,'It outputs 100 99.',false,'');
	INSERT INTO Answer (id,questionId,text,correct,comment) OVERRIDING SYSTEM VALUE VALUES (2523,1266,'It outputs 100 100.',true,'По условию, 100 мс хватит на выполнение <span style="text-decoration: underline;">всех</span> задач. Поэтому нет риска, что не успеет все выполниться. А выполнится в фиксированном порядке, т.к. однопоточный экзекьютор.');
	INSERT INTO Answer (id,questionId,text,correct,comment) OVERRIDING SYSTEM VALUE VALUES (2524,1266,'The output cannot be determined ahead of time.',false,'');
	INSERT INTO Answer (id,questionId,text,correct,comment) OVERRIDING SYSTEM VALUE VALUES (2525,1266,'The code will not compile because of line w1.',false,'');
	INSERT INTO Answer (id,questionId,text,correct,comment) OVERRIDING SYSTEM VALUE VALUES (2526,1266,'The code will not compile because of line w2.',false,'');
	INSERT INTO Answer (id,questionId,text,correct,comment) OVERRIDING SYSTEM VALUE VALUES (2527,1266,'The code will not compile because of line w3.',false,'');
INSERT INTO Question (id,realmId,type,text,regDate,updateDate) OVERRIDING SYSTEM VALUE VALUES (1267,8,1,'<p>What is the result of executing the following application? (Choose all that apply.)</p>
<p>import java.util.concurrent.*;<br />import java.util.stream.*;<br />public class StockRoomTracker {<br />&nbsp;&nbsp;&nbsp; public static void await(CyclicBarrier cb) { // j1<br />&nbsp;&nbsp;&nbsp;&nbsp;&nbsp;&nbsp;&nbsp; try { cb.await(); } catch (InterruptedException | BrokenBarrierException e) {<br />&nbsp;&nbsp;&nbsp;&nbsp;&nbsp;&nbsp;&nbsp;&nbsp;&nbsp;&nbsp;&nbsp; // Handle exception<br />&nbsp;&nbsp;&nbsp;&nbsp;&nbsp;&nbsp;&nbsp; }<br />&nbsp;&nbsp;&nbsp; }<br />&nbsp;&nbsp;&nbsp; public static void main(String[] args) {<br />&nbsp;&nbsp;&nbsp;&nbsp;&nbsp;&nbsp;&nbsp; CyclicBarrier cb = new CyclicBarrier(10,<br />&nbsp;&nbsp;&nbsp;&nbsp;&nbsp;&nbsp;&nbsp;&nbsp;&nbsp;&nbsp;&nbsp; () -&gt; System.out.println("Stock Room Full!")); // j2<br />&nbsp;&nbsp;&nbsp;&nbsp;&nbsp;&nbsp;&nbsp; IntStream.iterate(1, i -&gt; 1).limit(9)<br />&nbsp;&nbsp;&nbsp;&nbsp;&nbsp;&nbsp;&nbsp;&nbsp;&nbsp;&nbsp;&nbsp; .parallel().forEach(i -&gt; await(cb)); // j3<br />&nbsp;&nbsp;&nbsp; }<br />}</p>',TIMESTAMP '2019-02-28 15:56:36',TIMESTAMP '2019-02-28 15:56:36');
	INSERT INTO Answer (id,questionId,text,correct,comment) OVERRIDING SYSTEM VALUE VALUES (2529,1267,'It outputs Stock Room Full!',false,'');
	INSERT INTO Answer (id,questionId,text,correct,comment) OVERRIDING SYSTEM VALUE VALUES (2530,1267,'The code will not compile because of line j1.',false,'');
	INSERT INTO Answer (id,questionId,text,correct,comment) OVERRIDING SYSTEM VALUE VALUES (2531,1267,'The code will not compile because of line j2.',false,'');
	INSERT INTO Answer (id,questionId,text,correct,comment) OVERRIDING SYSTEM VALUE VALUES (2532,1267,'The code will not compile because of line j3.',false,'');
	INSERT INTO Answer (id,questionId,text,correct,comment) OVERRIDING SYSTEM VALUE VALUES (2533,1267,'It compiles but throws an exception at runtime.',false,'');
	INSERT INTO Answer (id,questionId,text,correct,comment) OVERRIDING SYSTEM VALUE VALUES (2534,1267,'It compiles but waits forever at runtime.',true,'Интересный момент: даже если бы поток имел 10 элементов, не факт, что мы прошли бы барьер, т.к. JVM могла бы и не выделить целых 10 тредов на один, пусть и параллельный, стрим.');
INSERT INTO Question (id,realmId,type,text,regDate,updateDate) OVERRIDING SYSTEM VALUE VALUES (1268,8,1,'<p>What statements about the following class definition are true? (Choose all that apply.)</p>
<p>public class TicketManager {<br />&nbsp;&nbsp;&nbsp; private TicketManager() { super(); }<br />&nbsp;&nbsp;&nbsp; private static TicketManager instance;<br />&nbsp;&nbsp;&nbsp; public static synchronized TicketManager getInstance() { // k1<br />&nbsp;&nbsp;&nbsp;&nbsp;&nbsp;&nbsp;&nbsp; if (instance == null) instance = new TicketManager(); // k2<br />&nbsp;&nbsp;&nbsp;&nbsp;&nbsp;&nbsp;&nbsp; return instance;<br />&nbsp;&nbsp;&nbsp; }</p>
<p>&nbsp;&nbsp;&nbsp; private int tickets;<br />&nbsp;&nbsp;&nbsp; public int getTicketCount() { return tickets; }<br />&nbsp;&nbsp;&nbsp; public void makeTicketsAvailable(int value) { tickets += value; } // k3<br />&nbsp;&nbsp;&nbsp; public void sellTickets(int value) {<br />&nbsp;&nbsp;&nbsp;&nbsp;&nbsp;&nbsp;&nbsp; synchronized (this) { // k4<br />&nbsp;&nbsp;&nbsp;&nbsp;&nbsp;&nbsp;&nbsp;&nbsp;&nbsp;&nbsp;&nbsp; tickets -= value;<br />&nbsp;&nbsp;&nbsp;&nbsp;&nbsp;&nbsp;&nbsp; }<br />&nbsp;&nbsp;&nbsp; }<br />}</p>',TIMESTAMP '2019-02-28 16:05:07',TIMESTAMP '2019-02-28 16:05:07');
	INSERT INTO Answer (id,questionId,text,correct,comment) OVERRIDING SYSTEM VALUE VALUES (2535,1268,'It compiles without issue.',true,'');
	INSERT INTO Answer (id,questionId,text,correct,comment) OVERRIDING SYSTEM VALUE VALUES (2536,1268,'The code will not compile because of line k2.',false,'');
	INSERT INTO Answer (id,questionId,text,correct,comment) OVERRIDING SYSTEM VALUE VALUES (2537,1268,'The code will not compile because of line k3.',false,'');
	INSERT INTO Answer (id,questionId,text,correct,comment) OVERRIDING SYSTEM VALUE VALUES (2538,1268,'The locks acquired on k1 and k4 are on the same object.',false,'');
	INSERT INTO Answer (id,questionId,text,correct,comment) OVERRIDING SYSTEM VALUE VALUES (2539,1268,'The class correctly prevents concurrency issues for the value of tickets when accessed by multiple threads.',false,'makeTicketsAvailable,увы, не синхронизирован');
	INSERT INTO Answer (id,questionId,text,correct,comment) OVERRIDING SYSTEM VALUE VALUES (2540,1268,'At most one instance of TicketManager will be created in the application.',true,'');
INSERT INTO Question (id,realmId,type,text,regDate,updateDate) OVERRIDING SYSTEM VALUE VALUES (1269,8,1,'Which of the following properties of concurrency are true? (Choose all that apply.)',TIMESTAMP '2019-02-28 16:10:54',TIMESTAMP '2019-02-28 16:10:54');
	INSERT INTO Answer (id,questionId,text,correct,comment) OVERRIDING SYSTEM VALUE VALUES (2544,1269,'Applications with many resource-heavy tasks tend to benefit more from concurrency than ones with CPU-intensive tasks.',true,'');
	INSERT INTO Answer (id,questionId,text,correct,comment) OVERRIDING SYSTEM VALUE VALUES (2545,1269,'Concurrent tasks do not share the same memory.',false,'');
	INSERT INTO Answer (id,questionId,text,correct,comment) OVERRIDING SYSTEM VALUE VALUES (2541,1269,'By itself, concurrency does not guarantee which task will be completed first.',true,'');
	INSERT INTO Answer (id,questionId,text,correct,comment) OVERRIDING SYSTEM VALUE VALUES (2542,1269,'Concurrency always improves the performance of an application.',false,'');
	INSERT INTO Answer (id,questionId,text,correct,comment) OVERRIDING SYSTEM VALUE VALUES (2543,1269,'Computers with a single processor do not benefit from concurrency.',false,'');
INSERT INTO Question (id,realmId,type,text,regDate,updateDate) OVERRIDING SYSTEM VALUE VALUES (1270,8,1,'<p>Assuming an implementation of the performCount() method is provided prior to runtime, which of the following are possible results of executing the following application? (Choose all that apply.)</p>
<p>import java.util.*;<br />import java.util.concurrent.*;<br />import java.util.stream.*;<br />public class CountZooAnimals {<br />&nbsp;&nbsp;&nbsp; public static Integer performCount(int exhibitNumber) {<br />&nbsp;&nbsp;&nbsp;&nbsp;&nbsp;&nbsp;&nbsp; // IMPLEMENTATION OMITTED<br />&nbsp;&nbsp;&nbsp; }</p>
<p>&nbsp;public static void printResults(Future&lt;?&gt; f) {<br />&nbsp;&nbsp;&nbsp;&nbsp;&nbsp;&nbsp;&nbsp; try {<br />&nbsp;&nbsp;&nbsp;&nbsp;&nbsp;&nbsp;&nbsp;&nbsp;&nbsp;&nbsp;&nbsp; System.out.println(f.get()); // o1<br />&nbsp;&nbsp;&nbsp;&nbsp;&nbsp;&nbsp;&nbsp; } catch (Exception e) {<br />&nbsp;&nbsp;&nbsp;&nbsp;&nbsp;&nbsp;&nbsp;&nbsp;&nbsp;&nbsp;&nbsp; System.out.println("Exception!");<br />&nbsp;&nbsp;&nbsp;&nbsp;&nbsp;&nbsp;&nbsp; }<br />&nbsp;&nbsp;&nbsp; }</p>
<p>&nbsp;<br />&nbsp;&nbsp;&nbsp; public static void main(String[] args) throws InterruptedException, ExecutionException {<br />&nbsp;&nbsp;&nbsp;&nbsp;&nbsp;&nbsp;&nbsp; ExecutorService service = Executors.newSingleThreadExecutor();<br />&nbsp;&nbsp;&nbsp;&nbsp;&nbsp;&nbsp;&nbsp; final List&lt;Future&lt;?&gt;&gt; results = new ArrayList&lt;&gt;();<br />&nbsp;&nbsp;&nbsp;&nbsp;&nbsp;&nbsp;&nbsp; IntStream.range(0, 10)<br />&nbsp;&nbsp;&nbsp;&nbsp;&nbsp;&nbsp;&nbsp;&nbsp;&nbsp;&nbsp;&nbsp; .forEach(i -&gt; results.add(<br />&nbsp;&nbsp;&nbsp;&nbsp;&nbsp;&nbsp;&nbsp;&nbsp;&nbsp;&nbsp;&nbsp;&nbsp;&nbsp;&nbsp;&nbsp; service.submit(() -&gt; performCount(i)))); // o2<br />&nbsp;&nbsp;&nbsp;&nbsp;&nbsp;&nbsp;&nbsp; results.stream().forEach(f -&gt; printResults(f));<br />&nbsp;&nbsp;&nbsp;&nbsp;&nbsp;&nbsp;&nbsp; service.shutdown();<br />&nbsp;&nbsp;&nbsp; }<br />}</p>',TIMESTAMP '2019-02-28 16:57:49',TIMESTAMP '2019-02-28 16:57:49');
	INSERT INTO Answer (id,questionId,text,correct,comment) OVERRIDING SYSTEM VALUE VALUES (2546,1270,'It outputs a number 10 times.',true,'необязательно, но возможно');
	INSERT INTO Answer (id,questionId,text,correct,comment) OVERRIDING SYSTEM VALUE VALUES (2547,1270,'It outputs a Boolean value 10 times.',false,'');
	INSERT INTO Answer (id,questionId,text,correct,comment) OVERRIDING SYSTEM VALUE VALUES (2548,1270,'It outputs a null value 10 times.',true,'необязательно, но возможно, если performCount так реализован');
	INSERT INTO Answer (id,questionId,text,correct,comment) OVERRIDING SYSTEM VALUE VALUES (2549,1270,'It outputs Exception! 10 times.',true,'необязательно, но возможно. Если performCount выбрасывает исключение, то в Future.get будет ExecutionException');
	INSERT INTO Answer (id,questionId,text,correct,comment) OVERRIDING SYSTEM VALUE VALUES (2550,1270,'It hangs indefinitely at runtime.',true,'performCount может и повиснуть');
	INSERT INTO Answer (id,questionId,text,correct,comment) OVERRIDING SYSTEM VALUE VALUES (2551,1270,'It throws an unhandled exception at runtime.',false,'не должно такого быть, все обрабатывается');
	INSERT INTO Answer (id,questionId,text,correct,comment) OVERRIDING SYSTEM VALUE VALUES (2552,1270,'The code will not compile because of line o1.',false,'');
	INSERT INTO Answer (id,questionId,text,correct,comment) OVERRIDING SYSTEM VALUE VALUES (2553,1270,'The code will not compile because of line o2.',false,'');
INSERT INTO Question (id,realmId,type,text,regDate,updateDate) OVERRIDING SYSTEM VALUE VALUES (1271,8,1,'<p>What is the result of executing the following program?</p>
<p>import java.util.*;<br />import java.util.concurrent.*;<br />import java.util.stream.*;</p>
<p>public class PrintCounter {<br />&nbsp;&nbsp;&nbsp; static int counter = 0;<br />&nbsp;&nbsp;&nbsp; public static void main(String[] args) throws InterruptedException, ExecutionException {<br />&nbsp;&nbsp;&nbsp;&nbsp;&nbsp;&nbsp;&nbsp; ExecutorService service = Executors.newSingleThreadExecutor();<br />&nbsp;&nbsp;&nbsp;&nbsp;&nbsp;&nbsp;&nbsp; List&lt;Future&lt;?&gt;&gt; results = new ArrayList&lt;&gt;();<br />&nbsp;&nbsp;&nbsp;&nbsp;&nbsp;&nbsp;&nbsp; IntStream.iterate(0,i -&gt; i+1).limit(5).forEach(<br />&nbsp;&nbsp;&nbsp;&nbsp;&nbsp;&nbsp;&nbsp;&nbsp;&nbsp;&nbsp;&nbsp; i -&gt; results.add(service.execute(() -&gt; counter++)) // n1<br />&nbsp;&nbsp;&nbsp;&nbsp;&nbsp;&nbsp;&nbsp; );<br />&nbsp;&nbsp;&nbsp;&nbsp;&nbsp;&nbsp;&nbsp; for(Future&lt;?&gt; result : results) {<br />&nbsp;&nbsp;&nbsp;&nbsp;&nbsp;&nbsp;&nbsp;&nbsp;&nbsp;&nbsp;&nbsp; System.out.print(result.get()+" "); // n2<br />&nbsp;&nbsp;&nbsp;&nbsp;&nbsp;&nbsp;&nbsp; }<br />&nbsp;&nbsp;&nbsp;&nbsp;&nbsp;&nbsp;&nbsp; service.shutdown();<br />&nbsp;&nbsp;&nbsp; }<br />}</p>',TIMESTAMP '2019-02-28 17:12:52',TIMESTAMP '2019-02-28 17:12:52');
	INSERT INTO Answer (id,questionId,text,correct,comment) OVERRIDING SYSTEM VALUE VALUES (2560,1271,'The code will not compile because of line n2.',false,'');
	INSERT INTO Answer (id,questionId,text,correct,comment) OVERRIDING SYSTEM VALUE VALUES (2554,1271,'It prints 0 1 2 3 4',false,'');
	INSERT INTO Answer (id,questionId,text,correct,comment) OVERRIDING SYSTEM VALUE VALUES (2555,1271,'It prints 1 2 3 4 5',false,'');
	INSERT INTO Answer (id,questionId,text,correct,comment) OVERRIDING SYSTEM VALUE VALUES (2556,1271,'It prints null null null null null',false,'');
	INSERT INTO Answer (id,questionId,text,correct,comment) OVERRIDING SYSTEM VALUE VALUES (2557,1271,'It hangs indefinitely at runtime.',false,'');
	INSERT INTO Answer (id,questionId,text,correct,comment) OVERRIDING SYSTEM VALUE VALUES (2558,1271,'The output cannot be determined.',false,'');
	INSERT INTO Answer (id,questionId,text,correct,comment) OVERRIDING SYSTEM VALUE VALUES (2559,1271,'The code will not compile because of line n1.',true,'execute()&nbsp; возвращает void, а не Future');
INSERT INTO Question (id,realmId,type,text,regDate,updateDate) OVERRIDING SYSTEM VALUE VALUES (1272,8,2,'Опишите концепцию пути к файлу (<em>file path</em>).',TIMESTAMP '2019-02-28 20:41:25',TIMESTAMP '2019-02-28 20:44:07');
	INSERT INTO Answer (id,questionId,text,correct,comment) OVERRIDING SYSTEM VALUE VALUES (2561,1272,'Путь к файлу можно охарактеризовать как строковое представление файла (или папки) внутри файловой системы.',true,'');
INSERT INTO Question (id,realmId,type,text,regDate,updateDate) OVERRIDING SYSTEM VALUE VALUES (1273,8,0,'Класс java.io.<strong>File</strong> является представлением конкретного файла или папки файловой системы. Не может самостоятельно осуществлять чтение или запись.',TIMESTAMP '2019-02-28 21:13:00',TIMESTAMP '2019-02-28 21:13:00');
INSERT INTO Question (id,realmId,type,text,regDate,updateDate) OVERRIDING SYSTEM VALUE VALUES (1274,8,2,'Укажите два способа получения файлового разделителя текущей файловой системы.',TIMESTAMP '2019-03-01 15:17:18',TIMESTAMP '2019-03-01 15:17:18');
	INSERT INTO Answer (id,questionId,text,correct,comment) OVERRIDING SYSTEM VALUE VALUES (2562,1274,'1) Системное свойство: <strong>System.getProperty("file.separator")</strong><br />2) статическая переменная класса File: <strong>java.io.File.separator</strong>',true,'');
INSERT INTO Question (id,realmId,type,text,regDate,updateDate) OVERRIDING SYSTEM VALUE VALUES (1275,8,2,'Укажите три основных способа создания объекта <strong>File</strong>.',TIMESTAMP '2019-03-01 16:04:49',TIMESTAMP '2019-03-01 16:14:38');
	INSERT INTO Answer (id,questionId,text,correct,comment) OVERRIDING SYSTEM VALUE VALUES (2563,1275,'1) Конструктор, принимающий абсолютный путь:<br /><br />&nbsp;&nbsp;&nbsp;&nbsp;&nbsp;&nbsp;&nbsp; File file = new File("C:\\tmp2\\new&nbsp; 32.rb");<br />&nbsp;&nbsp;&nbsp;&nbsp;&nbsp;&nbsp;&nbsp; File file = new File("/home/smith/data/zoo.txt");<br /><br />2) Конструктор, принимающий относительный путь:<br /><br />&nbsp;&nbsp;&nbsp;&nbsp;&nbsp;&nbsp;&nbsp; File file = new File("."); //текущая папка<br />&nbsp;&nbsp;&nbsp;&nbsp;&nbsp;&nbsp;&nbsp; File file = new File("build.xml"); //файл в текущей папке<br />&nbsp;&nbsp;&nbsp;&nbsp;&nbsp;&nbsp;&nbsp; File file = new File("./build.xml"); //файл в текущей папке<br />&nbsp;&nbsp;&nbsp;&nbsp;&nbsp;&nbsp;&nbsp; File file = new File(".\\build.xml"); //файл в текущей папке<br /><br />3) Конструктор, принимающий папку и относительный путь:<br /><br />&nbsp;&nbsp;&nbsp;&nbsp;&nbsp;&nbsp; File file = new File(new File(".."), "Test/build.xml");<br />&nbsp;&nbsp;&nbsp;&nbsp;&nbsp;&nbsp; File file = new File(new File(".."), "/Test/build.xml");<br /><br /><br />
<div style="padding-left: 30px;">&nbsp;</div>',true,'');
INSERT INTO Question (id,realmId,type,text,regDate,updateDate) OVERRIDING SYSTEM VALUE VALUES (1276,8,2,'Перечислите методы объекта <strong>File</strong>, которые возвращают информацию о данном файле.',TIMESTAMP '2019-03-01 16:14:12',TIMESTAMP '2019-03-01 16:24:22');
	INSERT INTO Answer (id,questionId,text,correct,comment) OVERRIDING SYSTEM VALUE VALUES (2564,1276,'<strong>exists</strong>()<br /><br /><strong>getName</strong>() - имя файла/папки<br /><br /><strong>getAbsolutePath</strong>()<br /><br /><strong>isDirectory</strong>() <br /><br /><strong>isFile</strong>() <br /><br /><em>long</em><strong> length</strong>() - длина файла, 0 для несуществующих, непредсказуемо для папок<br /><br /><em>long</em><strong> lastModified</strong>() - время в миллисекундах с эпохи.<br /><br /><strong>getParent</strong>() - имя родительской папки (независимо от существования), либо null, если папки нет<br /><br /><strong>File</strong>[] <strong>listFiles</strong>() - массив файлов/папок&nbsp;в папке',true,'');
INSERT INTO Question (id,realmId,type,text,regDate,updateDate) OVERRIDING SYSTEM VALUE VALUES (1277,8,2,'Перечислите основные управляющие методы объекта <strong>File</strong>.',TIMESTAMP '2019-03-01 16:22:02',TIMESTAMP '2019-03-01 16:30:16');
	INSERT INTO Answer (id,questionId,text,correct,comment) OVERRIDING SYSTEM VALUE VALUES (2565,1277,'<em>boolean</em><strong> delete</strong>() - удаление файла/пустой папки<br /><br /><em>boolean</em> <strong>renameTo</strong>(<em>File</em> dest) - переименование в dest<br /><br /><em>boolean</em> <strong>mkdir</strong>()&nbsp; - создать папку, выраженную данным объектом File.<br /><br /><em>boolean</em> <strong>mkdirs</strong>()&nbsp; - создать папку, выраженную данным объектом File, плюс все промежуточные, какие требуются',true,'');
INSERT INTO Question (id,realmId,type,text,regDate,updateDate) OVERRIDING SYSTEM VALUE VALUES (1278,8,2,'Дайте общее определение потока ввода-вывода (<em>IO Stream</em>).',TIMESTAMP '2019-03-01 16:56:02',TIMESTAMP '2019-03-01 16:57:06');
	INSERT INTO Answer (id,questionId,text,correct,comment) OVERRIDING SYSTEM VALUE VALUES (2566,1278,'Это список элементов данных ("блоков"), предоставляемых последовательно. В идеальной концепции поток бесконечен, или, во всяком случае, велик настолько, чтобы не поместиться целиком в оперативную память, т.е. у нас нет возможности "перескочить" к его началу или концу.',true,'');
INSERT INTO Question (id,realmId,type,text,regDate,updateDate) OVERRIDING SYSTEM VALUE VALUES (1279,8,0,'Подавляющее число потоков ввода-вывода в Java на&nbsp;нижнем уровне оперируют байтами или массивами байт.',TIMESTAMP '2019-03-01 17:00:31',TIMESTAMP '2019-03-01 17:00:31');
INSERT INTO Question (id,realmId,type,text,regDate,updateDate) OVERRIDING SYSTEM VALUE VALUES (1280,8,2,'Опишите различие между классами-потоками (<em>Streams</em>) и классами чтения-записи (<em>Readers/Writers</em>)',TIMESTAMP '2019-03-01 17:08:12',TIMESTAMP '2019-03-01 17:08:48');
	INSERT INTO Answer (id,questionId,text,correct,comment) OVERRIDING SYSTEM VALUE VALUES (2567,1280,'Streams используются для ввода-вывода всех типов бинарных или байтовых данных.<br /><br />Readers/Writers используются для ввода-вывода исключительно символьных и строковых данных. По факту это тоже потоки!',true,'');
INSERT INTO Question (id,realmId,type,text,regDate,updateDate) OVERRIDING SYSTEM VALUE VALUES (1281,8,0,'Хотя можно обойтись без <em>Readers</em>/<em>Writers</em> и делать все с помощью <em>Streams</em>, у первых есть важное преимущество: не надо беспокоиться о двоичном представлении строк. Поэтому эти классы часто называют вспомогательными для работы с текстовыми данными.',TIMESTAMP '2019-03-01 17:15:23',TIMESTAMP '2019-03-01 17:15:23');
INSERT INTO Question (id,realmId,type,text,regDate,updateDate) OVERRIDING SYSTEM VALUE VALUES (1282,8,0,'Все Streams-классы &nbsp;имеют в своем названии InputStream или OutputStream, а Readers/Writers - Reader или Writer.',TIMESTAMP '2019-03-01 17:16:39',TIMESTAMP '2019-03-01 17:16:39');
INSERT INTO Question (id,realmId,type,text,regDate,updateDate) OVERRIDING SYSTEM VALUE VALUES (1283,8,0,'По названию IO-класса часто можно понять, для чего он предназначен.<br />Например, <strong>FileReader</strong> читает данные из файла в виде строк или символов, а <strong>ObjectOutputStream</strong> записывает данные объекта в поток байтов.',TIMESTAMP '2019-03-01 17:19:08',TIMESTAMP '2019-03-01 17:19:08');
INSERT INTO Question (id,realmId,type,text,regDate,updateDate) OVERRIDING SYSTEM VALUE VALUES (1284,8,0,'Хотя большинство IO-классов образуют пары (FileReader/FileWriter, FileInputStream/FileOutputStream и т.д.), есть и непарные: <strong>PrintWriter</strong> (нет PrintReader) и <strong>PrintStream</strong> (нет PrintInputStream).',TIMESTAMP '2019-03-01 17:24:30',TIMESTAMP '2019-03-01 17:24:30');
INSERT INTO Question (id,realmId,type,text,regDate,updateDate) OVERRIDING SYSTEM VALUE VALUES (1285,8,2,'Что такое низкоуровневые и высокоуровневые потоки ввода-вывода?',TIMESTAMP '2019-03-01 17:38:46',TIMESTAMP '2019-03-01 17:38:46');
	INSERT INTO Answer (id,questionId,text,correct,comment) OVERRIDING SYSTEM VALUE VALUES (2568,1285,'Низкоуровневые потоки взаимодействуют с источником данных (файлом, массивом, строкой) непосредственно&nbsp;и без фильтрации. Например, <strong>FileInputStream</strong> читает по одному байту за один раз.<br /><br />Высокоуровневые потоки "оборачивают" другие потоки, обеспечивая дополнительную функциональность и/или переопределяя исходный API.',true,'');
INSERT INTO Question (id,realmId,type,text,regDate,updateDate) OVERRIDING SYSTEM VALUE VALUES (1286,8,0,'Примеры обертки низкоуровневых потоков высокоуровневыми:<br /><br />try (<br />&nbsp;&nbsp;&nbsp; BufferedReader bufferedReader = new BufferedReader(<br />&nbsp;&nbsp;&nbsp;&nbsp;&nbsp;&nbsp;&nbsp;&nbsp;&nbsp;&nbsp;&nbsp;&nbsp;&nbsp;&nbsp;&nbsp;&nbsp;&nbsp;&nbsp;&nbsp;&nbsp;&nbsp;&nbsp;&nbsp;&nbsp;&nbsp;&nbsp;&nbsp;&nbsp;&nbsp;&nbsp;&nbsp;&nbsp;&nbsp;&nbsp;&nbsp;&nbsp;&nbsp;&nbsp;&nbsp; new FileReader("zoo-data.txt"))) {<br />&nbsp;&nbsp;&nbsp; System.out.println(bufferedReader.readLine());<br />}<br /><br />try (ObjectInputStream objectStream = new ObjectInputStream(<br />&nbsp;&nbsp;&nbsp;&nbsp;&nbsp;&nbsp;&nbsp;&nbsp;&nbsp;&nbsp;&nbsp;&nbsp;&nbsp;&nbsp;&nbsp;&nbsp;&nbsp;&nbsp;&nbsp;&nbsp;&nbsp;&nbsp;&nbsp;&nbsp;&nbsp;&nbsp;&nbsp;&nbsp;&nbsp;&nbsp;&nbsp;&nbsp;&nbsp;&nbsp;&nbsp;&nbsp;&nbsp;&nbsp;&nbsp; new BufferedInputStream(<br />&nbsp;&nbsp;&nbsp;&nbsp;&nbsp;&nbsp;&nbsp;&nbsp;&nbsp;&nbsp;&nbsp;&nbsp;&nbsp;&nbsp;&nbsp;&nbsp;&nbsp;&nbsp;&nbsp;&nbsp;&nbsp;&nbsp;&nbsp;&nbsp;&nbsp;&nbsp;&nbsp;&nbsp;&nbsp;&nbsp;&nbsp;&nbsp;&nbsp;&nbsp;&nbsp;&nbsp;&nbsp;&nbsp;&nbsp;&nbsp;&nbsp;&nbsp;&nbsp; new FileInputStream("zoo-data.txt")))) {<br />&nbsp;&nbsp;&nbsp; System.out.println(objectStream.readObject());<br />}',TIMESTAMP '2019-03-01 17:43:23',TIMESTAMP '2019-03-01 17:43:23');
INSERT INTO Question (id,realmId,type,text,regDate,updateDate) OVERRIDING SYSTEM VALUE VALUES (1287,8,0,'При работе с файлами практически всегда целесообразно использовать буферизованные потоки.',TIMESTAMP '2019-03-01 17:48:17',TIMESTAMP '2019-03-01 17:48:17');
INSERT INTO Question (id,realmId,type,text,regDate,updateDate) OVERRIDING SYSTEM VALUE VALUES (1288,8,2,'Перечислите 4 абстрактных класса, от которых происходят все классы ввода-вывода.',TIMESTAMP '2019-03-01 17:51:08',TIMESTAMP '2019-03-01 17:51:08');
	INSERT INTO Answer (id,questionId,text,correct,comment) OVERRIDING SYSTEM VALUE VALUES (2569,1288,'<strong>InputStream</strong>, <strong>OutputStream</strong>, <strong>Reader</strong>, <strong>Writer</strong><br /><br />Все они находятся в пакете <strong>java.io</strong>',true,'');
INSERT INTO Question (id,realmId,type,text,regDate,updateDate) OVERRIDING SYSTEM VALUE VALUES (1289,8,0,'Примеры строк, которые не скомпилируются:<br /><br />new BufferedInputStream(new FileReader("zoo-data.txt")); // нельзя мешать Stream и Reader/Writer<br />new BufferedWriter(new FileOutputStream("zoo-data.txt")); // нельзя мешать Stream и Reader/Writer<br />new ObjectInputStream(new FileOutputStream("zoo-data.txt")); // // нельзя мешать&nbsp;Input и Output<br />new BufferedInputStream(new InputStream()); // нельзя создать экземпляр абстрактного класса',TIMESTAMP '2019-03-01 18:16:38',TIMESTAMP '2019-03-01 18:16:58');
INSERT INTO Question (id,realmId,type,text,regDate,updateDate) OVERRIDING SYSTEM VALUE VALUES (1290,8,0,'Buffered-классы читают/записывают данные не побайтно/посимвольно, а сразу группами байт/символов.',TIMESTAMP '2019-03-01 18:20:31',TIMESTAMP '2019-03-01 18:20:31');
INSERT INTO Question (id,realmId,type,text,regDate,updateDate) OVERRIDING SYSTEM VALUE VALUES (1291,8,2,'Перечислите основные классы ввода-вывода.',TIMESTAMP '2019-03-01 18:37:47',TIMESTAMP '2019-03-01 18:37:47');
	INSERT INTO Answer (id,questionId,text,correct,comment) OVERRIDING SYSTEM VALUE VALUES (2570,1291,'1) Абстрактные: <strong>InputStream</strong>, <strong>OutputStream</strong>, <strong>Reader</strong>, <strong>Writer</strong><br />2) Файловые: <strong>FileInputStream</strong>, <strong>FileOutputStream</strong>, <strong>FileReader</strong>, <strong>FileWriter<br /></strong>3) Буферизующие: <strong>BufferedInputStream, BufferedOutputStream, </strong><strong>BufferedReader</strong>, <strong>BufferedWriter<br /></strong>4) Сериализация/десериализация: <strong>ObjectInputStream</strong>, <strong>ObjectOutputStream</strong>.<br />5) Конвертеры: <strong>InputStreamReader</strong>, <strong>OutputStreamWriter</strong>.<br />6) <strong>PrintStream</strong>, <strong>PrintWriter</strong> - <em>описать позже.</em>',true,'');
INSERT INTO Question (id,realmId,type,text,regDate,updateDate) OVERRIDING SYSTEM VALUE VALUES (1292,8,0,'Потоки ввода-вывода рекомендуется закрывать с помощью <strong>try-with-resource</strong>.',TIMESTAMP '2019-03-02 12:57:55',TIMESTAMP '2019-03-02 12:57:55');
INSERT INTO Question (id,realmId,type,text,regDate,updateDate) OVERRIDING SYSTEM VALUE VALUES (1293,8,0,'У потоков <span style="text-decoration: underline;">вывода</span> есть метод <strong>flush</strong>(), который записывает всю кэшированную информацию. Он запускается автоматически при вызове <strong>close</strong>().',TIMESTAMP '2019-03-02 13:05:42',TIMESTAMP '2019-03-02 13:05:42');
INSERT INTO Question (id,realmId,type,text,regDate,updateDate) OVERRIDING SYSTEM VALUE VALUES (1294,8,2,'Опишите процедуру маркирования потока <span style="text-decoration: underline;">ввода</span>.',TIMESTAMP '2019-03-02 13:24:48',TIMESTAMP '2019-03-02 13:34:37');
	INSERT INTO Answer (id,questionId,text,correct,comment) OVERRIDING SYSTEM VALUE VALUES (2571,1294,'<p>На входном потоке можно вызвать метод <strong>mark</strong>(int <em>readlimit</em>).<br />Если потом вызвать <strong>reset</strong>(), то поток вернется к состоянию на момент вызова <strong>mark</strong>(). <br /><em>readlimit</em> - это число символов/байт, которые можно считать после <strong>mark</strong>() без вреда для последующего <strong>reset</strong>() (если считать больше, <strong>reset</strong>() может выполниться некорректно).<br />Методы <strong>mark</strong>() и <strong>reset</strong>() класса <strong>Reader</strong> выдают <em>IOException</em>, так же как и метод <strong>reset</strong>() класса <strong>InputStream</strong>. Для <strong>reset</strong>() это в основном происходит, если превышен readlimit. Для методов класса <strong>Reader</strong> это исключение может свидетельствовать и о другой ошибке ввода-вывода.<br /><br />Важно! Не все потоки поддерживают <strong>mark</strong>(). Перед использованием этого механизма нужно проверять <strong>markSupported</strong>().<br /><br /></p>',true,'');
INSERT INTO Question (id,realmId,type,text,regDate,updateDate) OVERRIDING SYSTEM VALUE VALUES (1295,8,0,'Не следует запускать метод <strong>mark</strong>() с очень ольшим значением <em>readlimit</em>, т.к. это может привести к перерасходу памяти.',TIMESTAMP '2019-03-02 13:28:46',TIMESTAMP '2019-03-02 13:28:46');
INSERT INTO Question (id,realmId,type,text,regDate,updateDate) OVERRIDING SYSTEM VALUE VALUES (1296,8,0,'Пример использования <strong>mark</strong>:<br /><br />&nbsp;&nbsp;&nbsp;&nbsp;&nbsp;&nbsp;&nbsp; InputStream is = new ByteArrayInputStream("ABCD".getBytes());<br />&nbsp;&nbsp;&nbsp;&nbsp;&nbsp;&nbsp;&nbsp; System.out.print ((char)is.read());<br />&nbsp;&nbsp;&nbsp;&nbsp;&nbsp;&nbsp;&nbsp; if(is.markSupported()) {<br />&nbsp;&nbsp;&nbsp;&nbsp;&nbsp;&nbsp;&nbsp;&nbsp;&nbsp;&nbsp;&nbsp; is.mark(100);<br />&nbsp;&nbsp;&nbsp;&nbsp;&nbsp;&nbsp;&nbsp;&nbsp;&nbsp;&nbsp;&nbsp; System.out.print((char)is.read());<br />&nbsp;&nbsp;&nbsp;&nbsp;&nbsp;&nbsp;&nbsp;&nbsp;&nbsp;&nbsp;&nbsp; System.out.print((char)is.read());<br />&nbsp;&nbsp;&nbsp;&nbsp;&nbsp;&nbsp;&nbsp;&nbsp;&nbsp;&nbsp;&nbsp; is.reset();<br />&nbsp;&nbsp;&nbsp;&nbsp;&nbsp;&nbsp;&nbsp; }<br />&nbsp;&nbsp;&nbsp;&nbsp;&nbsp;&nbsp;&nbsp; System.out.print((char)is.read());<br />&nbsp;&nbsp;&nbsp;&nbsp;&nbsp;&nbsp;&nbsp; System.out.print((char)is.read());<br />&nbsp;&nbsp;&nbsp;&nbsp;&nbsp;&nbsp;&nbsp; System.out.print((char)is.read());<br /><br />&gt;&gt;&gt; ABCBCD',TIMESTAMP '2019-03-02 13:44:57',TIMESTAMP '2019-03-02 13:44:57');
INSERT INTO Question (id,realmId,type,text,regDate,updateDate) OVERRIDING SYSTEM VALUE VALUES (1297,8,2,'Опишите метод <strong>read</strong>() классов <strong>InputStream</strong> и <strong>Reader</strong>.',TIMESTAMP '2019-03-02 14:05:32',TIMESTAMP '2019-03-02 14:05:32');
	INSERT INTO Answer (id,questionId,text,correct,comment) OVERRIDING SYSTEM VALUE VALUES (2572,1297,'<strong>InputStream</strong>:<br /><br />public abstract <em>int </em><strong>read</strong>() throws <em>IOException</em><br /><br />Считывает следующий байт из потока, возвращаемый как <strong>int</strong>-значение в диапазоне 0-255. Если достигнут конец потока, возвращает -1. Метод ожидает поступления данных, конца потока или исключения.<br /><br />public <em>int </em><strong>read</strong>(<em>byte</em>[] b) throws <em>IOException</em><br />public <em>int </em><strong>read</strong>(<em>byte</em>[] b, <em>int</em> offset, <em>int</em> len) throws <em>IOException</em><br /><br />оба метода возвращают число байт, помещенных в массив (-1, если достигнут конец потока)<br /><br /><strong>Reader</strong>:<br /><br />public <em>int </em><strong>read</strong>() throws <em>IOException</em><br /><br />Считывает символ и возвращает как <strong>int</strong> в диапазоне 0-65535. Если достигнут конец потока, возвращает -1. Метод ожидает поступления данных, конца потока или исключения.<br /><br />public <em>int </em><strong>read</strong>(<em>char</em>[] cbuf) throws <em>IOException</em><br />public abstract <em>int </em><strong>read</strong>(<em>char</em>[] cbuf, <em>int</em> off, <em>int</em> len) throws <em>IOException</em><br /><br />оба метода возвращают число символов, помещенных в массив (-1, если достигнут конец потока)',true,'');
INSERT INTO Question (id,realmId,type,text,regDate,updateDate) OVERRIDING SYSTEM VALUE VALUES (1298,8,2,'Опишите процедуру <strong>skip</strong> применительно к потокам ввода-вывода.',TIMESTAMP '2019-03-03 18:33:10',TIMESTAMP '2019-03-03 18:33:10');
	INSERT INTO Answer (id,questionId,text,correct,comment) OVERRIDING SYSTEM VALUE VALUES (2573,1298,'<p>В классах <strong>Reader</strong> и <strong>InputStream</strong> есть метод<br /><br />public <em>long</em> <strong>skip</strong>(long n) throws <em>IOException</em><br /><br />Возвращает количество пропущенных байт/символов. Если метод вернул 0 или -1, это означает, что в процессе пропуска был достигнут конец потока, и в результате ничего не пропустилось.<br /><br />Поскольку <strong>skip</strong>() работает массивами, пропуск большого числа элементов осуществится быстрее, чем идентичный по результату многократный вызов <strong>read</strong>() без обработки полученного значения.</p>',true,'');
INSERT INTO Question (id,realmId,type,text,regDate,updateDate) OVERRIDING SYSTEM VALUE VALUES (1299,8,2,'Перечислите конструкторы классов <strong>FileInputStream</strong>/<strong>FileOutputStream</strong>.',TIMESTAMP '2019-03-03 18:35:43',TIMESTAMP '2019-03-03 18:57:53');
	INSERT INTO Answer (id,questionId,text,correct,comment) OVERRIDING SYSTEM VALUE VALUES (2574,1299,'<div>public <strong>FileInputStream</strong>(<em>File </em>file) throws <em>FileNotFoundException</em></div>
<div>public <strong>FileInputStream</strong>(<em>String&nbsp;</em>name) throws <em>FileNotFoundException</em></div>
<div>&nbsp;</div>
<div>public <strong>FileOutputStream</strong>(<em>File&nbsp;</em>file) throws <em>FileNotFoundException</em> - перезаписываем файл</div>
<div>public <strong>FileOutputStream</strong>(<em>File</em> file, <em>boolean</em> append) throws&nbsp;<em>FileNotFoundException&nbsp;</em>- пишем поток в конец файла</div>
<div>public <strong>FileOutputStream</strong>(<em>String</em> name) throws <em>FileNotFoundException</em> - перезаписываем файл</div>
<div>public <strong>FileOutputStream</strong>(<em>String</em> name, <em>boolean</em> append) throws <em>FileNotFoundException</em> - пишем поток в конец файла</div>
<div>&nbsp;</div>
<div>Если файл отсутствует, или является папкой, или не может быть прочитан по какой-либо другой причине, будет выдано <em>FileNotFoundException</em></div>',true,'');
INSERT INTO Question (id,realmId,type,text,regDate,updateDate) OVERRIDING SYSTEM VALUE VALUES (1300,8,0,'Класс <strong>FileInputStream</strong> имеет те же методы <strong>read</strong>(), что и <strong>InputStream</strong>, с теми же исключениями.',TIMESTAMP '2019-03-03 19:04:41',TIMESTAMP '2019-03-03 19:04:41');
INSERT INTO Question (id,realmId,type,text,regDate,updateDate) OVERRIDING SYSTEM VALUE VALUES (1301,8,2,'Опишите метод <strong>write</strong>() классов <strong>OutputStream</strong> и <strong>Writer</strong>.',TIMESTAMP '2019-03-03 19:25:39',TIMESTAMP '2019-03-03 19:25:39');
	INSERT INTO Answer (id,questionId,text,correct,comment) OVERRIDING SYSTEM VALUE VALUES (2575,1301,'<div><strong>OutputStream</strong>:</div>
<div>&nbsp;</div>
<div>public abstract void <strong>write</strong>(<em>int</em> b) throws <em>IOException</em></div>
<div>&nbsp;</div>
<div>Записывает байт в поток. Старшие 24 бита игнорируются. Выдает IOException в случае ошибки ввода-вывода или попытки записи в закрытый поток.</div>
<div>&nbsp;</div>
<div>public void <strong>write</strong>(<em>byte</em>[] b) throws <em>IOException</em></div>
<div>public void <strong>write</strong>(<em>byte</em>[] b, <em>int</em> off, <em>int</em> len) throws <em>IOException</em></div>
<div>&nbsp;</div>
<div>Записывает в поток байты из массива. Каждый байт записывается методом <strong>write</strong>() (в подклассах приветствуется более эффективное переопределение)</div>
<div>&nbsp;</div>
<div><strong>Writer</strong>:</div>
<div>&nbsp;</div>
<div>public void <strong>write</strong>(<em>int</em> c) throws <em>IOException</em></div>
<div>&nbsp;</div>
<div>Записывает символ в поток. Старшие 16 бит игнорируются.</div>
<div>&nbsp;</div>
<div>public void <strong>write</strong>(<em>char</em>[] cbuf) throws <em>IOException</em></div>
<div>public abstract void <strong>write</strong>(<em>char</em>[] cbuf, <em>int</em> off, <em>int</em> len) throws <em>IOException</em></div>
<div>&nbsp;</div>
<div>Записывает массив символов (или его часть) в поток.</div>
<div>&nbsp;</div>
<div>public void <strong>write</strong>(<em>String</em> str) throws <em>IOException</em></div>
<div>public void <strong>write</strong>(<em>String</em> str, <em>int</em> off, <em>int</em> len) throws <em>IOException</em></div>
<div>&nbsp; &nbsp;</div>
<div>Записывает строку (или ее часть) в поток.</div>
<div>&nbsp;</div>',true,'');
INSERT INTO Question (id,realmId,type,text,regDate,updateDate) OVERRIDING SYSTEM VALUE VALUES (1302,8,2,'Напишите самый простой метод копирования одного файла в другой.',TIMESTAMP '2019-03-03 19:32:07',TIMESTAMP '2019-03-03 19:32:32');
	INSERT INTO Answer (id,questionId,text,correct,comment) OVERRIDING SYSTEM VALUE VALUES (2576,1302,'<div>public static void copy(File source, File destination) throws IOException {</div>
<div>&nbsp; &nbsp; try (InputStream in = new FileInputStream(source);</div>
<div>&nbsp; &nbsp; &nbsp; &nbsp; OutputStream out = new FileOutputStream(destination)) {</div>
<div>&nbsp;</div>
<div>&nbsp; &nbsp; &nbsp; &nbsp; int b;</div>
<div>&nbsp; &nbsp; &nbsp; &nbsp; while((b = in.read()) != -1) {</div>
<div>&nbsp; &nbsp; &nbsp; &nbsp; &nbsp; &nbsp; out.write(b);</div>
<div>&nbsp; &nbsp; &nbsp; &nbsp; }&nbsp;&nbsp;</div>
<div>&nbsp; &nbsp; }</div>
<div>}</div>
<div>&nbsp;</div>',true,'');
INSERT INTO Question (id,realmId,type,text,regDate,updateDate) OVERRIDING SYSTEM VALUE VALUES (1303,8,0,'Если мы оперируем массивами байт, то практически всегда следует использовать Buffered-классы.',TIMESTAMP '2019-03-03 20:06:29',TIMESTAMP '2019-03-03 20:06:29');
INSERT INTO Question (id,realmId,type,text,regDate,updateDate) OVERRIDING SYSTEM VALUE VALUES (1304,8,2,'Напишите простой метод копирования содержимого одного файла в другой с использованием буферизации.',TIMESTAMP '2019-03-03 20:14:05',TIMESTAMP '2019-03-03 20:14:05');
	INSERT INTO Answer (id,questionId,text,correct,comment) OVERRIDING SYSTEM VALUE VALUES (2577,1304,'<div>public static void copy(File source, File destination) throws IOException {</div>
<div>&nbsp; &nbsp; try (</div>
<div>&nbsp; &nbsp; &nbsp; &nbsp; InputStream in = new BufferedInputStream(new FileInputStream(source));</div>
<div>&nbsp; &nbsp; &nbsp; &nbsp; OutputStream out = new BufferedOutputStream(</div>
<div>&nbsp; &nbsp; &nbsp; &nbsp; &nbsp; &nbsp; new FileOutputStream(destination))) {</div>
<div>&nbsp; &nbsp; &nbsp; &nbsp;&nbsp;</div>
<div>&nbsp; &nbsp; &nbsp; &nbsp; byte[] buffer = new byte[1024];</div>
<div>&nbsp; &nbsp; &nbsp; &nbsp; int lengthRead;</div>
<div>&nbsp; &nbsp; &nbsp; &nbsp; while ((lengthRead = in.read(buffer)) &gt; 0) { // последний кусочек, скорее всего, будет меньше 1024</div>
<div>&nbsp; &nbsp; &nbsp; &nbsp; &nbsp; &nbsp; out.write(buffer,0,lengthRead);</div>
<div>&nbsp; &nbsp; &nbsp; &nbsp; &nbsp; &nbsp; out.flush(); //актуально, поскольку используем буферизацию</div>
<div>&nbsp; &nbsp; &nbsp; &nbsp; }</div>
<div>&nbsp; &nbsp; }</div>
<div>}</div>',true,'');
INSERT INTO Question (id,realmId,type,text,regDate,updateDate) OVERRIDING SYSTEM VALUE VALUES (1305,8,0,'Значением буфера в Buffered-классах при работе с файлами желательно выбирать степень числа 2. <br />1024 - наиболее популярный выбор.',TIMESTAMP '2019-03-03 20:21:21',TIMESTAMP '2019-03-03 20:21:21');
INSERT INTO Question (id,realmId,type,text,regDate,updateDate) OVERRIDING SYSTEM VALUE VALUES (1306,8,0,'Классы <strong>FileReader</strong> и <strong>FileWriter</strong> являются, фактически, частными случаями <strong>InputStreamReader</strong> и <strong>OutputStreamWriter</strong>, использующими дефолтную кодировку и размер буфера.&nbsp;',TIMESTAMP '2019-03-03 20:34:39',TIMESTAMP '2019-03-03 20:34:39');
INSERT INTO Question (id,realmId,type,text,regDate,updateDate) OVERRIDING SYSTEM VALUE VALUES (1307,8,2,'Напишите метод, который читает массив строк из файла, используя Buffered-классы.',TIMESTAMP '2019-03-03 20:41:18',TIMESTAMP '2019-03-03 20:44:59');
	INSERT INTO Answer (id,questionId,text,correct,comment) OVERRIDING SYSTEM VALUE VALUES (2578,1307,'<div>public static List&lt;String&gt; readFile(File source) throws IOException {</div>
<div>&nbsp; &nbsp; List&lt;String&gt; data = new ArrayList&lt;String&gt;();</div>
<div>&nbsp; &nbsp; try (BufferedReader reader = new BufferedReader(new FileReader(source))) {</div>
<div>&nbsp; &nbsp; &nbsp; &nbsp; String s;</div>
<div>&nbsp; &nbsp; &nbsp; &nbsp; while((s = reader.readLine()) != null) {</div>
<div>&nbsp; &nbsp; &nbsp; &nbsp; &nbsp; &nbsp; data.add(s);</div>
<div>&nbsp; &nbsp; &nbsp; &nbsp; }&nbsp; &nbsp; &nbsp; &nbsp;&nbsp;</div>
<div>&nbsp; &nbsp; }</div>
<div>&nbsp; &nbsp; return data;</div>
<div>}</div>',true,'');
INSERT INTO Question (id,realmId,type,text,regDate,updateDate) OVERRIDING SYSTEM VALUE VALUES (1308,8,0,'Конструкторы Buffered-классов не генерят исключений, а вот их методы чтения-записи - генерят IOException.',TIMESTAMP '2019-03-03 20:43:08',TIMESTAMP '2019-03-03 20:43:23');
INSERT INTO Question (id,realmId,type,text,regDate,updateDate) OVERRIDING SYSTEM VALUE VALUES (1309,8,2,'Опишите метод <strong>BufferedReader</strong>.<strong>readLine</strong>().',TIMESTAMP '2019-03-03 20:50:55',TIMESTAMP '2019-03-03 20:52:12');
	INSERT INTO Answer (id,questionId,text,correct,comment) OVERRIDING SYSTEM VALUE VALUES (2579,1309,'<div>public <em>String</em> <strong>readLine</strong>() throws <em>IOException</em></div>
<div>&nbsp;</div>
<div>Читает строку. Разделителем строк считается \n или \r или \r\n.</div>
<div>Прочитанная строка не имеет символов перевода строки.</div>
<div>Возвращается null, если достигнут конец потока.</div>',true,'');
INSERT INTO Question (id,realmId,type,text,regDate,updateDate) OVERRIDING SYSTEM VALUE VALUES (1310,8,2,'Напишите метод, который записывает файл из массива строк, используя Buffered-классы.',TIMESTAMP '2019-03-03 20:59:29',TIMESTAMP '2019-03-03 20:59:29');
	INSERT INTO Answer (id,questionId,text,correct,comment) OVERRIDING SYSTEM VALUE VALUES (2580,1310,'<div>public static void writeFile(List&lt;String&gt; data, File destination) throws IOException {</div>
<div>&nbsp; &nbsp; try (BufferedWriter writer = new BufferedWriter(</div>
<div>&nbsp; &nbsp; &nbsp; &nbsp; new FileWriter(destination))) {</div>
<div>&nbsp;</div>
<div>&nbsp; &nbsp; &nbsp; &nbsp; for(String s: data) {</div>
<div>&nbsp; &nbsp; &nbsp; &nbsp; &nbsp; &nbsp; writer.write(s);</div>
<div>&nbsp; &nbsp; &nbsp; &nbsp; &nbsp; &nbsp; writer.newLine();</div>
<div>&nbsp; &nbsp; &nbsp; &nbsp; }</div>
<div>&nbsp; &nbsp; }</div>
<div>}</div>',true,'');
INSERT INTO Question (id,realmId,type,text,regDate,updateDate) OVERRIDING SYSTEM VALUE VALUES (1311,8,2,'Опишите способ получения объекта кодировки.',TIMESTAMP '2019-03-03 21:10:21',TIMESTAMP '2019-03-03 21:10:21');
	INSERT INTO Answer (id,questionId,text,correct,comment) OVERRIDING SYSTEM VALUE VALUES (2581,1311,'java.nio.charset.Charset utf8Charset = Charset.forName("UTF-8");',true,'');
INSERT INTO Question (id,realmId,type,text,regDate,updateDate) OVERRIDING SYSTEM VALUE VALUES (1312,8,0,'Чтобы объекты класса могли быть сериализованы, он должен имплементировать маркерный (т.е. не содержащий методов) интерфейс java.io.<strong>Serializable.<br /><br /></strong>Кстати, он не финальный.<strong><br /><br /><br /></strong>',TIMESTAMP '2019-03-04 12:21:00',TIMESTAMP '2019-03-05 17:24:55');
INSERT INTO Question (id,realmId,type,text,regDate,updateDate) OVERRIDING SYSTEM VALUE VALUES (1313,8,0,'Если мы объявляем класс <strong>Serializable</strong>, классы его ссылочных полей тоже должны быть <strong>Serializable</strong>, иначе при попытке сериализации будет выдано проверяемое исключение&nbsp;<em>NotSerializableException, </em>которое является потомком IOException &gt; ObjectStreamException.<br /><br />Возможно избежать исключения <em>NotSerializableException</em>, если пометить несериализуемые поля ключевым словом <strong>transient</strong>.',TIMESTAMP '2019-03-04 12:25:04',TIMESTAMP '2019-03-04 12:31:39');
INSERT INTO Question (id,realmId,type,text,regDate,updateDate) OVERRIDING SYSTEM VALUE VALUES (1314,8,0,'Статические поля не сериализуются. Если нужно сохранить информацию из статического поля, необходимо скопировать ее в поле экземпляра.',TIMESTAMP '2019-03-04 12:32:18',TIMESTAMP '2019-03-04 12:32:18');
INSERT INTO Question (id,realmId,type,text,regDate,updateDate) OVERRIDING SYSTEM VALUE VALUES (1315,8,0,'При сериализации класса следует задавать переменную<br /><br />private static final long <strong>serialVersionUID</strong> = 1L;<br /><br />которая сохраняется вместе с сериализованным объектом и должна меняться при каждом изменении структуры класса. Это позволит избежать конфликтов версий при десериализации. Если не указать это поле, его добавит JVM, но на такое поле лучше не полагаться - могут быть разные имплементации на разных версиях JDK.',TIMESTAMP '2019-03-04 12:51:31',TIMESTAMP '2019-03-04 12:51:31');
INSERT INTO Question (id,realmId,type,text,regDate,updateDate) OVERRIDING SYSTEM VALUE VALUES (1316,8,2,'Опишите процедуру сериализации объекта при помощи потоков ввода-вывода.',TIMESTAMP '2019-03-04 13:09:04',TIMESTAMP '2019-03-04 13:09:04');
	INSERT INTO Answer (id,questionId,text,correct,comment) OVERRIDING SYSTEM VALUE VALUES (2582,1316,'1. Создать объект <strong>ObjectOutputStream </strong>посредством конструктора<br />public <strong>ObjectOutputStream</strong>(<em>OutputStream</em> out) throws <em>IOException</em><br /><br />2. Сериализовать файл методом <br />public final void <strong>writeObject</strong>(<em>Object</em> obj) throws IOException<br /><br />3. Закрыть поток.',true,'');
INSERT INTO Question (id,realmId,type,text,regDate,updateDate) OVERRIDING SYSTEM VALUE VALUES (1317,8,2,'Опишите процедуру десериализации объекта&nbsp;при помощи потоков ввода-вывода.',TIMESTAMP '2019-03-04 13:22:47',TIMESTAMP '2019-03-04 13:22:47');
	INSERT INTO Answer (id,questionId,text,correct,comment) OVERRIDING SYSTEM VALUE VALUES (2583,1317,'<p>1. Создать объект <strong>ObjectInputStream</strong> при помощи конструктора<br />public <strong>ObjectInputStream</strong>(<em>InputStream</em> in) throws <em>IOException</em><br /><br />2. Прочитать объект(ы) из потока с помощью метода<br />public final <em>Object </em><strong>readObject</strong>() throws <em>IOException</em>, <em>ClassNotFoundException</em><br /><br />обеспечить явный кастинг к нужному типу.<br /><br />3. Закрыть поток</p>
<p>&nbsp;</p>',true,'');
INSERT INTO Question (id,realmId,type,text,regDate,updateDate) OVERRIDING SYSTEM VALUE VALUES (1318,8,2,'Напишите метод, сериализующий список объектов в файл.',TIMESTAMP '2019-03-04 13:26:31',TIMESTAMP '2019-03-04 13:26:31');
	INSERT INTO Answer (id,questionId,text,correct,comment) OVERRIDING SYSTEM VALUE VALUES (2584,1318,'<p>public static void createAnimalsFile(List&lt;Animal&gt; animals, File dataFile) throws IOException {<br />&nbsp;&nbsp;&nbsp; try (ObjectOutputStream out = new ObjectOutputStream(<br />&nbsp;&nbsp;&nbsp;&nbsp;&nbsp;&nbsp;&nbsp; new BufferedOutputStream(new FileOutputStream(dataFile)))) {</p>
<p>&nbsp;&nbsp;&nbsp;&nbsp;&nbsp;&nbsp;&nbsp; for(Animal animal: animals)<br />&nbsp;&nbsp;&nbsp;&nbsp;&nbsp;&nbsp;&nbsp;&nbsp;&nbsp;&nbsp;&nbsp; out.writeObject(animal);<br />&nbsp;&nbsp;&nbsp; }<br />}</p>',true,'');
INSERT INTO Question (id,realmId,type,text,regDate,updateDate) OVERRIDING SYSTEM VALUE VALUES (1319,8,2,'Напишите метод, десериализующий список объектов из файла.',TIMESTAMP '2019-03-04 13:28:49',TIMESTAMP '2019-03-04 13:28:49');
	INSERT INTO Answer (id,questionId,text,correct,comment) OVERRIDING SYSTEM VALUE VALUES (2585,1319,'<p>public static List&lt;Animal&gt; getAnimals(File dataFile) throws IOException, ClassNotFoundException {<br />&nbsp;&nbsp;&nbsp; List&lt;Animal&gt; animals = new ArrayList&lt;Animal&gt;();<br />&nbsp;&nbsp;&nbsp; try (ObjectInputStream in = new ObjectInputStream(<br />&nbsp;&nbsp;&nbsp;&nbsp;&nbsp;&nbsp;&nbsp; new BufferedInputStream(new FileInputStream(dataFile)))) {</p>
<p>&nbsp;&nbsp;&nbsp;&nbsp;&nbsp;&nbsp;&nbsp; while(true) {<br />&nbsp;&nbsp;&nbsp;&nbsp;&nbsp;&nbsp;&nbsp;&nbsp;&nbsp;&nbsp;&nbsp; Object object = in.readObject();<br />&nbsp;&nbsp;&nbsp;&nbsp;&nbsp;&nbsp;&nbsp;&nbsp;&nbsp;&nbsp;&nbsp; if(object instanceof Animal)<br />&nbsp;&nbsp;&nbsp;&nbsp;&nbsp;&nbsp;&nbsp;&nbsp;&nbsp;&nbsp;&nbsp;&nbsp;&nbsp;&nbsp;&nbsp; animals.add((Animal)object);<br />&nbsp;&nbsp;&nbsp;&nbsp;&nbsp;&nbsp;&nbsp; }<br />&nbsp;&nbsp;&nbsp; } catch (EOFException e) {<br />&nbsp;&nbsp;&nbsp;&nbsp;&nbsp;&nbsp;&nbsp; // File end reached<br />&nbsp;&nbsp;&nbsp; }<br />&nbsp;&nbsp;&nbsp; return animals;<br />}</p>',true,'');
INSERT INTO Question (id,realmId,type,text,regDate,updateDate) OVERRIDING SYSTEM VALUE VALUES (1320,8,0,'Никогда не используйте <em>InputStream</em>.<strong>available</strong>() для определения конца потока.',TIMESTAMP '2019-03-04 15:30:50',TIMESTAMP '2019-03-04 15:30:50');
INSERT INTO Question (id,realmId,type,text,regDate,updateDate) OVERRIDING SYSTEM VALUE VALUES (1321,8,2,'Опишите процесс создания объекта при десериализации.',TIMESTAMP '2019-03-04 15:44:47',TIMESTAMP '2019-03-04 15:44:47');
	INSERT INTO Answer (id,questionId,text,correct,comment) OVERRIDING SYSTEM VALUE VALUES (2586,1321,'1. Вызывается первый no-arg конструктор первого <span style="text-decoration: underline;">несериализуемого</span> родительского класса. Все нижележащие конструкторы игнорируются.<br />2.&nbsp; Игнорируются все instance clause.<br /><br />Таким образом, любые <strong>transient</strong>-поля получают при десериализации дефолтные значения своего типа, даже если из заполнение предусмотрено конструктором.',true,'');
INSERT INTO Question (id,realmId,type,text,regDate,updateDate) OVERRIDING SYSTEM VALUE VALUES (1322,8,2,'Опишите предназначение классов <strong>PrintStream</strong> и <strong>PrintWriter</strong>.',TIMESTAMP '2019-03-04 16:21:15',TIMESTAMP '2019-03-04 16:21:15');
	INSERT INTO Answer (id,questionId,text,correct,comment) OVERRIDING SYSTEM VALUE VALUES (2587,1322,'java.io.<strong>PrintStream</strong> оборачивает <strong>OutputStream</strong> и позволяет записывать в него строковые представления объектов и примитивов Java. Аналогичным образом java.io.<strong>PrintWriter</strong> оборачивает <strong>Writer</strong>.<br /><br />Основное преимущество данных классов - удобство подачи данных в поток, т.к. <strong>print</strong>-методы не выбрасывают проверяемых исключений.',true,'');
INSERT INTO Question (id,realmId,type,text,regDate,updateDate) OVERRIDING SYSTEM VALUE VALUES (1323,8,2,'Опишите возможности создания экземпляров <strong>PrintStream</strong>.',TIMESTAMP '2019-03-04 16:38:30',TIMESTAMP '2019-03-04 16:39:17');
	INSERT INTO Answer (id,questionId,text,correct,comment) OVERRIDING SYSTEM VALUE VALUES (2588,1323,'<p>public <strong>PrintStream</strong>(<em>File</em> file) throws <em>FileNotFoundException</em><br />public <strong>PrintStream</strong>(<em>String</em> fileName) throws <em>FileNotFoundException</em></p>
<p>поток для записи данных в файл с использованием кодировки по умолчанию (файл создается при отсутствии и обнуляется при наличии)</p>
<p>public <strong>PrintStream</strong>(<em>File</em> file, <em>String</em> csn) throws <em>FileNotFoundException</em>, <em>UnsupportedEncodingException</em><br />public <strong>PrintStream</strong>(<em>String</em> fileName, <em>String</em> csn) throws <em>FileNotFoundException</em>, <em>UnsupportedEncodingException</em></p>
<p>то же самое, но с указанием кодировки</p>
<p>public <strong>PrintStream</strong>(<em>OutputStream</em> out)</p>
<p>поток для записи</p>
<p>public <strong>PrintStream</strong>(<em>OutputStream</em> out, <em>boolean</em> autoFlush)</p>
<p>поток для записи с возможностью автофлаша: при записи массива байт, при использовании <strong>println</strong>(), при записи \n</p>
<p>public <strong>PrintStream</strong>(<em>OutputStream</em> out, <em>boolean</em> autoFlush, <em>String</em> encoding) throws <em>UnsupportedEncodingException</em></p>
<p>то же самое, но с указанием кодировки</p>
<p>&nbsp;</p>
<p>&nbsp;</p>',true,'');
INSERT INTO Question (id,realmId,type,text,regDate,updateDate) OVERRIDING SYSTEM VALUE VALUES (1324,8,2,'Опишите возможности создания экземпляров <strong>PrintWriter</strong>.',TIMESTAMP '2019-03-04 16:46:42',TIMESTAMP '2019-03-04 16:56:35');
	INSERT INTO Answer (id,questionId,text,correct,comment) OVERRIDING SYSTEM VALUE VALUES (2589,1324,'<p>public <strong>PrintWriter</strong>(<em>File</em> file) throws <em>FileNotFoundException</em><br />public <strong>PrintWriter</strong>(<em>String</em> fileName) throws <em>FileNotFoundException</em></p>
<p>поток для записи данных в файл с использованием кодировки по умолчанию (файл создается при отсутствии и обнуляется при наличии)</p>
<p>public <strong>PrintWriter</strong>(<em>File</em> file, <em>String</em> csn) throws <em>FileNotFoundException</em>, <em>UnsupportedEncodingException</em><br />public <strong>PrintWriter</strong>(<em>String</em> fileName, <em>String</em> csn) throws <em>FileNotFoundException</em>, <em>UnsupportedEncodingException</em></p>
<p>то же самое, но с указанием кодировки</p>
<p>public <strong>PrintWriter</strong>(<em>OutputStream</em> out)<br />public <strong>PrintWriter</strong>(<em>Writer</em> out)</p>
<p>поток для записи</p>
<p>public <strong>PrintWriter</strong>(<em>OutputStream</em> out, <em>boolean</em> autoFlush)<br />public <strong>PrintWriter</strong>(<em>Writer</em> out, <em>boolean</em> autoFlush)</p>
<p>поток для записи с возможностью автофлаша: при вызове методов <strong>println</strong>, <strong>printf</strong>, или <strong>format</strong></p>
<p>&nbsp;</p>',true,'');
INSERT INTO Question (id,realmId,type,text,regDate,updateDate) OVERRIDING SYSTEM VALUE VALUES (1325,8,0,'<strong>System</strong>.<strong>out</strong> и <strong>System</strong>.<strong>err</strong> - объекты <strong>PrintStream</strong>.',TIMESTAMP '2019-03-04 16:57:48',TIMESTAMP '2019-03-04 16:57:48');
INSERT INTO Question (id,realmId,type,text,regDate,updateDate) OVERRIDING SYSTEM VALUE VALUES (1326,8,0,'Классы <strong>PrintWriter</strong> и <strong>PrintStream</strong> имеют метод<br /><br />public <em>boolean</em> <strong>checkError</strong>()<br /><br />который возвращает <strong>true</strong>, если после вызова print-методов&nbsp;произошла какая-то проблема.',TIMESTAMP '2019-03-04 17:00:40',TIMESTAMP '2019-03-04 17:00:40');
INSERT INTO Question (id,realmId,type,text,regDate,updateDate) OVERRIDING SYSTEM VALUE VALUES (1327,8,0,'Класс <strong>Console</strong> имеет методы <strong>format</strong>() и <strong>printf</strong>().',TIMESTAMP '2019-03-04 17:03:42',TIMESTAMP '2019-03-04 17:03:42');
INSERT INTO Question (id,realmId,type,text,regDate,updateDate) OVERRIDING SYSTEM VALUE VALUES (1328,8,2,'Опишите методы <strong>print</strong>() и <strong>println</strong>()&nbsp;классов <strong>PrintWriter</strong> и <strong>PrintStream</strong>.',TIMESTAMP '2019-03-04 17:16:00',TIMESTAMP '2019-03-04 17:16:00');
	INSERT INTO Answer (id,questionId,text,correct,comment) OVERRIDING SYSTEM VALUE VALUES (2590,1328,'Метод <strong>print</strong>() принимает все примитивы, <strong>Object</strong> и <strong>String</strong>. По факту вызывает на аргументе String.<strong>valueOf</strong>() и передает результат в метод <strong>write</strong>(). Если передается null, то преобразуется к "null". <br /><br />Метод <strong>println</strong>() добавляет перенос строки в соответствии со значением System.getProperty("line.separator");',true,'');
INSERT INTO Question (id,realmId,type,text,regDate,updateDate) OVERRIDING SYSTEM VALUE VALUES (1329,8,2,'Опишите методы <strong>format</strong>() и <strong>printf</strong>() классов <strong>PrintStream</strong> и <strong>PrintWriter</strong>.',TIMESTAMP '2019-03-04 17:25:05',TIMESTAMP '2019-03-04 17:25:05');
	INSERT INTO Answer (id,questionId,text,correct,comment) OVERRIDING SYSTEM VALUE VALUES (2591,1329,'Метод <strong>format</strong>()&nbsp;пишет в поток форматированные данные (работает так же, как String.<strong>format</strong>) и имеет сигнатуру<br /><br />public <em>ThisStream</em> <strong>format</strong>(<em>Locale</em> l, <em>String</em> format, <em>Object</em>... args)<br />public <em>ThisStream</em> <strong>format</strong>(<em>String</em> format, <em>Object</em>... args)<br /><br />Методы <strong>printf</strong>() делают то же самое.',true,'');
INSERT INTO Question (id,realmId,type,text,regDate,updateDate) OVERRIDING SYSTEM VALUE VALUES (1330,8,0,'<p>new PrintWriter(source)</p>
<p>аналогично</p>
<p>new BufferedWriter(new OutputStreamWriter(new FileOutputStream(source)))</p>
<p>Можно делать и так:</p>
<p>new PrintWriter(new BufferedWriter(new FileWriter(source))) </p>',TIMESTAMP '2019-03-04 17:30:50',TIMESTAMP '2019-03-04 17:30:50');
INSERT INTO Question (id,realmId,type,text,regDate,updateDate) OVERRIDING SYSTEM VALUE VALUES (1331,8,2,'Опишите иерархию <strong>InputStream</strong>.',TIMESTAMP '2019-03-05 10:58:14',TIMESTAMP '2019-03-05 10:58:14');
	INSERT INTO Answer (id,questionId,text,correct,comment) OVERRIDING SYSTEM VALUE VALUES (2592,1331,'<strong>InputStream</strong><br />&nbsp;:: <strong>FileInputStream</strong> (low-level)<br />&nbsp;:: <strong>FilterInputStream</strong><br />&nbsp;&nbsp;&nbsp;&nbsp;&nbsp; :: <strong>BufferedInputStream</strong><br />&nbsp;:: <strong>ObjectInputStream</strong>',true,'');
INSERT INTO Question (id,realmId,type,text,regDate,updateDate) OVERRIDING SYSTEM VALUE VALUES (1332,8,2,'Опишите иерархию <strong>Reader</strong>.',TIMESTAMP '2019-03-05 10:59:43',TIMESTAMP '2019-03-05 10:59:43');
	INSERT INTO Answer (id,questionId,text,correct,comment) OVERRIDING SYSTEM VALUE VALUES (2593,1332,'<strong>Reader</strong><br />&nbsp;:: <strong>BufferedReader</strong><br />&nbsp;:: <strong>InputStreamReader</strong><br />&nbsp;&nbsp;&nbsp;&nbsp;&nbsp; :: <strong>FileReader</strong> (low-level)',true,'');
INSERT INTO Question (id,realmId,type,text,regDate,updateDate) OVERRIDING SYSTEM VALUE VALUES (1333,8,2,'Опишите иерархию <strong>OutputStream</strong>.',TIMESTAMP '2019-03-05 11:02:19',TIMESTAMP '2019-03-05 11:02:19');
	INSERT INTO Answer (id,questionId,text,correct,comment) OVERRIDING SYSTEM VALUE VALUES (2594,1333,'<strong>OutputStream</strong><br />&nbsp;:: <strong>FileOutputStream</strong> (low-level)<br />&nbsp;:: <strong>FilterOutputStream</strong><br />&nbsp;&nbsp;&nbsp;&nbsp; :: <strong>BufferedOutputStream</strong><br />&nbsp;&nbsp;&nbsp;&nbsp; :: <strong>PrintStream</strong><br />&nbsp;:: <strong>ObjectOutputStream</strong>',true,'');
INSERT INTO Question (id,realmId,type,text,regDate,updateDate) OVERRIDING SYSTEM VALUE VALUES (1334,8,2,'Опишите иерархию <strong>Writer</strong>.',TIMESTAMP '2019-03-05 11:03:40',TIMESTAMP '2019-03-05 11:03:40');
	INSERT INTO Answer (id,questionId,text,correct,comment) OVERRIDING SYSTEM VALUE VALUES (2595,1334,'<strong>Writer</strong><br />&nbsp;:: <strong>BufferedWriter</strong><br />&nbsp;:: <strong>OutputStreamWriter</strong><br />&nbsp;&nbsp;&nbsp;&nbsp; :: <strong>FileWriter</strong> (low-level)<br />&nbsp;:: <strong>PrintWriter</strong>',true,'');
INSERT INTO Question (id,realmId,type,text,regDate,updateDate) OVERRIDING SYSTEM VALUE VALUES (1335,8,0,'Классы <strong>InputStreamReader</strong> и <strong>OutputStreamWriter</strong> конвертируют байтовые потоки в символьные.',TIMESTAMP '2019-03-05 11:08:36',TIMESTAMP '2019-03-05 11:08:36');
INSERT INTO Question (id,realmId,type,text,regDate,updateDate) OVERRIDING SYSTEM VALUE VALUES (1336,8,0,'Классы <strong>DataInputStream</strong> и <strong>DataOutputStream</strong> используются для записи примитивов и строк, но требуют чтения строго в том порядке, в каком производилась запись. Поэтому практически не используются.',TIMESTAMP '2019-03-05 11:10:49',TIMESTAMP '2019-03-05 11:10:49');
INSERT INTO Question (id,realmId,type,text,regDate,updateDate) OVERRIDING SYSTEM VALUE VALUES (1337,8,2,'Опишите предназначение класса <strong>Console</strong>.',TIMESTAMP '2019-03-05 11:16:47',TIMESTAMP '2019-03-05 11:16:47');
	INSERT INTO Answer (id,questionId,text,correct,comment) OVERRIDING SYSTEM VALUE VALUES (2596,1337,'Класс java.io.Console предложен как более продвинутая форма стандартных потоков System.<strong>in</strong> и System.<strong>out</strong>. Это вариант выбора для взаимодействия с пользователем и отображения информации в текстовом режиме.',true,'');
INSERT INTO Question (id,realmId,type,text,regDate,updateDate) OVERRIDING SYSTEM VALUE VALUES (1338,8,2,'Опишите процесс получения введенной пользователем информации <span style="text-decoration: underline;">без</span> использования класса <strong>Console</strong>.',TIMESTAMP '2019-03-05 11:33:38',TIMESTAMP '2019-03-05 11:33:38');
	INSERT INTO Answer (id,questionId,text,correct,comment) OVERRIDING SYSTEM VALUE VALUES (2597,1338,'BufferedReader reader = new BufferedReader(new InputStreamReader(System.in));<br />String userInput = reader.readLine();<br />System.out.println("You entered the following: "+userInput);<br /><br />Оборачивать в <strong>BufferedReader</strong> нужно для того, чтобы можно было использовать метод <strong>readLine</strong>(), дожидающийся нажатия клавиши Enter.<br /><br />Внимание! Поток System.<strong>in</strong> закрывать не надо.',true,'');
INSERT INTO Question (id,realmId,type,text,regDate,updateDate) OVERRIDING SYSTEM VALUE VALUES (1339,8,2,'Как получить экземпляр класса <strong>Console</strong>?',TIMESTAMP '2019-03-05 11:38:16',TIMESTAMP '2019-03-05 11:38:16');
	INSERT INTO Answer (id,questionId,text,correct,comment) OVERRIDING SYSTEM VALUE VALUES (2598,1339,'Класс <strong>Console</strong> - это синглтон, и получить его можно методом System.<strong>console</strong>(). Если текстовое взаимодействие средой не поддерживается, то вернется&nbsp; <strong>null</strong>.',true,'');
INSERT INTO Question (id,realmId,type,text,regDate,updateDate) OVERRIDING SYSTEM VALUE VALUES (1340,8,2,'Запросите у пользователя и выведите на экран строку с использованием класса <strong>Console</strong>.',TIMESTAMP '2019-03-05 11:43:23',TIMESTAMP '2019-03-05 11:43:23');
	INSERT INTO Answer (id,questionId,text,correct,comment) OVERRIDING SYSTEM VALUE VALUES (2599,1340,'Console console = System.console();<br />if(console != null) {<br />&nbsp;&nbsp;&nbsp; String userInput = console.readLine();<br />&nbsp;&nbsp;&nbsp; console.writer().println ("You entered the following: "+userInput);<br />}',true,'');
INSERT INTO Question (id,realmId,type,text,regDate,updateDate) OVERRIDING SYSTEM VALUE VALUES (1341,8,2,'Опишите методы <strong>reader</strong>() и <strong>writer</strong>() класса <strong>Console</strong>.',TIMESTAMP '2019-03-05 11:55:11',TIMESTAMP '2019-03-05 11:55:11');
	INSERT INTO Answer (id,questionId,text,correct,comment) OVERRIDING SYSTEM VALUE VALUES (2600,1341,'Метод <strong>reader</strong>() возвращает объект уникальный объект <strong>Reader</strong>. Этот объект можно, к примеру, подать в <strong>Scanner</strong>.<br />Методы полученного Reader, считывающие более одного сиввола (<strong>read</strong>(<em>char</em>[]) , <strong>read</strong>(<em>char</em>[], <em>int</em>, <em>int</em>)&nbsp; и <strong>read</strong>(java.nio.<em>CharBuffer</em>)) будут ожидать переноса строки (либо конца потока)<br /><br />Метод <strong>writer</strong>()&nbsp; возвращает объект <strong>PrintWriter</strong>, связанный с данной консолью.',true,'');
INSERT INTO Question (id,realmId,type,text,regDate,updateDate) OVERRIDING SYSTEM VALUE VALUES (1342,8,2,'Опишите методы <strong>format</strong>() и <strong>printf</strong>() класса <strong>Console</strong>.',TIMESTAMP '2019-03-05 12:11:36',TIMESTAMP '2019-03-05 12:11:36');
	INSERT INTO Answer (id,questionId,text,correct,comment) OVERRIDING SYSTEM VALUE VALUES (2601,1342,'Метод <strong>format</strong>() (и его синоним <strong>printf</strong>()) можно вызывать либо напрямую на экземпляре <strong>Console</strong>, либо на <strong>writer</strong>(). Работают так же, как String.<strong>format</strong>. Одна особенность: в метод Console.<strong>format</strong>() нельзя подать локаль (в Console.<strong>writer</strong>().<strong>format</strong>() - можно).',true,'');
INSERT INTO Question (id,realmId,type,text,regDate,updateDate) OVERRIDING SYSTEM VALUE VALUES (1343,8,0,'Перед каждым вызовом методов <strong>readLine</strong>() или <strong>readPassword</strong>() класса <strong>Console</strong> желательно вызвать метод <strong>flush</strong>(), чтобы на экране гарантированно появился предшествующий вводу текст.<br /><br />System.console().flush();',TIMESTAMP '2019-03-05 12:14:26',TIMESTAMP '2019-03-05 12:14:26');
INSERT INTO Question (id,realmId,type,text,regDate,updateDate) OVERRIDING SYSTEM VALUE VALUES (1344,8,2,'Опишите методы <strong>readLine</strong>() и <strong>readPassword</strong>() класса <strong>Console</strong>.',TIMESTAMP '2019-03-05 12:48:13',TIMESTAMP '2019-03-05 12:48:13');
	INSERT INTO Answer (id,questionId,text,correct,comment) OVERRIDING SYSTEM VALUE VALUES (2602,1344,'Метод принимает строку, вводимую пользователем, который нажимает Enter в конце ввода.<br /><br />Имеет перегруженную версию <strong>readLine</strong>(<em>String</em> format, <em>Object</em>... args), который выводит указанный отформатированный текст перед вводом:<br />String name = console.readLine(&ldquo;Please enter your name: &ldquo;);<br /><br />Метод <strong>readPassword</strong>() аналогичен <strong>readLine</strong>() (в т.ч. имеет такую же перегрузку), но при его использовании не отображается вводимый текст, а возвращается не строка, а массив <strong>char</strong>.',true,'');
INSERT INTO Question (id,realmId,type,text,regDate,updateDate) OVERRIDING SYSTEM VALUE VALUES (1345,8,0,'Метод <strong>readPassword</strong>() класса <strong>Console</strong> возвращает <strong>char</strong>[], а не <strong>String</strong>, поскольку строковые данные могут попасть в строковый пул, а затем, при записи дампа памяти, быть прочитанными злоумышленником. Тогда как считывание в <strong>char</strong>[]&nbsp;позволяет после использования введенных данных заполнить массив мусорной информацией&nbsp;и с гарантией удалить данные пароля из памяти.',TIMESTAMP '2019-03-05 12:50:59',TIMESTAMP '2019-03-05 12:50:59');
INSERT INTO Question (id,realmId,type,text,regDate,updateDate) OVERRIDING SYSTEM VALUE VALUES (1346,8,1,'<p>Which classes will allow the following to compile? (Choose all that apply.)</p>
<p>InputStream is = new BufferedInputStream(new FileInputStream("zoo.txt"));<br />InputStream wrapper = new _________ (is);</p>',TIMESTAMP '2019-03-05 13:12:27',TIMESTAMP '2019-03-05 13:12:27');
	INSERT INTO Answer (id,questionId,text,correct,comment) OVERRIDING SYSTEM VALUE VALUES (2608,1346,'BufferedReader',false,'');
	INSERT INTO Answer (id,questionId,text,correct,comment) OVERRIDING SYSTEM VALUE VALUES (2603,1346,'BufferedInputStream',true,'');
	INSERT INTO Answer (id,questionId,text,correct,comment) OVERRIDING SYSTEM VALUE VALUES (2604,1346,'FileInputStream',false,'');
	INSERT INTO Answer (id,questionId,text,correct,comment) OVERRIDING SYSTEM VALUE VALUES (2605,1346,'BufferedWriter',false,'');
	INSERT INTO Answer (id,questionId,text,correct,comment) OVERRIDING SYSTEM VALUE VALUES (2606,1346,'ObjectInputStream',true,'');
	INSERT INTO Answer (id,questionId,text,correct,comment) OVERRIDING SYSTEM VALUE VALUES (2607,1346,'ObjectOutputStream',false,'');
INSERT INTO Question (id,realmId,type,text,regDate,updateDate) OVERRIDING SYSTEM VALUE VALUES (1347,8,1,'Why does Console.readPassword() return a char[] array instead of a String object? (Choose all that apply.)',TIMESTAMP '2019-03-05 13:16:45',TIMESTAMP '2019-03-05 13:16:45');
	INSERT INTO Answer (id,questionId,text,correct,comment) OVERRIDING SYSTEM VALUE VALUES (2609,1347,'It improves performance.',false,'');
	INSERT INTO Answer (id,questionId,text,correct,comment) OVERRIDING SYSTEM VALUE VALUES (2610,1347,'It is more secure.',true,'');
	INSERT INTO Answer (id,questionId,text,correct,comment) OVERRIDING SYSTEM VALUE VALUES (2611,1347,'To encrypt the password data.',false,'');
	INSERT INTO Answer (id,questionId,text,correct,comment) OVERRIDING SYSTEM VALUE VALUES (2612,1347,'To support all character encodings.',false,'');
	INSERT INTO Answer (id,questionId,text,correct,comment) OVERRIDING SYSTEM VALUE VALUES (2613,1347,'Because Java puts all String values in a reusable pool.',true,'');
	INSERT INTO Answer (id,questionId,text,correct,comment) OVERRIDING SYSTEM VALUE VALUES (2614,1347,'So that the value can be removed from memory immediately after use.',true,'');
INSERT INTO Question (id,realmId,type,text,regDate,updateDate) OVERRIDING SYSTEM VALUE VALUES (1348,8,1,'Which of the following are true? (Choose all that apply.)',TIMESTAMP '2019-03-05 13:18:28',TIMESTAMP '2019-03-05 13:18:28');
	INSERT INTO Answer (id,questionId,text,correct,comment) OVERRIDING SYSTEM VALUE VALUES (2615,1348,'A new Console object is created every time System.console() is called.',false,'');
	INSERT INTO Answer (id,questionId,text,correct,comment) OVERRIDING SYSTEM VALUE VALUES (2616,1348,'Console can only be used for reading input and not writing output.',false,'');
	INSERT INTO Answer (id,questionId,text,correct,comment) OVERRIDING SYSTEM VALUE VALUES (2617,1348,'Console is obtained using the singleton pattern.',true,'');
	INSERT INTO Answer (id,questionId,text,correct,comment) OVERRIDING SYSTEM VALUE VALUES (2618,1348,'When getting a Console object, it might be null.',true,'');
	INSERT INTO Answer (id,questionId,text,correct,comment) OVERRIDING SYSTEM VALUE VALUES (2619,1348,'When getting a Console object, it will never be null.',false,'');
INSERT INTO Question (id,realmId,type,text,regDate,updateDate) OVERRIDING SYSTEM VALUE VALUES (1349,8,1,'<p>Which of the following can fill in the blank to make the code compile? (Choose all that apply.)</p>
<p>Console c = System.console();<br />String s = ___________;</p>',TIMESTAMP '2019-03-05 13:20:40',TIMESTAMP '2019-03-05 13:20:40');
	INSERT INTO Answer (id,questionId,text,correct,comment) OVERRIDING SYSTEM VALUE VALUES (2624,1349,'c.readString()',false,'');
	INSERT INTO Answer (id,questionId,text,correct,comment) OVERRIDING SYSTEM VALUE VALUES (2625,1349,'None of the above',false,'');
	INSERT INTO Answer (id,questionId,text,correct,comment) OVERRIDING SYSTEM VALUE VALUES (2620,1349,'c.input()',false,'');
	INSERT INTO Answer (id,questionId,text,correct,comment) OVERRIDING SYSTEM VALUE VALUES (2621,1349,'c.read()',false,'');
	INSERT INTO Answer (id,questionId,text,correct,comment) OVERRIDING SYSTEM VALUE VALUES (2622,1349,'c.readLine()',true,'');
	INSERT INTO Answer (id,questionId,text,correct,comment) OVERRIDING SYSTEM VALUE VALUES (2623,1349,'c.readPassword()',false,'');
INSERT INTO Question (id,realmId,type,text,regDate,updateDate) OVERRIDING SYSTEM VALUE VALUES (1350,8,1,'<p>What is the result of executing the following code? (Choose all that apply.)</p>
<p>String line;<br />Console c = System.console();<br />Writer w = c.writer();<br />if ((line = c.readLine()) != null)<br />&nbsp;&nbsp;&nbsp; w.append(line);<br />w.flush();</p>',TIMESTAMP '2019-03-05 15:59:14',TIMESTAMP '2019-03-05 15:59:14');
	INSERT INTO Answer (id,questionId,text,correct,comment) OVERRIDING SYSTEM VALUE VALUES (2626,1350,'The code runs without error but prints nothing.',false,'');
	INSERT INTO Answer (id,questionId,text,correct,comment) OVERRIDING SYSTEM VALUE VALUES (2627,1350,'The code prints what was entered by the user.',true,'');
	INSERT INTO Answer (id,questionId,text,correct,comment) OVERRIDING SYSTEM VALUE VALUES (2628,1350,'An ArrayIndexOutOfBoundsException might be thrown.',false,'');
	INSERT INTO Answer (id,questionId,text,correct,comment) OVERRIDING SYSTEM VALUE VALUES (2629,1350,'A NullPointerException might be thrown.',true,'');
	INSERT INTO Answer (id,questionId,text,correct,comment) OVERRIDING SYSTEM VALUE VALUES (2630,1350,'An IOException might be thrown.',false,'append не выбросит IOException, так как&nbsp;c.wiriter() - это PrintWriter');
	INSERT INTO Answer (id,questionId,text,correct,comment) OVERRIDING SYSTEM VALUE VALUES (2631,1350,'The code does not compile.',false,'');
INSERT INTO Question (id,realmId,type,text,regDate,updateDate) OVERRIDING SYSTEM VALUE VALUES (1351,8,2,'Опишите работу методов <strong>append</strong>() класса <strong>Writer</strong>.',TIMESTAMP '2019-03-05 16:52:48',TIMESTAMP '2019-03-05 17:17:29');
	INSERT INTO Answer (id,questionId,text,correct,comment) OVERRIDING SYSTEM VALUE VALUES (2632,1351,'<p>public Writer append(char c) throws IOException</p>
<p>Выводит символ в поток. Результат аналогичен методу <strong>write</strong>(c).</p>
<p>public <em>Writer </em><strong>append</strong>(<em>CharSequence</em> csq) throws <em>IOException</em></p>
<p>Выводит последовательность в поток. Результат аналогичен <strong>write</strong>(csq.toString())</p>
<p>public <em>Writer </em><strong>append</strong>(<em>CharSequence</em> csq, <em>int</em> start, <em>int</em> end) throws <em>IOException</em></p>
<p>Выводит подпоследовательность в поток. Результат аналогичен <strong>write</strong>(csq.subSequence(start, end).toString())</p>
<p>Внимание! У метода <strong>PrintWriter</strong> эти методы переопределены со следующими особенностями:<br />1) <em>IOException</em> не выбрасывается<br />2) если аргумент <em>CharSequence</em> равен <strong>null</strong>, то работает так, как если бы был равен строке "null"</p>',true,'');
INSERT INTO Question (id,realmId,type,text,regDate,updateDate) OVERRIDING SYSTEM VALUE VALUES (1352,8,1,'Which of the following are true statements about serialization in Java? (Choose all that apply.)',TIMESTAMP '2019-03-05 17:23:30',TIMESTAMP '2019-03-05 17:23:30');
	INSERT INTO Answer (id,questionId,text,correct,comment) OVERRIDING SYSTEM VALUE VALUES (2633,1352,'The process of converting serialized data back into memory is called deserialization.',true,'');
	INSERT INTO Answer (id,questionId,text,correct,comment) OVERRIDING SYSTEM VALUE VALUES (2634,1352,'All non-thread classes should be marked Serializable.',false,'');
	INSERT INTO Answer (id,questionId,text,correct,comment) OVERRIDING SYSTEM VALUE VALUES (2635,1352,'The Serializable interface requires implementing serialize() and deserialize() methods.',false,'');
	INSERT INTO Answer (id,questionId,text,correct,comment) OVERRIDING SYSTEM VALUE VALUES (2636,1352,'The Serializable interface is marked final and cannot be extended.',false,'можно унаследовать');
	INSERT INTO Answer (id,questionId,text,correct,comment) OVERRIDING SYSTEM VALUE VALUES (2637,1352,'The readObject() method of ObjectInputStream may throw a ClassNotFoundException even if the return object is not explicitly cast.',true,'Мы можем не применять кастинг, но класс все равно нужен, чтобы построить экземпляр.');
INSERT INTO Question (id,realmId,type,text,regDate,updateDate) OVERRIDING SYSTEM VALUE VALUES (1353,8,1,'Fill in the blank: _______ is the topmost directory on a file system.',TIMESTAMP '2019-03-05 17:27:10',TIMESTAMP '2019-03-05 17:27:10');
	INSERT INTO Answer (id,questionId,text,correct,comment) OVERRIDING SYSTEM VALUE VALUES (2640,1353,'Parent',false,'');
	INSERT INTO Answer (id,questionId,text,correct,comment) OVERRIDING SYSTEM VALUE VALUES (2641,1353,'Root',true,'');
	INSERT INTO Answer (id,questionId,text,correct,comment) OVERRIDING SYSTEM VALUE VALUES (2642,1353,'Top',false,'');
	INSERT INTO Answer (id,questionId,text,correct,comment) OVERRIDING SYSTEM VALUE VALUES (2638,1353,'Absolute',false,'');
	INSERT INTO Answer (id,questionId,text,correct,comment) OVERRIDING SYSTEM VALUE VALUES (2639,1353,'Directory',false,'');
INSERT INTO Question (id,realmId,type,text,regDate,updateDate) OVERRIDING SYSTEM VALUE VALUES (1354,8,1,'Assuming / is the root directory, which of the following are true statements? (Choose all that apply.)',TIMESTAMP '2019-03-05 17:32:12',TIMESTAMP '2019-03-05 17:32:12');
	INSERT INTO Answer (id,questionId,text,correct,comment) OVERRIDING SYSTEM VALUE VALUES (2643,1354,'/home/parrot is an absolute path.',true,'');
	INSERT INTO Answer (id,questionId,text,correct,comment) OVERRIDING SYSTEM VALUE VALUES (2644,1354,'/home/parrot is a directory.',false,'не факт');
	INSERT INTO Answer (id,questionId,text,correct,comment) OVERRIDING SYSTEM VALUE VALUES (2645,1354,'/home/parrot is a relative path.',false,'');
	INSERT INTO Answer (id,questionId,text,correct,comment) OVERRIDING SYSTEM VALUE VALUES (2646,1354,'The path pointed to from a File object must exist.',false,'');
	INSERT INTO Answer (id,questionId,text,correct,comment) OVERRIDING SYSTEM VALUE VALUES (2647,1354,'The parent of the path pointed to by a File object must exist.',false,'');
INSERT INTO Question (id,realmId,type,text,regDate,updateDate) OVERRIDING SYSTEM VALUE VALUES (1355,8,1,'What are the requirements for a class that you want to serialize with ObjectOutputStream? (Choose all that apply.)',TIMESTAMP '2019-03-05 17:38:01',TIMESTAMP '2019-03-05 17:38:01');
	INSERT INTO Answer (id,questionId,text,correct,comment) OVERRIDING SYSTEM VALUE VALUES (2648,1355,'The class must implement the Serializable interface.',true,'');
	INSERT INTO Answer (id,questionId,text,correct,comment) OVERRIDING SYSTEM VALUE VALUES (2649,1355,'The class must extend the Serializable class.',false,'');
	INSERT INTO Answer (id,questionId,text,correct,comment) OVERRIDING SYSTEM VALUE VALUES (2650,1355,'The class must declare a static serialVersionUID variable.',false,'');
	INSERT INTO Answer (id,questionId,text,correct,comment) OVERRIDING SYSTEM VALUE VALUES (2651,1355,'All instance members of the class must be Serializable.',false,'');
	INSERT INTO Answer (id,questionId,text,correct,comment) OVERRIDING SYSTEM VALUE VALUES (2652,1355,'All instance members of the class must be marked transient.',false,'');
	INSERT INTO Answer (id,questionId,text,correct,comment) OVERRIDING SYSTEM VALUE VALUES (2653,1355,'Any class can be serialized with ObjectOutputStream.',false,'');
INSERT INTO Question (id,realmId,type,text,regDate,updateDate) OVERRIDING SYSTEM VALUE VALUES (1356,8,1,'<p>The following method is designed to delete a directory tree recursively. Which of the following properties reflect the method definition? (Choose all that apply.)</p>
<p>public static void deleteTree(File file) {<br />&nbsp;&nbsp;&nbsp; if (!file.isFile()) //w2<br />&nbsp;&nbsp;&nbsp;&nbsp;&nbsp;&nbsp;&nbsp; for(File entry: file.listFiles()) //w3<br />&nbsp;&nbsp;&nbsp;&nbsp;&nbsp;&nbsp;&nbsp;&nbsp;&nbsp;&nbsp;&nbsp; deleteTree(entry);<br />&nbsp;&nbsp;&nbsp; else file.delete();<br />}</p>',TIMESTAMP '2019-03-05 17:48:09',TIMESTAMP '2019-03-05 17:52:17');
	INSERT INTO Answer (id,questionId,text,correct,comment) OVERRIDING SYSTEM VALUE VALUES (2656,1356,'It can delete a single file.',true,'');
	INSERT INTO Answer (id,questionId,text,correct,comment) OVERRIDING SYSTEM VALUE VALUES (2657,1356,'The code will not compile because of w2.',false,'');
	INSERT INTO Answer (id,questionId,text,correct,comment) OVERRIDING SYSTEM VALUE VALUES (2658,1356,'The code will not compile because of w3.',false,'');
	INSERT INTO Answer (id,questionId,text,correct,comment) OVERRIDING SYSTEM VALUE VALUES (2659,1356,'It compiles but may throw an exception at runtime.',false,'Может случиться непроверяемое исключение SecurityException, но это очень особый случай. Ошибок IOException не будет точно.');
	INSERT INTO Answer (id,questionId,text,correct,comment) OVERRIDING SYSTEM VALUE VALUES (2654,1356,'It can delete a directory that contains only files.',false,'');
	INSERT INTO Answer (id,questionId,text,correct,comment) OVERRIDING SYSTEM VALUE VALUES (2655,1356,'It can delete a directory tree of arbitrary length.',false,'');
INSERT INTO Question (id,realmId,type,text,regDate,updateDate) OVERRIDING SYSTEM VALUE VALUES (1357,8,1,'Which of the following are methods available to instances of the java.io.File class? (Choose all that apply.)',TIMESTAMP '2019-03-05 17:56:04',TIMESTAMP '2019-03-05 17:56:04');
	INSERT INTO Answer (id,questionId,text,correct,comment) OVERRIDING SYSTEM VALUE VALUES (2660,1357,'mv()',false,'');
	INSERT INTO Answer (id,questionId,text,correct,comment) OVERRIDING SYSTEM VALUE VALUES (2661,1357,'createDirectory()',false,'');
	INSERT INTO Answer (id,questionId,text,correct,comment) OVERRIDING SYSTEM VALUE VALUES (2662,1357,'mkdirs()',true,'');
	INSERT INTO Answer (id,questionId,text,correct,comment) OVERRIDING SYSTEM VALUE VALUES (2663,1357,'move()',false,'');
	INSERT INTO Answer (id,questionId,text,correct,comment) OVERRIDING SYSTEM VALUE VALUES (2664,1357,'renameTo()',true,'');
	INSERT INTO Answer (id,questionId,text,correct,comment) OVERRIDING SYSTEM VALUE VALUES (2665,1357,'copy()',false,'');
	INSERT INTO Answer (id,questionId,text,correct,comment) OVERRIDING SYSTEM VALUE VALUES (2666,1357,'mkdir()',true,'');
INSERT INTO Question (id,realmId,type,text,regDate,updateDate) OVERRIDING SYSTEM VALUE VALUES (1358,8,0,'Для переноса файла следует пользоваться методом <strong>renameTo</strong>(), а для копирования - работать через потоки.',TIMESTAMP '2019-03-05 18:03:37',TIMESTAMP '2019-03-05 18:05:03');
INSERT INTO Question (id,realmId,type,text,regDate,updateDate) OVERRIDING SYSTEM VALUE VALUES (1359,8,1,'Suppose that the file c:\book\java exists. Which of the following lines of code creates an object that represents the file? (Choose all that apply.)',TIMESTAMP '2019-03-05 18:41:12',TIMESTAMP '2019-03-05 18:41:12');
	INSERT INTO Answer (id,questionId,text,correct,comment) OVERRIDING SYSTEM VALUE VALUES (2667,1359,'new File("c:\book\java");',false,'');
	INSERT INTO Answer (id,questionId,text,correct,comment) OVERRIDING SYSTEM VALUE VALUES (2668,1359,'new File("c:\\book\\java");',true,'');
	INSERT INTO Answer (id,questionId,text,correct,comment) OVERRIDING SYSTEM VALUE VALUES (2669,1359,'new File("c:/book/java");',true,'');
	INSERT INTO Answer (id,questionId,text,correct,comment) OVERRIDING SYSTEM VALUE VALUES (2670,1359,'new File("c://book//java");',true,'тоже сработает');
	INSERT INTO Answer (id,questionId,text,correct,comment) OVERRIDING SYSTEM VALUE VALUES (2671,1359,'None of the above',false,'');
INSERT INTO Question (id,realmId,type,text,regDate,updateDate) OVERRIDING SYSTEM VALUE VALUES (1360,8,1,'Which of the following are built-in streams in Java? (Choose all that apply.)',TIMESTAMP '2019-03-06 12:51:17',TIMESTAMP '2019-03-06 12:51:17');
	INSERT INTO Answer (id,questionId,text,correct,comment) OVERRIDING SYSTEM VALUE VALUES (2672,1360,'System.err',true,'');
	INSERT INTO Answer (id,questionId,text,correct,comment) OVERRIDING SYSTEM VALUE VALUES (2673,1360,'System.error',false,'');
	INSERT INTO Answer (id,questionId,text,correct,comment) OVERRIDING SYSTEM VALUE VALUES (2674,1360,'System.in',true,'');
	INSERT INTO Answer (id,questionId,text,correct,comment) OVERRIDING SYSTEM VALUE VALUES (2675,1360,'System.input',false,'');
	INSERT INTO Answer (id,questionId,text,correct,comment) OVERRIDING SYSTEM VALUE VALUES (2676,1360,'System.out',true,'');
	INSERT INTO Answer (id,questionId,text,correct,comment) OVERRIDING SYSTEM VALUE VALUES (2677,1360,'System.output',false,'');
INSERT INTO Question (id,realmId,type,text,regDate,updateDate) OVERRIDING SYSTEM VALUE VALUES (1361,8,1,'Which of the following are not java.io classes? (Choose all that apply.)',TIMESTAMP '2019-03-06 12:57:05',TIMESTAMP '2019-03-06 12:57:05');
	INSERT INTO Answer (id,questionId,text,correct,comment) OVERRIDING SYSTEM VALUE VALUES (2678,1361,'BufferedReader',false,'');
	INSERT INTO Answer (id,questionId,text,correct,comment) OVERRIDING SYSTEM VALUE VALUES (2679,1361,'BufferedWriter',false,'');
	INSERT INTO Answer (id,questionId,text,correct,comment) OVERRIDING SYSTEM VALUE VALUES (2680,1361,'FileReader',false,'');
	INSERT INTO Answer (id,questionId,text,correct,comment) OVERRIDING SYSTEM VALUE VALUES (2681,1361,'FileWriter',false,'');
	INSERT INTO Answer (id,questionId,text,correct,comment) OVERRIDING SYSTEM VALUE VALUES (2682,1361,'PrintReader',true,'');
	INSERT INTO Answer (id,questionId,text,correct,comment) OVERRIDING SYSTEM VALUE VALUES (2683,1361,'PrintWriter',false,'');
INSERT INTO Question (id,realmId,type,text,regDate,updateDate) OVERRIDING SYSTEM VALUE VALUES (1362,8,1,'<p>Assuming zoo-data.txt is a multiline text file, what is true of the following method?</p>
<p>private void echo() throws IOException {<br />&nbsp;&nbsp;&nbsp; try (FileReader fileReader = new FileReader("zoo-data.txt");<br />&nbsp;&nbsp;&nbsp;&nbsp;&nbsp;&nbsp;&nbsp; BufferedReader bufferedReader = new BufferedReader(fileReader)) {<br />&nbsp;&nbsp;&nbsp;&nbsp;&nbsp;&nbsp;&nbsp; System.out.println(bufferedReader.readLine());<br />&nbsp;&nbsp;&nbsp; }<br />}</p>',TIMESTAMP '2019-03-06 13:00:57',TIMESTAMP '2019-03-06 13:00:57');
	INSERT INTO Answer (id,questionId,text,correct,comment) OVERRIDING SYSTEM VALUE VALUES (2688,1362,'The code does not compile for another reason.',false,'');
	INSERT INTO Answer (id,questionId,text,correct,comment) OVERRIDING SYSTEM VALUE VALUES (2684,1362,'It prints the first line of the file to the console.',true,'');
	INSERT INTO Answer (id,questionId,text,correct,comment) OVERRIDING SYSTEM VALUE VALUES (2685,1362,'It prints the entire contents of the file.',false,'');
	INSERT INTO Answer (id,questionId,text,correct,comment) OVERRIDING SYSTEM VALUE VALUES (2686,1362,'The code does not compile because the reader is not closed.',false,'');
	INSERT INTO Answer (id,questionId,text,correct,comment) OVERRIDING SYSTEM VALUE VALUES (2687,1362,'The code does compile, but the reader is not closed.',false,'');
INSERT INTO Question (id,realmId,type,text,regDate,updateDate) OVERRIDING SYSTEM VALUE VALUES (1363,8,1,'Why shouldn&rsquo;t every class be marked Serializable? (Choose all that apply.)',TIMESTAMP '2019-03-06 13:09:27',TIMESTAMP '2019-03-06 13:09:27');
	INSERT INTO Answer (id,questionId,text,correct,comment) OVERRIDING SYSTEM VALUE VALUES (2689,1363,'The compiler will throw an exception if certain classes are marked Serializable.',false,'если помечены - не выдаст. Выдаст, если имеет место попытка несериализуемого');
	INSERT INTO Answer (id,questionId,text,correct,comment) OVERRIDING SYSTEM VALUE VALUES (2690,1363,'Only final classes can be marked Serializable.',false,'');
	INSERT INTO Answer (id,questionId,text,correct,comment) OVERRIDING SYSTEM VALUE VALUES (2691,1363,'Classes can implement only one interface, so marking them Serializable would prevent them from using any other interface.',false,'');
	INSERT INTO Answer (id,questionId,text,correct,comment) OVERRIDING SYSTEM VALUE VALUES (2692,1363,'The data of some classes cannot be easily serialized, such as those managing threads or processes.',true,'');
	INSERT INTO Answer (id,questionId,text,correct,comment) OVERRIDING SYSTEM VALUE VALUES (2693,1363,'Only concrete classes can be marked Serializable.',false,'Могут любые');
	INSERT INTO Answer (id,questionId,text,correct,comment) OVERRIDING SYSTEM VALUE VALUES (2694,1363,'Classes that store most of their data in static fields would not be easily serialized.',true,'');
INSERT INTO Question (id,realmId,type,text,regDate,updateDate) OVERRIDING SYSTEM VALUE VALUES (1364,8,1,'Which of the following stream classes are high-level? (Choose all that apply.)',TIMESTAMP '2019-03-06 13:15:07',TIMESTAMP '2019-03-06 13:15:07');
	INSERT INTO Answer (id,questionId,text,correct,comment) OVERRIDING SYSTEM VALUE VALUES (2695,1364,'ObjectInputStream',true,'');
	INSERT INTO Answer (id,questionId,text,correct,comment) OVERRIDING SYSTEM VALUE VALUES (2696,1364,'PrintStream',true,'');
	INSERT INTO Answer (id,questionId,text,correct,comment) OVERRIDING SYSTEM VALUE VALUES (2697,1364,'FileWriter',false,'');
	INSERT INTO Answer (id,questionId,text,correct,comment) OVERRIDING SYSTEM VALUE VALUES (2698,1364,'PrintWriter',true,'');
	INSERT INTO Answer (id,questionId,text,correct,comment) OVERRIDING SYSTEM VALUE VALUES (2699,1364,'OutputStream',false,'');
	INSERT INTO Answer (id,questionId,text,correct,comment) OVERRIDING SYSTEM VALUE VALUES (2700,1364,'FileInputStream',false,'');
	INSERT INTO Answer (id,questionId,text,correct,comment) OVERRIDING SYSTEM VALUE VALUES (2701,1364,'ObjectOutputStream',true,'');
INSERT INTO Question (id,realmId,type,text,regDate,updateDate) OVERRIDING SYSTEM VALUE VALUES (1365,8,1,'<p>Which values when inserted into the blank would allow the code to compile? (Choose all that apply.)</p>
<p>1: Console console = System.console();<br />2: String color = console.readLine("What is your favorite color? ");<br />3: console._________ ("Your favorite color is "+color);</p>',TIMESTAMP '2019-03-06 13:20:23',TIMESTAMP '2019-03-06 13:20:23');
	INSERT INTO Answer (id,questionId,text,correct,comment) OVERRIDING SYSTEM VALUE VALUES (2704,1365,'println',false,'');
	INSERT INTO Answer (id,questionId,text,correct,comment) OVERRIDING SYSTEM VALUE VALUES (2705,1365,'format',true,'');
	INSERT INTO Answer (id,questionId,text,correct,comment) OVERRIDING SYSTEM VALUE VALUES (2706,1365,'writer().println',true,'');
	INSERT INTO Answer (id,questionId,text,correct,comment) OVERRIDING SYSTEM VALUE VALUES (2707,1365,'out',false,'');
	INSERT INTO Answer (id,questionId,text,correct,comment) OVERRIDING SYSTEM VALUE VALUES (2702,1365,'print',false,'');
	INSERT INTO Answer (id,questionId,text,correct,comment) OVERRIDING SYSTEM VALUE VALUES (2703,1365,'printf',true,'');
INSERT INTO Question (id,realmId,type,text,regDate,updateDate) OVERRIDING SYSTEM VALUE VALUES (1366,8,1,'Suppose that you need to write data that consists of int, double, boolean, and String values to a file that maintains the format of the original data. For performance reasons, you also want to buffer the data. Which three java.io classes can be chained together to best achieve this result?',TIMESTAMP '2019-03-06 13:23:41',TIMESTAMP '2019-03-06 13:23:41');
	INSERT INTO Answer (id,questionId,text,correct,comment) OVERRIDING SYSTEM VALUE VALUES (2708,1366,'FileWriter',false,'');
	INSERT INTO Answer (id,questionId,text,correct,comment) OVERRIDING SYSTEM VALUE VALUES (2709,1366,'FileOutputStream',true,'');
	INSERT INTO Answer (id,questionId,text,correct,comment) OVERRIDING SYSTEM VALUE VALUES (2710,1366,'BufferedOutputStream',true,'');
	INSERT INTO Answer (id,questionId,text,correct,comment) OVERRIDING SYSTEM VALUE VALUES (2711,1366,'ObjectOutputStream',true,'');
	INSERT INTO Answer (id,questionId,text,correct,comment) OVERRIDING SYSTEM VALUE VALUES (2712,1366,'DirectoryStream',false,'');
	INSERT INTO Answer (id,questionId,text,correct,comment) OVERRIDING SYSTEM VALUE VALUES (2713,1366,'PrintWriter',false,'');
	INSERT INTO Answer (id,questionId,text,correct,comment) OVERRIDING SYSTEM VALUE VALUES (2714,1366,'PipedOutputStream',false,'');
INSERT INTO Question (id,realmId,type,text,regDate,updateDate) OVERRIDING SYSTEM VALUE VALUES (1367,8,1,'What are some reasons to use a character stream, such as Reader/Writer, over a byte stream, such as InputStream/OutputStream? (Choose all that apply.)',TIMESTAMP '2019-03-06 13:26:10',TIMESTAMP '2019-03-06 13:26:10');
	INSERT INTO Answer (id,questionId,text,correct,comment) OVERRIDING SYSTEM VALUE VALUES (2720,1367,'Multi-threading support',false,'');
	INSERT INTO Answer (id,questionId,text,correct,comment) OVERRIDING SYSTEM VALUE VALUES (2715,1367,'More convenient code syntax when working with String data',true,'');
	INSERT INTO Answer (id,questionId,text,correct,comment) OVERRIDING SYSTEM VALUE VALUES (2716,1367,'Improved performance',false,'');
	INSERT INTO Answer (id,questionId,text,correct,comment) OVERRIDING SYSTEM VALUE VALUES (2717,1367,'Automatic character encoding',true,'');
	INSERT INTO Answer (id,questionId,text,correct,comment) OVERRIDING SYSTEM VALUE VALUES (2718,1367,'Built-in serialization and deserialization',false,'');
	INSERT INTO Answer (id,questionId,text,correct,comment) OVERRIDING SYSTEM VALUE VALUES (2719,1367,'Character streams are high-level streams',false,'');
INSERT INTO Question (id,realmId,type,text,regDate,updateDate) OVERRIDING SYSTEM VALUE VALUES (1368,8,1,'<p>Assuming the following class has proper public getter/setter methods for all of its private fields, which of the following fields will always be null after an instance of the class is serialized and then deserialized? (Choose all that apply.)</p>
<p>public class Zebra implements Serializable {<br />&nbsp;&nbsp;&nbsp; private static final long serialUID = 1L;<br />&nbsp;&nbsp;&nbsp; private transient String name = "George";<br />&nbsp;&nbsp;&nbsp; private static String birthPlace = "Africa";<br />&nbsp;&nbsp;&nbsp; private transient Integer age;<br />&nbsp;&nbsp;&nbsp; private java.util.List&lt;Zebra&gt; friends = new java.util.ArrayList&lt;&gt;();<br />&nbsp;&nbsp;&nbsp; private Object tail = null;<br />&nbsp;&nbsp;&nbsp; { age = 10;}</p>
<p>&nbsp;&nbsp;&nbsp; public Zebra() {<br />&nbsp;&nbsp;&nbsp;&nbsp;&nbsp;&nbsp;&nbsp; this.name = "Sophia";<br />&nbsp;&nbsp;&nbsp; }<br />}</p>',TIMESTAMP '2019-03-06 13:39:53',TIMESTAMP '2019-03-06 13:39:53');
	INSERT INTO Answer (id,questionId,text,correct,comment) OVERRIDING SYSTEM VALUE VALUES (2721,1368,'name',true,'');
	INSERT INTO Answer (id,questionId,text,correct,comment) OVERRIDING SYSTEM VALUE VALUES (2722,1368,'tail',false,'');
	INSERT INTO Answer (id,questionId,text,correct,comment) OVERRIDING SYSTEM VALUE VALUES (2723,1368,'age',true,'');
	INSERT INTO Answer (id,questionId,text,correct,comment) OVERRIDING SYSTEM VALUE VALUES (2724,1368,'friends',false,'');
	INSERT INTO Answer (id,questionId,text,correct,comment) OVERRIDING SYSTEM VALUE VALUES (2725,1368,'birthPlace',false,'');
	INSERT INTO Answer (id,questionId,text,correct,comment) OVERRIDING SYSTEM VALUE VALUES (2726,1368,'The code does not compile.',false,'');
	INSERT INTO Answer (id,questionId,text,correct,comment) OVERRIDING SYSTEM VALUE VALUES (2727,1368,'The code compiles but throws an exception at runtime.',false,'');
INSERT INTO Question (id,realmId,type,text,regDate,updateDate) OVERRIDING SYSTEM VALUE VALUES (1369,8,1,'<p>What is the value of name after an instance of Eagle is serialized and then deserialized?</p>
<p>public class Bird implements Serializable {<br />&nbsp;&nbsp;&nbsp; protected transient String name = "Bridget";<br />&nbsp;&nbsp;&nbsp; public void setName(String name) { this.name = name; }<br />&nbsp;&nbsp;&nbsp; public String getName() { return name; }<br />&nbsp;&nbsp;&nbsp; public Bird() {<br />&nbsp;&nbsp;&nbsp;&nbsp;&nbsp;&nbsp;&nbsp; this.name = "Matt";<br />&nbsp;&nbsp;&nbsp; }<br />}</p>
<p>public class Eagle extends Bird implements Serializable {<br />&nbsp;&nbsp;&nbsp; { this.name = "Janette"; }<br />&nbsp;&nbsp;&nbsp; public Eagle() {<br />&nbsp;&nbsp;&nbsp;&nbsp;&nbsp;&nbsp;&nbsp; this.name = "Daniel";<br />&nbsp;&nbsp;&nbsp; }<br />}</p>',TIMESTAMP '2019-03-06 13:48:42',TIMESTAMP '2019-03-06 13:48:42');
	INSERT INTO Answer (id,questionId,text,correct,comment) OVERRIDING SYSTEM VALUE VALUES (2728,1369,'Bridget',false,'');
	INSERT INTO Answer (id,questionId,text,correct,comment) OVERRIDING SYSTEM VALUE VALUES (2729,1369,'Matt',false,'');
	INSERT INTO Answer (id,questionId,text,correct,comment) OVERRIDING SYSTEM VALUE VALUES (2730,1369,'Janette',false,'');
	INSERT INTO Answer (id,questionId,text,correct,comment) OVERRIDING SYSTEM VALUE VALUES (2731,1369,'Daniel',false,'');
	INSERT INTO Answer (id,questionId,text,correct,comment) OVERRIDING SYSTEM VALUE VALUES (2732,1369,'null',true,'');
	INSERT INTO Answer (id,questionId,text,correct,comment) OVERRIDING SYSTEM VALUE VALUES (2733,1369,'The code does not compile.',false,'');
	INSERT INTO Answer (id,questionId,text,correct,comment) OVERRIDING SYSTEM VALUE VALUES (2734,1369,'The code compiles but throws an exception at runtime.',false,'');
	INSERT INTO Answer (id,questionId,text,correct,comment) OVERRIDING SYSTEM VALUE VALUES (2735,1369,'The value may not be known until runtime.',false,'');
INSERT INTO Question (id,realmId,type,text,regDate,updateDate) OVERRIDING SYSTEM VALUE VALUES (1370,8,1,'<p>Assume that you have an InputStream whose next bytes are XYZABC. What is the result of calling the following method on the stream, using a count value of 3?</p>
<p>public static String pullBytes(InputStream is, int count) throws IOException {<br />&nbsp;&nbsp;&nbsp; is.mark(count);<br />&nbsp;&nbsp;&nbsp; final StringBuilder sb = new StringBuilder();<br />&nbsp;&nbsp;&nbsp; for(int i=0; i&lt;count; i++)<br />&nbsp;&nbsp;&nbsp;&nbsp;&nbsp;&nbsp;&nbsp; sb.append((char)is.read());<br />&nbsp;&nbsp;&nbsp; is.reset();<br />&nbsp;&nbsp;&nbsp; is.skip(1);<br />&nbsp;&nbsp;&nbsp; sb.append((char)is.read());<br />&nbsp;&nbsp;&nbsp; return sb.toString();<br />}</p>',TIMESTAMP '2019-03-06 13:58:51',TIMESTAMP '2019-03-06 13:58:51');
	INSERT INTO Answer (id,questionId,text,correct,comment) OVERRIDING SYSTEM VALUE VALUES (2736,1370,'It will return a String value of XYZ.',false,'');
	INSERT INTO Answer (id,questionId,text,correct,comment) OVERRIDING SYSTEM VALUE VALUES (2737,1370,'It will return a String value of XYZA.',false,'');
	INSERT INTO Answer (id,questionId,text,correct,comment) OVERRIDING SYSTEM VALUE VALUES (2738,1370,'It will return a String value of XYZX.',false,'');
	INSERT INTO Answer (id,questionId,text,correct,comment) OVERRIDING SYSTEM VALUE VALUES (2739,1370,'It will return a String value of XYZB.',false,'');
	INSERT INTO Answer (id,questionId,text,correct,comment) OVERRIDING SYSTEM VALUE VALUES (2740,1370,'It will return a String value of XYZY.',false,'');
	INSERT INTO Answer (id,questionId,text,correct,comment) OVERRIDING SYSTEM VALUE VALUES (2741,1370,'The code does not compile.',false,'');
	INSERT INTO Answer (id,questionId,text,correct,comment) OVERRIDING SYSTEM VALUE VALUES (2742,1370,'The code compiles but throws an exception at runtime.',false,'');
	INSERT INTO Answer (id,questionId,text,correct,comment) OVERRIDING SYSTEM VALUE VALUES (2743,1370,'The result cannot be determined with the information given.',true,'mark может не поддерживаться');
INSERT INTO Question (id,realmId,type,text,regDate,updateDate) OVERRIDING SYSTEM VALUE VALUES (1371,8,0,'<strong>NIO</strong> обозначает <em>Non-blocking Input/Output</em>',TIMESTAMP '2019-03-06 14:07:33',TIMESTAMP '2019-03-06 14:07:33');
INSERT INTO Question (id,realmId,type,text,regDate,updateDate) OVERRIDING SYSTEM VALUE VALUES (1372,8,2,'Опишите основной принцип NIO.',TIMESTAMP '2019-03-06 14:15:13',TIMESTAMP '2019-03-06 14:15:13');
	INSERT INTO Answer (id,questionId,text,correct,comment) OVERRIDING SYSTEM VALUE VALUES (2744,1372,'Загружать содержимое из файлового канала в буфер, который, в отличие от потока, может быть прочитан вперед и назада без блокировки исходного ресурса.',true,'');
INSERT INTO Question (id,realmId,type,text,regDate,updateDate) OVERRIDING SYSTEM VALUE VALUES (1373,8,0,'NIO.2, фактически представляет собой замену java.io.File и связанных с ним операций.',TIMESTAMP '2019-03-06 15:33:56',TIMESTAMP '2019-03-06 15:33:56');
INSERT INTO Question (id,realmId,type,text,regDate,updateDate) OVERRIDING SYSTEM VALUE VALUES (1374,8,2,'Опишите смысл интерфейса <strong>Path</strong>.',TIMESTAMP '2019-03-06 15:36:59',TIMESTAMP '2019-03-06 15:36:59');
	INSERT INTO Answer (id,questionId,text,correct,comment) OVERRIDING SYSTEM VALUE VALUES (2745,1374,'Интерфейс java.nio.file.<strong>Path</strong>&nbsp; представляет иерархический путь к файлу или папке и схож этим с java.io.<strong>File</strong>.',true,'');
INSERT INTO Question (id,realmId,type,text,regDate,updateDate) OVERRIDING SYSTEM VALUE VALUES (1375,8,2,'Что такое символическая ссылка (<em>symbolic link</em>)?',TIMESTAMP '2019-03-06 15:43:10',TIMESTAMP '2019-03-06 15:43:10');
	INSERT INTO Answer (id,questionId,text,correct,comment) OVERRIDING SYSTEM VALUE VALUES (2746,1375,'Это специальный файл внутри операционной системы, который служит ссылкой или указателем на другой файл или папку. Пользователь их обычно не видит, т.к. на уровне отображения ОС преобразует их в реальные файлы. Поддерживаются в NIO.2',true,'');
INSERT INTO Question (id,realmId,type,text,regDate,updateDate) OVERRIDING SYSTEM VALUE VALUES (1376,8,2,'Почему java.nio.file.<strong>Path</strong> - это интерфейс, а не класс?',TIMESTAMP '2019-03-06 15:52:48',TIMESTAMP '2019-03-06 15:52:48');
	INSERT INTO Answer (id,questionId,text,correct,comment) OVERRIDING SYSTEM VALUE VALUES (2747,1376,'В NIO.2 непосредственная работа с файлами и папками считается системно-ориентированной задачей, поэтому при получении объекта <strong>Path</strong> возвращается экземпляр класса, специфичного для конкретной платформы. Если использовать эти классы напрямую, то возникли бы проблемы с переносимостью кода.',true,'');
INSERT INTO Question (id,realmId,type,text,regDate,updateDate) OVERRIDING SYSTEM VALUE VALUES (1377,8,2,'Опишите схему взаимодействия классов NIO.2',TIMESTAMP '2019-03-06 15:57:34',TIMESTAMP '2019-03-06 15:57:34');
	INSERT INTO Answer (id,questionId,text,correct,comment) OVERRIDING SYSTEM VALUE VALUES (2748,1377,'<strong>FileSystems&nbsp;</strong> <em>создает </em><strong>FileSystem</strong><br /><strong>FileSystem</strong> <em>создает </em><strong>Path</strong><br /><strong>Paths</strong> <em>создает </em><strong>Path</strong><br /><strong>Files</strong> <em>использует </em><strong>Path</strong><br /><strong>Path</strong> <em>конвертируется</em> в <strong>File</strong> (и обратно)<br /><strong>Path</strong> <em>конвертируется</em> в <strong>URI</strong>',true,'');
INSERT INTO Question (id,realmId,type,text,regDate,updateDate) OVERRIDING SYSTEM VALUE VALUES (1378,8,2,'Опишите самый простой способ создать экземпляр <strong>Path</strong>.',TIMESTAMP '2019-03-06 16:14:40',TIMESTAMP '2019-03-06 17:13:37');
	INSERT INTO Answer (id,questionId,text,correct,comment) OVERRIDING SYSTEM VALUE VALUES (2749,1378,'Надо использовать фабрику java.nio.file.<strong>Paths</strong>:<br /><br />public static <em>Path</em> <strong>get</strong>(<em>String</em> first, <em>String</em>... more)<br /><br />Path path1 = Paths.get("pandas/cuddly.png"); // относительный путь<br />Path path2 = Paths.get("c:\\zooinfo\\November\\employees.txt"); //будет&nbsp;относительным в Unix и&nbsp;абсолютным в Windows<br />Path path3 = Paths.get("/home/zoodirectory"); //будет абсолютным в Unix и относительным в Windows<br /><br />то же самое, переписанное на варарги (разделитель вставится автоматически):<br /><br />Path path1 = Paths.get("pandas","cuddly.png");<br />Path path2 = Paths.get("c:","zooinfo","November","employees.txt");<br />Path path3 = Paths.get("/","home","zoodirectory");<br /><br />А можно создавать и из URI:<br /><br />Path path1 = Paths.get(new URI("file://pandas/cuddly.png")); // THROWS EXCEPTION AT RUNTIME<br />Path path2 = Paths.get(new URI("file:///c:/zoo-info/November/employees.txt"));<br />Path path3 = Paths.get(new URI("file:///home/zoodirectory"));',true,'');
INSERT INTO Question (id,realmId,type,text,regDate,updateDate) OVERRIDING SYSTEM VALUE VALUES (1379,8,0,'На экзамене будут действовать следующие принципы определения абсолютности/относительности пути:<br />- путь, начинающийся с "/", считается абсолютным<br />- путь, начинающийся с буквы диска, считается абсолютным<br />- все остальные - относительные',TIMESTAMP '2019-03-06 16:20:35',TIMESTAMP '2019-03-06 16:20:35');
INSERT INTO Question (id,realmId,type,text,regDate,updateDate) OVERRIDING SYSTEM VALUE VALUES (1380,8,2,'Что такое URI и как он реализован в Java?',TIMESTAMP '2019-03-06 17:03:59',TIMESTAMP '2019-03-06 17:12:43');
	INSERT INTO Answer (id,questionId,text,correct,comment) OVERRIDING SYSTEM VALUE VALUES (2750,1380,'URI (<em>uniform resource identifier</em>)&nbsp; - это строка, идентифицирующая ресурс. Начинается со схемы, которая обозначает тип ресурса, и <span style="text-decoration: underline;">абсолютного</span> пути (иначе при попытке создания экземпляра &nbsp;<strong>Path</strong> будет <em>IllegalArgumentException</em>). Примеры схем: file://, http://, https://, ftp://<br /><br />В Java имеется класс java.net.<strong>URI</strong>. Создать экземпляр можно так:<br />get(new URI("file:///c:/zoo-info/November/employees.txt")<br /><br />(этот конструктор выбрасывает проверяемое исключения URISyntaxException, если синтаксис не соответствует RFC 2396',true,'');
INSERT INTO Question (id,realmId,type,text,regDate,updateDate) OVERRIDING SYSTEM VALUE VALUES (1381,8,0,'Метод <strong>isAbsolute</strong>() класса <strong>URI</strong> проверяет, есть ли в URI компонент схемы, а не абсолютность пути к ресурсу.',TIMESTAMP '2019-03-06 17:11:08',TIMESTAMP '2019-03-06 17:11:17');
INSERT INTO Question (id,realmId,type,text,regDate,updateDate) OVERRIDING SYSTEM VALUE VALUES (1382,8,0,'Получение путей к http и ftp:<br /><br />Path path4 = Paths.get(new URI("http://www.wiley.com"));<br />Path path5 = Paths.get(new URI("ftp://username:password@ftp.the-ftp-server.com"));',TIMESTAMP '2019-03-06 17:21:06',TIMESTAMP '2019-03-06 17:21:06');
INSERT INTO Question (id,realmId,type,text,regDate,updateDate) OVERRIDING SYSTEM VALUE VALUES (1383,8,0,'Интерфейс <strong>Path</strong> имеет метод <strong>toUri</strong>(), который преобразует путь в URI.',TIMESTAMP '2019-03-06 17:27:25',TIMESTAMP '2019-03-06 17:27:25');
INSERT INTO Question (id,realmId,type,text,regDate,updateDate) OVERRIDING SYSTEM VALUE VALUES (1384,8,2,'Как получить экземпляр <strong>FileSystem</strong>?',TIMESTAMP '2019-03-06 17:33:25',TIMESTAMP '2019-03-06 17:33:25');
	INSERT INTO Answer (id,questionId,text,correct,comment) OVERRIDING SYSTEM VALUE VALUES (2751,1384,'Экземпляр класса java.nio.file.<strong>FileSystem</strong> можно получить посредством метода <strong>FileSystems</strong>.<strong>getDefault</strong>().',true,'');
INSERT INTO Question (id,realmId,type,text,regDate,updateDate) OVERRIDING SYSTEM VALUE VALUES (1385,8,0,'У класса <strong>FileSystem</strong> есть метод экземпдяра <strong>getPath</strong>(<em>String</em> first, <em>String</em>... more), полностью аналогичный методу <strong>Paths.get</strong>() с той же сигнатурой.',TIMESTAMP '2019-03-06 17:34:54',TIMESTAMP '2019-03-06 17:34:54');
INSERT INTO Question (id,realmId,type,text,regDate,updateDate) OVERRIDING SYSTEM VALUE VALUES (1386,8,2,'Как можно подключиться к внешней файловой системе и ее ресурсам?',TIMESTAMP '2019-03-06 17:38:12',TIMESTAMP '2019-03-06 17:38:12');
	INSERT INTO Answer (id,questionId,text,correct,comment) OVERRIDING SYSTEM VALUE VALUES (2752,1386,'FileSystem fileSystem = FileSystems.getFileSystem(new URI("http://www.selikoff.net"));<br />Path path = fileSystem.getPath("duck.txt");<br /><br />Метод <strong>getFileSystem</strong>() может выбрасывать несколько непроверяемых исключений.',true,'');
INSERT INTO Question (id,realmId,type,text,regDate,updateDate) OVERRIDING SYSTEM VALUE VALUES (1387,8,2,'Как получить <strong>Path</strong> из <strong>File </strong>и наоборот?',TIMESTAMP '2019-03-07 11:09:18',TIMESTAMP '2019-03-07 11:09:18');
	INSERT INTO Answer (id,questionId,text,correct,comment) OVERRIDING SYSTEM VALUE VALUES (2753,1387,'Вызвать метод <strong>toPath</strong>():<br /><br />File file = new File("pandas/cuddly.png");<br />Path path = file.toPath();<br /><br />Вызвать метод <strong>toFile</strong>():<br /><br />Path path = Paths.get("cuddly.png");<br />File file = path.toFile();',true,'');
INSERT INTO Question (id,realmId,type,text,regDate,updateDate) OVERRIDING SYSTEM VALUE VALUES (1388,8,0,'Многие операции Path API можно выполнить, не имея в реальности файла или папки - например, получение родительской папки.',TIMESTAMP '2019-03-07 11:13:56',TIMESTAMP '2019-03-07 11:13:56');
INSERT INTO Question (id,realmId,type,text,regDate,updateDate) OVERRIDING SYSTEM VALUE VALUES (1389,8,2,'Перечислите опциональные аргументы NIO.2 (с кратким описанием).',TIMESTAMP '2019-03-07 11:42:59',TIMESTAMP '2019-03-07 11:42:59');
	INSERT INTO Answer (id,questionId,text,correct,comment) OVERRIDING SYSTEM VALUE VALUES (2754,1389,'NOFOLLOW_LINKS (тип энума java.nio.file.<strong>LinkOption</strong>): не просматривать симолические ссылки<br /><br />FOLLOW_LINKS (тип энума java.nio.file.<strong>FileVisitOption</strong>): просматривать симолические ссылки<br /><br />COPY_ATTRIBUTES, REPLACE_EXISTING, ATOMIC_MOVE (тип энума java.nio.file.<strong>StandardCopyOption</strong>): копировать атрибуты, заменить имеющийся, перенести в атомарном стиле (если позволяет ОС)',true,'');
INSERT INTO Question (id,realmId,type,text,regDate,updateDate) OVERRIDING SYSTEM VALUE VALUES (1390,8,0,'Энумы <strong>LinkOption</strong> и <strong>StandartCopyOption</strong> наследуют от интерфейса <em><strong>CopyOption</strong></em>, а энум <strong>FileVisitOption</strong> - нет.',TIMESTAMP '2019-03-07 11:47:34',TIMESTAMP '2019-03-07 11:47:34');
INSERT INTO Question (id,realmId,type,text,regDate,updateDate) OVERRIDING SYSTEM VALUE VALUES (1391,8,0,'При атомарном переносе файла процесс, мониторящий файловую систему, никогда не увидит неполный или частично записанный файл.',TIMESTAMP '2019-03-07 15:11:08',TIMESTAMP '2019-03-07 15:11:08');
INSERT INTO Question (id,realmId,type,text,regDate,updateDate) OVERRIDING SYSTEM VALUE VALUES (1392,8,0,'<em>AtomicMoveNotSupportedException</em> (потомок <em>IOException</em>) выдается при попытке атомарного переноса, если файловая система такую операцию не поддерживает.',TIMESTAMP '2019-03-07 15:23:48',TIMESTAMP '2019-03-07 15:23:48');
INSERT INTO Question (id,realmId,type,text,regDate,updateDate) OVERRIDING SYSTEM VALUE VALUES (1393,0,0,'Использование varargs позволяет оставить задел на будущее. Если в методе когда-нибудь понадобится не один параметр, а несколько, не нужно будет менять сигнатуру.',TIMESTAMP '2019-03-07 15:48:26',TIMESTAMP '2019-03-07 15:48:26');
INSERT INTO Question (id,realmId,type,text,regDate,updateDate) OVERRIDING SYSTEM VALUE VALUES (1394,8,2,'Опишите методы <strong>getName</strong>() и <strong>getNameCount</strong>()&nbsp;интерфейса <strong>Path</strong>.',TIMESTAMP '2019-03-07 16:25:45',TIMESTAMP '2019-03-07 23:02:09');
	INSERT INTO Answer (id,questionId,text,correct,comment) OVERRIDING SYSTEM VALUE VALUES (2755,1394,'<em>Path</em> <strong>getName</strong>(<em>int</em> index)<br />возвращает элемент&nbsp;пути в&nbsp;виде объекта <strong>Path</strong>. Элементы индексируются от корня слева&nbsp;направо, начиная с 0. Если с индексом что-то не так, то будет <em>IllegalArgumentException</em>.<br /><br /><em>int</em> <strong>getNameCount</strong>()<br />возвращает число элементов пути (0, если корневой компонент)',true,'');
INSERT INTO Question (id,realmId,type,text,regDate,updateDate) OVERRIDING SYSTEM VALUE VALUES (1395,8,2,'Приведите пример использования <strong>getName</strong>() и <strong>getNameCount</strong>() интерфейса <strong>Path</strong>.',TIMESTAMP '2019-03-07 16:26:59',TIMESTAMP '2019-03-07 16:26:59');
	INSERT INTO Answer (id,questionId,text,correct,comment) OVERRIDING SYSTEM VALUE VALUES (2756,1395,'<p>Path path = Paths.get("/land/hippo/harry.happy");<br />System.out.println("The Path Name is: "+path);</p>
<p>for(int i=0; i&lt;path.getNameCount(); i++) {<br />&nbsp;&nbsp;&nbsp; System.out.println(" Element "+i+" is: "+path.getName(i));<br />}</p>
<p>&gt;&gt;</p>
<p>The Path Name is: /land/hippo/harry.happy<br />Element 0 is: land<br />Element 1 is: hippo<br />Element 2 is: harry.happy</p>',true,'');
INSERT INTO Question (id,realmId,type,text,regDate,updateDate) OVERRIDING SYSTEM VALUE VALUES (1396,8,2,'Опишите методы <strong>getFileName</strong>(), <strong>getParent</strong>(), <strong>getRoot</strong>() интерфейса <strong>Path</strong>.',TIMESTAMP '2019-03-07 16:44:11',TIMESTAMP '2019-03-07 16:44:11');
	INSERT INTO Answer (id,questionId,text,correct,comment) OVERRIDING SYSTEM VALUE VALUES (2757,1396,'<em>Path</em> <strong>getFileName</strong>()<br />Возвращает самый правый элемент пути (папку или файл) в виде объекта <strong>Path</strong>. null, если корневой компонент.<br /><br /><em>Path</em> <strong>getParent</strong>()<br />Возвращает родительскую папку или <strong>null</strong>, если ее нет. Если исходный путь относительный, то и родительский будет относительным.<br /><br /><em>Path</em> <strong>getRoot</strong>()<br />Возвращает корневой компонент как объект <strong>Path</strong>, или <strong>null</strong>, если корневого компонента нет.<br /><br />',true,'');
INSERT INTO Question (id,realmId,type,text,regDate,updateDate) OVERRIDING SYSTEM VALUE VALUES (1397,8,0,'<p>Пример использования методов <strong>getFileName</strong>(), <strong>getParent</strong>() и <strong>getRoot</strong>()<br /><br />public class PathFilePathTest {<br />&nbsp;&nbsp;&nbsp; public static void printPathInformation(Path path) {<br />&nbsp;&nbsp;&nbsp;&nbsp;&nbsp;&nbsp;&nbsp; System.out.println("Filename is: "+path.getFileName());<br />&nbsp;&nbsp;&nbsp;&nbsp;&nbsp;&nbsp;&nbsp; System.out.println("Root is: "+path.getRoot());<br />&nbsp;&nbsp;&nbsp;&nbsp;&nbsp;&nbsp;&nbsp; Path currentParent = path;<br />&nbsp;&nbsp;&nbsp;&nbsp;&nbsp;&nbsp;&nbsp; while((currentParent = currentParent.getParent()) != null) {<br />&nbsp;&nbsp;&nbsp;&nbsp;&nbsp;&nbsp;&nbsp;&nbsp;&nbsp;&nbsp;&nbsp; System.out.println(" Current parent is: "+currentParent);<br />&nbsp;&nbsp;&nbsp;&nbsp;&nbsp;&nbsp;&nbsp; }<br />&nbsp;&nbsp;&nbsp; }<br />&nbsp;&nbsp;&nbsp; public static void main(String[] args) {<br />&nbsp;&nbsp;&nbsp;&nbsp;&nbsp;&nbsp;&nbsp; printPathInformation(Paths.get("/zoo/armadillo/shells.txt"));<br />&nbsp;&nbsp;&nbsp;&nbsp;&nbsp;&nbsp;&nbsp; System.out.println();<br />&nbsp;&nbsp;&nbsp;&nbsp;&nbsp;&nbsp;&nbsp; printPathInformation(Paths.get("armadillo/shells.txt"));<br />&nbsp;&nbsp;&nbsp; }<br />}</p>
<p>&gt;&gt;&gt;</p>
<p>Filename is: shells.txt<br />Root is: /<br />Current parent is: /zoo/armadillo<br />Current parent is: /zoo<br />Current parent is: /<br />Filename is: shells.txt<br />Root is: null<br />Current parent is: armadillo</p>',TIMESTAMP '2019-03-07 16:50:56',TIMESTAMP '2019-03-07 16:52:06');
INSERT INTO Question (id,realmId,type,text,regDate,updateDate) OVERRIDING SYSTEM VALUE VALUES (1398,8,2,'Опишите методы <strong>isAbsolute</strong>() и <strong>toAbsolutePath</strong>() интерфейса <strong>Path</strong>.',TIMESTAMP '2019-03-07 22:55:58',TIMESTAMP '2019-03-07 22:55:58');
	INSERT INTO Answer (id,questionId,text,correct,comment) OVERRIDING SYSTEM VALUE VALUES (2758,1398,'<em>boolean</em> <strong>isAbsolute</strong>()<br />возвращает абсолютность пути<br /><br /><em>Path </em><strong>toAbsolutePath</strong>()<br />Возвращает объект <strong>Path</strong>, соответствующий абсолютному пути. Если исходный путь уже абсолютный - вернется он же.',true,'');
INSERT INTO Question (id,realmId,type,text,regDate,updateDate) OVERRIDING SYSTEM VALUE VALUES (1399,8,2,'Опишите метод <strong>subpath</strong>() интерфейса <strong>Path</strong>.',TIMESTAMP '2019-03-07 23:01:07',TIMESTAMP '2019-03-07 23:10:33');
	INSERT INTO Answer (id,questionId,text,correct,comment) OVERRIDING SYSTEM VALUE VALUES (2759,1399,'<em>Path</em> <strong>subpath</strong>(<em>int</em> beginIndex, <em>int</em> endIndex)<br /><br />Возвращает относительный путь, являющийся частью исходного пути. <em>beginIndex</em> - инклюзивный, <em>endIndex</em> - эксклюзивный. Если с ндексами непорядок, то будет <em>IllegalArgumentException</em>.<br /><br /><em>beginIndex</em> - от 0 до <strong>getNameCount</strong>() -1<br /><em>endIndex</em> - больше beginIndex и меньше либо равен <strong>getNameCount</strong>()',true,'');
INSERT INTO Question (id,realmId,type,text,regDate,updateDate) OVERRIDING SYSTEM VALUE VALUES (1400,8,0,'Специальные путевые символы:<br /><strong>.</strong> - текущая папка<br /><strong>..</strong> - родительская папка<br /><br />Примеры:<br />../bear.txt<br />./penguin.txt<br />../../lion.data',TIMESTAMP '2019-03-07 23:16:13',TIMESTAMP '2019-03-07 23:24:51');
INSERT INTO Question (id,realmId,type,text,regDate,updateDate) OVERRIDING SYSTEM VALUE VALUES (1401,8,2,'Опишите метод <strong>relativize</strong>() интерфейса <strong>Path</strong>.',TIMESTAMP '2019-03-08 00:54:05',TIMESTAMP '2019-03-08 00:54:05');
	INSERT INTO Answer (id,questionId,text,correct,comment) OVERRIDING SYSTEM VALUE VALUES (2760,1401,'<em>Path</em> <strong>relativize</strong>(<em>Path</em> other)<br /><br />возвращает путь, который надо проделать от <span style="text-decoration: underline;">текущего</span> файла(папки) к <span style="text-decoration: underline;">поданному</span>. Если один путь относительный, а второй - абсолютный, то релативизировать не удастся. Если оба абсолютные, но с разных дисков - не удастся. Если пути одинаковы - возвратится пустой путь.<br /><br />Выдается <em>IllegalArgumentException</em>, если поданный путь нельзя релативизировать относительно текущего.',true,'');
INSERT INTO Question (id,realmId,type,text,regDate,updateDate) OVERRIDING SYSTEM VALUE VALUES (1402,8,0,'Примеры релативизации:<br /><br />Paths.get("c:/a/b/c/d").relativize(Paths.get("c:/a/b"))<br />&gt;&gt; ..\..<br /><br />Paths.get("c:/a/b").relativize(Paths.get("c:/a/b/c/d"))<br />&gt;&gt; c\d<br /><br />Paths.get("bird.txt").relativize(Paths.get("fish.txt"))<br />&gt;&gt; ..\fish.txt<br /><br />Paths.get("c:/a/b").relativize(Paths.get("c:/c/d"))<br />&gt;&gt; ..\..\c\d<br /><br />Paths.get("c:/").relativize(Paths.get("c:/"))<br />&gt;&gt;',TIMESTAMP '2019-03-08 01:01:45',TIMESTAMP '2019-03-08 01:01:45');
INSERT INTO Question (id,realmId,type,text,regDate,updateDate) OVERRIDING SYSTEM VALUE VALUES (1403,8,2,'Опишите метод <strong>resolve</strong>() интерфейса <strong>Path</strong>.',TIMESTAMP '2019-03-08 01:21:43',TIMESTAMP '2019-03-08 01:21:43');
	INSERT INTO Answer (id,questionId,text,correct,comment) OVERRIDING SYSTEM VALUE VALUES (2761,1403,'<em>Path </em><strong>resolve</strong>(<em>Path</em> other)<br /><br />Возвращает путь, получившийся из присоединения поданного пути к текущему.<br /><br />Если поданный - абсолютный, то вернется он. Если поданный пустой, то вернется текущий. Во всех прочих случаях поданный присоединяется к текущему, причем спец.обозначения (./..) не удаляются:<br /><br />final Path path1 = Paths.get("/cats/../panther");<br />final Path path2 = Paths.get("food");<br />System.out.println(path1.resolve(path2));<br />&gt;&gt;<br />/cats/../panther/food',true,'');
INSERT INTO Question (id,realmId,type,text,regDate,updateDate) OVERRIDING SYSTEM VALUE VALUES (1404,8,2,'Опишите метод <strong>normalize</strong>() интерфейса <strong>Path</strong>.',TIMESTAMP '2019-03-08 01:30:30',TIMESTAMP '2019-03-08 01:30:30');
	INSERT INTO Answer (id,questionId,text,correct,comment) OVERRIDING SYSTEM VALUE VALUES (2762,1404,'<strong>Path</strong> <em>normalize</em>()<br /><br />Возвращает путь, очищенный от спец. обозначений (./..) и связанных с ними избыточных элементов.<br /><br />Paths.get("E:\\data\\..\\user\\home").normalize();<br />&gt;&gt; E:\user\home<br />',true,'');
INSERT INTO Question (id,realmId,type,text,regDate,updateDate) OVERRIDING SYSTEM VALUE VALUES (1405,10,2,'Составить программу вывода на экран числа, вводимого с клавиатуры. Выводимому числу должно предшествовать сообщение "Вы ввели число".',TIMESTAMP '2019-03-08 08:54:53',TIMESTAMP '2019-03-08 08:54:53');
	INSERT INTO Answer (id,questionId,text,correct,comment) OVERRIDING SYSTEM VALUE VALUES (2763,1405,'&nbsp;&nbsp;&nbsp;&nbsp;&nbsp;&nbsp;&nbsp; BufferedReader br = new BufferedReader(new InputStreamReader(System.in));<br />&nbsp;&nbsp;&nbsp;&nbsp;&nbsp;&nbsp;&nbsp; String input = br.readLine();<br />&nbsp;&nbsp;&nbsp;&nbsp;&nbsp;&nbsp;&nbsp; try {<br />&nbsp;&nbsp;&nbsp;&nbsp;&nbsp;&nbsp;&nbsp;&nbsp;&nbsp;&nbsp;&nbsp; String output;<br />&nbsp;&nbsp;&nbsp;&nbsp;&nbsp;&nbsp;&nbsp;&nbsp;&nbsp;&nbsp;&nbsp; double d = Double.parseDouble(input);<br />&nbsp;&nbsp;&nbsp;&nbsp;&nbsp;&nbsp;&nbsp;&nbsp;&nbsp;&nbsp;&nbsp; if (d == (long)d)<br />&nbsp;&nbsp;&nbsp;&nbsp;&nbsp;&nbsp;&nbsp;&nbsp;&nbsp;&nbsp;&nbsp;&nbsp;&nbsp;&nbsp;&nbsp; output = "" + (long)d;<br />&nbsp;&nbsp;&nbsp;&nbsp;&nbsp;&nbsp;&nbsp;&nbsp;&nbsp;&nbsp;&nbsp; else<br />&nbsp;&nbsp;&nbsp;&nbsp;&nbsp;&nbsp;&nbsp;&nbsp;&nbsp;&nbsp;&nbsp;&nbsp;&nbsp;&nbsp;&nbsp; output = "" + d;<br />&nbsp;&nbsp;&nbsp;&nbsp;&nbsp;&nbsp;&nbsp;&nbsp;&nbsp;&nbsp;&nbsp; <br />&nbsp;&nbsp;&nbsp;&nbsp;&nbsp;&nbsp;&nbsp;&nbsp;&nbsp;&nbsp;&nbsp;&nbsp;&nbsp;&nbsp;&nbsp; <br />&nbsp;&nbsp;&nbsp;&nbsp;&nbsp;&nbsp;&nbsp;&nbsp;&nbsp;&nbsp;&nbsp; System.out.println("Вы ввели число " + output);<br />&nbsp;&nbsp;&nbsp;&nbsp;&nbsp;&nbsp;&nbsp; } catch (NumberFormatException nfe) {<br />&nbsp;&nbsp;&nbsp;&nbsp;&nbsp;&nbsp;&nbsp;&nbsp;&nbsp;&nbsp;&nbsp; System.out.println(String.format("Вы ввели не число! (%s)", input));<br />&nbsp;&nbsp;&nbsp;&nbsp;&nbsp;&nbsp;&nbsp; }',true,'');
INSERT INTO ThemeQuestion (themeId,questionId,orderNum) VALUES (19,609,0);
INSERT INTO ThemeQuestion (themeId,questionId,orderNum) VALUES (19,610,0);
INSERT INTO ThemeQuestion (themeId,questionId,orderNum) VALUES (19,612,0);
INSERT INTO ThemeQuestion (themeId,questionId,orderNum) VALUES (19,613,0);
INSERT INTO ThemeQuestion (themeId,questionId,orderNum) VALUES (19,614,0);
INSERT INTO ThemeQuestion (themeId,questionId,orderNum) VALUES (19,615,0);
INSERT INTO ThemeQuestion (themeId,questionId,orderNum) VALUES (19,616,0);
INSERT INTO ThemeQuestion (themeId,questionId,orderNum) VALUES (19,617,0);
INSERT INTO ThemeQuestion (themeId,questionId,orderNum) VALUES (19,619,0);
INSERT INTO ThemeQuestion (themeId,questionId,orderNum) VALUES (19,620,0);
INSERT INTO ThemeQuestion (themeId,questionId,orderNum) VALUES (19,621,0);
INSERT INTO ThemeQuestion (themeId,questionId,orderNum) VALUES (19,622,0);
INSERT INTO ThemeQuestion (themeId,questionId,orderNum) VALUES (19,623,0);
INSERT INTO ThemeQuestion (themeId,questionId,orderNum) VALUES (19,625,0);
INSERT INTO ThemeQuestion (themeId,questionId,orderNum) VALUES (19,627,0);
INSERT INTO ThemeQuestion (themeId,questionId,orderNum) VALUES (19,629,0);
INSERT INTO ThemeQuestion (themeId,questionId,orderNum) VALUES (19,630,0);
INSERT INTO ThemeQuestion (themeId,questionId,orderNum) VALUES (19,631,0);
INSERT INTO ThemeQuestion (themeId,questionId,orderNum) VALUES (19,632,0);
INSERT INTO ThemeQuestion (themeId,questionId,orderNum) VALUES (19,633,0);
INSERT INTO ThemeQuestion (themeId,questionId,orderNum) VALUES (19,634,0);
INSERT INTO ThemeQuestion (themeId,questionId,orderNum) VALUES (20,635,0);
INSERT INTO ThemeQuestion (themeId,questionId,orderNum) VALUES (20,636,0);
INSERT INTO ThemeQuestion (themeId,questionId,orderNum) VALUES (20,637,0);
INSERT INTO ThemeQuestion (themeId,questionId,orderNum) VALUES (20,638,0);
INSERT INTO ThemeQuestion (themeId,questionId,orderNum) VALUES (20,639,0);
INSERT INTO ThemeQuestion (themeId,questionId,orderNum) VALUES (20,640,0);
INSERT INTO ThemeQuestion (themeId,questionId,orderNum) VALUES (20,641,0);
INSERT INTO ThemeQuestion (themeId,questionId,orderNum) VALUES (20,642,0);
INSERT INTO ThemeQuestion (themeId,questionId,orderNum) VALUES (20,643,0);
INSERT INTO ThemeQuestion (themeId,questionId,orderNum) VALUES (20,644,0);
INSERT INTO ThemeQuestion (themeId,questionId,orderNum) VALUES (20,645,0);
INSERT INTO ThemeQuestion (themeId,questionId,orderNum) VALUES (20,646,0);
INSERT INTO ThemeQuestion (themeId,questionId,orderNum) VALUES (20,647,0);
INSERT INTO ThemeQuestion (themeId,questionId,orderNum) VALUES (20,648,0);
INSERT INTO ThemeQuestion (themeId,questionId,orderNum) VALUES (20,649,0);
INSERT INTO ThemeQuestion (themeId,questionId,orderNum) VALUES (20,650,0);
INSERT INTO ThemeQuestion (themeId,questionId,orderNum) VALUES (20,651,0);
INSERT INTO ThemeQuestion (themeId,questionId,orderNum) VALUES (20,652,0);
INSERT INTO ThemeQuestion (themeId,questionId,orderNum) VALUES (20,653,0);
INSERT INTO ThemeQuestion (themeId,questionId,orderNum) VALUES (20,654,0);
INSERT INTO ThemeQuestion (themeId,questionId,orderNum) VALUES (20,655,0);
INSERT INTO ThemeQuestion (themeId,questionId,orderNum) VALUES (20,656,0);
INSERT INTO ThemeQuestion (themeId,questionId,orderNum) VALUES (20,657,0);
INSERT INTO ThemeQuestion (themeId,questionId,orderNum) VALUES (20,658,0);
INSERT INTO ThemeQuestion (themeId,questionId,orderNum) VALUES (20,659,0);
INSERT INTO ThemeQuestion (themeId,questionId,orderNum) VALUES (20,660,0);
INSERT INTO ThemeQuestion (themeId,questionId,orderNum) VALUES (20,661,0);
INSERT INTO ThemeQuestion (themeId,questionId,orderNum) VALUES (20,662,0);
INSERT INTO ThemeQuestion (themeId,questionId,orderNum) VALUES (20,663,0);
INSERT INTO ThemeQuestion (themeId,questionId,orderNum) VALUES (20,664,0);
INSERT INTO ThemeQuestion (themeId,questionId,orderNum) VALUES (20,665,0);
INSERT INTO ThemeQuestion (themeId,questionId,orderNum) VALUES (20,666,0);
INSERT INTO ThemeQuestion (themeId,questionId,orderNum) VALUES (20,667,0);
INSERT INTO ThemeQuestion (themeId,questionId,orderNum) VALUES (20,668,0);
INSERT INTO ThemeQuestion (themeId,questionId,orderNum) VALUES (20,669,0);
INSERT INTO ThemeQuestion (themeId,questionId,orderNum) VALUES (20,670,0);
INSERT INTO ThemeQuestion (themeId,questionId,orderNum) VALUES (20,671,0);
INSERT INTO ThemeQuestion (themeId,questionId,orderNum) VALUES (20,672,0);
INSERT INTO ThemeQuestion (themeId,questionId,orderNum) VALUES (20,673,0);
INSERT INTO ThemeQuestion (themeId,questionId,orderNum) VALUES (20,674,0);
INSERT INTO ThemeQuestion (themeId,questionId,orderNum) VALUES (20,675,0);
INSERT INTO ThemeQuestion (themeId,questionId,orderNum) VALUES (20,676,0);
INSERT INTO ThemeQuestion (themeId,questionId,orderNum) VALUES (20,677,0);
INSERT INTO ThemeQuestion (themeId,questionId,orderNum) VALUES (20,678,0);
INSERT INTO ThemeQuestion (themeId,questionId,orderNum) VALUES (20,679,0);
INSERT INTO ThemeQuestion (themeId,questionId,orderNum) VALUES (20,683,0);
INSERT INTO ThemeQuestion (themeId,questionId,orderNum) VALUES (21,680,0);
INSERT INTO ThemeQuestion (themeId,questionId,orderNum) VALUES (21,681,0);
INSERT INTO ThemeQuestion (themeId,questionId,orderNum) VALUES (21,682,0);
INSERT INTO ThemeQuestion (themeId,questionId,orderNum) VALUES (21,684,0);
INSERT INTO ThemeQuestion (themeId,questionId,orderNum) VALUES (21,685,0);
INSERT INTO ThemeQuestion (themeId,questionId,orderNum) VALUES (21,686,0);
INSERT INTO ThemeQuestion (themeId,questionId,orderNum) VALUES (21,687,0);
INSERT INTO ThemeQuestion (themeId,questionId,orderNum) VALUES (21,688,0);
INSERT INTO ThemeQuestion (themeId,questionId,orderNum) VALUES (21,689,0);
INSERT INTO ThemeQuestion (themeId,questionId,orderNum) VALUES (21,690,0);
INSERT INTO ThemeQuestion (themeId,questionId,orderNum) VALUES (21,691,0);
INSERT INTO ThemeQuestion (themeId,questionId,orderNum) VALUES (21,692,0);
INSERT INTO ThemeQuestion (themeId,questionId,orderNum) VALUES (21,693,0);
INSERT INTO ThemeQuestion (themeId,questionId,orderNum) VALUES (21,694,0);
INSERT INTO ThemeQuestion (themeId,questionId,orderNum) VALUES (21,695,0);
INSERT INTO ThemeQuestion (themeId,questionId,orderNum) VALUES (21,696,0);
INSERT INTO ThemeQuestion (themeId,questionId,orderNum) VALUES (21,697,0);
INSERT INTO ThemeQuestion (themeId,questionId,orderNum) VALUES (21,698,0);
INSERT INTO ThemeQuestion (themeId,questionId,orderNum) VALUES (21,699,0);
INSERT INTO ThemeQuestion (themeId,questionId,orderNum) VALUES (21,700,0);
INSERT INTO ThemeQuestion (themeId,questionId,orderNum) VALUES (22,701,1);
INSERT INTO ThemeQuestion (themeId,questionId,orderNum) VALUES (22,702,2);
INSERT INTO ThemeQuestion (themeId,questionId,orderNum) VALUES (22,703,3);
INSERT INTO ThemeQuestion (themeId,questionId,orderNum) VALUES (22,704,4);
INSERT INTO ThemeQuestion (themeId,questionId,orderNum) VALUES (22,705,5);
INSERT INTO ThemeQuestion (themeId,questionId,orderNum) VALUES (22,706,6);
INSERT INTO ThemeQuestion (themeId,questionId,orderNum) VALUES (22,707,7);
INSERT INTO ThemeQuestion (themeId,questionId,orderNum) VALUES (22,708,8);
INSERT INTO ThemeQuestion (themeId,questionId,orderNum) VALUES (22,709,9);
INSERT INTO ThemeQuestion (themeId,questionId,orderNum) VALUES (22,710,10);
INSERT INTO ThemeQuestion (themeId,questionId,orderNum) VALUES (22,711,11);
INSERT INTO ThemeQuestion (themeId,questionId,orderNum) VALUES (22,712,12);
INSERT INTO ThemeQuestion (themeId,questionId,orderNum) VALUES (22,713,13);
INSERT INTO ThemeQuestion (themeId,questionId,orderNum) VALUES (22,714,14);
INSERT INTO ThemeQuestion (themeId,questionId,orderNum) VALUES (22,715,15);
INSERT INTO ThemeQuestion (themeId,questionId,orderNum) VALUES (22,716,16);
INSERT INTO ThemeQuestion (themeId,questionId,orderNum) VALUES (22,717,17);
INSERT INTO ThemeQuestion (themeId,questionId,orderNum) VALUES (22,718,18);
INSERT INTO ThemeQuestion (themeId,questionId,orderNum) VALUES (22,719,19);
INSERT INTO ThemeQuestion (themeId,questionId,orderNum) VALUES (22,720,20);
INSERT INTO ThemeQuestion (themeId,questionId,orderNum) VALUES (22,721,21);
INSERT INTO ThemeQuestion (themeId,questionId,orderNum) VALUES (22,723,22);
INSERT INTO ThemeQuestion (themeId,questionId,orderNum) VALUES (22,724,23);
INSERT INTO ThemeQuestion (themeId,questionId,orderNum) VALUES (22,725,24);
INSERT INTO ThemeQuestion (themeId,questionId,orderNum) VALUES (22,726,25);
INSERT INTO ThemeQuestion (themeId,questionId,orderNum) VALUES (22,727,26);
INSERT INTO ThemeQuestion (themeId,questionId,orderNum) VALUES (22,728,27);
INSERT INTO ThemeQuestion (themeId,questionId,orderNum) VALUES (22,729,28);
INSERT INTO ThemeQuestion (themeId,questionId,orderNum) VALUES (22,730,29);
INSERT INTO ThemeQuestion (themeId,questionId,orderNum) VALUES (22,731,30);
INSERT INTO ThemeQuestion (themeId,questionId,orderNum) VALUES (22,732,31);
INSERT INTO ThemeQuestion (themeId,questionId,orderNum) VALUES (22,733,32);
INSERT INTO ThemeQuestion (themeId,questionId,orderNum) VALUES (22,734,33);
INSERT INTO ThemeQuestion (themeId,questionId,orderNum) VALUES (22,735,34);
INSERT INTO ThemeQuestion (themeId,questionId,orderNum) VALUES (22,736,35);
INSERT INTO ThemeQuestion (themeId,questionId,orderNum) VALUES (22,737,36);
INSERT INTO ThemeQuestion (themeId,questionId,orderNum) VALUES (22,738,37);
INSERT INTO ThemeQuestion (themeId,questionId,orderNum) VALUES (22,739,38);
INSERT INTO ThemeQuestion (themeId,questionId,orderNum) VALUES (22,740,39);
INSERT INTO ThemeQuestion (themeId,questionId,orderNum) VALUES (22,741,40);
INSERT INTO ThemeQuestion (themeId,questionId,orderNum) VALUES (22,742,41);
INSERT INTO ThemeQuestion (themeId,questionId,orderNum) VALUES (22,743,42);
INSERT INTO ThemeQuestion (themeId,questionId,orderNum) VALUES (22,744,43);
INSERT INTO ThemeQuestion (themeId,questionId,orderNum) VALUES (22,745,44);
INSERT INTO ThemeQuestion (themeId,questionId,orderNum) VALUES (22,746,45);
INSERT INTO ThemeQuestion (themeId,questionId,orderNum) VALUES (22,747,46);
INSERT INTO ThemeQuestion (themeId,questionId,orderNum) VALUES (22,748,47);
INSERT INTO ThemeQuestion (themeId,questionId,orderNum) VALUES (22,749,48);
INSERT INTO ThemeQuestion (themeId,questionId,orderNum) VALUES (22,750,49);
INSERT INTO ThemeQuestion (themeId,questionId,orderNum) VALUES (22,751,50);
INSERT INTO ThemeQuestion (themeId,questionId,orderNum) VALUES (22,752,51);
INSERT INTO ThemeQuestion (themeId,questionId,orderNum) VALUES (22,753,52);
INSERT INTO ThemeQuestion (themeId,questionId,orderNum) VALUES (22,754,53);
INSERT INTO ThemeQuestion (themeId,questionId,orderNum) VALUES (22,755,54);
INSERT INTO ThemeQuestion (themeId,questionId,orderNum) VALUES (22,756,55);
INSERT INTO ThemeQuestion (themeId,questionId,orderNum) VALUES (22,757,56);
INSERT INTO ThemeQuestion (themeId,questionId,orderNum) VALUES (22,758,57);
INSERT INTO ThemeQuestion (themeId,questionId,orderNum) VALUES (22,759,58);
INSERT INTO ThemeQuestion (themeId,questionId,orderNum) VALUES (23,722,0);
INSERT INTO ThemeQuestion (themeId,questionId,orderNum) VALUES (22,760,60);
INSERT INTO ThemeQuestion (themeId,questionId,orderNum) VALUES (22,761,61);
INSERT INTO ThemeQuestion (themeId,questionId,orderNum) VALUES (22,762,62);
INSERT INTO ThemeQuestion (themeId,questionId,orderNum) VALUES (22,763,63);
INSERT INTO ThemeQuestion (themeId,questionId,orderNum) VALUES (22,764,64);
INSERT INTO ThemeQuestion (themeId,questionId,orderNum) VALUES (22,765,65);
INSERT INTO ThemeQuestion (themeId,questionId,orderNum) VALUES (22,766,66);
INSERT INTO ThemeQuestion (themeId,questionId,orderNum) VALUES (22,767,67);
INSERT INTO ThemeQuestion (themeId,questionId,orderNum) VALUES (22,768,68);
INSERT INTO ThemeQuestion (themeId,questionId,orderNum) VALUES (22,769,69);
INSERT INTO ThemeQuestion (themeId,questionId,orderNum) VALUES (22,770,70);
INSERT INTO ThemeQuestion (themeId,questionId,orderNum) VALUES (22,771,71);
INSERT INTO ThemeQuestion (themeId,questionId,orderNum) VALUES (22,772,72);
INSERT INTO ThemeQuestion (themeId,questionId,orderNum) VALUES (22,773,73);
INSERT INTO ThemeQuestion (themeId,questionId,orderNum) VALUES (22,774,74);
INSERT INTO ThemeQuestion (themeId,questionId,orderNum) VALUES (22,775,75);
INSERT INTO ThemeQuestion (themeId,questionId,orderNum) VALUES (22,776,76);
INSERT INTO ThemeQuestion (themeId,questionId,orderNum) VALUES (22,777,77);
INSERT INTO ThemeQuestion (themeId,questionId,orderNum) VALUES (22,778,78);
INSERT INTO ThemeQuestion (themeId,questionId,orderNum) VALUES (22,779,79);
INSERT INTO ThemeQuestion (themeId,questionId,orderNum) VALUES (22,780,80);
INSERT INTO ThemeQuestion (themeId,questionId,orderNum) VALUES (22,781,81);
INSERT INTO ThemeQuestion (themeId,questionId,orderNum) VALUES (22,782,82);
INSERT INTO ThemeQuestion (themeId,questionId,orderNum) VALUES (22,784,83);
INSERT INTO ThemeQuestion (themeId,questionId,orderNum) VALUES (22,785,84);
INSERT INTO ThemeQuestion (themeId,questionId,orderNum) VALUES (22,786,85);
INSERT INTO ThemeQuestion (themeId,questionId,orderNum) VALUES (22,787,86);
INSERT INTO ThemeQuestion (themeId,questionId,orderNum) VALUES (22,788,87);
INSERT INTO ThemeQuestion (themeId,questionId,orderNum) VALUES (22,789,88);
INSERT INTO ThemeQuestion (themeId,questionId,orderNum) VALUES (22,790,89);
INSERT INTO ThemeQuestion (themeId,questionId,orderNum) VALUES (22,791,90);
INSERT INTO ThemeQuestion (themeId,questionId,orderNum) VALUES (22,792,91);
INSERT INTO ThemeQuestion (themeId,questionId,orderNum) VALUES (22,793,92);
INSERT INTO ThemeQuestion (themeId,questionId,orderNum) VALUES (22,794,93);
INSERT INTO ThemeQuestion (themeId,questionId,orderNum) VALUES (22,795,94);
INSERT INTO ThemeQuestion (themeId,questionId,orderNum) VALUES (22,796,95);
INSERT INTO ThemeQuestion (themeId,questionId,orderNum) VALUES (22,797,96);
INSERT INTO ThemeQuestion (themeId,questionId,orderNum) VALUES (22,798,97);
INSERT INTO ThemeQuestion (themeId,questionId,orderNum) VALUES (22,799,98);
INSERT INTO ThemeQuestion (themeId,questionId,orderNum) VALUES (22,800,99);
INSERT INTO ThemeQuestion (themeId,questionId,orderNum) VALUES (22,801,100);
INSERT INTO ThemeQuestion (themeId,questionId,orderNum) VALUES (22,802,101);
INSERT INTO ThemeQuestion (themeId,questionId,orderNum) VALUES (22,803,102);
INSERT INTO ThemeQuestion (themeId,questionId,orderNum) VALUES (22,804,103);
INSERT INTO ThemeQuestion (themeId,questionId,orderNum) VALUES (22,805,104);
INSERT INTO ThemeQuestion (themeId,questionId,orderNum) VALUES (22,810,105);
INSERT INTO ThemeQuestion (themeId,questionId,orderNum) VALUES (22,813,106);
INSERT INTO ThemeQuestion (themeId,questionId,orderNum) VALUES (22,832,107);
INSERT INTO ThemeQuestion (themeId,questionId,orderNum) VALUES (22,847,108);
INSERT INTO ThemeQuestion (themeId,questionId,orderNum) VALUES (22,849,109);
INSERT INTO ThemeQuestion (themeId,questionId,orderNum) VALUES (22,873,110);
INSERT INTO ThemeQuestion (themeId,questionId,orderNum) VALUES (24,806,0);
INSERT INTO ThemeQuestion (themeId,questionId,orderNum) VALUES (24,807,0);
INSERT INTO ThemeQuestion (themeId,questionId,orderNum) VALUES (24,808,0);
INSERT INTO ThemeQuestion (themeId,questionId,orderNum) VALUES (24,809,0);
INSERT INTO ThemeQuestion (themeId,questionId,orderNum) VALUES (24,811,0);
INSERT INTO ThemeQuestion (themeId,questionId,orderNum) VALUES (24,812,0);
INSERT INTO ThemeQuestion (themeId,questionId,orderNum) VALUES (24,814,0);
INSERT INTO ThemeQuestion (themeId,questionId,orderNum) VALUES (24,815,0);
INSERT INTO ThemeQuestion (themeId,questionId,orderNum) VALUES (24,816,0);
INSERT INTO ThemeQuestion (themeId,questionId,orderNum) VALUES (24,818,0);
INSERT INTO ThemeQuestion (themeId,questionId,orderNum) VALUES (24,819,0);
INSERT INTO ThemeQuestion (themeId,questionId,orderNum) VALUES (24,820,0);
INSERT INTO ThemeQuestion (themeId,questionId,orderNum) VALUES (24,822,0);
INSERT INTO ThemeQuestion (themeId,questionId,orderNum) VALUES (24,823,0);
INSERT INTO ThemeQuestion (themeId,questionId,orderNum) VALUES (24,824,0);
INSERT INTO ThemeQuestion (themeId,questionId,orderNum) VALUES (24,825,0);
INSERT INTO ThemeQuestion (themeId,questionId,orderNum) VALUES (24,826,0);
INSERT INTO ThemeQuestion (themeId,questionId,orderNum) VALUES (24,827,0);
INSERT INTO ThemeQuestion (themeId,questionId,orderNum) VALUES (24,828,0);
INSERT INTO ThemeQuestion (themeId,questionId,orderNum) VALUES (24,829,0);
INSERT INTO ThemeQuestion (themeId,questionId,orderNum) VALUES (24,830,0);
INSERT INTO ThemeQuestion (themeId,questionId,orderNum) VALUES (24,831,0);
INSERT INTO ThemeQuestion (themeId,questionId,orderNum) VALUES (24,833,0);
INSERT INTO ThemeQuestion (themeId,questionId,orderNum) VALUES (24,834,0);
INSERT INTO ThemeQuestion (themeId,questionId,orderNum) VALUES (24,835,0);
INSERT INTO ThemeQuestion (themeId,questionId,orderNum) VALUES (9,1393,10);
INSERT INTO ThemeQuestion (themeId,questionId,orderNum) VALUES (25,836,1);
INSERT INTO ThemeQuestion (themeId,questionId,orderNum) VALUES (25,837,2);
INSERT INTO ThemeQuestion (themeId,questionId,orderNum) VALUES (25,838,3);
INSERT INTO ThemeQuestion (themeId,questionId,orderNum) VALUES (25,839,4);
INSERT INTO ThemeQuestion (themeId,questionId,orderNum) VALUES (25,840,5);
INSERT INTO ThemeQuestion (themeId,questionId,orderNum) VALUES (25,841,6);
INSERT INTO ThemeQuestion (themeId,questionId,orderNum) VALUES (25,842,7);
INSERT INTO ThemeQuestion (themeId,questionId,orderNum) VALUES (25,843,8);
INSERT INTO ThemeQuestion (themeId,questionId,orderNum) VALUES (25,844,9);
INSERT INTO ThemeQuestion (themeId,questionId,orderNum) VALUES (25,845,10);
INSERT INTO ThemeQuestion (themeId,questionId,orderNum) VALUES (25,846,11);
INSERT INTO ThemeQuestion (themeId,questionId,orderNum) VALUES (25,848,12);
INSERT INTO ThemeQuestion (themeId,questionId,orderNum) VALUES (25,850,13);
INSERT INTO ThemeQuestion (themeId,questionId,orderNum) VALUES (25,851,14);
INSERT INTO ThemeQuestion (themeId,questionId,orderNum) VALUES (25,852,15);
INSERT INTO ThemeQuestion (themeId,questionId,orderNum) VALUES (25,853,16);
INSERT INTO ThemeQuestion (themeId,questionId,orderNum) VALUES (25,854,17);
INSERT INTO ThemeQuestion (themeId,questionId,orderNum) VALUES (25,855,18);
INSERT INTO ThemeQuestion (themeId,questionId,orderNum) VALUES (25,856,19);
INSERT INTO ThemeQuestion (themeId,questionId,orderNum) VALUES (25,857,21);
INSERT INTO ThemeQuestion (themeId,questionId,orderNum) VALUES (25,858,22);
INSERT INTO ThemeQuestion (themeId,questionId,orderNum) VALUES (25,859,23);
INSERT INTO ThemeQuestion (themeId,questionId,orderNum) VALUES (25,860,24);
INSERT INTO ThemeQuestion (themeId,questionId,orderNum) VALUES (25,861,25);
INSERT INTO ThemeQuestion (themeId,questionId,orderNum) VALUES (25,862,26);
INSERT INTO ThemeQuestion (themeId,questionId,orderNum) VALUES (25,863,27);
INSERT INTO ThemeQuestion (themeId,questionId,orderNum) VALUES (25,864,28);
INSERT INTO ThemeQuestion (themeId,questionId,orderNum) VALUES (25,865,29);
INSERT INTO ThemeQuestion (themeId,questionId,orderNum) VALUES (25,866,31);
INSERT INTO ThemeQuestion (themeId,questionId,orderNum) VALUES (25,867,32);
INSERT INTO ThemeQuestion (themeId,questionId,orderNum) VALUES (25,868,33);
INSERT INTO ThemeQuestion (themeId,questionId,orderNum) VALUES (25,869,34);
INSERT INTO ThemeQuestion (themeId,questionId,orderNum) VALUES (25,870,35);
INSERT INTO ThemeQuestion (themeId,questionId,orderNum) VALUES (25,871,36);
INSERT INTO ThemeQuestion (themeId,questionId,orderNum) VALUES (25,872,37);
INSERT INTO ThemeQuestion (themeId,questionId,orderNum) VALUES (25,874,38);
INSERT INTO ThemeQuestion (themeId,questionId,orderNum) VALUES (25,875,39);
INSERT INTO ThemeQuestion (themeId,questionId,orderNum) VALUES (25,876,40);
INSERT INTO ThemeQuestion (themeId,questionId,orderNum) VALUES (25,877,41);
INSERT INTO ThemeQuestion (themeId,questionId,orderNum) VALUES (25,878,42);
INSERT INTO ThemeQuestion (themeId,questionId,orderNum) VALUES (25,879,43);
INSERT INTO ThemeQuestion (themeId,questionId,orderNum) VALUES (25,880,44);
INSERT INTO ThemeQuestion (themeId,questionId,orderNum) VALUES (25,881,45);
INSERT INTO ThemeQuestion (themeId,questionId,orderNum) VALUES (25,882,46);
INSERT INTO ThemeQuestion (themeId,questionId,orderNum) VALUES (25,883,47);
INSERT INTO ThemeQuestion (themeId,questionId,orderNum) VALUES (25,884,48);
INSERT INTO ThemeQuestion (themeId,questionId,orderNum) VALUES (25,885,49);
INSERT INTO ThemeQuestion (themeId,questionId,orderNum) VALUES (25,886,50);
INSERT INTO ThemeQuestion (themeId,questionId,orderNum) VALUES (25,887,51);
INSERT INTO ThemeQuestion (themeId,questionId,orderNum) VALUES (25,888,52);
INSERT INTO ThemeQuestion (themeId,questionId,orderNum) VALUES (25,889,53);
INSERT INTO ThemeQuestion (themeId,questionId,orderNum) VALUES (25,890,54);
INSERT INTO ThemeQuestion (themeId,questionId,orderNum) VALUES (25,891,55);
INSERT INTO ThemeQuestion (themeId,questionId,orderNum) VALUES (25,892,56);
INSERT INTO ThemeQuestion (themeId,questionId,orderNum) VALUES (25,893,57);
INSERT INTO ThemeQuestion (themeId,questionId,orderNum) VALUES (25,894,58);
INSERT INTO ThemeQuestion (themeId,questionId,orderNum) VALUES (25,895,59);
INSERT INTO ThemeQuestion (themeId,questionId,orderNum) VALUES (25,896,60);
INSERT INTO ThemeQuestion (themeId,questionId,orderNum) VALUES (25,897,61);
INSERT INTO ThemeQuestion (themeId,questionId,orderNum) VALUES (25,898,62);
INSERT INTO ThemeQuestion (themeId,questionId,orderNum) VALUES (25,899,63);
INSERT INTO ThemeQuestion (themeId,questionId,orderNum) VALUES (25,900,64);
INSERT INTO ThemeQuestion (themeId,questionId,orderNum) VALUES (25,901,65);
INSERT INTO ThemeQuestion (themeId,questionId,orderNum) VALUES (25,902,66);
INSERT INTO ThemeQuestion (themeId,questionId,orderNum) VALUES (25,903,67);
INSERT INTO ThemeQuestion (themeId,questionId,orderNum) VALUES (25,904,68);
INSERT INTO ThemeQuestion (themeId,questionId,orderNum) VALUES (25,905,69);
INSERT INTO ThemeQuestion (themeId,questionId,orderNum) VALUES (25,906,70);
INSERT INTO ThemeQuestion (themeId,questionId,orderNum) VALUES (25,907,71);
INSERT INTO ThemeQuestion (themeId,questionId,orderNum) VALUES (25,908,72);
INSERT INTO ThemeQuestion (themeId,questionId,orderNum) VALUES (25,909,73);
INSERT INTO ThemeQuestion (themeId,questionId,orderNum) VALUES (25,910,74);
INSERT INTO ThemeQuestion (themeId,questionId,orderNum) VALUES (25,911,75);
INSERT INTO ThemeQuestion (themeId,questionId,orderNum) VALUES (25,912,76);
INSERT INTO ThemeQuestion (themeId,questionId,orderNum) VALUES (25,913,77);
INSERT INTO ThemeQuestion (themeId,questionId,orderNum) VALUES (25,914,78);
INSERT INTO ThemeQuestion (themeId,questionId,orderNum) VALUES (25,915,79);
INSERT INTO ThemeQuestion (themeId,questionId,orderNum) VALUES (25,916,80);
INSERT INTO ThemeQuestion (themeId,questionId,orderNum) VALUES (25,917,81);
INSERT INTO ThemeQuestion (themeId,questionId,orderNum) VALUES (25,918,82);
INSERT INTO ThemeQuestion (themeId,questionId,orderNum) VALUES (25,919,83);
INSERT INTO ThemeQuestion (themeId,questionId,orderNum) VALUES (25,920,84);
INSERT INTO ThemeQuestion (themeId,questionId,orderNum) VALUES (25,921,85);
INSERT INTO ThemeQuestion (themeId,questionId,orderNum) VALUES (25,922,86);
INSERT INTO ThemeQuestion (themeId,questionId,orderNum) VALUES (25,923,87);
INSERT INTO ThemeQuestion (themeId,questionId,orderNum) VALUES (25,924,88);
INSERT INTO ThemeQuestion (themeId,questionId,orderNum) VALUES (25,925,89);
INSERT INTO ThemeQuestion (themeId,questionId,orderNum) VALUES (25,926,90);
INSERT INTO ThemeQuestion (themeId,questionId,orderNum) VALUES (25,927,91);
INSERT INTO ThemeQuestion (themeId,questionId,orderNum) VALUES (25,928,92);
INSERT INTO ThemeQuestion (themeId,questionId,orderNum) VALUES (25,929,93);
INSERT INTO ThemeQuestion (themeId,questionId,orderNum) VALUES (25,930,94);
INSERT INTO ThemeQuestion (themeId,questionId,orderNum) VALUES (25,931,95);
INSERT INTO ThemeQuestion (themeId,questionId,orderNum) VALUES (25,932,96);
INSERT INTO ThemeQuestion (themeId,questionId,orderNum) VALUES (25,933,97);
INSERT INTO ThemeQuestion (themeId,questionId,orderNum) VALUES (25,934,98);
INSERT INTO ThemeQuestion (themeId,questionId,orderNum) VALUES (25,935,99);
INSERT INTO ThemeQuestion (themeId,questionId,orderNum) VALUES (25,936,100);
INSERT INTO ThemeQuestion (themeId,questionId,orderNum) VALUES (25,941,101);
INSERT INTO ThemeQuestion (themeId,questionId,orderNum) VALUES (23,1038,0);
INSERT INTO ThemeQuestion (themeId,questionId,orderNum) VALUES (26,937,0);
INSERT INTO ThemeQuestion (themeId,questionId,orderNum) VALUES (26,938,0);
INSERT INTO ThemeQuestion (themeId,questionId,orderNum) VALUES (26,939,0);
INSERT INTO ThemeQuestion (themeId,questionId,orderNum) VALUES (26,940,0);
INSERT INTO ThemeQuestion (themeId,questionId,orderNum) VALUES (26,942,0);
INSERT INTO ThemeQuestion (themeId,questionId,orderNum) VALUES (26,943,0);
INSERT INTO ThemeQuestion (themeId,questionId,orderNum) VALUES (26,944,0);
INSERT INTO ThemeQuestion (themeId,questionId,orderNum) VALUES (26,945,0);
INSERT INTO ThemeQuestion (themeId,questionId,orderNum) VALUES (26,946,0);
INSERT INTO ThemeQuestion (themeId,questionId,orderNum) VALUES (26,947,0);
INSERT INTO ThemeQuestion (themeId,questionId,orderNum) VALUES (26,948,0);
INSERT INTO ThemeQuestion (themeId,questionId,orderNum) VALUES (26,950,0);
INSERT INTO ThemeQuestion (themeId,questionId,orderNum) VALUES (26,951,0);
INSERT INTO ThemeQuestion (themeId,questionId,orderNum) VALUES (26,952,0);
INSERT INTO ThemeQuestion (themeId,questionId,orderNum) VALUES (26,954,0);
INSERT INTO ThemeQuestion (themeId,questionId,orderNum) VALUES (26,955,0);
INSERT INTO ThemeQuestion (themeId,questionId,orderNum) VALUES (26,956,0);
INSERT INTO ThemeQuestion (themeId,questionId,orderNum) VALUES (26,957,0);
INSERT INTO ThemeQuestion (themeId,questionId,orderNum) VALUES (26,958,0);
INSERT INTO ThemeQuestion (themeId,questionId,orderNum) VALUES (26,959,0);
INSERT INTO ThemeQuestion (themeId,questionId,orderNum) VALUES (27,960,0);
INSERT INTO ThemeQuestion (themeId,questionId,orderNum) VALUES (27,961,0);
INSERT INTO ThemeQuestion (themeId,questionId,orderNum) VALUES (23,1110,3);
INSERT INTO ThemeQuestion (themeId,questionId,orderNum) VALUES (27,962,0);
INSERT INTO ThemeQuestion (themeId,questionId,orderNum) VALUES (27,963,0);
INSERT INTO ThemeQuestion (themeId,questionId,orderNum) VALUES (27,964,0);
INSERT INTO ThemeQuestion (themeId,questionId,orderNum) VALUES (27,965,0);
INSERT INTO ThemeQuestion (themeId,questionId,orderNum) VALUES (27,966,0);
INSERT INTO ThemeQuestion (themeId,questionId,orderNum) VALUES (27,967,0);
INSERT INTO ThemeQuestion (themeId,questionId,orderNum) VALUES (27,968,0);
INSERT INTO ThemeQuestion (themeId,questionId,orderNum) VALUES (27,969,0);
INSERT INTO ThemeQuestion (themeId,questionId,orderNum) VALUES (27,971,0);
INSERT INTO ThemeQuestion (themeId,questionId,orderNum) VALUES (27,972,0);
INSERT INTO ThemeQuestion (themeId,questionId,orderNum) VALUES (27,973,0);
INSERT INTO ThemeQuestion (themeId,questionId,orderNum) VALUES (27,974,0);
INSERT INTO ThemeQuestion (themeId,questionId,orderNum) VALUES (27,975,0);
INSERT INTO ThemeQuestion (themeId,questionId,orderNum) VALUES (27,976,0);
INSERT INTO ThemeQuestion (themeId,questionId,orderNum) VALUES (27,977,0);
INSERT INTO ThemeQuestion (themeId,questionId,orderNum) VALUES (27,978,0);
INSERT INTO ThemeQuestion (themeId,questionId,orderNum) VALUES (27,979,0);
INSERT INTO ThemeQuestion (themeId,questionId,orderNum) VALUES (27,980,0);
INSERT INTO ThemeQuestion (themeId,questionId,orderNum) VALUES (27,981,0);
INSERT INTO ThemeQuestion (themeId,questionId,orderNum) VALUES (27,982,0);
INSERT INTO ThemeQuestion (themeId,questionId,orderNum) VALUES (27,983,0);
INSERT INTO ThemeQuestion (themeId,questionId,orderNum) VALUES (27,984,0);
INSERT INTO ThemeQuestion (themeId,questionId,orderNum) VALUES (27,985,0);
INSERT INTO ThemeQuestion (themeId,questionId,orderNum) VALUES (27,986,0);
INSERT INTO ThemeQuestion (themeId,questionId,orderNum) VALUES (27,987,0);
INSERT INTO ThemeQuestion (themeId,questionId,orderNum) VALUES (27,988,0);
INSERT INTO ThemeQuestion (themeId,questionId,orderNum) VALUES (27,989,0);
INSERT INTO ThemeQuestion (themeId,questionId,orderNum) VALUES (27,990,0);
INSERT INTO ThemeQuestion (themeId,questionId,orderNum) VALUES (27,991,0);
INSERT INTO ThemeQuestion (themeId,questionId,orderNum) VALUES (27,992,0);
INSERT INTO ThemeQuestion (themeId,questionId,orderNum) VALUES (27,993,0);
INSERT INTO ThemeQuestion (themeId,questionId,orderNum) VALUES (27,994,0);
INSERT INTO ThemeQuestion (themeId,questionId,orderNum) VALUES (27,995,0);
INSERT INTO ThemeQuestion (themeId,questionId,orderNum) VALUES (23,1148,4);
INSERT INTO ThemeQuestion (themeId,questionId,orderNum) VALUES (27,1004,0);
INSERT INTO ThemeQuestion (themeId,questionId,orderNum) VALUES (27,1005,0);
INSERT INTO ThemeQuestion (themeId,questionId,orderNum) VALUES (27,1006,0);
INSERT INTO ThemeQuestion (themeId,questionId,orderNum) VALUES (27,1007,0);
INSERT INTO ThemeQuestion (themeId,questionId,orderNum) VALUES (27,1008,0);
INSERT INTO ThemeQuestion (themeId,questionId,orderNum) VALUES (27,1009,0);
INSERT INTO ThemeQuestion (themeId,questionId,orderNum) VALUES (27,1010,0);
INSERT INTO ThemeQuestion (themeId,questionId,orderNum) VALUES (27,1011,0);
INSERT INTO ThemeQuestion (themeId,questionId,orderNum) VALUES (27,1012,0);
INSERT INTO ThemeQuestion (themeId,questionId,orderNum) VALUES (27,1013,0);
INSERT INTO ThemeQuestion (themeId,questionId,orderNum) VALUES (27,1014,0);
INSERT INTO ThemeQuestion (themeId,questionId,orderNum) VALUES (27,1015,0);
INSERT INTO ThemeQuestion (themeId,questionId,orderNum) VALUES (22,1201,59);
INSERT INTO ThemeQuestion (themeId,questionId,orderNum) VALUES (27,1016,0);
INSERT INTO ThemeQuestion (themeId,questionId,orderNum) VALUES (27,1017,0);
INSERT INTO ThemeQuestion (themeId,questionId,orderNum) VALUES (27,1018,0);
INSERT INTO ThemeQuestion (themeId,questionId,orderNum) VALUES (27,1019,0);
INSERT INTO ThemeQuestion (themeId,questionId,orderNum) VALUES (27,1020,0);
INSERT INTO ThemeQuestion (themeId,questionId,orderNum) VALUES (27,1021,0);
INSERT INTO ThemeQuestion (themeId,questionId,orderNum) VALUES (27,1022,0);
INSERT INTO ThemeQuestion (themeId,questionId,orderNum) VALUES (27,1023,0);
INSERT INTO ThemeQuestion (themeId,questionId,orderNum) VALUES (27,1024,0);
INSERT INTO ThemeQuestion (themeId,questionId,orderNum) VALUES (27,1025,0);
INSERT INTO ThemeQuestion (themeId,questionId,orderNum) VALUES (27,1026,0);
INSERT INTO ThemeQuestion (themeId,questionId,orderNum) VALUES (27,1027,0);
INSERT INTO ThemeQuestion (themeId,questionId,orderNum) VALUES (27,1028,0);
INSERT INTO ThemeQuestion (themeId,questionId,orderNum) VALUES (27,1029,0);
INSERT INTO ThemeQuestion (themeId,questionId,orderNum) VALUES (27,1030,0);
INSERT INTO ThemeQuestion (themeId,questionId,orderNum) VALUES (27,1031,0);
INSERT INTO ThemeQuestion (themeId,questionId,orderNum) VALUES (27,1032,0);
INSERT INTO ThemeQuestion (themeId,questionId,orderNum) VALUES (27,1033,0);
INSERT INTO ThemeQuestion (themeId,questionId,orderNum) VALUES (28,996,0);
INSERT INTO ThemeQuestion (themeId,questionId,orderNum) VALUES (27,1034,0);
INSERT INTO ThemeQuestion (themeId,questionId,orderNum) VALUES (28,997,0);
INSERT INTO ThemeQuestion (themeId,questionId,orderNum) VALUES (27,1035,0);
INSERT INTO ThemeQuestion (themeId,questionId,orderNum) VALUES (28,998,0);
INSERT INTO ThemeQuestion (themeId,questionId,orderNum) VALUES (27,1036,0);
INSERT INTO ThemeQuestion (themeId,questionId,orderNum) VALUES (28,999,0);
INSERT INTO ThemeQuestion (themeId,questionId,orderNum) VALUES (27,1037,0);
INSERT INTO ThemeQuestion (themeId,questionId,orderNum) VALUES (28,1000,0);
INSERT INTO ThemeQuestion (themeId,questionId,orderNum) VALUES (28,1001,0);
INSERT INTO ThemeQuestion (themeId,questionId,orderNum) VALUES (27,1039,0);
INSERT INTO ThemeQuestion (themeId,questionId,orderNum) VALUES (27,1040,0);
INSERT INTO ThemeQuestion (themeId,questionId,orderNum) VALUES (27,1041,0);
INSERT INTO ThemeQuestion (themeId,questionId,orderNum) VALUES (27,1042,0);
INSERT INTO ThemeQuestion (themeId,questionId,orderNum) VALUES (27,1043,0);
INSERT INTO ThemeQuestion (themeId,questionId,orderNum) VALUES (27,1044,0);
INSERT INTO ThemeQuestion (themeId,questionId,orderNum) VALUES (27,1045,0);
INSERT INTO ThemeQuestion (themeId,questionId,orderNum) VALUES (27,1046,0);
INSERT INTO ThemeQuestion (themeId,questionId,orderNum) VALUES (27,1047,0);
INSERT INTO ThemeQuestion (themeId,questionId,orderNum) VALUES (27,1048,0);
INSERT INTO ThemeQuestion (themeId,questionId,orderNum) VALUES (27,1049,0);
INSERT INTO ThemeQuestion (themeId,questionId,orderNum) VALUES (27,1050,0);
INSERT INTO ThemeQuestion (themeId,questionId,orderNum) VALUES (0,2,0);
INSERT INTO ThemeQuestion (themeId,questionId,orderNum) VALUES (27,1051,0);
INSERT INTO ThemeQuestion (themeId,questionId,orderNum) VALUES (0,3,0);
INSERT INTO ThemeQuestion (themeId,questionId,orderNum) VALUES (27,1052,0);
INSERT INTO ThemeQuestion (themeId,questionId,orderNum) VALUES (0,4,0);
INSERT INTO ThemeQuestion (themeId,questionId,orderNum) VALUES (27,1053,0);
INSERT INTO ThemeQuestion (themeId,questionId,orderNum) VALUES (27,1054,0);
INSERT INTO ThemeQuestion (themeId,questionId,orderNum) VALUES (0,6,0);
INSERT INTO ThemeQuestion (themeId,questionId,orderNum) VALUES (27,1055,0);
INSERT INTO ThemeQuestion (themeId,questionId,orderNum) VALUES (0,7,0);
INSERT INTO ThemeQuestion (themeId,questionId,orderNum) VALUES (27,1056,0);
INSERT INTO ThemeQuestion (themeId,questionId,orderNum) VALUES (0,8,0);
INSERT INTO ThemeQuestion (themeId,questionId,orderNum) VALUES (27,1057,0);
INSERT INTO ThemeQuestion (themeId,questionId,orderNum) VALUES (0,10,0);
INSERT INTO ThemeQuestion (themeId,questionId,orderNum) VALUES (0,11,0);
INSERT INTO ThemeQuestion (themeId,questionId,orderNum) VALUES (0,12,0);
INSERT INTO ThemeQuestion (themeId,questionId,orderNum) VALUES (0,13,0);
INSERT INTO ThemeQuestion (themeId,questionId,orderNum) VALUES (0,14,0);
INSERT INTO ThemeQuestion (themeId,questionId,orderNum) VALUES (0,16,0);
INSERT INTO ThemeQuestion (themeId,questionId,orderNum) VALUES (0,17,0);
INSERT INTO ThemeQuestion (themeId,questionId,orderNum) VALUES (0,18,0);
INSERT INTO ThemeQuestion (themeId,questionId,orderNum) VALUES (0,19,0);
INSERT INTO ThemeQuestion (themeId,questionId,orderNum) VALUES (0,20,0);
INSERT INTO ThemeQuestion (themeId,questionId,orderNum) VALUES (0,21,0);
INSERT INTO ThemeQuestion (themeId,questionId,orderNum) VALUES (0,22,0);
INSERT INTO ThemeQuestion (themeId,questionId,orderNum) VALUES (0,23,0);
INSERT INTO ThemeQuestion (themeId,questionId,orderNum) VALUES (0,24,0);
INSERT INTO ThemeQuestion (themeId,questionId,orderNum) VALUES (27,1074,0);
INSERT INTO ThemeQuestion (themeId,questionId,orderNum) VALUES (0,27,0);
INSERT INTO ThemeQuestion (themeId,questionId,orderNum) VALUES (27,1076,0);
INSERT INTO ThemeQuestion (themeId,questionId,orderNum) VALUES (29,1002,0);
INSERT INTO ThemeQuestion (themeId,questionId,orderNum) VALUES (29,1003,0);
INSERT INTO ThemeQuestion (themeId,questionId,orderNum) VALUES (0,29,0);
INSERT INTO ThemeQuestion (themeId,questionId,orderNum) VALUES (0,30,0);
INSERT INTO ThemeQuestion (themeId,questionId,orderNum) VALUES (0,31,0);
INSERT INTO ThemeQuestion (themeId,questionId,orderNum) VALUES (0,32,0);
INSERT INTO ThemeQuestion (themeId,questionId,orderNum) VALUES (0,33,0);
INSERT INTO ThemeQuestion (themeId,questionId,orderNum) VALUES (0,34,0);
INSERT INTO ThemeQuestion (themeId,questionId,orderNum) VALUES (0,35,0);
INSERT INTO ThemeQuestion (themeId,questionId,orderNum) VALUES (0,36,0);
INSERT INTO ThemeQuestion (themeId,questionId,orderNum) VALUES (0,37,0);
INSERT INTO ThemeQuestion (themeId,questionId,orderNum) VALUES (1,0,0);
INSERT INTO ThemeQuestion (themeId,questionId,orderNum) VALUES (0,38,0);
INSERT INTO ThemeQuestion (themeId,questionId,orderNum) VALUES (0,39,0);
INSERT INTO ThemeQuestion (themeId,questionId,orderNum) VALUES (0,40,0);
INSERT INTO ThemeQuestion (themeId,questionId,orderNum) VALUES (0,43,0);
INSERT INTO ThemeQuestion (themeId,questionId,orderNum) VALUES (0,44,0);
INSERT INTO ThemeQuestion (themeId,questionId,orderNum) VALUES (0,45,0);
INSERT INTO ThemeQuestion (themeId,questionId,orderNum) VALUES (0,46,0);
INSERT INTO ThemeQuestion (themeId,questionId,orderNum) VALUES (25,1169,20);
INSERT INTO ThemeQuestion (themeId,questionId,orderNum) VALUES (0,47,0);
INSERT INTO ThemeQuestion (themeId,questionId,orderNum) VALUES (0,48,0);
INSERT INTO ThemeQuestion (themeId,questionId,orderNum) VALUES (0,49,0);
INSERT INTO ThemeQuestion (themeId,questionId,orderNum) VALUES (0,50,0);
INSERT INTO ThemeQuestion (themeId,questionId,orderNum) VALUES (0,51,0);
INSERT INTO ThemeQuestion (themeId,questionId,orderNum) VALUES (0,52,0);
INSERT INTO ThemeQuestion (themeId,questionId,orderNum) VALUES (0,53,0);
INSERT INTO ThemeQuestion (themeId,questionId,orderNum) VALUES (0,54,0);
INSERT INTO ThemeQuestion (themeId,questionId,orderNum) VALUES (0,55,0);
INSERT INTO ThemeQuestion (themeId,questionId,orderNum) VALUES (0,56,0);
INSERT INTO ThemeQuestion (themeId,questionId,orderNum) VALUES (1,19,0);
INSERT INTO ThemeQuestion (themeId,questionId,orderNum) VALUES (0,57,0);
INSERT INTO ThemeQuestion (themeId,questionId,orderNum) VALUES (0,58,0);
INSERT INTO ThemeQuestion (themeId,questionId,orderNum) VALUES (0,59,0);
INSERT INTO ThemeQuestion (themeId,questionId,orderNum) VALUES (0,60,0);
INSERT INTO ThemeQuestion (themeId,questionId,orderNum) VALUES (0,61,0);
INSERT INTO ThemeQuestion (themeId,questionId,orderNum) VALUES (0,62,0);
INSERT INTO ThemeQuestion (themeId,questionId,orderNum) VALUES (0,63,0);
INSERT INTO ThemeQuestion (themeId,questionId,orderNum) VALUES (0,64,0);
INSERT INTO ThemeQuestion (themeId,questionId,orderNum) VALUES (1,28,0);
INSERT INTO ThemeQuestion (themeId,questionId,orderNum) VALUES (0,67,0);
INSERT INTO ThemeQuestion (themeId,questionId,orderNum) VALUES (0,68,0);
INSERT INTO ThemeQuestion (themeId,questionId,orderNum) VALUES (0,69,0);
INSERT INTO ThemeQuestion (themeId,questionId,orderNum) VALUES (0,70,0);
INSERT INTO ThemeQuestion (themeId,questionId,orderNum) VALUES (0,71,0);
INSERT INTO ThemeQuestion (themeId,questionId,orderNum) VALUES (0,72,0);
INSERT INTO ThemeQuestion (themeId,questionId,orderNum) VALUES (0,74,0);
INSERT INTO ThemeQuestion (themeId,questionId,orderNum) VALUES (0,75,0);
INSERT INTO ThemeQuestion (themeId,questionId,orderNum) VALUES (0,76,0);
INSERT INTO ThemeQuestion (themeId,questionId,orderNum) VALUES (0,77,0);
INSERT INTO ThemeQuestion (themeId,questionId,orderNum) VALUES (1,58,0);
INSERT INTO ThemeQuestion (themeId,questionId,orderNum) VALUES (1,64,0);
INSERT INTO ThemeQuestion (themeId,questionId,orderNum) VALUES (1,73,0);
INSERT INTO ThemeQuestion (themeId,questionId,orderNum) VALUES (30,1058,0);
INSERT INTO ThemeQuestion (themeId,questionId,orderNum) VALUES (30,1059,0);
INSERT INTO ThemeQuestion (themeId,questionId,orderNum) VALUES (30,1060,0);
INSERT INTO ThemeQuestion (themeId,questionId,orderNum) VALUES (30,1061,0);
INSERT INTO ThemeQuestion (themeId,questionId,orderNum) VALUES (30,1062,0);
INSERT INTO ThemeQuestion (themeId,questionId,orderNum) VALUES (25,1248,30);
INSERT INTO ThemeQuestion (themeId,questionId,orderNum) VALUES (30,1063,0);
INSERT INTO ThemeQuestion (themeId,questionId,orderNum) VALUES (30,1066,0);
INSERT INTO ThemeQuestion (themeId,questionId,orderNum) VALUES (30,1067,0);
INSERT INTO ThemeQuestion (themeId,questionId,orderNum) VALUES (30,1068,0);
INSERT INTO ThemeQuestion (themeId,questionId,orderNum) VALUES (30,1069,0);
INSERT INTO ThemeQuestion (themeId,questionId,orderNum) VALUES (30,1070,0);
INSERT INTO ThemeQuestion (themeId,questionId,orderNum) VALUES (30,1071,0);
INSERT INTO ThemeQuestion (themeId,questionId,orderNum) VALUES (30,1072,0);
INSERT INTO ThemeQuestion (themeId,questionId,orderNum) VALUES (30,1073,0);
INSERT INTO ThemeQuestion (themeId,questionId,orderNum) VALUES (30,1075,0);
INSERT INTO ThemeQuestion (themeId,questionId,orderNum) VALUES (30,1077,0);
INSERT INTO ThemeQuestion (themeId,questionId,orderNum) VALUES (30,1078,0);
INSERT INTO ThemeQuestion (themeId,questionId,orderNum) VALUES (30,1079,0);
INSERT INTO ThemeQuestion (themeId,questionId,orderNum) VALUES (30,1080,0);
INSERT INTO ThemeQuestion (themeId,questionId,orderNum) VALUES (30,1081,0);
INSERT INTO ThemeQuestion (themeId,questionId,orderNum) VALUES (2,78,0);
INSERT INTO ThemeQuestion (themeId,questionId,orderNum) VALUES (2,79,0);
INSERT INTO ThemeQuestion (themeId,questionId,orderNum) VALUES (2,80,0);
INSERT INTO ThemeQuestion (themeId,questionId,orderNum) VALUES (2,81,0);
INSERT INTO ThemeQuestion (themeId,questionId,orderNum) VALUES (2,82,0);
INSERT INTO ThemeQuestion (themeId,questionId,orderNum) VALUES (2,83,0);
INSERT INTO ThemeQuestion (themeId,questionId,orderNum) VALUES (2,84,0);
INSERT INTO ThemeQuestion (themeId,questionId,orderNum) VALUES (2,85,0);
INSERT INTO ThemeQuestion (themeId,questionId,orderNum) VALUES (2,86,0);
INSERT INTO ThemeQuestion (themeId,questionId,orderNum) VALUES (2,87,0);
INSERT INTO ThemeQuestion (themeId,questionId,orderNum) VALUES (2,88,0);
INSERT INTO ThemeQuestion (themeId,questionId,orderNum) VALUES (2,89,0);
INSERT INTO ThemeQuestion (themeId,questionId,orderNum) VALUES (31,1064,0);
INSERT INTO ThemeQuestion (themeId,questionId,orderNum) VALUES (2,90,0);
INSERT INTO ThemeQuestion (themeId,questionId,orderNum) VALUES (31,1065,0);
INSERT INTO ThemeQuestion (themeId,questionId,orderNum) VALUES (2,91,0);
INSERT INTO ThemeQuestion (themeId,questionId,orderNum) VALUES (2,92,0);
INSERT INTO ThemeQuestion (themeId,questionId,orderNum) VALUES (2,93,0);
INSERT INTO ThemeQuestion (themeId,questionId,orderNum) VALUES (1,131,0);
INSERT INTO ThemeQuestion (themeId,questionId,orderNum) VALUES (2,94,0);
INSERT INTO ThemeQuestion (themeId,questionId,orderNum) VALUES (2,95,0);
INSERT INTO ThemeQuestion (themeId,questionId,orderNum) VALUES (2,96,0);
INSERT INTO ThemeQuestion (themeId,questionId,orderNum) VALUES (2,97,0);
INSERT INTO ThemeQuestion (themeId,questionId,orderNum) VALUES (2,98,0);
INSERT INTO ThemeQuestion (themeId,questionId,orderNum) VALUES (2,99,0);
INSERT INTO ThemeQuestion (themeId,questionId,orderNum) VALUES (2,100,0);
INSERT INTO ThemeQuestion (themeId,questionId,orderNum) VALUES (1,143,0);
INSERT INTO ThemeQuestion (themeId,questionId,orderNum) VALUES (23,1379,5);
INSERT INTO ThemeQuestion (themeId,questionId,orderNum) VALUES (1,147,0);
INSERT INTO ThemeQuestion (themeId,questionId,orderNum) VALUES (4,65,0);
INSERT INTO ThemeQuestion (themeId,questionId,orderNum) VALUES (32,1082,1);
INSERT INTO ThemeQuestion (themeId,questionId,orderNum) VALUES (32,1083,2);
INSERT INTO ThemeQuestion (themeId,questionId,orderNum) VALUES (32,1084,3);
INSERT INTO ThemeQuestion (themeId,questionId,orderNum) VALUES (32,1085,4);
INSERT INTO ThemeQuestion (themeId,questionId,orderNum) VALUES (32,1086,5);
INSERT INTO ThemeQuestion (themeId,questionId,orderNum) VALUES (32,1087,6);
INSERT INTO ThemeQuestion (themeId,questionId,orderNum) VALUES (32,1088,7);
INSERT INTO ThemeQuestion (themeId,questionId,orderNum) VALUES (32,1089,9);
INSERT INTO ThemeQuestion (themeId,questionId,orderNum) VALUES (32,1090,10);
INSERT INTO ThemeQuestion (themeId,questionId,orderNum) VALUES (32,1091,11);
INSERT INTO ThemeQuestion (themeId,questionId,orderNum) VALUES (32,1092,12);
INSERT INTO ThemeQuestion (themeId,questionId,orderNum) VALUES (32,1093,13);
INSERT INTO ThemeQuestion (themeId,questionId,orderNum) VALUES (32,1094,14);
INSERT INTO ThemeQuestion (themeId,questionId,orderNum) VALUES (32,1095,15);
INSERT INTO ThemeQuestion (themeId,questionId,orderNum) VALUES (32,1096,16);
INSERT INTO ThemeQuestion (themeId,questionId,orderNum) VALUES (32,1097,17);
INSERT INTO ThemeQuestion (themeId,questionId,orderNum) VALUES (32,1098,18);
INSERT INTO ThemeQuestion (themeId,questionId,orderNum) VALUES (32,1099,19);
INSERT INTO ThemeQuestion (themeId,questionId,orderNum) VALUES (32,1100,20);
INSERT INTO ThemeQuestion (themeId,questionId,orderNum) VALUES (32,1101,21);
INSERT INTO ThemeQuestion (themeId,questionId,orderNum) VALUES (32,1102,22);
INSERT INTO ThemeQuestion (themeId,questionId,orderNum) VALUES (32,1103,23);
INSERT INTO ThemeQuestion (themeId,questionId,orderNum) VALUES (32,1104,24);
INSERT INTO ThemeQuestion (themeId,questionId,orderNum) VALUES (32,1105,25);
INSERT INTO ThemeQuestion (themeId,questionId,orderNum) VALUES (32,1106,26);
INSERT INTO ThemeQuestion (themeId,questionId,orderNum) VALUES (32,1107,27);
INSERT INTO ThemeQuestion (themeId,questionId,orderNum) VALUES (32,1108,28);
INSERT INTO ThemeQuestion (themeId,questionId,orderNum) VALUES (32,1109,29);
INSERT INTO ThemeQuestion (themeId,questionId,orderNum) VALUES (32,1110,30);
INSERT INTO ThemeQuestion (themeId,questionId,orderNum) VALUES (32,1111,31);
INSERT INTO ThemeQuestion (themeId,questionId,orderNum) VALUES (32,1112,32);
INSERT INTO ThemeQuestion (themeId,questionId,orderNum) VALUES (32,1113,33);
INSERT INTO ThemeQuestion (themeId,questionId,orderNum) VALUES (1,213,0);
INSERT INTO ThemeQuestion (themeId,questionId,orderNum) VALUES (5,66,0);
INSERT INTO ThemeQuestion (themeId,questionId,orderNum) VALUES (3,148,0);
INSERT INTO ThemeQuestion (themeId,questionId,orderNum) VALUES (3,149,0);
INSERT INTO ThemeQuestion (themeId,questionId,orderNum) VALUES (1,229,0);
INSERT INTO ThemeQuestion (themeId,questionId,orderNum) VALUES (0,286,0);
INSERT INTO ThemeQuestion (themeId,questionId,orderNum) VALUES (33,1114,1);
INSERT INTO ThemeQuestion (themeId,questionId,orderNum) VALUES (33,1115,2);
INSERT INTO ThemeQuestion (themeId,questionId,orderNum) VALUES (33,1116,3);
INSERT INTO ThemeQuestion (themeId,questionId,orderNum) VALUES (33,1117,4);
INSERT INTO ThemeQuestion (themeId,questionId,orderNum) VALUES (33,1118,5);
INSERT INTO ThemeQuestion (themeId,questionId,orderNum) VALUES (33,1119,6);
INSERT INTO ThemeQuestion (themeId,questionId,orderNum) VALUES (33,1120,7);
INSERT INTO ThemeQuestion (themeId,questionId,orderNum) VALUES (33,1121,8);
INSERT INTO ThemeQuestion (themeId,questionId,orderNum) VALUES (33,1122,9);
INSERT INTO ThemeQuestion (themeId,questionId,orderNum) VALUES (33,1123,10);
INSERT INTO ThemeQuestion (themeId,questionId,orderNum) VALUES (33,1124,11);
INSERT INTO ThemeQuestion (themeId,questionId,orderNum) VALUES (33,1125,12);
INSERT INTO ThemeQuestion (themeId,questionId,orderNum) VALUES (33,1126,13);
INSERT INTO ThemeQuestion (themeId,questionId,orderNum) VALUES (33,1127,14);
INSERT INTO ThemeQuestion (themeId,questionId,orderNum) VALUES (33,1128,15);
INSERT INTO ThemeQuestion (themeId,questionId,orderNum) VALUES (33,1129,16);
INSERT INTO ThemeQuestion (themeId,questionId,orderNum) VALUES (33,1130,17);
INSERT INTO ThemeQuestion (themeId,questionId,orderNum) VALUES (33,1131,18);
INSERT INTO ThemeQuestion (themeId,questionId,orderNum) VALUES (33,1132,19);
INSERT INTO ThemeQuestion (themeId,questionId,orderNum) VALUES (32,1170,8);
INSERT INTO ThemeQuestion (themeId,questionId,orderNum) VALUES (33,1133,20);
INSERT INTO ThemeQuestion (themeId,questionId,orderNum) VALUES (6,101,0);
INSERT INTO ThemeQuestion (themeId,questionId,orderNum) VALUES (6,102,0);
INSERT INTO ThemeQuestion (themeId,questionId,orderNum) VALUES (6,103,0);
INSERT INTO ThemeQuestion (themeId,questionId,orderNum) VALUES (6,104,0);
INSERT INTO ThemeQuestion (themeId,questionId,orderNum) VALUES (6,105,0);
INSERT INTO ThemeQuestion (themeId,questionId,orderNum) VALUES (6,106,0);
INSERT INTO ThemeQuestion (themeId,questionId,orderNum) VALUES (6,107,0);
INSERT INTO ThemeQuestion (themeId,questionId,orderNum) VALUES (6,108,0);
INSERT INTO ThemeQuestion (themeId,questionId,orderNum) VALUES (6,109,0);
INSERT INTO ThemeQuestion (themeId,questionId,orderNum) VALUES (6,110,0);
INSERT INTO ThemeQuestion (themeId,questionId,orderNum) VALUES (6,111,0);
INSERT INTO ThemeQuestion (themeId,questionId,orderNum) VALUES (6,112,0);
INSERT INTO ThemeQuestion (themeId,questionId,orderNum) VALUES (6,113,0);
INSERT INTO ThemeQuestion (themeId,questionId,orderNum) VALUES (6,114,0);
INSERT INTO ThemeQuestion (themeId,questionId,orderNum) VALUES (6,115,0);
INSERT INTO ThemeQuestion (themeId,questionId,orderNum) VALUES (6,116,0);
INSERT INTO ThemeQuestion (themeId,questionId,orderNum) VALUES (6,117,0);
INSERT INTO ThemeQuestion (themeId,questionId,orderNum) VALUES (6,118,0);
INSERT INTO ThemeQuestion (themeId,questionId,orderNum) VALUES (6,119,0);
INSERT INTO ThemeQuestion (themeId,questionId,orderNum) VALUES (6,121,0);
INSERT INTO ThemeQuestion (themeId,questionId,orderNum) VALUES (6,122,0);
INSERT INTO ThemeQuestion (themeId,questionId,orderNum) VALUES (34,1134,1);
INSERT INTO ThemeQuestion (themeId,questionId,orderNum) VALUES (6,123,0);
INSERT INTO ThemeQuestion (themeId,questionId,orderNum) VALUES (34,1135,2);
INSERT INTO ThemeQuestion (themeId,questionId,orderNum) VALUES (6,124,0);
INSERT INTO ThemeQuestion (themeId,questionId,orderNum) VALUES (34,1136,3);
INSERT INTO ThemeQuestion (themeId,questionId,orderNum) VALUES (6,125,0);
INSERT INTO ThemeQuestion (themeId,questionId,orderNum) VALUES (34,1137,4);
INSERT INTO ThemeQuestion (themeId,questionId,orderNum) VALUES (6,126,0);
INSERT INTO ThemeQuestion (themeId,questionId,orderNum) VALUES (34,1138,5);
INSERT INTO ThemeQuestion (themeId,questionId,orderNum) VALUES (6,127,0);
INSERT INTO ThemeQuestion (themeId,questionId,orderNum) VALUES (34,1139,6);
INSERT INTO ThemeQuestion (themeId,questionId,orderNum) VALUES (6,128,0);
INSERT INTO ThemeQuestion (themeId,questionId,orderNum) VALUES (34,1140,7);
INSERT INTO ThemeQuestion (themeId,questionId,orderNum) VALUES (6,129,0);
INSERT INTO ThemeQuestion (themeId,questionId,orderNum) VALUES (34,1141,8);
INSERT INTO ThemeQuestion (themeId,questionId,orderNum) VALUES (6,130,0);
INSERT INTO ThemeQuestion (themeId,questionId,orderNum) VALUES (34,1142,9);
INSERT INTO ThemeQuestion (themeId,questionId,orderNum) VALUES (34,1143,10);
INSERT INTO ThemeQuestion (themeId,questionId,orderNum) VALUES (6,132,0);
INSERT INTO ThemeQuestion (themeId,questionId,orderNum) VALUES (34,1144,11);
INSERT INTO ThemeQuestion (themeId,questionId,orderNum) VALUES (6,133,0);
INSERT INTO ThemeQuestion (themeId,questionId,orderNum) VALUES (34,1145,12);
INSERT INTO ThemeQuestion (themeId,questionId,orderNum) VALUES (6,134,0);
INSERT INTO ThemeQuestion (themeId,questionId,orderNum) VALUES (34,1146,13);
INSERT INTO ThemeQuestion (themeId,questionId,orderNum) VALUES (6,135,0);
INSERT INTO ThemeQuestion (themeId,questionId,orderNum) VALUES (34,1147,14);
INSERT INTO ThemeQuestion (themeId,questionId,orderNum) VALUES (6,136,0);
INSERT INTO ThemeQuestion (themeId,questionId,orderNum) VALUES (34,1148,15);
INSERT INTO ThemeQuestion (themeId,questionId,orderNum) VALUES (6,137,0);
INSERT INTO ThemeQuestion (themeId,questionId,orderNum) VALUES (34,1149,16);
INSERT INTO ThemeQuestion (themeId,questionId,orderNum) VALUES (6,138,0);
INSERT INTO ThemeQuestion (themeId,questionId,orderNum) VALUES (34,1150,17);
INSERT INTO ThemeQuestion (themeId,questionId,orderNum) VALUES (6,139,0);
INSERT INTO ThemeQuestion (themeId,questionId,orderNum) VALUES (34,1151,18);
INSERT INTO ThemeQuestion (themeId,questionId,orderNum) VALUES (6,140,0);
INSERT INTO ThemeQuestion (themeId,questionId,orderNum) VALUES (34,1152,19);
INSERT INTO ThemeQuestion (themeId,questionId,orderNum) VALUES (6,141,0);
INSERT INTO ThemeQuestion (themeId,questionId,orderNum) VALUES (34,1153,20);
INSERT INTO ThemeQuestion (themeId,questionId,orderNum) VALUES (6,142,0);
INSERT INTO ThemeQuestion (themeId,questionId,orderNum) VALUES (34,1154,21);
INSERT INTO ThemeQuestion (themeId,questionId,orderNum) VALUES (34,1155,22);
INSERT INTO ThemeQuestion (themeId,questionId,orderNum) VALUES (6,144,0);
INSERT INTO ThemeQuestion (themeId,questionId,orderNum) VALUES (34,1156,23);
INSERT INTO ThemeQuestion (themeId,questionId,orderNum) VALUES (6,145,0);
INSERT INTO ThemeQuestion (themeId,questionId,orderNum) VALUES (34,1157,24);
INSERT INTO ThemeQuestion (themeId,questionId,orderNum) VALUES (6,146,0);
INSERT INTO ThemeQuestion (themeId,questionId,orderNum) VALUES (34,1158,25);
INSERT INTO ThemeQuestion (themeId,questionId,orderNum) VALUES (34,1159,26);
INSERT INTO ThemeQuestion (themeId,questionId,orderNum) VALUES (34,1160,27);
INSERT INTO ThemeQuestion (themeId,questionId,orderNum) VALUES (34,1161,28);
INSERT INTO ThemeQuestion (themeId,questionId,orderNum) VALUES (6,150,0);
INSERT INTO ThemeQuestion (themeId,questionId,orderNum) VALUES (34,1162,29);
INSERT INTO ThemeQuestion (themeId,questionId,orderNum) VALUES (6,151,0);
INSERT INTO ThemeQuestion (themeId,questionId,orderNum) VALUES (34,1163,30);
INSERT INTO ThemeQuestion (themeId,questionId,orderNum) VALUES (6,152,0);
INSERT INTO ThemeQuestion (themeId,questionId,orderNum) VALUES (34,1164,31);
INSERT INTO ThemeQuestion (themeId,questionId,orderNum) VALUES (6,153,0);
INSERT INTO ThemeQuestion (themeId,questionId,orderNum) VALUES (34,1165,32);
INSERT INTO ThemeQuestion (themeId,questionId,orderNum) VALUES (6,154,0);
INSERT INTO ThemeQuestion (themeId,questionId,orderNum) VALUES (34,1166,33);
INSERT INTO ThemeQuestion (themeId,questionId,orderNum) VALUES (34,1167,34);
INSERT INTO ThemeQuestion (themeId,questionId,orderNum) VALUES (34,1168,35);
INSERT INTO ThemeQuestion (themeId,questionId,orderNum) VALUES (34,1171,36);
INSERT INTO ThemeQuestion (themeId,questionId,orderNum) VALUES (34,1172,37);
INSERT INTO ThemeQuestion (themeId,questionId,orderNum) VALUES (34,1173,38);
INSERT INTO ThemeQuestion (themeId,questionId,orderNum) VALUES (34,1174,39);
INSERT INTO ThemeQuestion (themeId,questionId,orderNum) VALUES (34,1175,40);
INSERT INTO ThemeQuestion (themeId,questionId,orderNum) VALUES (34,1176,41);
INSERT INTO ThemeQuestion (themeId,questionId,orderNum) VALUES (34,1177,42);
INSERT INTO ThemeQuestion (themeId,questionId,orderNum) VALUES (34,1178,43);
INSERT INTO ThemeQuestion (themeId,questionId,orderNum) VALUES (34,1179,44);
INSERT INTO ThemeQuestion (themeId,questionId,orderNum) VALUES (34,1180,45);
INSERT INTO ThemeQuestion (themeId,questionId,orderNum) VALUES (34,1181,46);
INSERT INTO ThemeQuestion (themeId,questionId,orderNum) VALUES (34,1182,47);
INSERT INTO ThemeQuestion (themeId,questionId,orderNum) VALUES (34,1183,48);
INSERT INTO ThemeQuestion (themeId,questionId,orderNum) VALUES (34,1184,49);
INSERT INTO ThemeQuestion (themeId,questionId,orderNum) VALUES (34,1185,50);
INSERT INTO ThemeQuestion (themeId,questionId,orderNum) VALUES (34,1186,51);
INSERT INTO ThemeQuestion (themeId,questionId,orderNum) VALUES (34,1187,52);
INSERT INTO ThemeQuestion (themeId,questionId,orderNum) VALUES (34,1188,54);
INSERT INTO ThemeQuestion (themeId,questionId,orderNum) VALUES (34,1189,55);
INSERT INTO ThemeQuestion (themeId,questionId,orderNum) VALUES (34,1190,56);
INSERT INTO ThemeQuestion (themeId,questionId,orderNum) VALUES (34,1191,57);
INSERT INTO ThemeQuestion (themeId,questionId,orderNum) VALUES (34,1192,58);
INSERT INTO ThemeQuestion (themeId,questionId,orderNum) VALUES (34,1193,59);
INSERT INTO ThemeQuestion (themeId,questionId,orderNum) VALUES (34,1194,60);
INSERT INTO ThemeQuestion (themeId,questionId,orderNum) VALUES (34,1195,61);
INSERT INTO ThemeQuestion (themeId,questionId,orderNum) VALUES (34,1196,62);
INSERT INTO ThemeQuestion (themeId,questionId,orderNum) VALUES (34,1197,63);
INSERT INTO ThemeQuestion (themeId,questionId,orderNum) VALUES (34,1198,64);
INSERT INTO ThemeQuestion (themeId,questionId,orderNum) VALUES (34,1199,65);
INSERT INTO ThemeQuestion (themeId,questionId,orderNum) VALUES (34,1200,66);
INSERT INTO ThemeQuestion (themeId,questionId,orderNum) VALUES (34,1203,67);
INSERT INTO ThemeQuestion (themeId,questionId,orderNum) VALUES (7,155,0);
INSERT INTO ThemeQuestion (themeId,questionId,orderNum) VALUES (34,1204,68);
INSERT INTO ThemeQuestion (themeId,questionId,orderNum) VALUES (7,156,0);
INSERT INTO ThemeQuestion (themeId,questionId,orderNum) VALUES (34,1205,69);
INSERT INTO ThemeQuestion (themeId,questionId,orderNum) VALUES (7,157,0);
INSERT INTO ThemeQuestion (themeId,questionId,orderNum) VALUES (34,1206,70);
INSERT INTO ThemeQuestion (themeId,questionId,orderNum) VALUES (7,158,0);
INSERT INTO ThemeQuestion (themeId,questionId,orderNum) VALUES (34,1207,71);
INSERT INTO ThemeQuestion (themeId,questionId,orderNum) VALUES (7,159,0);
INSERT INTO ThemeQuestion (themeId,questionId,orderNum) VALUES (34,1208,72);
INSERT INTO ThemeQuestion (themeId,questionId,orderNum) VALUES (7,160,0);
INSERT INTO ThemeQuestion (themeId,questionId,orderNum) VALUES (34,1209,73);
INSERT INTO ThemeQuestion (themeId,questionId,orderNum) VALUES (7,161,0);
INSERT INTO ThemeQuestion (themeId,questionId,orderNum) VALUES (34,1210,74);
INSERT INTO ThemeQuestion (themeId,questionId,orderNum) VALUES (7,162,0);
INSERT INTO ThemeQuestion (themeId,questionId,orderNum) VALUES (34,1211,75);
INSERT INTO ThemeQuestion (themeId,questionId,orderNum) VALUES (7,163,0);
INSERT INTO ThemeQuestion (themeId,questionId,orderNum) VALUES (34,1212,76);
INSERT INTO ThemeQuestion (themeId,questionId,orderNum) VALUES (1,386,0);
INSERT INTO ThemeQuestion (themeId,questionId,orderNum) VALUES (7,164,0);
INSERT INTO ThemeQuestion (themeId,questionId,orderNum) VALUES (34,1213,77);
INSERT INTO ThemeQuestion (themeId,questionId,orderNum) VALUES (7,165,0);
INSERT INTO ThemeQuestion (themeId,questionId,orderNum) VALUES (34,1214,78);
INSERT INTO ThemeQuestion (themeId,questionId,orderNum) VALUES (7,166,0);
INSERT INTO ThemeQuestion (themeId,questionId,orderNum) VALUES (34,1215,79);
INSERT INTO ThemeQuestion (themeId,questionId,orderNum) VALUES (7,167,0);
INSERT INTO ThemeQuestion (themeId,questionId,orderNum) VALUES (34,1216,80);
INSERT INTO ThemeQuestion (themeId,questionId,orderNum) VALUES (7,168,0);
INSERT INTO ThemeQuestion (themeId,questionId,orderNum) VALUES (34,1217,81);
INSERT INTO ThemeQuestion (themeId,questionId,orderNum) VALUES (7,169,0);
INSERT INTO ThemeQuestion (themeId,questionId,orderNum) VALUES (34,1218,82);
INSERT INTO ThemeQuestion (themeId,questionId,orderNum) VALUES (7,170,0);
INSERT INTO ThemeQuestion (themeId,questionId,orderNum) VALUES (34,1219,83);
INSERT INTO ThemeQuestion (themeId,questionId,orderNum) VALUES (7,171,0);
INSERT INTO ThemeQuestion (themeId,questionId,orderNum) VALUES (34,1220,84);
INSERT INTO ThemeQuestion (themeId,questionId,orderNum) VALUES (7,172,0);
INSERT INTO ThemeQuestion (themeId,questionId,orderNum) VALUES (34,1221,85);
INSERT INTO ThemeQuestion (themeId,questionId,orderNum) VALUES (7,173,0);
INSERT INTO ThemeQuestion (themeId,questionId,orderNum) VALUES (34,1222,86);
INSERT INTO ThemeQuestion (themeId,questionId,orderNum) VALUES (7,174,0);
INSERT INTO ThemeQuestion (themeId,questionId,orderNum) VALUES (34,1223,87);
INSERT INTO ThemeQuestion (themeId,questionId,orderNum) VALUES (34,1224,88);
INSERT INTO ThemeQuestion (themeId,questionId,orderNum) VALUES (34,1225,89);
INSERT INTO ThemeQuestion (themeId,questionId,orderNum) VALUES (34,1226,90);
INSERT INTO ThemeQuestion (themeId,questionId,orderNum) VALUES (34,1227,91);
INSERT INTO ThemeQuestion (themeId,questionId,orderNum) VALUES (34,1228,92);
INSERT INTO ThemeQuestion (themeId,questionId,orderNum) VALUES (34,1229,93);
INSERT INTO ThemeQuestion (themeId,questionId,orderNum) VALUES (34,1230,94);
INSERT INTO ThemeQuestion (themeId,questionId,orderNum) VALUES (34,1231,95);
INSERT INTO ThemeQuestion (themeId,questionId,orderNum) VALUES (34,1232,96);
INSERT INTO ThemeQuestion (themeId,questionId,orderNum) VALUES (34,1233,97);
INSERT INTO ThemeQuestion (themeId,questionId,orderNum) VALUES (34,1234,98);
INSERT INTO ThemeQuestion (themeId,questionId,orderNum) VALUES (34,1235,99);
INSERT INTO ThemeQuestion (themeId,questionId,orderNum) VALUES (34,1236,100);
INSERT INTO ThemeQuestion (themeId,questionId,orderNum) VALUES (34,1237,101);
INSERT INTO ThemeQuestion (themeId,questionId,orderNum) VALUES (34,1238,102);
INSERT INTO ThemeQuestion (themeId,questionId,orderNum) VALUES (34,1239,103);
INSERT INTO ThemeQuestion (themeId,questionId,orderNum) VALUES (34,1240,105);
INSERT INTO ThemeQuestion (themeId,questionId,orderNum) VALUES (34,1241,106);
INSERT INTO ThemeQuestion (themeId,questionId,orderNum) VALUES (34,1242,107);
INSERT INTO ThemeQuestion (themeId,questionId,orderNum) VALUES (34,1243,108);
INSERT INTO ThemeQuestion (themeId,questionId,orderNum) VALUES (34,1244,109);
INSERT INTO ThemeQuestion (themeId,questionId,orderNum) VALUES (34,1245,110);
INSERT INTO ThemeQuestion (themeId,questionId,orderNum) VALUES (34,1247,53);
INSERT INTO ThemeQuestion (themeId,questionId,orderNum) VALUES (34,1249,104);
INSERT INTO ThemeQuestion (themeId,questionId,orderNum) VALUES (8,175,0);
INSERT INTO ThemeQuestion (themeId,questionId,orderNum) VALUES (8,176,0);
INSERT INTO ThemeQuestion (themeId,questionId,orderNum) VALUES (8,177,0);
INSERT INTO ThemeQuestion (themeId,questionId,orderNum) VALUES (8,178,0);
INSERT INTO ThemeQuestion (themeId,questionId,orderNum) VALUES (8,179,0);
INSERT INTO ThemeQuestion (themeId,questionId,orderNum) VALUES (8,180,0);
INSERT INTO ThemeQuestion (themeId,questionId,orderNum) VALUES (1,440,0);
INSERT INTO ThemeQuestion (themeId,questionId,orderNum) VALUES (8,181,0);
INSERT INTO ThemeQuestion (themeId,questionId,orderNum) VALUES (8,182,0);
INSERT INTO ThemeQuestion (themeId,questionId,orderNum) VALUES (8,183,0);
INSERT INTO ThemeQuestion (themeId,questionId,orderNum) VALUES (8,184,0);
INSERT INTO ThemeQuestion (themeId,questionId,orderNum) VALUES (8,185,0);
INSERT INTO ThemeQuestion (themeId,questionId,orderNum) VALUES (8,186,0);
INSERT INTO ThemeQuestion (themeId,questionId,orderNum) VALUES (8,187,0);
INSERT INTO ThemeQuestion (themeId,questionId,orderNum) VALUES (8,188,0);
INSERT INTO ThemeQuestion (themeId,questionId,orderNum) VALUES (8,189,0);
INSERT INTO ThemeQuestion (themeId,questionId,orderNum) VALUES (8,190,0);
INSERT INTO ThemeQuestion (themeId,questionId,orderNum) VALUES (8,191,0);
INSERT INTO ThemeQuestion (themeId,questionId,orderNum) VALUES (8,192,0);
INSERT INTO ThemeQuestion (themeId,questionId,orderNum) VALUES (8,193,0);
INSERT INTO ThemeQuestion (themeId,questionId,orderNum) VALUES (8,194,0);
INSERT INTO ThemeQuestion (themeId,questionId,orderNum) VALUES (8,195,0);
INSERT INTO ThemeQuestion (themeId,questionId,orderNum) VALUES (8,196,0);
INSERT INTO ThemeQuestion (themeId,questionId,orderNum) VALUES (8,197,0);
INSERT INTO ThemeQuestion (themeId,questionId,orderNum) VALUES (8,198,0);
INSERT INTO ThemeQuestion (themeId,questionId,orderNum) VALUES (8,199,0);
INSERT INTO ThemeQuestion (themeId,questionId,orderNum) VALUES (8,200,0);
INSERT INTO ThemeQuestion (themeId,questionId,orderNum) VALUES (8,201,0);
INSERT INTO ThemeQuestion (themeId,questionId,orderNum) VALUES (35,1250,1);
INSERT INTO ThemeQuestion (themeId,questionId,orderNum) VALUES (8,202,0);
INSERT INTO ThemeQuestion (themeId,questionId,orderNum) VALUES (35,1251,2);
INSERT INTO ThemeQuestion (themeId,questionId,orderNum) VALUES (8,203,0);
INSERT INTO ThemeQuestion (themeId,questionId,orderNum) VALUES (35,1252,3);
INSERT INTO ThemeQuestion (themeId,questionId,orderNum) VALUES (8,204,0);
INSERT INTO ThemeQuestion (themeId,questionId,orderNum) VALUES (35,1253,4);
INSERT INTO ThemeQuestion (themeId,questionId,orderNum) VALUES (8,205,0);
INSERT INTO ThemeQuestion (themeId,questionId,orderNum) VALUES (35,1254,5);
INSERT INTO ThemeQuestion (themeId,questionId,orderNum) VALUES (8,206,0);
INSERT INTO ThemeQuestion (themeId,questionId,orderNum) VALUES (35,1255,6);
INSERT INTO ThemeQuestion (themeId,questionId,orderNum) VALUES (8,207,0);
INSERT INTO ThemeQuestion (themeId,questionId,orderNum) VALUES (35,1256,7);
INSERT INTO ThemeQuestion (themeId,questionId,orderNum) VALUES (8,208,0);
INSERT INTO ThemeQuestion (themeId,questionId,orderNum) VALUES (35,1257,8);
INSERT INTO ThemeQuestion (themeId,questionId,orderNum) VALUES (8,209,0);
INSERT INTO ThemeQuestion (themeId,questionId,orderNum) VALUES (35,1258,9);
INSERT INTO ThemeQuestion (themeId,questionId,orderNum) VALUES (8,210,0);
INSERT INTO ThemeQuestion (themeId,questionId,orderNum) VALUES (35,1259,10);
INSERT INTO ThemeQuestion (themeId,questionId,orderNum) VALUES (8,211,0);
INSERT INTO ThemeQuestion (themeId,questionId,orderNum) VALUES (35,1260,11);
INSERT INTO ThemeQuestion (themeId,questionId,orderNum) VALUES (8,212,0);
INSERT INTO ThemeQuestion (themeId,questionId,orderNum) VALUES (35,1261,12);
INSERT INTO ThemeQuestion (themeId,questionId,orderNum) VALUES (8,213,0);
INSERT INTO ThemeQuestion (themeId,questionId,orderNum) VALUES (35,1262,13);
INSERT INTO ThemeQuestion (themeId,questionId,orderNum) VALUES (8,214,0);
INSERT INTO ThemeQuestion (themeId,questionId,orderNum) VALUES (35,1263,14);
INSERT INTO ThemeQuestion (themeId,questionId,orderNum) VALUES (8,215,0);
INSERT INTO ThemeQuestion (themeId,questionId,orderNum) VALUES (35,1264,15);
INSERT INTO ThemeQuestion (themeId,questionId,orderNum) VALUES (8,216,0);
INSERT INTO ThemeQuestion (themeId,questionId,orderNum) VALUES (35,1265,16);
INSERT INTO ThemeQuestion (themeId,questionId,orderNum) VALUES (8,217,0);
INSERT INTO ThemeQuestion (themeId,questionId,orderNum) VALUES (35,1266,17);
INSERT INTO ThemeQuestion (themeId,questionId,orderNum) VALUES (8,218,0);
INSERT INTO ThemeQuestion (themeId,questionId,orderNum) VALUES (35,1267,18);
INSERT INTO ThemeQuestion (themeId,questionId,orderNum) VALUES (8,219,0);
INSERT INTO ThemeQuestion (themeId,questionId,orderNum) VALUES (35,1268,19);
INSERT INTO ThemeQuestion (themeId,questionId,orderNum) VALUES (8,220,0);
INSERT INTO ThemeQuestion (themeId,questionId,orderNum) VALUES (35,1269,20);
INSERT INTO ThemeQuestion (themeId,questionId,orderNum) VALUES (8,221,0);
INSERT INTO ThemeQuestion (themeId,questionId,orderNum) VALUES (35,1270,21);
INSERT INTO ThemeQuestion (themeId,questionId,orderNum) VALUES (8,222,0);
INSERT INTO ThemeQuestion (themeId,questionId,orderNum) VALUES (35,1271,22);
INSERT INTO ThemeQuestion (themeId,questionId,orderNum) VALUES (8,223,0);
INSERT INTO ThemeQuestion (themeId,questionId,orderNum) VALUES (8,225,0);
INSERT INTO ThemeQuestion (themeId,questionId,orderNum) VALUES (8,226,0);
INSERT INTO ThemeQuestion (themeId,questionId,orderNum) VALUES (8,227,0);
INSERT INTO ThemeQuestion (themeId,questionId,orderNum) VALUES (8,228,0);
INSERT INTO ThemeQuestion (themeId,questionId,orderNum) VALUES (8,230,0);
INSERT INTO ThemeQuestion (themeId,questionId,orderNum) VALUES (8,231,0);
INSERT INTO ThemeQuestion (themeId,questionId,orderNum) VALUES (8,232,0);
INSERT INTO ThemeQuestion (themeId,questionId,orderNum) VALUES (8,233,0);
INSERT INTO ThemeQuestion (themeId,questionId,orderNum) VALUES (8,234,0);
INSERT INTO ThemeQuestion (themeId,questionId,orderNum) VALUES (8,235,0);
INSERT INTO ThemeQuestion (themeId,questionId,orderNum) VALUES (8,236,0);
INSERT INTO ThemeQuestion (themeId,questionId,orderNum) VALUES (8,237,0);
INSERT INTO ThemeQuestion (themeId,questionId,orderNum) VALUES (8,238,0);
INSERT INTO ThemeQuestion (themeId,questionId,orderNum) VALUES (8,239,0);
INSERT INTO ThemeQuestion (themeId,questionId,orderNum) VALUES (8,240,0);
INSERT INTO ThemeQuestion (themeId,questionId,orderNum) VALUES (8,241,0);
INSERT INTO ThemeQuestion (themeId,questionId,orderNum) VALUES (1,501,0);
INSERT INTO ThemeQuestion (themeId,questionId,orderNum) VALUES (8,242,0);
INSERT INTO ThemeQuestion (themeId,questionId,orderNum) VALUES (8,243,0);
INSERT INTO ThemeQuestion (themeId,questionId,orderNum) VALUES (8,244,0);
INSERT INTO ThemeQuestion (themeId,questionId,orderNum) VALUES (8,245,0);
INSERT INTO ThemeQuestion (themeId,questionId,orderNum) VALUES (8,246,0);
INSERT INTO ThemeQuestion (themeId,questionId,orderNum) VALUES (8,247,0);
INSERT INTO ThemeQuestion (themeId,questionId,orderNum) VALUES (8,248,0);
INSERT INTO ThemeQuestion (themeId,questionId,orderNum) VALUES (8,249,0);
INSERT INTO ThemeQuestion (themeId,questionId,orderNum) VALUES (8,250,0);
INSERT INTO ThemeQuestion (themeId,questionId,orderNum) VALUES (8,251,0);
INSERT INTO ThemeQuestion (themeId,questionId,orderNum) VALUES (8,252,0);
INSERT INTO ThemeQuestion (themeId,questionId,orderNum) VALUES (8,253,0);
INSERT INTO ThemeQuestion (themeId,questionId,orderNum) VALUES (8,254,0);
INSERT INTO ThemeQuestion (themeId,questionId,orderNum) VALUES (8,255,0);
INSERT INTO ThemeQuestion (themeId,questionId,orderNum) VALUES (8,256,0);
INSERT INTO ThemeQuestion (themeId,questionId,orderNum) VALUES (8,257,0);
INSERT INTO ThemeQuestion (themeId,questionId,orderNum) VALUES (8,258,0);
INSERT INTO ThemeQuestion (themeId,questionId,orderNum) VALUES (8,259,0);
INSERT INTO ThemeQuestion (themeId,questionId,orderNum) VALUES (36,1272,1);
INSERT INTO ThemeQuestion (themeId,questionId,orderNum) VALUES (8,261,0);
INSERT INTO ThemeQuestion (themeId,questionId,orderNum) VALUES (9,224,0);
INSERT INTO ThemeQuestion (themeId,questionId,orderNum) VALUES (36,1273,2);
INSERT INTO ThemeQuestion (themeId,questionId,orderNum) VALUES (8,262,0);
INSERT INTO ThemeQuestion (themeId,questionId,orderNum) VALUES (36,1274,3);
INSERT INTO ThemeQuestion (themeId,questionId,orderNum) VALUES (8,263,0);
INSERT INTO ThemeQuestion (themeId,questionId,orderNum) VALUES (36,1275,4);
INSERT INTO ThemeQuestion (themeId,questionId,orderNum) VALUES (8,264,0);
INSERT INTO ThemeQuestion (themeId,questionId,orderNum) VALUES (36,1276,5);
INSERT INTO ThemeQuestion (themeId,questionId,orderNum) VALUES (8,265,0);
INSERT INTO ThemeQuestion (themeId,questionId,orderNum) VALUES (36,1277,6);
INSERT INTO ThemeQuestion (themeId,questionId,orderNum) VALUES (8,266,0);
INSERT INTO ThemeQuestion (themeId,questionId,orderNum) VALUES (36,1278,8);
INSERT INTO ThemeQuestion (themeId,questionId,orderNum) VALUES (8,267,0);
INSERT INTO ThemeQuestion (themeId,questionId,orderNum) VALUES (36,1279,9);
INSERT INTO ThemeQuestion (themeId,questionId,orderNum) VALUES (8,268,0);
INSERT INTO ThemeQuestion (themeId,questionId,orderNum) VALUES (36,1280,10);
INSERT INTO ThemeQuestion (themeId,questionId,orderNum) VALUES (36,1281,11);
INSERT INTO ThemeQuestion (themeId,questionId,orderNum) VALUES (8,270,0);
INSERT INTO ThemeQuestion (themeId,questionId,orderNum) VALUES (36,1282,12);
INSERT INTO ThemeQuestion (themeId,questionId,orderNum) VALUES (8,271,0);
INSERT INTO ThemeQuestion (themeId,questionId,orderNum) VALUES (36,1283,13);
INSERT INTO ThemeQuestion (themeId,questionId,orderNum) VALUES (8,272,0);
INSERT INTO ThemeQuestion (themeId,questionId,orderNum) VALUES (36,1284,14);
INSERT INTO ThemeQuestion (themeId,questionId,orderNum) VALUES (8,273,0);
INSERT INTO ThemeQuestion (themeId,questionId,orderNum) VALUES (36,1285,15);
INSERT INTO ThemeQuestion (themeId,questionId,orderNum) VALUES (8,274,0);
INSERT INTO ThemeQuestion (themeId,questionId,orderNum) VALUES (36,1286,16);
INSERT INTO ThemeQuestion (themeId,questionId,orderNum) VALUES (8,275,0);
INSERT INTO ThemeQuestion (themeId,questionId,orderNum) VALUES (36,1287,17);
INSERT INTO ThemeQuestion (themeId,questionId,orderNum) VALUES (8,276,0);
INSERT INTO ThemeQuestion (themeId,questionId,orderNum) VALUES (36,1288,18);
INSERT INTO ThemeQuestion (themeId,questionId,orderNum) VALUES (8,277,0);
INSERT INTO ThemeQuestion (themeId,questionId,orderNum) VALUES (36,1289,19);
INSERT INTO ThemeQuestion (themeId,questionId,orderNum) VALUES (8,278,0);
INSERT INTO ThemeQuestion (themeId,questionId,orderNum) VALUES (36,1290,20);
INSERT INTO ThemeQuestion (themeId,questionId,orderNum) VALUES (8,279,0);
INSERT INTO ThemeQuestion (themeId,questionId,orderNum) VALUES (36,1291,21);
INSERT INTO ThemeQuestion (themeId,questionId,orderNum) VALUES (8,280,0);
INSERT INTO ThemeQuestion (themeId,questionId,orderNum) VALUES (36,1292,22);
INSERT INTO ThemeQuestion (themeId,questionId,orderNum) VALUES (8,281,0);
INSERT INTO ThemeQuestion (themeId,questionId,orderNum) VALUES (36,1293,23);
INSERT INTO ThemeQuestion (themeId,questionId,orderNum) VALUES (8,282,0);
INSERT INTO ThemeQuestion (themeId,questionId,orderNum) VALUES (36,1294,24);
INSERT INTO ThemeQuestion (themeId,questionId,orderNum) VALUES (8,283,0);
INSERT INTO ThemeQuestion (themeId,questionId,orderNum) VALUES (36,1295,25);
INSERT INTO ThemeQuestion (themeId,questionId,orderNum) VALUES (8,284,0);
INSERT INTO ThemeQuestion (themeId,questionId,orderNum) VALUES (36,1296,26);
INSERT INTO ThemeQuestion (themeId,questionId,orderNum) VALUES (36,1297,27);
INSERT INTO ThemeQuestion (themeId,questionId,orderNum) VALUES (36,1298,28);
INSERT INTO ThemeQuestion (themeId,questionId,orderNum) VALUES (36,1299,29);
INSERT INTO ThemeQuestion (themeId,questionId,orderNum) VALUES (36,1300,30);
INSERT INTO ThemeQuestion (themeId,questionId,orderNum) VALUES (36,1301,31);
INSERT INTO ThemeQuestion (themeId,questionId,orderNum) VALUES (36,1302,33);
INSERT INTO ThemeQuestion (themeId,questionId,orderNum) VALUES (36,1303,34);
INSERT INTO ThemeQuestion (themeId,questionId,orderNum) VALUES (36,1304,35);
INSERT INTO ThemeQuestion (themeId,questionId,orderNum) VALUES (36,1305,36);
INSERT INTO ThemeQuestion (themeId,questionId,orderNum) VALUES (36,1306,37);
INSERT INTO ThemeQuestion (themeId,questionId,orderNum) VALUES (36,1307,40);
INSERT INTO ThemeQuestion (themeId,questionId,orderNum) VALUES (36,1308,38);
INSERT INTO ThemeQuestion (themeId,questionId,orderNum) VALUES (9,260,0);
INSERT INTO ThemeQuestion (themeId,questionId,orderNum) VALUES (36,1309,39);
INSERT INTO ThemeQuestion (themeId,questionId,orderNum) VALUES (36,1310,41);
INSERT INTO ThemeQuestion (themeId,questionId,orderNum) VALUES (36,1311,42);
INSERT INTO ThemeQuestion (themeId,questionId,orderNum) VALUES (36,1312,43);
INSERT INTO ThemeQuestion (themeId,questionId,orderNum) VALUES (36,1313,44);
INSERT INTO ThemeQuestion (themeId,questionId,orderNum) VALUES (36,1314,45);
INSERT INTO ThemeQuestion (themeId,questionId,orderNum) VALUES (36,1315,46);
INSERT INTO ThemeQuestion (themeId,questionId,orderNum) VALUES (36,1316,47);
INSERT INTO ThemeQuestion (themeId,questionId,orderNum) VALUES (36,1317,48);
INSERT INTO ThemeQuestion (themeId,questionId,orderNum) VALUES (36,1318,49);
INSERT INTO ThemeQuestion (themeId,questionId,orderNum) VALUES (36,1319,50);
INSERT INTO ThemeQuestion (themeId,questionId,orderNum) VALUES (36,1320,51);
INSERT INTO ThemeQuestion (themeId,questionId,orderNum) VALUES (36,1321,52);
INSERT INTO ThemeQuestion (themeId,questionId,orderNum) VALUES (36,1322,53);
INSERT INTO ThemeQuestion (themeId,questionId,orderNum) VALUES (36,1323,54);
INSERT INTO ThemeQuestion (themeId,questionId,orderNum) VALUES (8,312,0);
INSERT INTO ThemeQuestion (themeId,questionId,orderNum) VALUES (36,1324,55);
INSERT INTO ThemeQuestion (themeId,questionId,orderNum) VALUES (36,1325,56);
INSERT INTO ThemeQuestion (themeId,questionId,orderNum) VALUES (36,1326,57);
INSERT INTO ThemeQuestion (themeId,questionId,orderNum) VALUES (36,1327,58);
INSERT INTO ThemeQuestion (themeId,questionId,orderNum) VALUES (36,1328,59);
INSERT INTO ThemeQuestion (themeId,questionId,orderNum) VALUES (36,1329,60);
INSERT INTO ThemeQuestion (themeId,questionId,orderNum) VALUES (36,1330,61);
INSERT INTO ThemeQuestion (themeId,questionId,orderNum) VALUES (36,1331,62);
INSERT INTO ThemeQuestion (themeId,questionId,orderNum) VALUES (36,1332,63);
INSERT INTO ThemeQuestion (themeId,questionId,orderNum) VALUES (36,1333,64);
INSERT INTO ThemeQuestion (themeId,questionId,orderNum) VALUES (36,1334,65);
INSERT INTO ThemeQuestion (themeId,questionId,orderNum) VALUES (36,1335,66);
INSERT INTO ThemeQuestion (themeId,questionId,orderNum) VALUES (36,1336,67);
INSERT INTO ThemeQuestion (themeId,questionId,orderNum) VALUES (36,1337,68);
INSERT INTO ThemeQuestion (themeId,questionId,orderNum) VALUES (36,1338,69);
INSERT INTO ThemeQuestion (themeId,questionId,orderNum) VALUES (36,1339,70);
INSERT INTO ThemeQuestion (themeId,questionId,orderNum) VALUES (36,1340,71);
INSERT INTO ThemeQuestion (themeId,questionId,orderNum) VALUES (36,1341,72);
INSERT INTO ThemeQuestion (themeId,questionId,orderNum) VALUES (36,1342,73);
INSERT INTO ThemeQuestion (themeId,questionId,orderNum) VALUES (36,1343,74);
INSERT INTO ThemeQuestion (themeId,questionId,orderNum) VALUES (36,1344,75);
INSERT INTO ThemeQuestion (themeId,questionId,orderNum) VALUES (36,1345,76);
INSERT INTO ThemeQuestion (themeId,questionId,orderNum) VALUES (36,1351,32);
INSERT INTO ThemeQuestion (themeId,questionId,orderNum) VALUES (36,1358,7);
INSERT INTO ThemeQuestion (themeId,questionId,orderNum) VALUES (10,285,0);
INSERT INTO ThemeQuestion (themeId,questionId,orderNum) VALUES (10,287,0);
INSERT INTO ThemeQuestion (themeId,questionId,orderNum) VALUES (10,288,0);
INSERT INTO ThemeQuestion (themeId,questionId,orderNum) VALUES (10,289,0);
INSERT INTO ThemeQuestion (themeId,questionId,orderNum) VALUES (10,290,0);
INSERT INTO ThemeQuestion (themeId,questionId,orderNum) VALUES (10,291,0);
INSERT INTO ThemeQuestion (themeId,questionId,orderNum) VALUES (10,292,0);
INSERT INTO ThemeQuestion (themeId,questionId,orderNum) VALUES (10,293,0);
INSERT INTO ThemeQuestion (themeId,questionId,orderNum) VALUES (10,294,0);
INSERT INTO ThemeQuestion (themeId,questionId,orderNum) VALUES (10,295,0);
INSERT INTO ThemeQuestion (themeId,questionId,orderNum) VALUES (10,296,0);
INSERT INTO ThemeQuestion (themeId,questionId,orderNum) VALUES (10,297,0);
INSERT INTO ThemeQuestion (themeId,questionId,orderNum) VALUES (37,1346,1);
INSERT INTO ThemeQuestion (themeId,questionId,orderNum) VALUES (10,298,0);
INSERT INTO ThemeQuestion (themeId,questionId,orderNum) VALUES (37,1347,2);
INSERT INTO ThemeQuestion (themeId,questionId,orderNum) VALUES (10,299,0);
INSERT INTO ThemeQuestion (themeId,questionId,orderNum) VALUES (37,1348,3);
INSERT INTO ThemeQuestion (themeId,questionId,orderNum) VALUES (10,300,0);
INSERT INTO ThemeQuestion (themeId,questionId,orderNum) VALUES (37,1349,4);
INSERT INTO ThemeQuestion (themeId,questionId,orderNum) VALUES (10,301,0);
INSERT INTO ThemeQuestion (themeId,questionId,orderNum) VALUES (37,1350,5);
INSERT INTO ThemeQuestion (themeId,questionId,orderNum) VALUES (10,302,0);
INSERT INTO ThemeQuestion (themeId,questionId,orderNum) VALUES (10,303,0);
INSERT INTO ThemeQuestion (themeId,questionId,orderNum) VALUES (37,1352,6);
INSERT INTO ThemeQuestion (themeId,questionId,orderNum) VALUES (10,304,0);
INSERT INTO ThemeQuestion (themeId,questionId,orderNum) VALUES (37,1353,7);
INSERT INTO ThemeQuestion (themeId,questionId,orderNum) VALUES (10,305,0);
INSERT INTO ThemeQuestion (themeId,questionId,orderNum) VALUES (37,1354,8);
INSERT INTO ThemeQuestion (themeId,questionId,orderNum) VALUES (10,306,0);
INSERT INTO ThemeQuestion (themeId,questionId,orderNum) VALUES (37,1355,9);
INSERT INTO ThemeQuestion (themeId,questionId,orderNum) VALUES (10,307,0);
INSERT INTO ThemeQuestion (themeId,questionId,orderNum) VALUES (37,1356,10);
INSERT INTO ThemeQuestion (themeId,questionId,orderNum) VALUES (10,308,0);
INSERT INTO ThemeQuestion (themeId,questionId,orderNum) VALUES (37,1357,11);
INSERT INTO ThemeQuestion (themeId,questionId,orderNum) VALUES (10,309,0);
INSERT INTO ThemeQuestion (themeId,questionId,orderNum) VALUES (10,310,0);
INSERT INTO ThemeQuestion (themeId,questionId,orderNum) VALUES (37,1359,12);
INSERT INTO ThemeQuestion (themeId,questionId,orderNum) VALUES (10,311,0);
INSERT INTO ThemeQuestion (themeId,questionId,orderNum) VALUES (37,1360,13);
INSERT INTO ThemeQuestion (themeId,questionId,orderNum) VALUES (37,1361,14);
INSERT INTO ThemeQuestion (themeId,questionId,orderNum) VALUES (10,313,0);
INSERT INTO ThemeQuestion (themeId,questionId,orderNum) VALUES (37,1362,15);
INSERT INTO ThemeQuestion (themeId,questionId,orderNum) VALUES (10,314,0);
INSERT INTO ThemeQuestion (themeId,questionId,orderNum) VALUES (37,1363,16);
INSERT INTO ThemeQuestion (themeId,questionId,orderNum) VALUES (10,315,0);
INSERT INTO ThemeQuestion (themeId,questionId,orderNum) VALUES (37,1364,17);
INSERT INTO ThemeQuestion (themeId,questionId,orderNum) VALUES (10,316,0);
INSERT INTO ThemeQuestion (themeId,questionId,orderNum) VALUES (37,1365,18);
INSERT INTO ThemeQuestion (themeId,questionId,orderNum) VALUES (10,317,0);
INSERT INTO ThemeQuestion (themeId,questionId,orderNum) VALUES (37,1366,19);
INSERT INTO ThemeQuestion (themeId,questionId,orderNum) VALUES (10,318,0);
INSERT INTO ThemeQuestion (themeId,questionId,orderNum) VALUES (37,1367,20);
INSERT INTO ThemeQuestion (themeId,questionId,orderNum) VALUES (10,319,0);
INSERT INTO ThemeQuestion (themeId,questionId,orderNum) VALUES (37,1368,21);
INSERT INTO ThemeQuestion (themeId,questionId,orderNum) VALUES (37,1369,22);
INSERT INTO ThemeQuestion (themeId,questionId,orderNum) VALUES (37,1370,23);
INSERT INTO ThemeQuestion (themeId,questionId,orderNum) VALUES (11,320,0);
INSERT INTO ThemeQuestion (themeId,questionId,orderNum) VALUES (11,321,0);
INSERT INTO ThemeQuestion (themeId,questionId,orderNum) VALUES (11,322,0);
INSERT INTO ThemeQuestion (themeId,questionId,orderNum) VALUES (38,1371,1);
INSERT INTO ThemeQuestion (themeId,questionId,orderNum) VALUES (11,323,0);
INSERT INTO ThemeQuestion (themeId,questionId,orderNum) VALUES (38,1372,2);
INSERT INTO ThemeQuestion (themeId,questionId,orderNum) VALUES (11,324,0);
INSERT INTO ThemeQuestion (themeId,questionId,orderNum) VALUES (38,1373,3);
INSERT INTO ThemeQuestion (themeId,questionId,orderNum) VALUES (11,325,0);
INSERT INTO ThemeQuestion (themeId,questionId,orderNum) VALUES (38,1374,4);
INSERT INTO ThemeQuestion (themeId,questionId,orderNum) VALUES (11,326,0);
INSERT INTO ThemeQuestion (themeId,questionId,orderNum) VALUES (38,1375,5);
INSERT INTO ThemeQuestion (themeId,questionId,orderNum) VALUES (11,327,0);
INSERT INTO ThemeQuestion (themeId,questionId,orderNum) VALUES (38,1376,6);
INSERT INTO ThemeQuestion (themeId,questionId,orderNum) VALUES (11,328,0);
INSERT INTO ThemeQuestion (themeId,questionId,orderNum) VALUES (38,1377,7);
INSERT INTO ThemeQuestion (themeId,questionId,orderNum) VALUES (11,329,0);
INSERT INTO ThemeQuestion (themeId,questionId,orderNum) VALUES (38,1378,10);
INSERT INTO ThemeQuestion (themeId,questionId,orderNum) VALUES (11,330,0);
INSERT INTO ThemeQuestion (themeId,questionId,orderNum) VALUES (38,1379,11);
INSERT INTO ThemeQuestion (themeId,questionId,orderNum) VALUES (11,331,0);
INSERT INTO ThemeQuestion (themeId,questionId,orderNum) VALUES (38,1380,8);
INSERT INTO ThemeQuestion (themeId,questionId,orderNum) VALUES (11,332,0);
INSERT INTO ThemeQuestion (themeId,questionId,orderNum) VALUES (38,1381,9);
INSERT INTO ThemeQuestion (themeId,questionId,orderNum) VALUES (11,333,0);
INSERT INTO ThemeQuestion (themeId,questionId,orderNum) VALUES (38,1382,12);
INSERT INTO ThemeQuestion (themeId,questionId,orderNum) VALUES (11,334,0);
INSERT INTO ThemeQuestion (themeId,questionId,orderNum) VALUES (38,1383,13);
INSERT INTO ThemeQuestion (themeId,questionId,orderNum) VALUES (11,335,0);
INSERT INTO ThemeQuestion (themeId,questionId,orderNum) VALUES (38,1384,14);
INSERT INTO ThemeQuestion (themeId,questionId,orderNum) VALUES (11,336,0);
INSERT INTO ThemeQuestion (themeId,questionId,orderNum) VALUES (38,1385,15);
INSERT INTO ThemeQuestion (themeId,questionId,orderNum) VALUES (11,337,0);
INSERT INTO ThemeQuestion (themeId,questionId,orderNum) VALUES (38,1386,16);
INSERT INTO ThemeQuestion (themeId,questionId,orderNum) VALUES (11,338,0);
INSERT INTO ThemeQuestion (themeId,questionId,orderNum) VALUES (38,1387,17);
INSERT INTO ThemeQuestion (themeId,questionId,orderNum) VALUES (11,339,0);
INSERT INTO ThemeQuestion (themeId,questionId,orderNum) VALUES (38,1388,18);
INSERT INTO ThemeQuestion (themeId,questionId,orderNum) VALUES (11,340,0);
INSERT INTO ThemeQuestion (themeId,questionId,orderNum) VALUES (38,1389,19);
INSERT INTO ThemeQuestion (themeId,questionId,orderNum) VALUES (11,341,0);
INSERT INTO ThemeQuestion (themeId,questionId,orderNum) VALUES (38,1390,20);
INSERT INTO ThemeQuestion (themeId,questionId,orderNum) VALUES (11,342,0);
INSERT INTO ThemeQuestion (themeId,questionId,orderNum) VALUES (38,1391,21);
INSERT INTO ThemeQuestion (themeId,questionId,orderNum) VALUES (11,343,0);
INSERT INTO ThemeQuestion (themeId,questionId,orderNum) VALUES (38,1392,22);
INSERT INTO ThemeQuestion (themeId,questionId,orderNum) VALUES (11,344,0);
INSERT INTO ThemeQuestion (themeId,questionId,orderNum) VALUES (11,345,0);
INSERT INTO ThemeQuestion (themeId,questionId,orderNum) VALUES (38,1394,23);
INSERT INTO ThemeQuestion (themeId,questionId,orderNum) VALUES (11,346,0);
INSERT INTO ThemeQuestion (themeId,questionId,orderNum) VALUES (38,1395,24);
INSERT INTO ThemeQuestion (themeId,questionId,orderNum) VALUES (11,347,0);
INSERT INTO ThemeQuestion (themeId,questionId,orderNum) VALUES (38,1396,25);
INSERT INTO ThemeQuestion (themeId,questionId,orderNum) VALUES (11,348,0);
INSERT INTO ThemeQuestion (themeId,questionId,orderNum) VALUES (38,1397,26);
INSERT INTO ThemeQuestion (themeId,questionId,orderNum) VALUES (11,349,0);
INSERT INTO ThemeQuestion (themeId,questionId,orderNum) VALUES (38,1398,27);
INSERT INTO ThemeQuestion (themeId,questionId,orderNum) VALUES (11,350,0);
INSERT INTO ThemeQuestion (themeId,questionId,orderNum) VALUES (38,1399,28);
INSERT INTO ThemeQuestion (themeId,questionId,orderNum) VALUES (11,351,0);
INSERT INTO ThemeQuestion (themeId,questionId,orderNum) VALUES (38,1400,29);
INSERT INTO ThemeQuestion (themeId,questionId,orderNum) VALUES (11,352,0);
INSERT INTO ThemeQuestion (themeId,questionId,orderNum) VALUES (38,1401,30);
INSERT INTO ThemeQuestion (themeId,questionId,orderNum) VALUES (11,353,0);
INSERT INTO ThemeQuestion (themeId,questionId,orderNum) VALUES (38,1402,31);
INSERT INTO ThemeQuestion (themeId,questionId,orderNum) VALUES (11,354,0);
INSERT INTO ThemeQuestion (themeId,questionId,orderNum) VALUES (38,1403,32);
INSERT INTO ThemeQuestion (themeId,questionId,orderNum) VALUES (11,355,0);
INSERT INTO ThemeQuestion (themeId,questionId,orderNum) VALUES (38,1404,33);
INSERT INTO ThemeQuestion (themeId,questionId,orderNum) VALUES (11,356,0);
INSERT INTO ThemeQuestion (themeId,questionId,orderNum) VALUES (11,357,0);
INSERT INTO ThemeQuestion (themeId,questionId,orderNum) VALUES (11,358,0);
INSERT INTO ThemeQuestion (themeId,questionId,orderNum) VALUES (11,359,0);
INSERT INTO ThemeQuestion (themeId,questionId,orderNum) VALUES (11,360,0);
INSERT INTO ThemeQuestion (themeId,questionId,orderNum) VALUES (11,361,0);
INSERT INTO ThemeQuestion (themeId,questionId,orderNum) VALUES (11,362,0);
INSERT INTO ThemeQuestion (themeId,questionId,orderNum) VALUES (11,363,0);
INSERT INTO ThemeQuestion (themeId,questionId,orderNum) VALUES (11,364,0);
INSERT INTO ThemeQuestion (themeId,questionId,orderNum) VALUES (11,365,0);
INSERT INTO ThemeQuestion (themeId,questionId,orderNum) VALUES (11,366,0);
INSERT INTO ThemeQuestion (themeId,questionId,orderNum) VALUES (11,367,0);
INSERT INTO ThemeQuestion (themeId,questionId,orderNum) VALUES (11,368,0);
INSERT INTO ThemeQuestion (themeId,questionId,orderNum) VALUES (11,369,0);
INSERT INTO ThemeQuestion (themeId,questionId,orderNum) VALUES (11,370,0);
INSERT INTO ThemeQuestion (themeId,questionId,orderNum) VALUES (11,371,0);
INSERT INTO ThemeQuestion (themeId,questionId,orderNum) VALUES (11,372,0);
INSERT INTO ThemeQuestion (themeId,questionId,orderNum) VALUES (11,373,0);
INSERT INTO ThemeQuestion (themeId,questionId,orderNum) VALUES (11,374,0);
INSERT INTO ThemeQuestion (themeId,questionId,orderNum) VALUES (11,375,0);
INSERT INTO ThemeQuestion (themeId,questionId,orderNum) VALUES (11,376,0);
INSERT INTO ThemeQuestion (themeId,questionId,orderNum) VALUES (11,377,0);
INSERT INTO ThemeQuestion (themeId,questionId,orderNum) VALUES (11,378,0);
INSERT INTO ThemeQuestion (themeId,questionId,orderNum) VALUES (11,379,0);
INSERT INTO ThemeQuestion (themeId,questionId,orderNum) VALUES (11,380,0);
INSERT INTO ThemeQuestion (themeId,questionId,orderNum) VALUES (11,381,0);
INSERT INTO ThemeQuestion (themeId,questionId,orderNum) VALUES (11,382,0);
INSERT INTO ThemeQuestion (themeId,questionId,orderNum) VALUES (11,383,0);
INSERT INTO ThemeQuestion (themeId,questionId,orderNum) VALUES (11,384,0);
INSERT INTO ThemeQuestion (themeId,questionId,orderNum) VALUES (11,385,0);
INSERT INTO ThemeQuestion (themeId,questionId,orderNum) VALUES (11,392,0);
INSERT INTO ThemeQuestion (themeId,questionId,orderNum) VALUES (12,387,0);
INSERT INTO ThemeQuestion (themeId,questionId,orderNum) VALUES (12,388,0);
INSERT INTO ThemeQuestion (themeId,questionId,orderNum) VALUES (12,389,0);
INSERT INTO ThemeQuestion (themeId,questionId,orderNum) VALUES (12,390,0);
INSERT INTO ThemeQuestion (themeId,questionId,orderNum) VALUES (12,391,0);
INSERT INTO ThemeQuestion (themeId,questionId,orderNum) VALUES (12,393,0);
INSERT INTO ThemeQuestion (themeId,questionId,orderNum) VALUES (12,394,0);
INSERT INTO ThemeQuestion (themeId,questionId,orderNum) VALUES (12,395,0);
INSERT INTO ThemeQuestion (themeId,questionId,orderNum) VALUES (12,396,0);
INSERT INTO ThemeQuestion (themeId,questionId,orderNum) VALUES (12,397,0);
INSERT INTO ThemeQuestion (themeId,questionId,orderNum) VALUES (12,398,0);
INSERT INTO ThemeQuestion (themeId,questionId,orderNum) VALUES (12,399,0);
INSERT INTO ThemeQuestion (themeId,questionId,orderNum) VALUES (12,400,0);
INSERT INTO ThemeQuestion (themeId,questionId,orderNum) VALUES (12,401,0);
INSERT INTO ThemeQuestion (themeId,questionId,orderNum) VALUES (12,402,0);
INSERT INTO ThemeQuestion (themeId,questionId,orderNum) VALUES (12,403,0);
INSERT INTO ThemeQuestion (themeId,questionId,orderNum) VALUES (12,404,0);
INSERT INTO ThemeQuestion (themeId,questionId,orderNum) VALUES (12,405,0);
INSERT INTO ThemeQuestion (themeId,questionId,orderNum) VALUES (12,406,0);
INSERT INTO ThemeQuestion (themeId,questionId,orderNum) VALUES (12,407,0);
INSERT INTO ThemeQuestion (themeId,questionId,orderNum) VALUES (12,408,0);
INSERT INTO ThemeQuestion (themeId,questionId,orderNum) VALUES (12,409,0);
INSERT INTO ThemeQuestion (themeId,questionId,orderNum) VALUES (12,410,0);
INSERT INTO ThemeQuestion (themeId,questionId,orderNum) VALUES (12,411,0);
INSERT INTO ThemeQuestion (themeId,questionId,orderNum) VALUES (12,412,0);
INSERT INTO ThemeQuestion (themeId,questionId,orderNum) VALUES (12,413,0);
INSERT INTO ThemeQuestion (themeId,questionId,orderNum) VALUES (12,414,0);
INSERT INTO ThemeQuestion (themeId,questionId,orderNum) VALUES (12,415,0);
INSERT INTO ThemeQuestion (themeId,questionId,orderNum) VALUES (12,416,0);
INSERT INTO ThemeQuestion (themeId,questionId,orderNum) VALUES (13,417,0);
INSERT INTO ThemeQuestion (themeId,questionId,orderNum) VALUES (13,418,0);
INSERT INTO ThemeQuestion (themeId,questionId,orderNum) VALUES (13,419,0);
INSERT INTO ThemeQuestion (themeId,questionId,orderNum) VALUES (13,420,0);
INSERT INTO ThemeQuestion (themeId,questionId,orderNum) VALUES (13,421,0);
INSERT INTO ThemeQuestion (themeId,questionId,orderNum) VALUES (13,422,0);
INSERT INTO ThemeQuestion (themeId,questionId,orderNum) VALUES (13,423,0);
INSERT INTO ThemeQuestion (themeId,questionId,orderNum) VALUES (13,424,0);
INSERT INTO ThemeQuestion (themeId,questionId,orderNum) VALUES (13,425,0);
INSERT INTO ThemeQuestion (themeId,questionId,orderNum) VALUES (13,426,0);
INSERT INTO ThemeQuestion (themeId,questionId,orderNum) VALUES (13,427,0);
INSERT INTO ThemeQuestion (themeId,questionId,orderNum) VALUES (13,428,0);
INSERT INTO ThemeQuestion (themeId,questionId,orderNum) VALUES (13,429,0);
INSERT INTO ThemeQuestion (themeId,questionId,orderNum) VALUES (13,430,0);
INSERT INTO ThemeQuestion (themeId,questionId,orderNum) VALUES (13,431,0);
INSERT INTO ThemeQuestion (themeId,questionId,orderNum) VALUES (13,432,0);
INSERT INTO ThemeQuestion (themeId,questionId,orderNum) VALUES (13,433,0);
INSERT INTO ThemeQuestion (themeId,questionId,orderNum) VALUES (13,434,0);
INSERT INTO ThemeQuestion (themeId,questionId,orderNum) VALUES (13,435,0);
INSERT INTO ThemeQuestion (themeId,questionId,orderNum) VALUES (13,436,0);
INSERT INTO ThemeQuestion (themeId,questionId,orderNum) VALUES (13,437,0);
INSERT INTO ThemeQuestion (themeId,questionId,orderNum) VALUES (13,438,0);
INSERT INTO ThemeQuestion (themeId,questionId,orderNum) VALUES (13,439,0);
INSERT INTO ThemeQuestion (themeId,questionId,orderNum) VALUES (13,441,0);
INSERT INTO ThemeQuestion (themeId,questionId,orderNum) VALUES (13,442,0);
INSERT INTO ThemeQuestion (themeId,questionId,orderNum) VALUES (13,443,0);
INSERT INTO ThemeQuestion (themeId,questionId,orderNum) VALUES (13,444,0);
INSERT INTO ThemeQuestion (themeId,questionId,orderNum) VALUES (13,445,0);
INSERT INTO ThemeQuestion (themeId,questionId,orderNum) VALUES (13,446,0);
INSERT INTO ThemeQuestion (themeId,questionId,orderNum) VALUES (13,447,0);
INSERT INTO ThemeQuestion (themeId,questionId,orderNum) VALUES (13,448,0);
INSERT INTO ThemeQuestion (themeId,questionId,orderNum) VALUES (13,449,0);
INSERT INTO ThemeQuestion (themeId,questionId,orderNum) VALUES (13,450,0);
INSERT INTO ThemeQuestion (themeId,questionId,orderNum) VALUES (13,451,0);
INSERT INTO ThemeQuestion (themeId,questionId,orderNum) VALUES (13,452,0);
INSERT INTO ThemeQuestion (themeId,questionId,orderNum) VALUES (13,453,0);
INSERT INTO ThemeQuestion (themeId,questionId,orderNum) VALUES (13,454,0);
INSERT INTO ThemeQuestion (themeId,questionId,orderNum) VALUES (13,455,0);
INSERT INTO ThemeQuestion (themeId,questionId,orderNum) VALUES (13,456,0);
INSERT INTO ThemeQuestion (themeId,questionId,orderNum) VALUES (13,457,0);
INSERT INTO ThemeQuestion (themeId,questionId,orderNum) VALUES (13,458,0);
INSERT INTO ThemeQuestion (themeId,questionId,orderNum) VALUES (13,459,0);
INSERT INTO ThemeQuestion (themeId,questionId,orderNum) VALUES (13,460,0);
INSERT INTO ThemeQuestion (themeId,questionId,orderNum) VALUES (13,461,0);
INSERT INTO ThemeQuestion (themeId,questionId,orderNum) VALUES (13,462,0);
INSERT INTO ThemeQuestion (themeId,questionId,orderNum) VALUES (9,611,0);
INSERT INTO ThemeQuestion (themeId,questionId,orderNum) VALUES (13,463,0);
INSERT INTO ThemeQuestion (themeId,questionId,orderNum) VALUES (13,464,0);
INSERT INTO ThemeQuestion (themeId,questionId,orderNum) VALUES (13,465,0);
INSERT INTO ThemeQuestion (themeId,questionId,orderNum) VALUES (13,466,0);
INSERT INTO ThemeQuestion (themeId,questionId,orderNum) VALUES (13,467,0);
INSERT INTO ThemeQuestion (themeId,questionId,orderNum) VALUES (13,468,0);
INSERT INTO ThemeQuestion (themeId,questionId,orderNum) VALUES (13,469,0);
INSERT INTO ThemeQuestion (themeId,questionId,orderNum) VALUES (13,470,0);
INSERT INTO ThemeQuestion (themeId,questionId,orderNum) VALUES (13,471,0);
INSERT INTO ThemeQuestion (themeId,questionId,orderNum) VALUES (9,624,0);
INSERT INTO ThemeQuestion (themeId,questionId,orderNum) VALUES (14,472,0);
INSERT INTO ThemeQuestion (themeId,questionId,orderNum) VALUES (14,473,0);
INSERT INTO ThemeQuestion (themeId,questionId,orderNum) VALUES (14,474,0);
INSERT INTO ThemeQuestion (themeId,questionId,orderNum) VALUES (14,475,0);
INSERT INTO ThemeQuestion (themeId,questionId,orderNum) VALUES (14,476,0);
INSERT INTO ThemeQuestion (themeId,questionId,orderNum) VALUES (14,477,0);
INSERT INTO ThemeQuestion (themeId,questionId,orderNum) VALUES (14,478,0);
INSERT INTO ThemeQuestion (themeId,questionId,orderNum) VALUES (14,479,0);
INSERT INTO ThemeQuestion (themeId,questionId,orderNum) VALUES (14,480,0);
INSERT INTO ThemeQuestion (themeId,questionId,orderNum) VALUES (14,481,0);
INSERT INTO ThemeQuestion (themeId,questionId,orderNum) VALUES (14,482,0);
INSERT INTO ThemeQuestion (themeId,questionId,orderNum) VALUES (14,483,0);
INSERT INTO ThemeQuestion (themeId,questionId,orderNum) VALUES (14,484,0);
INSERT INTO ThemeQuestion (themeId,questionId,orderNum) VALUES (14,485,0);
INSERT INTO ThemeQuestion (themeId,questionId,orderNum) VALUES (14,486,0);
INSERT INTO ThemeQuestion (themeId,questionId,orderNum) VALUES (14,487,0);
INSERT INTO ThemeQuestion (themeId,questionId,orderNum) VALUES (14,488,0);
INSERT INTO ThemeQuestion (themeId,questionId,orderNum) VALUES (14,489,0);
INSERT INTO ThemeQuestion (themeId,questionId,orderNum) VALUES (14,490,0);
INSERT INTO ThemeQuestion (themeId,questionId,orderNum) VALUES (14,491,0);
INSERT INTO ThemeQuestion (themeId,questionId,orderNum) VALUES (15,492,0);
INSERT INTO ThemeQuestion (themeId,questionId,orderNum) VALUES (15,493,0);
INSERT INTO ThemeQuestion (themeId,questionId,orderNum) VALUES (15,494,0);
INSERT INTO ThemeQuestion (themeId,questionId,orderNum) VALUES (15,495,0);
INSERT INTO ThemeQuestion (themeId,questionId,orderNum) VALUES (15,496,0);
INSERT INTO ThemeQuestion (themeId,questionId,orderNum) VALUES (15,497,0);
INSERT INTO ThemeQuestion (themeId,questionId,orderNum) VALUES (15,498,0);
INSERT INTO ThemeQuestion (themeId,questionId,orderNum) VALUES (15,499,0);
INSERT INTO ThemeQuestion (themeId,questionId,orderNum) VALUES (15,500,0);
INSERT INTO ThemeQuestion (themeId,questionId,orderNum) VALUES (15,501,0);
INSERT INTO ThemeQuestion (themeId,questionId,orderNum) VALUES (15,502,0);
INSERT INTO ThemeQuestion (themeId,questionId,orderNum) VALUES (15,503,0);
INSERT INTO ThemeQuestion (themeId,questionId,orderNum) VALUES (15,504,0);
INSERT INTO ThemeQuestion (themeId,questionId,orderNum) VALUES (15,505,0);
INSERT INTO ThemeQuestion (themeId,questionId,orderNum) VALUES (15,506,0);
INSERT INTO ThemeQuestion (themeId,questionId,orderNum) VALUES (15,507,0);
INSERT INTO ThemeQuestion (themeId,questionId,orderNum) VALUES (15,508,0);
INSERT INTO ThemeQuestion (themeId,questionId,orderNum) VALUES (15,509,0);
INSERT INTO ThemeQuestion (themeId,questionId,orderNum) VALUES (15,510,0);
INSERT INTO ThemeQuestion (themeId,questionId,orderNum) VALUES (15,511,0);
INSERT INTO ThemeQuestion (themeId,questionId,orderNum) VALUES (15,512,0);
INSERT INTO ThemeQuestion (themeId,questionId,orderNum) VALUES (15,513,0);
INSERT INTO ThemeQuestion (themeId,questionId,orderNum) VALUES (15,514,0);
INSERT INTO ThemeQuestion (themeId,questionId,orderNum) VALUES (15,515,0);
INSERT INTO ThemeQuestion (themeId,questionId,orderNum) VALUES (15,516,0);
INSERT INTO ThemeQuestion (themeId,questionId,orderNum) VALUES (15,517,0);
INSERT INTO ThemeQuestion (themeId,questionId,orderNum) VALUES (15,518,0);
INSERT INTO ThemeQuestion (themeId,questionId,orderNum) VALUES (15,519,0);
INSERT INTO ThemeQuestion (themeId,questionId,orderNum) VALUES (15,520,0);
INSERT INTO ThemeQuestion (themeId,questionId,orderNum) VALUES (15,521,0);
INSERT INTO ThemeQuestion (themeId,questionId,orderNum) VALUES (15,523,0);
INSERT INTO ThemeQuestion (themeId,questionId,orderNum) VALUES (15,536,0);
INSERT INTO ThemeQuestion (themeId,questionId,orderNum) VALUES (15,543,0);
INSERT INTO ThemeQuestion (themeId,questionId,orderNum) VALUES (15,544,0);
INSERT INTO ThemeQuestion (themeId,questionId,orderNum) VALUES (16,522,0);
INSERT INTO ThemeQuestion (themeId,questionId,orderNum) VALUES (9,783,0);
INSERT INTO ThemeQuestion (themeId,questionId,orderNum) VALUES (16,524,0);
INSERT INTO ThemeQuestion (themeId,questionId,orderNum) VALUES (16,525,0);
INSERT INTO ThemeQuestion (themeId,questionId,orderNum) VALUES (16,526,0);
INSERT INTO ThemeQuestion (themeId,questionId,orderNum) VALUES (16,527,0);
INSERT INTO ThemeQuestion (themeId,questionId,orderNum) VALUES (16,528,0);
INSERT INTO ThemeQuestion (themeId,questionId,orderNum) VALUES (16,529,0);
INSERT INTO ThemeQuestion (themeId,questionId,orderNum) VALUES (16,530,0);
INSERT INTO ThemeQuestion (themeId,questionId,orderNum) VALUES (16,531,0);
INSERT INTO ThemeQuestion (themeId,questionId,orderNum) VALUES (16,532,0);
INSERT INTO ThemeQuestion (themeId,questionId,orderNum) VALUES (16,533,0);
INSERT INTO ThemeQuestion (themeId,questionId,orderNum) VALUES (16,534,0);
INSERT INTO ThemeQuestion (themeId,questionId,orderNum) VALUES (16,535,0);
INSERT INTO ThemeQuestion (themeId,questionId,orderNum) VALUES (16,537,0);
INSERT INTO ThemeQuestion (themeId,questionId,orderNum) VALUES (16,538,0);
INSERT INTO ThemeQuestion (themeId,questionId,orderNum) VALUES (16,539,0);
INSERT INTO ThemeQuestion (themeId,questionId,orderNum) VALUES (16,540,0);
INSERT INTO ThemeQuestion (themeId,questionId,orderNum) VALUES (16,541,0);
INSERT INTO ThemeQuestion (themeId,questionId,orderNum) VALUES (16,542,0);
INSERT INTO ThemeQuestion (themeId,questionId,orderNum) VALUES (16,545,0);
INSERT INTO ThemeQuestion (themeId,questionId,orderNum) VALUES (9,817,0);
INSERT INTO ThemeQuestion (themeId,questionId,orderNum) VALUES (9,821,0);
INSERT INTO ThemeQuestion (themeId,questionId,orderNum) VALUES (17,546,0);
INSERT INTO ThemeQuestion (themeId,questionId,orderNum) VALUES (17,547,0);
INSERT INTO ThemeQuestion (themeId,questionId,orderNum) VALUES (17,548,0);
INSERT INTO ThemeQuestion (themeId,questionId,orderNum) VALUES (17,549,0);
INSERT INTO ThemeQuestion (themeId,questionId,orderNum) VALUES (17,550,0);
INSERT INTO ThemeQuestion (themeId,questionId,orderNum) VALUES (17,551,0);
INSERT INTO ThemeQuestion (themeId,questionId,orderNum) VALUES (17,552,0);
INSERT INTO ThemeQuestion (themeId,questionId,orderNum) VALUES (17,553,0);
INSERT INTO ThemeQuestion (themeId,questionId,orderNum) VALUES (17,554,0);
INSERT INTO ThemeQuestion (themeId,questionId,orderNum) VALUES (17,555,0);
INSERT INTO ThemeQuestion (themeId,questionId,orderNum) VALUES (17,556,0);
INSERT INTO ThemeQuestion (themeId,questionId,orderNum) VALUES (17,557,0);
INSERT INTO ThemeQuestion (themeId,questionId,orderNum) VALUES (17,558,0);
INSERT INTO ThemeQuestion (themeId,questionId,orderNum) VALUES (17,559,0);
INSERT INTO ThemeQuestion (themeId,questionId,orderNum) VALUES (17,560,0);
INSERT INTO ThemeQuestion (themeId,questionId,orderNum) VALUES (17,561,0);
INSERT INTO ThemeQuestion (themeId,questionId,orderNum) VALUES (17,562,0);
INSERT INTO ThemeQuestion (themeId,questionId,orderNum) VALUES (17,563,0);
INSERT INTO ThemeQuestion (themeId,questionId,orderNum) VALUES (17,564,0);
INSERT INTO ThemeQuestion (themeId,questionId,orderNum) VALUES (17,565,0);
INSERT INTO ThemeQuestion (themeId,questionId,orderNum) VALUES (17,567,0);
INSERT INTO ThemeQuestion (themeId,questionId,orderNum) VALUES (17,568,0);
INSERT INTO ThemeQuestion (themeId,questionId,orderNum) VALUES (17,569,0);
INSERT INTO ThemeQuestion (themeId,questionId,orderNum) VALUES (17,570,0);
INSERT INTO ThemeQuestion (themeId,questionId,orderNum) VALUES (17,571,0);
INSERT INTO ThemeQuestion (themeId,questionId,orderNum) VALUES (17,572,0);
INSERT INTO ThemeQuestion (themeId,questionId,orderNum) VALUES (17,573,0);
INSERT INTO ThemeQuestion (themeId,questionId,orderNum) VALUES (17,574,0);
INSERT INTO ThemeQuestion (themeId,questionId,orderNum) VALUES (17,575,0);
INSERT INTO ThemeQuestion (themeId,questionId,orderNum) VALUES (17,576,0);
INSERT INTO ThemeQuestion (themeId,questionId,orderNum) VALUES (17,577,0);
INSERT INTO ThemeQuestion (themeId,questionId,orderNum) VALUES (17,578,0);
INSERT INTO ThemeQuestion (themeId,questionId,orderNum) VALUES (17,579,0);
INSERT INTO ThemeQuestion (themeId,questionId,orderNum) VALUES (17,580,0);
INSERT INTO ThemeQuestion (themeId,questionId,orderNum) VALUES (17,581,0);
INSERT INTO ThemeQuestion (themeId,questionId,orderNum) VALUES (17,582,0);
INSERT INTO ThemeQuestion (themeId,questionId,orderNum) VALUES (17,583,0);
INSERT INTO ThemeQuestion (themeId,questionId,orderNum) VALUES (17,584,0);
INSERT INTO ThemeQuestion (themeId,questionId,orderNum) VALUES (17,585,0);
INSERT INTO ThemeQuestion (themeId,questionId,orderNum) VALUES (17,586,0);
INSERT INTO ThemeQuestion (themeId,questionId,orderNum) VALUES (17,587,0);
INSERT INTO ThemeQuestion (themeId,questionId,orderNum) VALUES (17,588,0);
INSERT INTO ThemeQuestion (themeId,questionId,orderNum) VALUES (17,589,0);
INSERT INTO ThemeQuestion (themeId,questionId,orderNum) VALUES (17,590,0);
INSERT INTO ThemeQuestion (themeId,questionId,orderNum) VALUES (17,591,0);
INSERT INTO ThemeQuestion (themeId,questionId,orderNum) VALUES (17,592,0);
INSERT INTO ThemeQuestion (themeId,questionId,orderNum) VALUES (17,593,0);
INSERT INTO ThemeQuestion (themeId,questionId,orderNum) VALUES (17,594,0);
INSERT INTO ThemeQuestion (themeId,questionId,orderNum) VALUES (17,595,0);
INSERT INTO ThemeQuestion (themeId,questionId,orderNum) VALUES (17,596,0);
INSERT INTO ThemeQuestion (themeId,questionId,orderNum) VALUES (17,597,0);
INSERT INTO ThemeQuestion (themeId,questionId,orderNum) VALUES (17,598,0);
INSERT INTO ThemeQuestion (themeId,questionId,orderNum) VALUES (17,599,0);
INSERT INTO ThemeQuestion (themeId,questionId,orderNum) VALUES (17,600,0);
INSERT INTO ThemeQuestion (themeId,questionId,orderNum) VALUES (17,601,0);
INSERT INTO ThemeQuestion (themeId,questionId,orderNum) VALUES (17,602,0);
INSERT INTO ThemeQuestion (themeId,questionId,orderNum) VALUES (17,603,0);
INSERT INTO ThemeQuestion (themeId,questionId,orderNum) VALUES (18,566,0);
INSERT INTO ThemeQuestion (themeId,questionId,orderNum) VALUES (17,604,0);
INSERT INTO ThemeQuestion (themeId,questionId,orderNum) VALUES (17,605,0);
INSERT INTO ThemeQuestion (themeId,questionId,orderNum) VALUES (17,606,0);
INSERT INTO ThemeQuestion (themeId,questionId,orderNum) VALUES (17,607,0);
INSERT INTO ThemeQuestion (themeId,questionId,orderNum) VALUES (17,608,0);
INSERT INTO ThemeQuestion (themeId,questionId,orderNum) VALUES (17,618,0);
INSERT INTO ThemeQuestion (themeId,questionId,orderNum) VALUES (17,626,0);
INSERT INTO ThemeQuestion (themeId,questionId,orderNum) VALUES (17,628,0);
INSERT INTO ThemeQuestion (themeId,questionId,orderNum) VALUES (9,949,0);
INSERT INTO ThemeQuestion (themeId,questionId,orderNum) VALUES (9,953,0);
INSERT INTO Image (id,filename,extension) OVERRIDING SYSTEM VALUE VALUES (0,'endermen','jpg');
INSERT INTO Image (id,filename,extension) OVERRIDING SYSTEM VALUE VALUES (1,'ferrari','jpeg');
INSERT INTO Image (id,filename,extension) OVERRIDING SYSTEM VALUE VALUES (2,'NIIAS','png');
INSERT INTO Image (id,filename,extension) OVERRIDING SYSTEM VALUE VALUES (3,'Usersd.gorsheninPicturestest','jpg');
INSERT INTO UserAnswer (id,questionId,correct) OVERRIDING SYSTEM VALUE VALUES (0,2,false);
INSERT INTO UserAnswer (id,questionId,correct) OVERRIDING SYSTEM VALUE VALUES (1,67,false);
INSERT INTO UserAnswer (id,questionId,correct) OVERRIDING SYSTEM VALUE VALUES (2,6,true);
INSERT INTO UserAnswer (id,questionId,correct) OVERRIDING SYSTEM VALUE VALUES (3,70,false);
INSERT INTO UserAnswer (id,questionId,correct) OVERRIDING SYSTEM VALUE VALUES (4,74,true);
INSERT INTO UserAnswer (id,questionId,correct) OVERRIDING SYSTEM VALUE VALUES (5,10,true);
INSERT INTO UserAnswer (id,questionId,correct) OVERRIDING SYSTEM VALUE VALUES (6,11,true);
INSERT INTO UserAnswer (id,questionId,correct) OVERRIDING SYSTEM VALUE VALUES (7,12,false);
INSERT INTO UserAnswer (id,questionId,correct) OVERRIDING SYSTEM VALUE VALUES (8,13,true);
INSERT INTO UserAnswer (id,questionId,correct) OVERRIDING SYSTEM VALUE VALUES (9,16,true);
INSERT INTO UserAnswer (id,questionId,correct) OVERRIDING SYSTEM VALUE VALUES (10,17,true);
INSERT INTO UserAnswer (id,questionId,correct) OVERRIDING SYSTEM VALUE VALUES (11,19,true);
INSERT INTO UserAnswer (id,questionId,correct) OVERRIDING SYSTEM VALUE VALUES (12,20,true);
INSERT INTO UserAnswer (id,questionId,correct) OVERRIDING SYSTEM VALUE VALUES (13,30,false);
INSERT INTO UserAnswer (id,questionId,correct) OVERRIDING SYSTEM VALUE VALUES (14,31,true);
INSERT INTO UserAnswer (id,questionId,correct) OVERRIDING SYSTEM VALUE VALUES (15,33,true);
INSERT INTO UserAnswer (id,questionId,correct) OVERRIDING SYSTEM VALUE VALUES (16,35,false);
INSERT INTO UserAnswer (id,questionId,correct) OVERRIDING SYSTEM VALUE VALUES (17,36,true);
INSERT INTO UserAnswer (id,questionId,correct) OVERRIDING SYSTEM VALUE VALUES (18,37,false);
INSERT INTO UserAnswer (id,questionId,correct) OVERRIDING SYSTEM VALUE VALUES (19,38,false);
INSERT INTO UserAnswer (id,questionId,correct) OVERRIDING SYSTEM VALUE VALUES (20,39,false);
INSERT INTO UserAnswer (id,questionId,correct) OVERRIDING SYSTEM VALUE VALUES (21,40,true);
INSERT INTO UserAnswer (id,questionId,correct) OVERRIDING SYSTEM VALUE VALUES (22,45,true);
INSERT INTO UserAnswer (id,questionId,correct) OVERRIDING SYSTEM VALUE VALUES (23,51,false);
INSERT INTO UserAnswer (id,questionId,correct) OVERRIDING SYSTEM VALUE VALUES (24,52,true);
INSERT INTO UserAnswer (id,questionId,correct) OVERRIDING SYSTEM VALUE VALUES (25,54,false);
INSERT INTO UserAnswer (id,questionId,correct) OVERRIDING SYSTEM VALUE VALUES (26,57,false);
INSERT INTO UserAnswer (id,questionId,correct) OVERRIDING SYSTEM VALUE VALUES (27,58,true);
INSERT INTO UserAnswer (id,questionId,correct) OVERRIDING SYSTEM VALUE VALUES (28,60,true);
INSERT INTO UserAnswer (id,questionId,correct) OVERRIDING SYSTEM VALUE VALUES (29,62,false);
INSERT INTO UserAnswer (id,questionId,correct) OVERRIDING SYSTEM VALUE VALUES (30,63,true);
INSERT INTO UserAnswer (id,questionId,correct) OVERRIDING SYSTEM VALUE VALUES (31,2,false);
INSERT INTO UserAnswer (id,questionId,correct) OVERRIDING SYSTEM VALUE VALUES (32,67,false);
INSERT INTO UserAnswer (id,questionId,correct) OVERRIDING SYSTEM VALUE VALUES (33,70,false);
INSERT INTO UserAnswer (id,questionId,correct) OVERRIDING SYSTEM VALUE VALUES (34,6,false);
INSERT INTO UserAnswer (id,questionId,correct) OVERRIDING SYSTEM VALUE VALUES (35,10,false);
INSERT INTO UserAnswer (id,questionId,correct) OVERRIDING SYSTEM VALUE VALUES (36,74,true);
INSERT INTO UserAnswer (id,questionId,correct) OVERRIDING SYSTEM VALUE VALUES (37,11,true);
INSERT INTO UserAnswer (id,questionId,correct) OVERRIDING SYSTEM VALUE VALUES (38,12,false);
INSERT INTO UserAnswer (id,questionId,correct) OVERRIDING SYSTEM VALUE VALUES (39,13,true);
INSERT INTO UserAnswer (id,questionId,correct) OVERRIDING SYSTEM VALUE VALUES (40,16,true);
INSERT INTO UserAnswer (id,questionId,correct) OVERRIDING SYSTEM VALUE VALUES (41,17,true);
INSERT INTO UserAnswer (id,questionId,correct) OVERRIDING SYSTEM VALUE VALUES (42,19,true);
INSERT INTO UserAnswer (id,questionId,correct) OVERRIDING SYSTEM VALUE VALUES (43,20,true);
INSERT INTO UserAnswer (id,questionId,correct) OVERRIDING SYSTEM VALUE VALUES (44,30,false);
INSERT INTO UserAnswer (id,questionId,correct) OVERRIDING SYSTEM VALUE VALUES (45,31,true);
INSERT INTO UserAnswer (id,questionId,correct) OVERRIDING SYSTEM VALUE VALUES (46,33,false);
INSERT INTO UserAnswer (id,questionId,correct) OVERRIDING SYSTEM VALUE VALUES (47,35,true);
INSERT INTO UserAnswer (id,questionId,correct) OVERRIDING SYSTEM VALUE VALUES (48,36,true);
INSERT INTO UserAnswer (id,questionId,correct) OVERRIDING SYSTEM VALUE VALUES (49,37,true);
INSERT INTO UserAnswer (id,questionId,correct) OVERRIDING SYSTEM VALUE VALUES (50,38,true);
INSERT INTO UserAnswer (id,questionId,correct) OVERRIDING SYSTEM VALUE VALUES (51,39,false);
INSERT INTO UserAnswer (id,questionId,correct) OVERRIDING SYSTEM VALUE VALUES (52,40,true);
INSERT INTO UserAnswer (id,questionId,correct) OVERRIDING SYSTEM VALUE VALUES (53,45,true);
INSERT INTO UserAnswer (id,questionId,correct) OVERRIDING SYSTEM VALUE VALUES (54,51,false);
INSERT INTO UserAnswer (id,questionId,correct) OVERRIDING SYSTEM VALUE VALUES (55,52,true);
INSERT INTO UserAnswer (id,questionId,correct) OVERRIDING SYSTEM VALUE VALUES (56,54,true);
INSERT INTO UserAnswer (id,questionId,correct) OVERRIDING SYSTEM VALUE VALUES (57,57,false);
INSERT INTO UserAnswer (id,questionId,correct) OVERRIDING SYSTEM VALUE VALUES (58,58,false);
INSERT INTO UserAnswer (id,questionId,correct) OVERRIDING SYSTEM VALUE VALUES (59,60,true);
INSERT INTO UserAnswer (id,questionId,correct) OVERRIDING SYSTEM VALUE VALUES (60,62,false);
INSERT INTO UserAnswer (id,questionId,correct) OVERRIDING SYSTEM VALUE VALUES (61,63,false);
INSERT INTO UserAnswer (id,questionId,correct) OVERRIDING SYSTEM VALUE VALUES (62,2,true);
INSERT INTO UserAnswer (id,questionId,correct) OVERRIDING SYSTEM VALUE VALUES (63,67,true);
INSERT INTO UserAnswer (id,questionId,correct) OVERRIDING SYSTEM VALUE VALUES (64,70,true);
INSERT INTO UserAnswer (id,questionId,correct) OVERRIDING SYSTEM VALUE VALUES (65,6,true);
INSERT INTO UserAnswer (id,questionId,correct) OVERRIDING SYSTEM VALUE VALUES (66,10,true);
INSERT INTO UserAnswer (id,questionId,correct) OVERRIDING SYSTEM VALUE VALUES (67,74,true);
INSERT INTO UserAnswer (id,questionId,correct) OVERRIDING SYSTEM VALUE VALUES (68,11,true);
INSERT INTO UserAnswer (id,questionId,correct) OVERRIDING SYSTEM VALUE VALUES (69,12,true);
INSERT INTO UserAnswer (id,questionId,correct) OVERRIDING SYSTEM VALUE VALUES (70,13,true);
INSERT INTO UserAnswer (id,questionId,correct) OVERRIDING SYSTEM VALUE VALUES (71,16,true);
INSERT INTO UserAnswer (id,questionId,correct) OVERRIDING SYSTEM VALUE VALUES (72,17,true);
INSERT INTO UserAnswer (id,questionId,correct) OVERRIDING SYSTEM VALUE VALUES (73,19,true);
INSERT INTO UserAnswer (id,questionId,correct) OVERRIDING SYSTEM VALUE VALUES (74,20,true);
INSERT INTO UserAnswer (id,questionId,correct) OVERRIDING SYSTEM VALUE VALUES (75,30,false);
INSERT INTO UserAnswer (id,questionId,correct) OVERRIDING SYSTEM VALUE VALUES (76,31,true);
INSERT INTO UserAnswer (id,questionId,correct) OVERRIDING SYSTEM VALUE VALUES (77,33,false);
INSERT INTO UserAnswer (id,questionId,correct) OVERRIDING SYSTEM VALUE VALUES (78,35,true);
INSERT INTO UserAnswer (id,questionId,correct) OVERRIDING SYSTEM VALUE VALUES (79,36,true);
INSERT INTO UserAnswer (id,questionId,correct) OVERRIDING SYSTEM VALUE VALUES (80,37,true);
INSERT INTO UserAnswer (id,questionId,correct) OVERRIDING SYSTEM VALUE VALUES (81,38,true);
INSERT INTO UserAnswer (id,questionId,correct) OVERRIDING SYSTEM VALUE VALUES (82,39,false);
INSERT INTO UserAnswer (id,questionId,correct) OVERRIDING SYSTEM VALUE VALUES (83,40,true);
INSERT INTO UserAnswer (id,questionId,correct) OVERRIDING SYSTEM VALUE VALUES (84,45,false);
INSERT INTO UserAnswer (id,questionId,correct) OVERRIDING SYSTEM VALUE VALUES (85,51,true);
INSERT INTO UserAnswer (id,questionId,correct) OVERRIDING SYSTEM VALUE VALUES (86,52,true);
INSERT INTO UserAnswer (id,questionId,correct) OVERRIDING SYSTEM VALUE VALUES (87,54,false);
INSERT INTO UserAnswer (id,questionId,correct) OVERRIDING SYSTEM VALUE VALUES (88,57,false);
INSERT INTO UserAnswer (id,questionId,correct) OVERRIDING SYSTEM VALUE VALUES (89,58,true);
INSERT INTO UserAnswer (id,questionId,correct) OVERRIDING SYSTEM VALUE VALUES (90,60,false);
INSERT INTO UserAnswer (id,questionId,correct) OVERRIDING SYSTEM VALUE VALUES (91,62,false);
INSERT INTO UserAnswer (id,questionId,correct) OVERRIDING SYSTEM VALUE VALUES (92,63,true);
INSERT INTO UserAnswer (id,questionId,correct) OVERRIDING SYSTEM VALUE VALUES (93,2,true);
INSERT INTO UserAnswer (id,questionId,correct) OVERRIDING SYSTEM VALUE VALUES (94,67,true);
INSERT INTO UserAnswer (id,questionId,correct) OVERRIDING SYSTEM VALUE VALUES (95,6,true);
INSERT INTO UserAnswer (id,questionId,correct) OVERRIDING SYSTEM VALUE VALUES (96,70,false);
INSERT INTO UserAnswer (id,questionId,correct) OVERRIDING SYSTEM VALUE VALUES (97,10,true);
INSERT INTO UserAnswer (id,questionId,correct) OVERRIDING SYSTEM VALUE VALUES (98,74,true);
INSERT INTO UserAnswer (id,questionId,correct) OVERRIDING SYSTEM VALUE VALUES (99,11,true);
INSERT INTO UserAnswer (id,questionId,correct) OVERRIDING SYSTEM VALUE VALUES (100,12,true);
INSERT INTO UserAnswer (id,questionId,correct) OVERRIDING SYSTEM VALUE VALUES (101,13,true);
INSERT INTO UserAnswer (id,questionId,correct) OVERRIDING SYSTEM VALUE VALUES (102,16,true);
INSERT INTO UserAnswer (id,questionId,correct) OVERRIDING SYSTEM VALUE VALUES (103,17,true);
INSERT INTO UserAnswer (id,questionId,correct) OVERRIDING SYSTEM VALUE VALUES (104,19,true);
INSERT INTO UserAnswer (id,questionId,correct) OVERRIDING SYSTEM VALUE VALUES (105,20,true);
INSERT INTO UserAnswer (id,questionId,correct) OVERRIDING SYSTEM VALUE VALUES (106,30,false);
INSERT INTO UserAnswer (id,questionId,correct) OVERRIDING SYSTEM VALUE VALUES (107,31,true);
INSERT INTO UserAnswer (id,questionId,correct) OVERRIDING SYSTEM VALUE VALUES (108,33,true);
INSERT INTO UserAnswer (id,questionId,correct) OVERRIDING SYSTEM VALUE VALUES (109,35,true);
INSERT INTO UserAnswer (id,questionId,correct) OVERRIDING SYSTEM VALUE VALUES (110,36,true);
INSERT INTO UserAnswer (id,questionId,correct) OVERRIDING SYSTEM VALUE VALUES (111,37,true);
INSERT INTO UserAnswer (id,questionId,correct) OVERRIDING SYSTEM VALUE VALUES (112,38,true);
INSERT INTO UserAnswer (id,questionId,correct) OVERRIDING SYSTEM VALUE VALUES (113,39,false);
INSERT INTO UserAnswer (id,questionId,correct) OVERRIDING SYSTEM VALUE VALUES (114,40,true);
INSERT INTO UserAnswer (id,questionId,correct) OVERRIDING SYSTEM VALUE VALUES (115,45,true);
INSERT INTO UserAnswer (id,questionId,correct) OVERRIDING SYSTEM VALUE VALUES (116,51,true);
INSERT INTO UserAnswer (id,questionId,correct) OVERRIDING SYSTEM VALUE VALUES (117,52,true);
INSERT INTO UserAnswer (id,questionId,correct) OVERRIDING SYSTEM VALUE VALUES (118,54,false);
INSERT INTO UserAnswer (id,questionId,correct) OVERRIDING SYSTEM VALUE VALUES (119,57,true);
INSERT INTO UserAnswer (id,questionId,correct) OVERRIDING SYSTEM VALUE VALUES (120,58,true);
INSERT INTO UserAnswer (id,questionId,correct) OVERRIDING SYSTEM VALUE VALUES (121,60,false);
INSERT INTO UserAnswer (id,questionId,correct) OVERRIDING SYSTEM VALUE VALUES (122,62,false);
INSERT INTO UserAnswer (id,questionId,correct) OVERRIDING SYSTEM VALUE VALUES (123,63,true);
INSERT INTO UserAnswer (id,questionId,correct) OVERRIDING SYSTEM VALUE VALUES (124,96,false);
INSERT INTO UserAnswer (id,questionId,correct) OVERRIDING SYSTEM VALUE VALUES (125,97,true);
INSERT INTO UserAnswer (id,questionId,correct) OVERRIDING SYSTEM VALUE VALUES (126,98,true);
INSERT INTO UserAnswer (id,questionId,correct) OVERRIDING SYSTEM VALUE VALUES (127,99,true);
INSERT INTO UserAnswer (id,questionId,correct) OVERRIDING SYSTEM VALUE VALUES (128,100,true);
INSERT INTO UserAnswer (id,questionId,correct) OVERRIDING SYSTEM VALUE VALUES (129,78,true);
INSERT INTO UserAnswer (id,questionId,correct) OVERRIDING SYSTEM VALUE VALUES (130,79,true);
INSERT INTO UserAnswer (id,questionId,correct) OVERRIDING SYSTEM VALUE VALUES (131,80,true);
INSERT INTO UserAnswer (id,questionId,correct) OVERRIDING SYSTEM VALUE VALUES (132,81,true);
INSERT INTO UserAnswer (id,questionId,correct) OVERRIDING SYSTEM VALUE VALUES (133,82,true);
INSERT INTO UserAnswer (id,questionId,correct) OVERRIDING SYSTEM VALUE VALUES (134,83,true);
INSERT INTO UserAnswer (id,questionId,correct) OVERRIDING SYSTEM VALUE VALUES (135,84,true);
INSERT INTO UserAnswer (id,questionId,correct) OVERRIDING SYSTEM VALUE VALUES (136,85,true);
INSERT INTO UserAnswer (id,questionId,correct) OVERRIDING SYSTEM VALUE VALUES (137,86,true);
INSERT INTO UserAnswer (id,questionId,correct) OVERRIDING SYSTEM VALUE VALUES (138,87,true);
INSERT INTO UserAnswer (id,questionId,correct) OVERRIDING SYSTEM VALUE VALUES (139,88,true);
INSERT INTO UserAnswer (id,questionId,correct) OVERRIDING SYSTEM VALUE VALUES (140,89,true);
INSERT INTO UserAnswer (id,questionId,correct) OVERRIDING SYSTEM VALUE VALUES (141,90,true);
INSERT INTO UserAnswer (id,questionId,correct) OVERRIDING SYSTEM VALUE VALUES (142,91,true);
INSERT INTO UserAnswer (id,questionId,correct) OVERRIDING SYSTEM VALUE VALUES (143,92,true);
INSERT INTO UserAnswer (id,questionId,correct) OVERRIDING SYSTEM VALUE VALUES (144,93,true);
INSERT INTO UserAnswer (id,questionId,correct) OVERRIDING SYSTEM VALUE VALUES (145,94,true);
INSERT INTO UserAnswer (id,questionId,correct) OVERRIDING SYSTEM VALUE VALUES (146,95,false);
INSERT INTO UserAnswer (id,questionId,correct) OVERRIDING SYSTEM VALUE VALUES (147,128,true);
INSERT INTO UserAnswer (id,questionId,correct) OVERRIDING SYSTEM VALUE VALUES (148,129,false);
INSERT INTO UserAnswer (id,questionId,correct) OVERRIDING SYSTEM VALUE VALUES (149,132,false);
INSERT INTO UserAnswer (id,questionId,correct) OVERRIDING SYSTEM VALUE VALUES (150,135,false);
INSERT INTO UserAnswer (id,questionId,correct) OVERRIDING SYSTEM VALUE VALUES (151,136,false);
INSERT INTO UserAnswer (id,questionId,correct) OVERRIDING SYSTEM VALUE VALUES (152,140,false);
INSERT INTO UserAnswer (id,questionId,correct) OVERRIDING SYSTEM VALUE VALUES (153,141,true);
INSERT INTO UserAnswer (id,questionId,correct) OVERRIDING SYSTEM VALUE VALUES (154,142,true);
INSERT INTO UserAnswer (id,questionId,correct) OVERRIDING SYSTEM VALUE VALUES (155,145,true);
INSERT INTO UserAnswer (id,questionId,correct) OVERRIDING SYSTEM VALUE VALUES (156,146,false);
INSERT INTO UserAnswer (id,questionId,correct) OVERRIDING SYSTEM VALUE VALUES (157,151,false);
INSERT INTO UserAnswer (id,questionId,correct) OVERRIDING SYSTEM VALUE VALUES (158,152,true);
INSERT INTO UserAnswer (id,questionId,correct) OVERRIDING SYSTEM VALUE VALUES (159,153,false);
INSERT INTO UserAnswer (id,questionId,correct) OVERRIDING SYSTEM VALUE VALUES (160,154,false);
INSERT INTO UserAnswer (id,questionId,correct) OVERRIDING SYSTEM VALUE VALUES (161,103,false);
INSERT INTO UserAnswer (id,questionId,correct) OVERRIDING SYSTEM VALUE VALUES (162,104,false);
INSERT INTO UserAnswer (id,questionId,correct) OVERRIDING SYSTEM VALUE VALUES (163,106,false);
INSERT INTO UserAnswer (id,questionId,correct) OVERRIDING SYSTEM VALUE VALUES (164,107,true);
INSERT INTO UserAnswer (id,questionId,correct) OVERRIDING SYSTEM VALUE VALUES (165,108,true);
INSERT INTO UserAnswer (id,questionId,correct) OVERRIDING SYSTEM VALUE VALUES (166,109,true);
INSERT INTO UserAnswer (id,questionId,correct) OVERRIDING SYSTEM VALUE VALUES (167,110,true);
INSERT INTO UserAnswer (id,questionId,correct) OVERRIDING SYSTEM VALUE VALUES (168,111,false);
INSERT INTO UserAnswer (id,questionId,correct) OVERRIDING SYSTEM VALUE VALUES (169,114,true);
INSERT INTO UserAnswer (id,questionId,correct) OVERRIDING SYSTEM VALUE VALUES (170,115,true);
INSERT INTO UserAnswer (id,questionId,correct) OVERRIDING SYSTEM VALUE VALUES (171,117,false);
INSERT INTO UserAnswer (id,questionId,correct) OVERRIDING SYSTEM VALUE VALUES (172,119,false);
INSERT INTO UserAnswer (id,questionId,correct) OVERRIDING SYSTEM VALUE VALUES (173,123,false);
INSERT INTO UserAnswer (id,questionId,correct) OVERRIDING SYSTEM VALUE VALUES (174,125,true);
INSERT INTO UserAnswer (id,questionId,correct) OVERRIDING SYSTEM VALUE VALUES (175,2,true);
INSERT INTO UserAnswer (id,questionId,correct) OVERRIDING SYSTEM VALUE VALUES (176,67,true);
INSERT INTO UserAnswer (id,questionId,correct) OVERRIDING SYSTEM VALUE VALUES (177,6,true);
INSERT INTO UserAnswer (id,questionId,correct) OVERRIDING SYSTEM VALUE VALUES (178,70,true);
INSERT INTO UserAnswer (id,questionId,correct) OVERRIDING SYSTEM VALUE VALUES (179,74,true);
INSERT INTO UserAnswer (id,questionId,correct) OVERRIDING SYSTEM VALUE VALUES (180,10,true);
INSERT INTO UserAnswer (id,questionId,correct) OVERRIDING SYSTEM VALUE VALUES (181,11,true);
INSERT INTO UserAnswer (id,questionId,correct) OVERRIDING SYSTEM VALUE VALUES (182,12,false);
INSERT INTO UserAnswer (id,questionId,correct) OVERRIDING SYSTEM VALUE VALUES (183,13,true);
INSERT INTO UserAnswer (id,questionId,correct) OVERRIDING SYSTEM VALUE VALUES (184,16,true);
INSERT INTO UserAnswer (id,questionId,correct) OVERRIDING SYSTEM VALUE VALUES (185,17,true);
INSERT INTO UserAnswer (id,questionId,correct) OVERRIDING SYSTEM VALUE VALUES (186,19,true);
INSERT INTO UserAnswer (id,questionId,correct) OVERRIDING SYSTEM VALUE VALUES (187,20,true);
INSERT INTO UserAnswer (id,questionId,correct) OVERRIDING SYSTEM VALUE VALUES (188,30,false);
INSERT INTO UserAnswer (id,questionId,correct) OVERRIDING SYSTEM VALUE VALUES (189,31,true);
INSERT INTO UserAnswer (id,questionId,correct) OVERRIDING SYSTEM VALUE VALUES (190,33,true);
INSERT INTO UserAnswer (id,questionId,correct) OVERRIDING SYSTEM VALUE VALUES (191,35,true);
INSERT INTO UserAnswer (id,questionId,correct) OVERRIDING SYSTEM VALUE VALUES (192,36,true);
INSERT INTO UserAnswer (id,questionId,correct) OVERRIDING SYSTEM VALUE VALUES (193,37,true);
INSERT INTO UserAnswer (id,questionId,correct) OVERRIDING SYSTEM VALUE VALUES (194,38,true);
INSERT INTO UserAnswer (id,questionId,correct) OVERRIDING SYSTEM VALUE VALUES (195,39,true);
INSERT INTO UserAnswer (id,questionId,correct) OVERRIDING SYSTEM VALUE VALUES (196,40,true);
INSERT INTO UserAnswer (id,questionId,correct) OVERRIDING SYSTEM VALUE VALUES (197,45,false);
INSERT INTO UserAnswer (id,questionId,correct) OVERRIDING SYSTEM VALUE VALUES (198,51,true);
INSERT INTO UserAnswer (id,questionId,correct) OVERRIDING SYSTEM VALUE VALUES (199,52,true);
INSERT INTO UserAnswer (id,questionId,correct) OVERRIDING SYSTEM VALUE VALUES (200,54,true);
INSERT INTO UserAnswer (id,questionId,correct) OVERRIDING SYSTEM VALUE VALUES (201,57,false);
INSERT INTO UserAnswer (id,questionId,correct) OVERRIDING SYSTEM VALUE VALUES (202,58,true);
INSERT INTO UserAnswer (id,questionId,correct) OVERRIDING SYSTEM VALUE VALUES (203,60,true);
INSERT INTO UserAnswer (id,questionId,correct) OVERRIDING SYSTEM VALUE VALUES (204,62,false);
INSERT INTO UserAnswer (id,questionId,correct) OVERRIDING SYSTEM VALUE VALUES (205,63,true);
INSERT INTO UserAnswer (id,questionId,correct) OVERRIDING SYSTEM VALUE VALUES (206,96,true);
INSERT INTO UserAnswer (id,questionId,correct) OVERRIDING SYSTEM VALUE VALUES (207,97,true);
INSERT INTO UserAnswer (id,questionId,correct) OVERRIDING SYSTEM VALUE VALUES (208,98,true);
INSERT INTO UserAnswer (id,questionId,correct) OVERRIDING SYSTEM VALUE VALUES (209,99,false);
INSERT INTO UserAnswer (id,questionId,correct) OVERRIDING SYSTEM VALUE VALUES (210,100,false);
INSERT INTO UserAnswer (id,questionId,correct) OVERRIDING SYSTEM VALUE VALUES (211,78,true);
INSERT INTO UserAnswer (id,questionId,correct) OVERRIDING SYSTEM VALUE VALUES (212,79,true);
INSERT INTO UserAnswer (id,questionId,correct) OVERRIDING SYSTEM VALUE VALUES (213,80,true);
INSERT INTO UserAnswer (id,questionId,correct) OVERRIDING SYSTEM VALUE VALUES (214,81,true);
INSERT INTO UserAnswer (id,questionId,correct) OVERRIDING SYSTEM VALUE VALUES (215,82,true);
INSERT INTO UserAnswer (id,questionId,correct) OVERRIDING SYSTEM VALUE VALUES (216,83,false);
INSERT INTO UserAnswer (id,questionId,correct) OVERRIDING SYSTEM VALUE VALUES (217,84,true);
INSERT INTO UserAnswer (id,questionId,correct) OVERRIDING SYSTEM VALUE VALUES (218,85,true);
INSERT INTO UserAnswer (id,questionId,correct) OVERRIDING SYSTEM VALUE VALUES (219,86,true);
INSERT INTO UserAnswer (id,questionId,correct) OVERRIDING SYSTEM VALUE VALUES (220,87,true);
INSERT INTO UserAnswer (id,questionId,correct) OVERRIDING SYSTEM VALUE VALUES (221,88,true);
INSERT INTO UserAnswer (id,questionId,correct) OVERRIDING SYSTEM VALUE VALUES (222,89,false);
INSERT INTO UserAnswer (id,questionId,correct) OVERRIDING SYSTEM VALUE VALUES (223,90,true);
INSERT INTO UserAnswer (id,questionId,correct) OVERRIDING SYSTEM VALUE VALUES (224,91,true);
INSERT INTO UserAnswer (id,questionId,correct) OVERRIDING SYSTEM VALUE VALUES (225,92,true);
INSERT INTO UserAnswer (id,questionId,correct) OVERRIDING SYSTEM VALUE VALUES (226,93,true);
INSERT INTO UserAnswer (id,questionId,correct) OVERRIDING SYSTEM VALUE VALUES (227,94,true);
INSERT INTO UserAnswer (id,questionId,correct) OVERRIDING SYSTEM VALUE VALUES (228,95,true);
INSERT INTO UserAnswer (id,questionId,correct) OVERRIDING SYSTEM VALUE VALUES (229,128,true);
INSERT INTO UserAnswer (id,questionId,correct) OVERRIDING SYSTEM VALUE VALUES (230,129,false);
INSERT INTO UserAnswer (id,questionId,correct) OVERRIDING SYSTEM VALUE VALUES (231,132,true);
INSERT INTO UserAnswer (id,questionId,correct) OVERRIDING SYSTEM VALUE VALUES (232,135,false);
INSERT INTO UserAnswer (id,questionId,correct) OVERRIDING SYSTEM VALUE VALUES (233,136,false);
INSERT INTO UserAnswer (id,questionId,correct) OVERRIDING SYSTEM VALUE VALUES (234,140,true);
INSERT INTO UserAnswer (id,questionId,correct) OVERRIDING SYSTEM VALUE VALUES (235,141,false);
INSERT INTO UserAnswer (id,questionId,correct) OVERRIDING SYSTEM VALUE VALUES (236,142,true);
INSERT INTO UserAnswer (id,questionId,correct) OVERRIDING SYSTEM VALUE VALUES (237,145,true);
INSERT INTO UserAnswer (id,questionId,correct) OVERRIDING SYSTEM VALUE VALUES (238,146,true);
INSERT INTO UserAnswer (id,questionId,correct) OVERRIDING SYSTEM VALUE VALUES (239,151,false);
INSERT INTO UserAnswer (id,questionId,correct) OVERRIDING SYSTEM VALUE VALUES (240,152,false);
INSERT INTO UserAnswer (id,questionId,correct) OVERRIDING SYSTEM VALUE VALUES (241,153,true);
INSERT INTO UserAnswer (id,questionId,correct) OVERRIDING SYSTEM VALUE VALUES (242,154,false);
INSERT INTO UserAnswer (id,questionId,correct) OVERRIDING SYSTEM VALUE VALUES (243,103,false);
INSERT INTO UserAnswer (id,questionId,correct) OVERRIDING SYSTEM VALUE VALUES (244,104,false);
INSERT INTO UserAnswer (id,questionId,correct) OVERRIDING SYSTEM VALUE VALUES (245,106,false);
INSERT INTO UserAnswer (id,questionId,correct) OVERRIDING SYSTEM VALUE VALUES (246,107,true);
INSERT INTO UserAnswer (id,questionId,correct) OVERRIDING SYSTEM VALUE VALUES (247,108,true);
INSERT INTO UserAnswer (id,questionId,correct) OVERRIDING SYSTEM VALUE VALUES (248,109,true);
INSERT INTO UserAnswer (id,questionId,correct) OVERRIDING SYSTEM VALUE VALUES (249,110,true);
INSERT INTO UserAnswer (id,questionId,correct) OVERRIDING SYSTEM VALUE VALUES (250,111,false);
INSERT INTO UserAnswer (id,questionId,correct) OVERRIDING SYSTEM VALUE VALUES (251,114,true);
INSERT INTO UserAnswer (id,questionId,correct) OVERRIDING SYSTEM VALUE VALUES (252,115,true);
INSERT INTO UserAnswer (id,questionId,correct) OVERRIDING SYSTEM VALUE VALUES (253,117,false);
INSERT INTO UserAnswer (id,questionId,correct) OVERRIDING SYSTEM VALUE VALUES (254,119,true);
INSERT INTO UserAnswer (id,questionId,correct) OVERRIDING SYSTEM VALUE VALUES (255,123,false);
INSERT INTO UserAnswer (id,questionId,correct) OVERRIDING SYSTEM VALUE VALUES (256,125,true);
INSERT INTO UserAnswer (id,questionId,correct) OVERRIDING SYSTEM VALUE VALUES (257,160,true);
INSERT INTO UserAnswer (id,questionId,correct) OVERRIDING SYSTEM VALUE VALUES (258,161,true);
INSERT INTO UserAnswer (id,questionId,correct) OVERRIDING SYSTEM VALUE VALUES (259,162,true);
INSERT INTO UserAnswer (id,questionId,correct) OVERRIDING SYSTEM VALUE VALUES (260,163,false);
INSERT INTO UserAnswer (id,questionId,correct) OVERRIDING SYSTEM VALUE VALUES (261,164,false);
INSERT INTO UserAnswer (id,questionId,correct) OVERRIDING SYSTEM VALUE VALUES (262,165,true);
INSERT INTO UserAnswer (id,questionId,correct) OVERRIDING SYSTEM VALUE VALUES (263,166,true);
INSERT INTO UserAnswer (id,questionId,correct) OVERRIDING SYSTEM VALUE VALUES (264,167,true);
INSERT INTO UserAnswer (id,questionId,correct) OVERRIDING SYSTEM VALUE VALUES (265,168,true);
INSERT INTO UserAnswer (id,questionId,correct) OVERRIDING SYSTEM VALUE VALUES (266,169,false);
INSERT INTO UserAnswer (id,questionId,correct) OVERRIDING SYSTEM VALUE VALUES (267,170,true);
INSERT INTO UserAnswer (id,questionId,correct) OVERRIDING SYSTEM VALUE VALUES (268,171,true);
INSERT INTO UserAnswer (id,questionId,correct) OVERRIDING SYSTEM VALUE VALUES (269,172,true);
INSERT INTO UserAnswer (id,questionId,correct) OVERRIDING SYSTEM VALUE VALUES (270,173,true);
INSERT INTO UserAnswer (id,questionId,correct) OVERRIDING SYSTEM VALUE VALUES (271,174,true);
INSERT INTO UserAnswer (id,questionId,correct) OVERRIDING SYSTEM VALUE VALUES (272,155,false);
INSERT INTO UserAnswer (id,questionId,correct) OVERRIDING SYSTEM VALUE VALUES (273,156,true);
INSERT INTO UserAnswer (id,questionId,correct) OVERRIDING SYSTEM VALUE VALUES (274,157,true);
INSERT INTO UserAnswer (id,questionId,correct) OVERRIDING SYSTEM VALUE VALUES (275,158,true);
INSERT INTO UserAnswer (id,questionId,correct) OVERRIDING SYSTEM VALUE VALUES (276,159,false);
INSERT INTO UserAnswer (id,questionId,correct) OVERRIDING SYSTEM VALUE VALUES (277,242,false);
INSERT INTO UserAnswer (id,questionId,correct) OVERRIDING SYSTEM VALUE VALUES (278,199,false);
INSERT INTO UserAnswer (id,questionId,correct) OVERRIDING SYSTEM VALUE VALUES (279,257,false);
INSERT INTO UserAnswer (id,questionId,correct) OVERRIDING SYSTEM VALUE VALUES (280,258,false);
INSERT INTO UserAnswer (id,questionId,correct) OVERRIDING SYSTEM VALUE VALUES (281,259,true);
INSERT INTO UserAnswer (id,questionId,correct) OVERRIDING SYSTEM VALUE VALUES (282,262,false);
INSERT INTO UserAnswer (id,questionId,correct) OVERRIDING SYSTEM VALUE VALUES (283,264,false);
INSERT INTO UserAnswer (id,questionId,correct) OVERRIDING SYSTEM VALUE VALUES (284,267,false);
INSERT INTO UserAnswer (id,questionId,correct) OVERRIDING SYSTEM VALUE VALUES (285,268,true);
INSERT INTO UserAnswer (id,questionId,correct) OVERRIDING SYSTEM VALUE VALUES (286,278,false);
INSERT INTO UserAnswer (id,questionId,correct) OVERRIDING SYSTEM VALUE VALUES (287,280,false);
INSERT INTO UserAnswer (id,questionId,correct) OVERRIDING SYSTEM VALUE VALUES (288,283,true);
INSERT INTO UserAnswer (id,questionId,correct) OVERRIDING SYSTEM VALUE VALUES (289,175,false);
INSERT INTO UserAnswer (id,questionId,correct) OVERRIDING SYSTEM VALUE VALUES (290,176,true);
INSERT INTO UserAnswer (id,questionId,correct) OVERRIDING SYSTEM VALUE VALUES (291,177,true);
INSERT INTO UserAnswer (id,questionId,correct) OVERRIDING SYSTEM VALUE VALUES (292,178,false);
INSERT INTO UserAnswer (id,questionId,correct) OVERRIDING SYSTEM VALUE VALUES (293,179,true);
INSERT INTO UserAnswer (id,questionId,correct) OVERRIDING SYSTEM VALUE VALUES (294,180,true);
INSERT INTO UserAnswer (id,questionId,correct) OVERRIDING SYSTEM VALUE VALUES (295,181,true);
INSERT INTO UserAnswer (id,questionId,correct) OVERRIDING SYSTEM VALUE VALUES (296,312,true);
INSERT INTO UserAnswer (id,questionId,correct) OVERRIDING SYSTEM VALUE VALUES (297,185,false);
INSERT INTO UserAnswer (id,questionId,correct) OVERRIDING SYSTEM VALUE VALUES (298,188,false);
INSERT INTO UserAnswer (id,questionId,correct) OVERRIDING SYSTEM VALUE VALUES (299,196,true);
INSERT INTO UserAnswer (id,questionId,correct) OVERRIDING SYSTEM VALUE VALUES (300,198,true);
INSERT INTO UserAnswer (id,questionId,correct) OVERRIDING SYSTEM VALUE VALUES (301,199,false);
INSERT INTO UserAnswer (id,questionId,correct) OVERRIDING SYSTEM VALUE VALUES (302,201,false);
INSERT INTO UserAnswer (id,questionId,correct) OVERRIDING SYSTEM VALUE VALUES (303,206,false);
INSERT INTO UserAnswer (id,questionId,correct) OVERRIDING SYSTEM VALUE VALUES (304,207,false);
INSERT INTO UserAnswer (id,questionId,correct) OVERRIDING SYSTEM VALUE VALUES (305,210,true);
INSERT INTO UserAnswer (id,questionId,correct) OVERRIDING SYSTEM VALUE VALUES (306,211,true);
INSERT INTO UserAnswer (id,questionId,correct) OVERRIDING SYSTEM VALUE VALUES (307,212,true);
INSERT INTO UserAnswer (id,questionId,correct) OVERRIDING SYSTEM VALUE VALUES (308,215,true);
INSERT INTO UserAnswer (id,questionId,correct) OVERRIDING SYSTEM VALUE VALUES (309,216,false);
INSERT INTO UserAnswer (id,questionId,correct) OVERRIDING SYSTEM VALUE VALUES (310,220,false);
INSERT INTO UserAnswer (id,questionId,correct) OVERRIDING SYSTEM VALUE VALUES (311,222,true);
INSERT INTO UserAnswer (id,questionId,correct) OVERRIDING SYSTEM VALUE VALUES (312,225,false);
INSERT INTO UserAnswer (id,questionId,correct) OVERRIDING SYSTEM VALUE VALUES (313,226,true);
INSERT INTO UserAnswer (id,questionId,correct) OVERRIDING SYSTEM VALUE VALUES (314,232,true);
INSERT INTO UserAnswer (id,questionId,correct) OVERRIDING SYSTEM VALUE VALUES (315,233,false);
INSERT INTO UserAnswer (id,questionId,correct) OVERRIDING SYSTEM VALUE VALUES (316,234,false);
INSERT INTO UserAnswer (id,questionId,correct) OVERRIDING SYSTEM VALUE VALUES (317,235,false);
INSERT INTO UserAnswer (id,questionId,correct) OVERRIDING SYSTEM VALUE VALUES (318,236,false);
INSERT INTO UserAnswer (id,questionId,correct) OVERRIDING SYSTEM VALUE VALUES (319,239,true);
INSERT INTO UserAnswer (id,questionId,correct) OVERRIDING SYSTEM VALUE VALUES (320,240,true);
INSERT INTO UserAnswer (id,questionId,correct) OVERRIDING SYSTEM VALUE VALUES (321,242,true);
INSERT INTO UserAnswer (id,questionId,correct) OVERRIDING SYSTEM VALUE VALUES (322,248,false);
INSERT INTO UserAnswer (id,questionId,correct) OVERRIDING SYSTEM VALUE VALUES (323,250,false);
INSERT INTO UserAnswer (id,questionId,correct) OVERRIDING SYSTEM VALUE VALUES (324,251,true);
INSERT INTO UserAnswer (id,questionId,correct) OVERRIDING SYSTEM VALUE VALUES (325,252,true);
INSERT INTO UserAnswer (id,questionId,correct) OVERRIDING SYSTEM VALUE VALUES (326,253,false);
INSERT INTO UserAnswer (id,questionId,correct) OVERRIDING SYSTEM VALUE VALUES (327,254,false);
INSERT INTO UserAnswer (id,questionId,correct) OVERRIDING SYSTEM VALUE VALUES (328,320,false);
INSERT INTO UserAnswer (id,questionId,correct) OVERRIDING SYSTEM VALUE VALUES (329,322,false);
INSERT INTO UserAnswer (id,questionId,correct) OVERRIDING SYSTEM VALUE VALUES (330,324,true);
INSERT INTO UserAnswer (id,questionId,correct) OVERRIDING SYSTEM VALUE VALUES (331,325,true);
INSERT INTO UserAnswer (id,questionId,correct) OVERRIDING SYSTEM VALUE VALUES (332,326,true);
INSERT INTO UserAnswer (id,questionId,correct) OVERRIDING SYSTEM VALUE VALUES (333,327,false);
INSERT INTO UserAnswer (id,questionId,correct) OVERRIDING SYSTEM VALUE VALUES (334,328,true);
INSERT INTO UserAnswer (id,questionId,correct) OVERRIDING SYSTEM VALUE VALUES (335,329,true);
INSERT INTO UserAnswer (id,questionId,correct) OVERRIDING SYSTEM VALUE VALUES (336,330,false);
INSERT INTO UserAnswer (id,questionId,correct) OVERRIDING SYSTEM VALUE VALUES (337,257,false);
INSERT INTO UserAnswer (id,questionId,correct) OVERRIDING SYSTEM VALUE VALUES (338,258,false);
INSERT INTO UserAnswer (id,questionId,correct) OVERRIDING SYSTEM VALUE VALUES (339,259,false);
INSERT INTO UserAnswer (id,questionId,correct) OVERRIDING SYSTEM VALUE VALUES (340,262,false);
INSERT INTO UserAnswer (id,questionId,correct) OVERRIDING SYSTEM VALUE VALUES (341,264,false);
INSERT INTO UserAnswer (id,questionId,correct) OVERRIDING SYSTEM VALUE VALUES (342,267,false);
INSERT INTO UserAnswer (id,questionId,correct) OVERRIDING SYSTEM VALUE VALUES (343,268,true);
INSERT INTO UserAnswer (id,questionId,correct) OVERRIDING SYSTEM VALUE VALUES (344,278,false);
INSERT INTO UserAnswer (id,questionId,correct) OVERRIDING SYSTEM VALUE VALUES (345,280,false);
INSERT INTO UserAnswer (id,questionId,correct) OVERRIDING SYSTEM VALUE VALUES (346,283,true);
INSERT INTO UserAnswer (id,questionId,correct) OVERRIDING SYSTEM VALUE VALUES (347,175,false);
INSERT INTO UserAnswer (id,questionId,correct) OVERRIDING SYSTEM VALUE VALUES (348,176,false);
INSERT INTO UserAnswer (id,questionId,correct) OVERRIDING SYSTEM VALUE VALUES (349,177,false);
INSERT INTO UserAnswer (id,questionId,correct) OVERRIDING SYSTEM VALUE VALUES (350,178,false);
INSERT INTO UserAnswer (id,questionId,correct) OVERRIDING SYSTEM VALUE VALUES (351,179,true);
INSERT INTO UserAnswer (id,questionId,correct) OVERRIDING SYSTEM VALUE VALUES (352,180,true);
INSERT INTO UserAnswer (id,questionId,correct) OVERRIDING SYSTEM VALUE VALUES (353,181,true);
INSERT INTO UserAnswer (id,questionId,correct) OVERRIDING SYSTEM VALUE VALUES (354,312,true);
INSERT INTO UserAnswer (id,questionId,correct) OVERRIDING SYSTEM VALUE VALUES (355,185,true);
INSERT INTO UserAnswer (id,questionId,correct) OVERRIDING SYSTEM VALUE VALUES (356,188,false);
INSERT INTO UserAnswer (id,questionId,correct) OVERRIDING SYSTEM VALUE VALUES (357,196,true);
INSERT INTO UserAnswer (id,questionId,correct) OVERRIDING SYSTEM VALUE VALUES (358,198,true);
INSERT INTO UserAnswer (id,questionId,correct) OVERRIDING SYSTEM VALUE VALUES (359,199,false);
INSERT INTO UserAnswer (id,questionId,correct) OVERRIDING SYSTEM VALUE VALUES (360,201,false);
INSERT INTO UserAnswer (id,questionId,correct) OVERRIDING SYSTEM VALUE VALUES (361,206,false);
INSERT INTO UserAnswer (id,questionId,correct) OVERRIDING SYSTEM VALUE VALUES (362,207,false);
INSERT INTO UserAnswer (id,questionId,correct) OVERRIDING SYSTEM VALUE VALUES (363,210,true);
INSERT INTO UserAnswer (id,questionId,correct) OVERRIDING SYSTEM VALUE VALUES (364,211,true);
INSERT INTO UserAnswer (id,questionId,correct) OVERRIDING SYSTEM VALUE VALUES (365,212,true);
INSERT INTO UserAnswer (id,questionId,correct) OVERRIDING SYSTEM VALUE VALUES (366,215,true);
INSERT INTO UserAnswer (id,questionId,correct) OVERRIDING SYSTEM VALUE VALUES (367,216,false);
INSERT INTO UserAnswer (id,questionId,correct) OVERRIDING SYSTEM VALUE VALUES (368,220,false);
INSERT INTO UserAnswer (id,questionId,correct) OVERRIDING SYSTEM VALUE VALUES (369,222,true);
INSERT INTO UserAnswer (id,questionId,correct) OVERRIDING SYSTEM VALUE VALUES (370,225,true);
INSERT INTO UserAnswer (id,questionId,correct) OVERRIDING SYSTEM VALUE VALUES (371,226,true);
INSERT INTO UserAnswer (id,questionId,correct) OVERRIDING SYSTEM VALUE VALUES (372,232,true);
INSERT INTO UserAnswer (id,questionId,correct) OVERRIDING SYSTEM VALUE VALUES (373,233,false);
INSERT INTO UserAnswer (id,questionId,correct) OVERRIDING SYSTEM VALUE VALUES (374,234,true);
INSERT INTO UserAnswer (id,questionId,correct) OVERRIDING SYSTEM VALUE VALUES (375,235,false);
INSERT INTO UserAnswer (id,questionId,correct) OVERRIDING SYSTEM VALUE VALUES (376,236,true);
INSERT INTO UserAnswer (id,questionId,correct) OVERRIDING SYSTEM VALUE VALUES (377,239,true);
INSERT INTO UserAnswer (id,questionId,correct) OVERRIDING SYSTEM VALUE VALUES (378,240,true);
INSERT INTO UserAnswer (id,questionId,correct) OVERRIDING SYSTEM VALUE VALUES (379,242,true);
INSERT INTO UserAnswer (id,questionId,correct) OVERRIDING SYSTEM VALUE VALUES (380,248,false);
INSERT INTO UserAnswer (id,questionId,correct) OVERRIDING SYSTEM VALUE VALUES (381,250,false);
INSERT INTO UserAnswer (id,questionId,correct) OVERRIDING SYSTEM VALUE VALUES (382,251,false);
INSERT INTO UserAnswer (id,questionId,correct) OVERRIDING SYSTEM VALUE VALUES (383,252,true);
INSERT INTO UserAnswer (id,questionId,correct) OVERRIDING SYSTEM VALUE VALUES (384,253,true);
INSERT INTO UserAnswer (id,questionId,correct) OVERRIDING SYSTEM VALUE VALUES (385,254,false);
INSERT INTO ThemeExam (id,themeId,percentage,date) OVERRIDING SYSTEM VALUE VALUES (0,0,58.06451612903226,TIMESTAMP '2018-07-29 00:05:46');
INSERT INTO ThemeExam (id,themeId,percentage,date) OVERRIDING SYSTEM VALUE VALUES (1,0,74.19354838709677,TIMESTAMP '2018-08-24 10:43:21');
INSERT INTO ThemeExam (id,themeId,percentage,date) OVERRIDING SYSTEM VALUE VALUES (2,6,0.0,TIMESTAMP '2018-08-25 16:30:41');
INSERT INTO ThemeExam (id,themeId,percentage,date) OVERRIDING SYSTEM VALUE VALUES (3,0,80.64516129032258,TIMESTAMP '2018-09-05 18:52:04');
INSERT INTO ThemeExam (id,themeId,percentage,date) OVERRIDING SYSTEM VALUE VALUES (4,2,91.30434782608695,TIMESTAMP '2018-09-08 17:34:40');
INSERT INTO ThemeExam (id,themeId,percentage,date) OVERRIDING SYSTEM VALUE VALUES (5,6,42.857142857142854,TIMESTAMP '2018-09-11 11:32:45');
INSERT INTO ThemeExam (id,themeId,percentage,date) OVERRIDING SYSTEM VALUE VALUES (6,0,83.87096774193549,TIMESTAMP '2018-10-10 14:41:47');
INSERT INTO ThemeExam (id,themeId,percentage,date) OVERRIDING SYSTEM VALUE VALUES (7,2,82.6086956521739,TIMESTAMP '2018-10-10 15:08:50');
INSERT INTO ThemeExam (id,themeId,percentage,date) OVERRIDING SYSTEM VALUE VALUES (8,6,53.57142857142857,TIMESTAMP '2018-10-11 12:54:35');
INSERT INTO ThemeExam (id,themeId,percentage,date) OVERRIDING SYSTEM VALUE VALUES (9,7,75.0,TIMESTAMP '2018-10-11 14:59:25');
INSERT INTO ThemeExam (id,themeId,percentage,date) OVERRIDING SYSTEM VALUE VALUES (10,8,46.93877551020408,TIMESTAMP '2018-10-17 16:20:17');
INSERT INTO ThemeExam (id,themeId,percentage,date) OVERRIDING SYSTEM VALUE VALUES (11,11,55.55555555555556,TIMESTAMP '2018-10-17 16:53:02');
INSERT INTO ThemeExam (id,themeId,percentage,date) OVERRIDING SYSTEM VALUE VALUES (12,8,48.97959183673469,TIMESTAMP '2019-01-08 22:52:52');
