DROP TABLE Realm IF EXISTS;
CREATE TABLE Realm (id INTEGER GENERATED ALWAYS AS IDENTITY PRIMARY KEY, text VARCHAR(20), description VARCHAR(2000));
DROP TABLE Theme IF EXISTS;
CREATE TABLE Theme (id INTEGER GENERATED ALWAYS AS IDENTITY PRIMARY KEY, realmId int, text VARCHAR(2000), number DOUBLE);
DROP TABLE Question IF EXISTS;
CREATE TABLE Question (id INTEGER GENERATED ALWAYS AS IDENTITY PRIMARY KEY, realmId int, type int, text VARCHAR(2000));
	DROP TABLE Answer IF EXISTS;
	CREATE TABLE Answer (id INTEGER GENERATED ALWAYS AS IDENTITY PRIMARY KEY, questionId int, correct boolean, text VARCHAR(2000), comment VARCHAR(2000));
DROP TABLE ThemeQuestion IF EXISTS;
CREATE TABLE ThemeQuestion (themeId int, questionId int, PRIMARY KEY(themeId, questionId));
INSERT INTO Realm (id,text,description) OVERRIDING SYSTEM VALUE VALUES (0,'java','Java');
INSERT INTO Realm (id,text,description) OVERRIDING SYSTEM VALUE VALUES (1,'kotlin','Kotlin');
INSERT INTO Realm (id,text,description) OVERRIDING SYSTEM VALUE VALUES (2,'sql','SQL');
INSERT INTO Realm (id,text,description) OVERRIDING SYSTEM VALUE VALUES (3,'minecraft','MINECRAFT');
INSERT INTO Realm (id,text,description) OVERRIDING SYSTEM VALUE VALUES (4,'oca_1','Сертификат OCA I');
INSERT INTO Realm (id,text,description) OVERRIDING SYSTEM VALUE VALUES (5,'test','ТЕСТ');
INSERT INTO Realm (id,text,description) OVERRIDING SYSTEM VALUE VALUES (6,'common','Общие вопросы');
INSERT INTO Realm (id,text,description) OVERRIDING SYSTEM VALUE VALUES (7,'history','История');
INSERT INTO Theme (id,realmId,text,number) OVERRIDING SYSTEM VALUE VALUES (0,4,'Основы',1.0);
INSERT INTO Theme (id,realmId,text,number) OVERRIDING SYSTEM VALUE VALUES (1,4,'Особенности экзамена',0.0);
INSERT INTO Theme (id,realmId,text,number) OVERRIDING SYSTEM VALUE VALUES (2,0,'вапвапвап',3.45);
INSERT INTO Theme (id,realmId,text,number) OVERRIDING SYSTEM VALUE VALUES (3,0,'вавап',4.0);
INSERT INTO Question (id,realmId,type,text) OVERRIDING SYSTEM VALUE VALUES (0,4,0,'Тесты экзамена предполагают обычно 5 или 6 ответов, со множественным выбором.');
INSERT INTO Question (id,realmId,type,text) OVERRIDING SYSTEM VALUE VALUES (1,4,0,'Нельзя реализовать в классе два интерфейса с общим дефолтным методом, если не переопределить этот метод в классе.');
INSERT INTO Question (id,realmId,type,text) OVERRIDING SYSTEM VALUE VALUES (2,4,2,'<p>Перечислите 3 вида комментариев в Java</p>');
	INSERT INTO Answer (id,questionId,text,correct,comment) OVERRIDING SYSTEM VALUE VALUES (79,2,'<p>1. Комменарий до конца строки:<br />// comment until end of line<br />2. Многострочный комментарий (звездочки на промежуточных строках необязательны):<br />/*&nbsp; Multiple<br />[*] line<br />comment */<br />3. Комментарий Javadoc<br />/**<br />[*] Javadoc multiple-line comment<br />[*] @author Jeanne and Scott<br />*/</p>',true,'');
INSERT INTO Question (id,realmId,type,text) OVERRIDING SYSTEM VALUE VALUES (3,4,0,'Особенности комментариев. <br />- Любые символы между /* и */ - часть многострочного комментария <br />- Любые символы после // - часть однострочного комментария <br />- Вкладывать многострочные комментарии друг в друга нельзя - компилятор реагирует на первый закрывающий, и последующие закрывающие остаются неинтерпретируемыми:<br />/* * /* ferret */ */ (для компилятора то же самое, что просто */)');
INSERT INTO Question (id,realmId,type,text) OVERRIDING SYSTEM VALUE VALUES (4,4,0,'В одном файле может быть определено несколько классов. Только один из них может быть объявлен как <strong>public</strong>, и в этом случае имя файла должно совпадать с именем класса.');
INSERT INTO Question (id,realmId,type,text) OVERRIDING SYSTEM VALUE VALUES (5,7,1,'В каком веке родился <strong>Александр</strong> Македонский?');
	INSERT INTO Answer (id,questionId,text,correct,comment) OVERRIDING SYSTEM VALUE VALUES (75,5,'III до н.э.',true,'');
	INSERT INTO Answer (id,questionId,text,correct,comment) OVERRIDING SYSTEM VALUE VALUES (76,5,'II н.э.',false,'');
	INSERT INTO Answer (id,questionId,text,correct,comment) OVERRIDING SYSTEM VALUE VALUES (77,5,'II до н.э.',false,'');
	INSERT INTO Answer (id,questionId,text,correct,comment) OVERRIDING SYSTEM VALUE VALUES (78,5,'XX век',false,'');
INSERT INTO Question (id,realmId,type,text) OVERRIDING SYSTEM VALUE VALUES (6,4,2,'Как скомпилировать и запустить java-файл из командной строки?');
	INSERT INTO Answer (id,questionId,text,correct,comment) OVERRIDING SYSTEM VALUE VALUES (80,6,'$ javac Zoo.java <br />$ java Zoo',true,'');
INSERT INTO Question (id,realmId,type,text) OVERRIDING SYSTEM VALUE VALUES (7,4,0,'Очень полезно следовать следующим правилам именования: <br />1. Один файл - один класс <br />2. Имя класса = имя файла');
INSERT INTO Question (id,realmId,type,text) OVERRIDING SYSTEM VALUE VALUES (8,4,0,'Если в классе <strong>Test.java</strong> нет <strong>static</strong>-метода <em>main</em>(), то при попытке запуска <strong>Test.class</strong> будет ошибка (например, <em>Main method not found in class...</em>).');
INSERT INTO Question (id,realmId,type,text) OVERRIDING SYSTEM VALUE VALUES (9,2,0,'Какой оператор1?');
	INSERT INTO Answer (id,questionId,text,correct,comment) OVERRIDING SYSTEM VALUE VALUES (65,9,'SELECT FROM',true,'');
	INSERT INTO Answer (id,questionId,text,correct,comment) OVERRIDING SYSTEM VALUE VALUES (66,9,'GOPRKD',false,'');
	INSERT INTO Answer (id,questionId,text,correct,comment) OVERRIDING SYSTEM VALUE VALUES (67,9,'UPDATE SET',true,'');
INSERT INTO Question (id,realmId,type,text) OVERRIDING SYSTEM VALUE VALUES (10,4,2,'Как можно корректно задать строковый параметр метода <em>main()?</em>');
	INSERT INTO Answer (id,questionId,text,correct,comment) OVERRIDING SYSTEM VALUE VALUES (81,10,'String[] args<br />String args[]<br />String... args',true,'');
INSERT INTO Question (id,realmId,type,text) OVERRIDING SYSTEM VALUE VALUES (11,4,1,'Сколько wildcard-звездочек может быть в строке импорта?');
	INSERT INTO Answer (id,questionId,text,correct,comment) OVERRIDING SYSTEM VALUE VALUES (83,11,'Сколько угодно:<br /><strong>import java.nio.*.*;</strong>',false,'');
	INSERT INTO Answer (id,questionId,text,correct,comment) OVERRIDING SYSTEM VALUE VALUES (84,11,'Только одна, в любом месте импорта:<br /><strong>import java.nio.*.Files;</strong>',false,'');
	INSERT INTO Answer (id,questionId,text,correct,comment) OVERRIDING SYSTEM VALUE VALUES (85,11,'Только одна,&nbsp;в конце импорта:<br /><strong>import java.nio.file.*;</strong>',true,'');
INSERT INTO Question (id,realmId,type,text) OVERRIDING SYSTEM VALUE VALUES (12,4,2,'Как задать строковые параметры при старте программы из командной строки?');
	INSERT INTO Answer (id,questionId,text,correct,comment) OVERRIDING SYSTEM VALUE VALUES (82,12,'$ javac Zoo.java<br />$ java Zoo Bronx Сat<br />$ java Zoo "San Diego" Gon',true,'');
INSERT INTO Question (id,realmId,type,text) OVERRIDING SYSTEM VALUE VALUES (13,4,2,'Может ли обычный импорт импортировать методы и поля класса?<br /><strong>import java.nio.files.Paths.*;</strong>');
	INSERT INTO Answer (id,questionId,text,correct,comment) OVERRIDING SYSTEM VALUE VALUES (86,13,'Нет.',true,'');
INSERT INTO Question (id,realmId,type,text) OVERRIDING SYSTEM VALUE VALUES (14,4,0,'<p>Прямой импорт нескольких классов с одинаковыми именами не скомпилируется:<br />import java.util.<strong>Date;</strong><br />import java.sql.<strong>Date; </strong>// <em>DOES NOT COMPILE</em><br /><br />Импорт с wildcald скомпилируется:<br />import java.util.*;<br />import java.sql.*;<br />...<br /><em>но если в коде будет ссылка на тип, который есть в обоих пакетах, также будет ошибка:</em><br />...<br />public class Test {<br />&nbsp;&nbsp;&nbsp; Date date; // <em>DOES NOT COMPILE</em><br />}</p>');
INSERT INTO Question (id,realmId,type,text) OVERRIDING SYSTEM VALUE VALUES (15,3,1,'Minecraft - это очень классная игра?');
	INSERT INTO Answer (id,questionId,text,correct,comment) OVERRIDING SYSTEM VALUE VALUES (7,15,'Да',true,'');
	INSERT INTO Answer (id,questionId,text,correct,comment) OVERRIDING SYSTEM VALUE VALUES (8,15,'Нет',false,'');
	INSERT INTO Answer (id,questionId,text,correct,comment) OVERRIDING SYSTEM VALUE VALUES (9,15,'Конечно',true,'');
INSERT INTO Question (id,realmId,type,text) OVERRIDING SYSTEM VALUE VALUES (16,4,2,'<p>Почему<br /><em><br />import java.util.Date;</em><br /><em>import java.sql.Date;</em><br /><br />не скомпилируется, а <br /><em><br />import java.util.*;<br /></em><em>import java.sql.Date;<br /><br /></em>скомпилируется?<br /><br /></p>');
	INSERT INTO Answer (id,questionId,text,correct,comment) OVERRIDING SYSTEM VALUE VALUES (12,16,'<p>Потому что эксплицитное указание имени класса имеет преимущество над любым wildcard-выражением.</p>',true,'');
INSERT INTO Question (id,realmId,type,text) OVERRIDING SYSTEM VALUE VALUES (17,4,2,'<p>Как быть, если в коде одновременно нужно использовать классы с одинаковым именем из разных пакетов?</p>');
	INSERT INTO Answer (id,questionId,text,correct,comment) OVERRIDING SYSTEM VALUE VALUES (14,17,'<p>Использовать полное (fully qualified) имя класса.</p>',true,'');
INSERT INTO Question (id,realmId,type,text) OVERRIDING SYSTEM VALUE VALUES (18,4,0,'Classpath можно задать в командной строке:<br /><br />1. Windows<br /><br />java -cp ".;C:\temp\someOtherLocation;c:\temp\myJar.jar" myPackage.MyClass<br /><br />2. Linux<br /><br />java -cp ".:/tmp/someOtherLocation:/tmp/myJar.jar" myPackage.MyClass<br /><br />. (точка) означает, что текущая папка включается в Classpath. <br /><br />Можно использовать wildcard, чтобы включить все jar-файлы в конкретной папке:<br /><br />java -cp "C:\temp\directoryWithJars\*" myPackage.MyClass');
	INSERT INTO Answer (id,questionId,text,correct,comment) OVERRIDING SYSTEM VALUE VALUES (16,18,'sdf',false,'');
INSERT INTO Question (id,realmId,type,text) OVERRIDING SYSTEM VALUE VALUES (19,4,1,'Отметьте фрагменты кода, которые скомпилируются.');
	INSERT INTO Answer (id,questionId,text,correct,comment) OVERRIDING SYSTEM VALUE VALUES (19,19,'6: public void method(ArrayList list) {<br />7:&nbsp;&nbsp;&nbsp;&nbsp;&nbsp; if (list.isEmpty()) { System.out.println("e");<br />8:&nbsp;&nbsp;&nbsp;&nbsp;&nbsp; } else { System.out.println("n");<br />9:&nbsp;&nbsp;&nbsp;&nbsp;&nbsp; } }',true,'');
	INSERT INTO Answer (id,questionId,text,correct,comment) OVERRIDING SYSTEM VALUE VALUES (22,19,'1: public class LineNumbers {<br />2:&nbsp;&nbsp;&nbsp;&nbsp;&nbsp; public void method(ArrayList list) {<br />3:&nbsp;&nbsp;&nbsp;&nbsp;&nbsp;&nbsp;&nbsp;&nbsp;&nbsp; if (list.isEmpty()) { System.out.println("e");<br />4:&nbsp;&nbsp;&nbsp;&nbsp;&nbsp;&nbsp;&nbsp;&nbsp;&nbsp; } else { System.out.println("n");<br />5:&nbsp;&nbsp;&nbsp;&nbsp; } } }',false,'');
INSERT INTO Question (id,realmId,type,text) OVERRIDING SYSTEM VALUE VALUES (20,4,2,'<p>Может ли имя метода совпадать с именем конструктора (класса).</p>');
	INSERT INTO Answer (id,questionId,text,correct,comment) OVERRIDING SYSTEM VALUE VALUES (57,20,'<p>Да</p>',true,'');
INSERT INTO Question (id,realmId,type,text) OVERRIDING SYSTEM VALUE VALUES (21,4,0,'<strong>Указания по запуску классов в пакетах из командной строки.</strong><br /><br />Пусть есть два класса:<br /><br />C:\temp\packagea\<strong>ClassA</strong>.java<br /><em>package packagea;</em><br /><em>public class ClassA {</em><br /><em>}</em><br /><br />C:\temp\packageb\<strong>ClassB</strong>.java<br /><br />package packageb;<br />import packagea.ClassA;<br />public class ClassB {<br />&nbsp;public static void main(String[] args) {<br />&nbsp;&nbsp;ClassA a;<br />&nbsp;&nbsp;System.out.println("Got it");<br />&nbsp;}<br />}<br /><br />Для компиляции:<br /><br /><em>cd c:\temp</em><br /><em>javac packagea/ClassA.java packageb/ClassB.java</em><br /><br />Для запуска:<br /><br /><em>java packageb.ClassB<br /><br /></em>ClassPath будет отсчитываться от папки вызова java-утилит');
INSERT INTO Question (id,realmId,type,text) OVERRIDING SYSTEM VALUE VALUES (22,4,0,'<p>Порядок определения членов класса важен!<br /><br />public class Name {<br />&nbsp;&nbsp;&nbsp; String first = "Theodore";<br />&nbsp;&nbsp;&nbsp; String last = "Moose";<br />&nbsp;&nbsp;&nbsp; String full = first + last;<br />}<br /><br /></p>');
INSERT INTO Question (id,realmId,type,text) OVERRIDING SYSTEM VALUE VALUES (23,4,0,'Если пакет не указан, то говорят о пакете по умолчанию (<em>default package</em>). Создавать классы в пакете по умолчанию следует только для тестовых и отладочных целей.');
INSERT INTO Question (id,realmId,type,text) OVERRIDING SYSTEM VALUE VALUES (24,4,0,'Основная цель конструктора - инициализация полей класса.');
INSERT INTO Question (id,realmId,type,text) OVERRIDING SYSTEM VALUE VALUES (25,6,1,'Что такое Apple?');
	INSERT INTO Answer (id,questionId,text,correct,comment) OVERRIDING SYSTEM VALUE VALUES (32,25,'Это бренд техники.',true,'');
	INSERT INTO Answer (id,questionId,text,correct,comment) OVERRIDING SYSTEM VALUE VALUES (33,25,'Это операционная система.',false,'');
	INSERT INTO Answer (id,questionId,text,correct,comment) OVERRIDING SYSTEM VALUE VALUES (30,25,'Это телефоны.',false,'');
	INSERT INTO Answer (id,questionId,text,correct,comment) OVERRIDING SYSTEM VALUE VALUES (31,25,'Это яблоко.',true,'');
INSERT INTO Question (id,realmId,type,text) OVERRIDING SYSTEM VALUE VALUES (26,6,1,'Как правильно пишется слово ш..колад?');
	INSERT INTO Answer (id,questionId,text,correct,comment) OVERRIDING SYSTEM VALUE VALUES (34,26,'Шакалад',false,'');
	INSERT INTO Answer (id,questionId,text,correct,comment) OVERRIDING SYSTEM VALUE VALUES (35,26,'Шоколад',true,'');
	INSERT INTO Answer (id,questionId,text,correct,comment) OVERRIDING SYSTEM VALUE VALUES (36,26,'Шиколад',false,'');
	INSERT INTO Answer (id,questionId,text,correct,comment) OVERRIDING SYSTEM VALUE VALUES (59,26,'Шуколад',false,'');
INSERT INTO Question (id,realmId,type,text) OVERRIDING SYSTEM VALUE VALUES (27,4,0,'Блок кода (<em>code block</em>) - код в фигурных скобках.');
INSERT INTO Question (id,realmId,type,text) OVERRIDING SYSTEM VALUE VALUES (28,4,0,'Если в вопросе экзамена не идет речь об импорте, строки импорта могут быть опущены, но подразумевается, что они есть (нумерация строк не начинается с единицы).<br /><br />Аналогичным образом отсутствие метода <em>main()</em> не является признаком ошибочности - он так же опускается.');
INSERT INTO Question (id,realmId,type,text) OVERRIDING SYSTEM VALUE VALUES (29,4,0,'Инициализатор экземпляра (<em>instance initializer</em>) может быть только один в классе.');
INSERT INTO Question (id,realmId,type,text) OVERRIDING SYSTEM VALUE VALUES (30,4,2,'Каков порядок выполнения кода в классе?');
	INSERT INTO Answer (id,questionId,text,correct,comment) OVERRIDING SYSTEM VALUE VALUES (40,30,'* Поля и инициализатор экземпляра выполняются в том порядке, в каком они идут в файле.<br />* Конструктор выполняется после всех полей&nbsp;экземпляра и инициализатора экземпляра.',true,'');
INSERT INTO Question (id,realmId,type,text) OVERRIDING SYSTEM VALUE VALUES (31,4,2,'<p>Скомпилируется ли следующий код?<br /><br />class Clazz {<br />&nbsp;{ System.out.println(name); }<br />&nbsp;private String name = "Fluffy";<br />}</p>');
	INSERT INTO Answer (id,questionId,text,correct,comment) OVERRIDING SYSTEM VALUE VALUES (43,31,'<p>Нет. Нельзя ссылаться на переменную, которая еще не инициализирована.</p>',true,'');
INSERT INTO Question (id,realmId,type,text) OVERRIDING SYSTEM VALUE VALUES (32,4,0,'<p>Все в Java сводитсяк 8 примитивным типам данных, т.к. объектные типы сводятся к набору примитивных.</p>');
INSERT INTO Question (id,realmId,type,text) OVERRIDING SYSTEM VALUE VALUES (33,4,2,'Перечислите примитивные типы данных в Java.');
	INSERT INTO Answer (id,questionId,text,correct,comment) OVERRIDING SYSTEM VALUE VALUES (50,33,'boolean, byte, short, int, long, float, double, char',true,'');
INSERT INTO Question (id,realmId,type,text) OVERRIDING SYSTEM VALUE VALUES (34,4,0,'Названия пакетов подчиняются тем же правилам именования, что и переменные.');
INSERT INTO Question (id,realmId,type,text) OVERRIDING SYSTEM VALUE VALUES (35,4,2,'Назовите разрядность и диапазон типа <strong>int</strong>');
	INSERT INTO Answer (id,questionId,text,correct,comment) OVERRIDING SYSTEM VALUE VALUES (52,35,'<p>32 бит, [-2 147 483 648, 2 147 483 647]</p>',true,'');
INSERT INTO Question (id,realmId,type,text) OVERRIDING SYSTEM VALUE VALUES (36,4,1,'Что будет напечатано после выполнения следующего кода?<br /><br />public class Egg {<br />&nbsp;&nbsp;&nbsp;&nbsp;&nbsp;&nbsp;&nbsp; public Egg() {<br />&nbsp;&nbsp;&nbsp;&nbsp;&nbsp;&nbsp;&nbsp;&nbsp;&nbsp;&nbsp;&nbsp;&nbsp;&nbsp;&nbsp;&nbsp; number = 5;<br />&nbsp;&nbsp;&nbsp;&nbsp;&nbsp;&nbsp;&nbsp; }<br />&nbsp;&nbsp;&nbsp;&nbsp;&nbsp;&nbsp;&nbsp; public static void main(String[] args) {<br />&nbsp;&nbsp;&nbsp;&nbsp;&nbsp;&nbsp;&nbsp;&nbsp;&nbsp;&nbsp;&nbsp;&nbsp;&nbsp;&nbsp;&nbsp; Egg egg = new Egg();<br />&nbsp;&nbsp;&nbsp;&nbsp;&nbsp;&nbsp;&nbsp;&nbsp;&nbsp;&nbsp;&nbsp;&nbsp;&nbsp;&nbsp;&nbsp; System.out.println(egg.number);<br />&nbsp;&nbsp;&nbsp;&nbsp;&nbsp;&nbsp;&nbsp; }<br />&nbsp;&nbsp;&nbsp;&nbsp;&nbsp;&nbsp;&nbsp; private int number = 3;<br />&nbsp;&nbsp;&nbsp;&nbsp;&nbsp;&nbsp;&nbsp; { number = 4; } <br />}');
	INSERT INTO Answer (id,questionId,text,correct,comment) OVERRIDING SYSTEM VALUE VALUES (53,36,'<p>3</p>',false,'');
	INSERT INTO Answer (id,questionId,text,correct,comment) OVERRIDING SYSTEM VALUE VALUES (54,36,'<p>4</p>',false,'');
	INSERT INTO Answer (id,questionId,text,correct,comment) OVERRIDING SYSTEM VALUE VALUES (55,36,'<p>5</p>',true,'');
INSERT INTO Question (id,realmId,type,text) OVERRIDING SYSTEM VALUE VALUES (37,4,2,'Назовите разрядность и диапазон типа <strong>byte</strong>');
	INSERT INTO Answer (id,questionId,text,correct,comment) OVERRIDING SYSTEM VALUE VALUES (87,37,'8 бит, [-128,&nbsp;127]',true,'');
INSERT INTO Question (id,realmId,type,text) OVERRIDING SYSTEM VALUE VALUES (38,4,2,'Назовите разрядность и диапазон типа <strong>long</strong>');
	INSERT INTO Answer (id,questionId,text,correct,comment) OVERRIDING SYSTEM VALUE VALUES (64,38,'<p>64 бит, [-9 223 372 036 854 775 808, 9 223 372 036 854 775 807]</p>',true,'');
INSERT INTO Question (id,realmId,type,text) OVERRIDING SYSTEM VALUE VALUES (39,4,2,'Назовите разрядность и диапазон типа <strong>short</strong>');
	INSERT INTO Answer (id,questionId,text,correct,comment) OVERRIDING SYSTEM VALUE VALUES (88,39,'16 бит, [-32 768, 32 767]',true,'');
INSERT INTO Question (id,realmId,type,text) OVERRIDING SYSTEM VALUE VALUES (40,4,2,'Чем конструктор отличается от метода?');
	INSERT INTO Answer (id,questionId,text,correct,comment) OVERRIDING SYSTEM VALUE VALUES (68,40,'1) имя конструктора совпадает с именем класса<br />2) у конструктора нет типа возвращаемого значения',true,'');
INSERT INTO Question (id,realmId,type,text) OVERRIDING SYSTEM VALUE VALUES (41,3,1,'Какой дроп у Крипера?');
	INSERT INTO Answer (id,questionId,text,correct,comment) OVERRIDING SYSTEM VALUE VALUES (71,41,'порох',true,'');
	INSERT INTO Answer (id,questionId,text,correct,comment) OVERRIDING SYSTEM VALUE VALUES (72,41,'Фейерверки',false,'');
	INSERT INTO Answer (id,questionId,text,correct,comment) OVERRIDING SYSTEM VALUE VALUES (73,41,'Динамит(ТНТ)',false,'');
	INSERT INTO Answer (id,questionId,text,correct,comment) OVERRIDING SYSTEM VALUE VALUES (74,41,'Пластинки',true,'');
INSERT INTO Question (id,realmId,type,text) OVERRIDING SYSTEM VALUE VALUES (42,6,0,'''''''');
INSERT INTO Question (id,realmId,type,text) OVERRIDING SYSTEM VALUE VALUES (43,4,0,'Wildcard при импорте распространяется только на классы, вложенные пакеты не просматриваются:<br />
<p><strong>import java.nio.*;</strong></p>
не импортирует класс java.nio.file.Files');
INSERT INTO Question (id,realmId,type,text) OVERRIDING SYSTEM VALUE VALUES (44,4,0,'Чтобы узнать минимальные и максимальные значения примитивных типов данных, можно обратиться к соответствующим константам классов-оберток. Например, <strong>Integer.MAX_VALUE</strong>');
INSERT INTO Question (id,realmId,type,text) OVERRIDING SYSTEM VALUE VALUES (45,4,2,'Приведите примеры&nbsp;числовых литералов Java с особенностями употребления.');
	INSERT INTO Answer (id,questionId,text,correct,comment) OVERRIDING SYSTEM VALUE VALUES (89,45,'<strong>int</strong>: 13244.<br />long:',true,'');
INSERT INTO Question (id,realmId,type,text) OVERRIDING SYSTEM VALUE VALUES (46,4,0,'При присваивании переменным того же типа, но меньшей размерности происходит имплицитный кастинг, если число позволяет, но при передаче в метод, ожидающий меньшей размерности, кастинг потребуется явный:<br />...<br />&nbsp;&nbsp;&nbsp; static void aaa(byte b) {}<br />&nbsp;&nbsp;&nbsp; static void bbb(float f) {}<br />&nbsp;&nbsp;&nbsp;&nbsp;<br />&nbsp;&nbsp;&nbsp; public static void main(String args[]) {<br />&nbsp;&nbsp;&nbsp;&nbsp;&nbsp;&nbsp;&nbsp; aaa(1); //DOESNT COMPILE!<br />&nbsp;&nbsp;&nbsp;&nbsp;&nbsp;&nbsp;&nbsp; bbb(5.5); //DOESNT COMPILE!<br />&nbsp;&nbsp;&nbsp; }<br />...');
INSERT INTO Question (id,realmId,type,text) OVERRIDING SYSTEM VALUE VALUES (47,4,0,'Если с целочисленным параметром вызывается метод, для которого есть перезагрузки с float и double - запустится метод с float:<br />...<br />&nbsp;&nbsp;&nbsp; static void ccc(double d) { System.out.println("ccc double");}<br />&nbsp;&nbsp;&nbsp; static void ccc(float f) { System.out.println("ccc float");}<br />&nbsp;&nbsp;&nbsp; <br />&nbsp;&nbsp;&nbsp; public static void main(String args[]) {<br />&nbsp;&nbsp;&nbsp;&nbsp;&nbsp;&nbsp;&nbsp; ccc(6);<br />&nbsp;&nbsp;&nbsp; }<br />...<br />&gt;&gt;&gt; ccc float');
INSERT INTO Question (id,realmId,type,text) OVERRIDING SYSTEM VALUE VALUES (48,4,0,'Если byte передается в метод, у которого есть перезагрузки с int и short, запустится short:<br />...<br />&nbsp;&nbsp;&nbsp; static void ccc(int d) { System.out.println("ccc int");}<br />&nbsp;&nbsp;&nbsp; static void ccc(short d) { System.out.println("ccc short");}<br />&nbsp;&nbsp;&nbsp;&nbsp;<br />&nbsp;&nbsp;&nbsp; public static void main(String args[]) {<br />&nbsp;&nbsp;&nbsp;&nbsp;&nbsp;&nbsp;&nbsp; byte b = 6;<br />&nbsp;&nbsp;&nbsp;&nbsp;&nbsp;&nbsp;&nbsp; ccc(b);<br />&nbsp;&nbsp;&nbsp; }<br />...<br />&gt;&gt;&gt; ccc short');
INSERT INTO Question (id,realmId,type,text) OVERRIDING SYSTEM VALUE VALUES (49,4,0,'Возможно присваивать&nbsp;числовой литерал переменным меньшей размерности (short, byte) - при условии, что&nbsp;допустим имплицитный кастинг:<br />byte b = 13;<br />byte c = 133; //DOESN''T COMPILE<br /><br />Однако при передаче целочисленного литерала в метод, который принимает параметр меньшей размерности, требуется явный кастинг:<br /><br />&nbsp;&nbsp;&nbsp; static void ccc(short d) { }<br /><br />&nbsp;&nbsp;&nbsp; public static void main(String args[]) {<br />&nbsp;&nbsp;&nbsp;&nbsp;&nbsp;&nbsp;&nbsp; ccc(3);&nbsp;//DOESN''T COMPILE<br />&nbsp;&nbsp;&nbsp; }');
INSERT INTO Question (id,realmId,type,text) OVERRIDING SYSTEM VALUE VALUES (50,4,0,'Литерал double нельзя присвоить переменной float.<br /><br />float b = 13.8; //DOESN''T COMPILE<br /><br />Также&nbsp;для передачи double-литерала в метод, который принимает параметр float, потребуется явный кастинг:<br /><br />&nbsp;&nbsp;&nbsp; static void ccc(float f) { }<br /><br />&nbsp;&nbsp;&nbsp; public static void main(String args[]) {<br />&nbsp;&nbsp;&nbsp;&nbsp;&nbsp;&nbsp;&nbsp; ccc(3.5);&nbsp;//DOESN''T COMPILE<br />&nbsp;&nbsp;&nbsp; }');
INSERT INTO Question (id,realmId,type,text) OVERRIDING SYSTEM VALUE VALUES (51,4,1,'Какие строки из перечисленных скомпилируются?');
	INSERT INTO Answer (id,questionId,text,correct,comment) OVERRIDING SYSTEM VALUE VALUES (90,51,'long max = 3123456789;',false,'');
	INSERT INTO Answer (id,questionId,text,correct,comment) OVERRIDING SYSTEM VALUE VALUES (91,51,'long max = 3123456789.5;',false,'');
	INSERT INTO Answer (id,questionId,text,correct,comment) OVERRIDING SYSTEM VALUE VALUES (92,51,'long max = 3123456789L;',true,'');
	INSERT INTO Answer (id,questionId,text,correct,comment) OVERRIDING SYSTEM VALUE VALUES (93,51,'long max = 3123456789l;',true,'');
INSERT INTO ThemeQuestion (themeId,questionId) VALUES (0,23);
INSERT INTO ThemeQuestion (themeId,questionId) VALUES (0,24);
INSERT INTO ThemeQuestion (themeId,questionId) VALUES (0,27);
INSERT INTO ThemeQuestion (themeId,questionId) VALUES (0,29);
INSERT INTO ThemeQuestion (themeId,questionId) VALUES (0,30);
INSERT INTO ThemeQuestion (themeId,questionId) VALUES (0,31);
INSERT INTO ThemeQuestion (themeId,questionId) VALUES (0,32);
INSERT INTO ThemeQuestion (themeId,questionId) VALUES (0,33);
INSERT INTO ThemeQuestion (themeId,questionId) VALUES (0,34);
INSERT INTO ThemeQuestion (themeId,questionId) VALUES (0,35);
INSERT INTO ThemeQuestion (themeId,questionId) VALUES (0,36);
INSERT INTO ThemeQuestion (themeId,questionId) VALUES (0,37);
INSERT INTO ThemeQuestion (themeId,questionId) VALUES (1,0);
INSERT INTO ThemeQuestion (themeId,questionId) VALUES (0,38);
INSERT INTO ThemeQuestion (themeId,questionId) VALUES (0,39);
INSERT INTO ThemeQuestion (themeId,questionId) VALUES (0,40);
INSERT INTO ThemeQuestion (themeId,questionId) VALUES (0,43);
INSERT INTO ThemeQuestion (themeId,questionId) VALUES (0,44);
INSERT INTO ThemeQuestion (themeId,questionId) VALUES (0,45);
INSERT INTO ThemeQuestion (themeId,questionId) VALUES (0,46);
INSERT INTO ThemeQuestion (themeId,questionId) VALUES (0,47);
INSERT INTO ThemeQuestion (themeId,questionId) VALUES (0,48);
INSERT INTO ThemeQuestion (themeId,questionId) VALUES (0,49);
INSERT INTO ThemeQuestion (themeId,questionId) VALUES (0,50);
INSERT INTO ThemeQuestion (themeId,questionId) VALUES (0,51);
INSERT INTO ThemeQuestion (themeId,questionId) VALUES (1,19);
INSERT INTO ThemeQuestion (themeId,questionId) VALUES (1,28);
INSERT INTO ThemeQuestion (themeId,questionId) VALUES (0,2);
INSERT INTO ThemeQuestion (themeId,questionId) VALUES (0,3);
INSERT INTO ThemeQuestion (themeId,questionId) VALUES (0,4);
INSERT INTO ThemeQuestion (themeId,questionId) VALUES (0,6);
INSERT INTO ThemeQuestion (themeId,questionId) VALUES (0,7);
INSERT INTO ThemeQuestion (themeId,questionId) VALUES (0,8);
INSERT INTO ThemeQuestion (themeId,questionId) VALUES (0,10);
INSERT INTO ThemeQuestion (themeId,questionId) VALUES (0,11);
INSERT INTO ThemeQuestion (themeId,questionId) VALUES (0,12);
INSERT INTO ThemeQuestion (themeId,questionId) VALUES (0,13);
INSERT INTO ThemeQuestion (themeId,questionId) VALUES (0,14);
INSERT INTO ThemeQuestion (themeId,questionId) VALUES (0,16);
INSERT INTO ThemeQuestion (themeId,questionId) VALUES (0,17);
INSERT INTO ThemeQuestion (themeId,questionId) VALUES (0,18);
INSERT INTO ThemeQuestion (themeId,questionId) VALUES (0,19);
INSERT INTO ThemeQuestion (themeId,questionId) VALUES (0,20);
INSERT INTO ThemeQuestion (themeId,questionId) VALUES (0,21);
INSERT INTO ThemeQuestion (themeId,questionId) VALUES (0,22);
