DROP TABLE Realm IF EXISTS;
CREATE TABLE Realm (id INTEGER GENERATED ALWAYS AS IDENTITY PRIMARY KEY, text VARCHAR(20), description VARCHAR(2000));
DROP TABLE Theme IF EXISTS;
CREATE TABLE Theme (id INTEGER GENERATED ALWAYS AS IDENTITY PRIMARY KEY, realmId int, text VARCHAR(2000), number DOUBLE);
DROP TABLE Question IF EXISTS;
CREATE TABLE Question (id INTEGER GENERATED ALWAYS AS IDENTITY PRIMARY KEY, realmId int, type int, text VARCHAR(2000));
	DROP TABLE Answer IF EXISTS;
	CREATE TABLE Answer (id INTEGER GENERATED ALWAYS AS IDENTITY PRIMARY KEY, questionId int, correct boolean, text VARCHAR(2000), comment VARCHAR(2000));
DROP TABLE ThemeQuestion IF EXISTS;
CREATE TABLE ThemeQuestion (themeId int, questionId int, PRIMARY KEY(themeId, questionId));
DROP TABLE Image IF EXISTS;
CREATE TABLE Image (id INTEGER GENERATED ALWAYS AS IDENTITY PRIMARY KEY, filename VARCHAR(2000), extension VARCHAR(10));
DROP TABLE UserAnswer IF EXISTS;
CREATE TABLE UserAnswer (id INTEGER GENERATED ALWAYS AS IDENTITY PRIMARY KEY, questionId int, correct boolean);
DROP TABLE ThemeExam IF EXISTS;
CREATE TABLE ThemeExam (id INTEGER GENERATED ALWAYS AS IDENTITY PRIMARY KEY, themeId int, percentage DOUBLE, date TIMESTAMP);
INSERT INTO Realm (id,text,description) OVERRIDING SYSTEM VALUE VALUES (0,'java','Java');
INSERT INTO Realm (id,text,description) OVERRIDING SYSTEM VALUE VALUES (1,'kotlin','Kotlin');
INSERT INTO Realm (id,text,description) OVERRIDING SYSTEM VALUE VALUES (2,'sql','SQL');
INSERT INTO Realm (id,text,description) OVERRIDING SYSTEM VALUE VALUES (3,'minecraft','MINECRAFT');
INSERT INTO Realm (id,text,description) OVERRIDING SYSTEM VALUE VALUES (4,'oca_1','Сертификат OCA');
INSERT INTO Realm (id,text,description) OVERRIDING SYSTEM VALUE VALUES (5,'test','ТЕСТ');
INSERT INTO Realm (id,text,description) OVERRIDING SYSTEM VALUE VALUES (6,'common','Общие вопросы');
INSERT INTO Realm (id,text,description) OVERRIDING SYSTEM VALUE VALUES (7,'history','История');
INSERT INTO Theme (id,realmId,text,number) OVERRIDING SYSTEM VALUE VALUES (0,4,'Основы',1.0);
INSERT INTO Theme (id,realmId,text,number) OVERRIDING SYSTEM VALUE VALUES (1,4,'Особенности экзамена',0.0);
INSERT INTO Theme (id,realmId,text,number) OVERRIDING SYSTEM VALUE VALUES (2,4,'Задания к теме',1.1);
INSERT INTO Theme (id,realmId,text,number) OVERRIDING SYSTEM VALUE VALUES (3,0,'вавап',4.0);
INSERT INTO Theme (id,realmId,text,number) OVERRIDING SYSTEM VALUE VALUES (4,0,'К собеседованию',100.0);
INSERT INTO Theme (id,realmId,text,number) OVERRIDING SYSTEM VALUE VALUES (5,4,'Пополняемые тесты',0.0);
INSERT INTO Theme (id,realmId,text,number) OVERRIDING SYSTEM VALUE VALUES (6,4,'Операторы и управляющие конструкции',2.0);
INSERT INTO Theme (id,realmId,text,number) OVERRIDING SYSTEM VALUE VALUES (7,4,'Задания к теме',2.1);
INSERT INTO Theme (id,realmId,text,number) OVERRIDING SYSTEM VALUE VALUES (8,4,'Основной API Java',3.0);
INSERT INTO Theme (id,realmId,text,number) OVERRIDING SYSTEM VALUE VALUES (9,0,'Интересные факты',1.0);
INSERT INTO Question (id,realmId,type,text) OVERRIDING SYSTEM VALUE VALUES (0,4,0,'Тесты экзамена предполагают обычно 5 или 6 ответов, со множественным выбором.');
INSERT INTO Question (id,realmId,type,text) OVERRIDING SYSTEM VALUE VALUES (1,4,0,'Нельзя реализовать в классе два интерфейса с общим дефолтным методом, если не переопределить этот метод в классе.');
INSERT INTO Question (id,realmId,type,text) OVERRIDING SYSTEM VALUE VALUES (2,4,2,'<p>Перечислите 3 вида комментариев в Java</p>');
	INSERT INTO Answer (id,questionId,text,correct,comment) OVERRIDING SYSTEM VALUE VALUES (79,2,'<p>1. Комменарий до конца строки:<br />// comment until end of line<br />2. Многострочный комментарий (звездочки на промежуточных строках необязательны):<br />/*&nbsp; Multiple<br />[*] line<br />comment */<br />3. Комментарий Javadoc<br />/**<br />[*] Javadoc multiple-line comment<br />[*] @author Jeanne and Scott<br />*/</p>',true,'');
INSERT INTO Question (id,realmId,type,text) OVERRIDING SYSTEM VALUE VALUES (3,4,0,'Особенности комментариев. <br />- Любые символы между /* и */ - часть многострочного комментария <br />- Любые символы после // - часть однострочного комментария <br />- Вкладывать многострочные комментарии друг в друга нельзя - компилятор реагирует на первый закрывающий, и последующие закрывающие остаются неинтерпретируемыми:<br />/* * /* ferret */ */ (для компилятора то же самое, что просто */)');
INSERT INTO Question (id,realmId,type,text) OVERRIDING SYSTEM VALUE VALUES (4,4,0,'В одном файле может быть определено несколько классов. Только один из них может быть объявлен как <strong>public</strong>, и в этом случае имя файла должно совпадать с именем класса.');
INSERT INTO Question (id,realmId,type,text) OVERRIDING SYSTEM VALUE VALUES (5,7,1,'В каком веке родился <strong>Александр</strong> Македонский?');
	INSERT INTO Answer (id,questionId,text,correct,comment) OVERRIDING SYSTEM VALUE VALUES (75,5,'III до н.э.',true,'');
	INSERT INTO Answer (id,questionId,text,correct,comment) OVERRIDING SYSTEM VALUE VALUES (76,5,'II н.э.',false,'');
	INSERT INTO Answer (id,questionId,text,correct,comment) OVERRIDING SYSTEM VALUE VALUES (77,5,'II до н.э.',false,'');
	INSERT INTO Answer (id,questionId,text,correct,comment) OVERRIDING SYSTEM VALUE VALUES (78,5,'XX век',false,'');
INSERT INTO Question (id,realmId,type,text) OVERRIDING SYSTEM VALUE VALUES (6,4,2,'Как скомпилировать и запустить java-файл из командной строки?');
	INSERT INTO Answer (id,questionId,text,correct,comment) OVERRIDING SYSTEM VALUE VALUES (80,6,'$ javac Zoo.java <br />$ java Zoo',true,'');
INSERT INTO Question (id,realmId,type,text) OVERRIDING SYSTEM VALUE VALUES (7,4,0,'Очень полезно следовать следующим правилам именования: <br />1. Один файл - один класс <br />2. Имя класса = имя файла');
INSERT INTO Question (id,realmId,type,text) OVERRIDING SYSTEM VALUE VALUES (8,4,0,'Если в классе <strong>Test.java</strong> нет <strong>static</strong>-метода <em>main</em>(), то при попытке запуска <strong>Test.class</strong> будет ошибка (например, <em>Main method not found in class...</em>).');
INSERT INTO Question (id,realmId,type,text) OVERRIDING SYSTEM VALUE VALUES (9,2,0,'Какой оператор1?');
	INSERT INTO Answer (id,questionId,text,correct,comment) OVERRIDING SYSTEM VALUE VALUES (65,9,'SELECT FROM',true,'');
	INSERT INTO Answer (id,questionId,text,correct,comment) OVERRIDING SYSTEM VALUE VALUES (66,9,'GOPRKD',false,'');
	INSERT INTO Answer (id,questionId,text,correct,comment) OVERRIDING SYSTEM VALUE VALUES (67,9,'UPDATE SET',true,'');
INSERT INTO Question (id,realmId,type,text) OVERRIDING SYSTEM VALUE VALUES (10,4,2,'Как можно корректно задать строковый параметр метода <em>main()?</em>');
	INSERT INTO Answer (id,questionId,text,correct,comment) OVERRIDING SYSTEM VALUE VALUES (81,10,'String[] args<br />String args[]<br />String... args',true,'');
INSERT INTO Question (id,realmId,type,text) OVERRIDING SYSTEM VALUE VALUES (11,4,1,'Сколько wildcard-звездочек может быть в строке импорта?');
	INSERT INTO Answer (id,questionId,text,correct,comment) OVERRIDING SYSTEM VALUE VALUES (83,11,'Сколько угодно:<br /><strong>import java.nio.*.*;</strong>',false,'');
	INSERT INTO Answer (id,questionId,text,correct,comment) OVERRIDING SYSTEM VALUE VALUES (84,11,'Только одна, в любом месте импорта:<br /><strong>import java.nio.*.Files;</strong>',false,'');
	INSERT INTO Answer (id,questionId,text,correct,comment) OVERRIDING SYSTEM VALUE VALUES (85,11,'Только одна,&nbsp;в конце импорта:<br /><strong>import java.nio.file.*;</strong>',true,'');
INSERT INTO Question (id,realmId,type,text) OVERRIDING SYSTEM VALUE VALUES (12,4,2,'Как задать строковые параметры при старте программы из командной строки?');
	INSERT INTO Answer (id,questionId,text,correct,comment) OVERRIDING SYSTEM VALUE VALUES (82,12,'$ javac Zoo.java<br />$ java Zoo Bronx Сat<br />$ java Zoo "San Diego" Gon',true,'');
INSERT INTO Question (id,realmId,type,text) OVERRIDING SYSTEM VALUE VALUES (13,4,2,'Может ли обычный импорт импортировать методы и поля класса?<br /><strong>import java.nio.files.Paths.*;</strong>');
	INSERT INTO Answer (id,questionId,text,correct,comment) OVERRIDING SYSTEM VALUE VALUES (86,13,'Нет.',true,'');
INSERT INTO Question (id,realmId,type,text) OVERRIDING SYSTEM VALUE VALUES (14,4,0,'<p>Прямой импорт нескольких классов с одинаковыми именами не скомпилируется:<br />import java.util.<strong>Date;</strong><br />import java.sql.<strong>Date; </strong>// <em>DOES NOT COMPILE</em><br /><br />Импорт с wildcald скомпилируется:<br />import java.util.*;<br />import java.sql.*;<br />...<br /><em>но если в коде будет ссылка на тип, который есть в обоих пакетах, также будет ошибка:</em><br />...<br />public class Test {<br />&nbsp;&nbsp;&nbsp; Date date; // <em>DOES NOT COMPILE</em><br />}</p>');
INSERT INTO Question (id,realmId,type,text) OVERRIDING SYSTEM VALUE VALUES (15,3,1,'Minecraft - это очень классная игра?');
	INSERT INTO Answer (id,questionId,text,correct,comment) OVERRIDING SYSTEM VALUE VALUES (7,15,'Да',true,'');
	INSERT INTO Answer (id,questionId,text,correct,comment) OVERRIDING SYSTEM VALUE VALUES (8,15,'Нет',false,'');
	INSERT INTO Answer (id,questionId,text,correct,comment) OVERRIDING SYSTEM VALUE VALUES (9,15,'Конечно',true,'');
INSERT INTO Question (id,realmId,type,text) OVERRIDING SYSTEM VALUE VALUES (16,4,2,'<p>Почему<br /><em><br />import java.util.Date;</em><br /><em>import java.sql.Date;</em><br /><br />не скомпилируется, а <br /><em><br />import java.util.*;<br /></em><em>import java.sql.Date;<br /><br /></em>скомпилируется?<br /><br /></p>');
	INSERT INTO Answer (id,questionId,text,correct,comment) OVERRIDING SYSTEM VALUE VALUES (12,16,'<p>Потому что эксплицитное указание имени класса имеет преимущество над любым wildcard-выражением.</p>',true,'');
INSERT INTO Question (id,realmId,type,text) OVERRIDING SYSTEM VALUE VALUES (17,4,2,'<p>Как быть, если в коде одновременно нужно использовать классы с одинаковым именем из разных пакетов?</p>');
	INSERT INTO Answer (id,questionId,text,correct,comment) OVERRIDING SYSTEM VALUE VALUES (14,17,'<p>Использовать полное (fully qualified) имя класса.</p>',true,'');
INSERT INTO Question (id,realmId,type,text) OVERRIDING SYSTEM VALUE VALUES (18,4,0,'Classpath можно задать в командной строке:<br /><br />1. Windows<br /><br />java -cp ".;C:\temp\someOtherLocation;c:\temp\myJar.jar" myPackage.MyClass<br /><br />2. Linux<br /><br />java -cp ".:/tmp/someOtherLocation:/tmp/myJar.jar" myPackage.MyClass<br /><br />. (точка) означает, что текущая папка включается в Classpath. <br /><br />Можно использовать wildcard, чтобы включить все jar-файлы в конкретной папке:<br /><br />java -cp "C:\temp\directoryWithJars\*" myPackage.MyClass');
	INSERT INTO Answer (id,questionId,text,correct,comment) OVERRIDING SYSTEM VALUE VALUES (16,18,'sdf',false,'');
INSERT INTO Question (id,realmId,type,text) OVERRIDING SYSTEM VALUE VALUES (19,4,1,'Отметьте фрагменты кода, которые скомпилируются.');
	INSERT INTO Answer (id,questionId,text,correct,comment) OVERRIDING SYSTEM VALUE VALUES (19,19,'6: public void method(ArrayList list) {<br />7:&nbsp;&nbsp;&nbsp;&nbsp;&nbsp; if (list.isEmpty()) { System.out.println("e");<br />8:&nbsp;&nbsp;&nbsp;&nbsp;&nbsp; } else { System.out.println("n");<br />9:&nbsp;&nbsp;&nbsp;&nbsp;&nbsp; } }',true,'');
	INSERT INTO Answer (id,questionId,text,correct,comment) OVERRIDING SYSTEM VALUE VALUES (22,19,'1: public class LineNumbers {<br />2:&nbsp;&nbsp;&nbsp;&nbsp;&nbsp; public void method(ArrayList list) {<br />3:&nbsp;&nbsp;&nbsp;&nbsp;&nbsp;&nbsp;&nbsp;&nbsp;&nbsp; if (list.isEmpty()) { System.out.println("e");<br />4:&nbsp;&nbsp;&nbsp;&nbsp;&nbsp;&nbsp;&nbsp;&nbsp;&nbsp; } else { System.out.println("n");<br />5:&nbsp;&nbsp;&nbsp;&nbsp; } } }',false,'');
INSERT INTO Question (id,realmId,type,text) OVERRIDING SYSTEM VALUE VALUES (20,4,2,'<p>Может ли имя метода совпадать с именем конструктора (класса).</p>');
	INSERT INTO Answer (id,questionId,text,correct,comment) OVERRIDING SYSTEM VALUE VALUES (57,20,'<p>Да</p>',true,'');
INSERT INTO Question (id,realmId,type,text) OVERRIDING SYSTEM VALUE VALUES (21,4,0,'<strong>Указания по запуску классов в пакетах из командной строки.</strong><br /><br />Пусть есть два класса:<br /><br />C:\temp\packagea\<strong>ClassA</strong>.java<br /><em>package packagea;</em><br /><em>public class ClassA {</em><br /><em>}</em><br /><br />C:\temp\packageb\<strong>ClassB</strong>.java<br /><br />package packageb;<br />import packagea.ClassA;<br />public class ClassB {<br />&nbsp;public static void main(String[] args) {<br />&nbsp;&nbsp;ClassA a;<br />&nbsp;&nbsp;System.out.println("Got it");<br />&nbsp;}<br />}<br /><br />Для компиляции:<br /><br /><em>cd c:\temp</em><br /><em>javac packagea/ClassA.java packageb/ClassB.java</em><br /><br />Для запуска:<br /><br /><em>java packageb.ClassB<br /><br /></em>ClassPath будет отсчитываться от папки вызова java-утилит');
INSERT INTO Question (id,realmId,type,text) OVERRIDING SYSTEM VALUE VALUES (22,4,0,'<p>Порядок определения членов класса важен!<br /><br />public class Name {<br />&nbsp;&nbsp;&nbsp; String first = "Theodore";<br />&nbsp;&nbsp;&nbsp; String last = "Moose";<br />&nbsp;&nbsp;&nbsp; String full = first + last;<br />}<br /><br /></p>');
INSERT INTO Question (id,realmId,type,text) OVERRIDING SYSTEM VALUE VALUES (23,4,0,'Если пакет не указан, то говорят о пакете по умолчанию (<em>default package</em>). Создавать классы в пакете по умолчанию следует только для тестовых и отладочных целей.');
INSERT INTO Question (id,realmId,type,text) OVERRIDING SYSTEM VALUE VALUES (24,4,0,'Основная цель конструктора - инициализация полей класса.');
INSERT INTO Question (id,realmId,type,text) OVERRIDING SYSTEM VALUE VALUES (25,6,1,'Что такое Apple?');
	INSERT INTO Answer (id,questionId,text,correct,comment) OVERRIDING SYSTEM VALUE VALUES (32,25,'Это бренд техники.',true,'');
	INSERT INTO Answer (id,questionId,text,correct,comment) OVERRIDING SYSTEM VALUE VALUES (33,25,'Это операционная система.',false,'');
	INSERT INTO Answer (id,questionId,text,correct,comment) OVERRIDING SYSTEM VALUE VALUES (30,25,'Это телефоны.',false,'');
	INSERT INTO Answer (id,questionId,text,correct,comment) OVERRIDING SYSTEM VALUE VALUES (31,25,'Это яблоко.',true,'');
INSERT INTO Question (id,realmId,type,text) OVERRIDING SYSTEM VALUE VALUES (26,6,1,'Как правильно пишется слово ш..колад?');
	INSERT INTO Answer (id,questionId,text,correct,comment) OVERRIDING SYSTEM VALUE VALUES (34,26,'Шакалад',false,'');
	INSERT INTO Answer (id,questionId,text,correct,comment) OVERRIDING SYSTEM VALUE VALUES (35,26,'Шоколад',true,'');
	INSERT INTO Answer (id,questionId,text,correct,comment) OVERRIDING SYSTEM VALUE VALUES (36,26,'Шиколад',false,'');
	INSERT INTO Answer (id,questionId,text,correct,comment) OVERRIDING SYSTEM VALUE VALUES (59,26,'Шуколад',false,'');
INSERT INTO Question (id,realmId,type,text) OVERRIDING SYSTEM VALUE VALUES (27,4,0,'Блок кода (<em>code block</em>) - код в фигурных скобках.');
INSERT INTO Question (id,realmId,type,text) OVERRIDING SYSTEM VALUE VALUES (28,4,0,'Если в вопросе экзамена не идет речь об импорте, строки импорта могут быть опущены, но подразумевается, что они есть (нумерация строк не начинается с единицы).<br /><br />Аналогичным образом отсутствие метода <em>main()</em> не является признаком ошибочности - он так же опускается.');
INSERT INTO Question (id,realmId,type,text) OVERRIDING SYSTEM VALUE VALUES (29,4,0,'Инициализатор экземпляра (<em>instance initializer</em>) может быть только один в классе.');
INSERT INTO Question (id,realmId,type,text) OVERRIDING SYSTEM VALUE VALUES (30,4,2,'Каков порядок выполнения кода в классе?');
	INSERT INTO Answer (id,questionId,text,correct,comment) OVERRIDING SYSTEM VALUE VALUES (40,30,'* Поля и инициализатор экземпляра выполняются в том порядке, в каком они идут в файле.<br />* Конструктор выполняется после всех полей&nbsp;экземпляра и инициализатора экземпляра.',true,'');
INSERT INTO Question (id,realmId,type,text) OVERRIDING SYSTEM VALUE VALUES (31,4,2,'<p>Скомпилируется ли следующий код?<br /><br />class Clazz {<br />&nbsp;{ System.out.println(name); }<br />&nbsp;private String name = "Fluffy";<br />}</p>');
	INSERT INTO Answer (id,questionId,text,correct,comment) OVERRIDING SYSTEM VALUE VALUES (43,31,'<p>Нет. Нельзя ссылаться на переменную, которая еще не инициализирована.</p>',true,'');
INSERT INTO Question (id,realmId,type,text) OVERRIDING SYSTEM VALUE VALUES (32,4,0,'<p>Все в Java сводитсяк 8 примитивным типам данных, т.к. объектные типы сводятся к набору примитивных.</p>');
INSERT INTO Question (id,realmId,type,text) OVERRIDING SYSTEM VALUE VALUES (33,4,2,'Перечислите примитивные типы данных в Java.');
	INSERT INTO Answer (id,questionId,text,correct,comment) OVERRIDING SYSTEM VALUE VALUES (50,33,'boolean, byte, short, int, long, float, double, char',true,'');
INSERT INTO Question (id,realmId,type,text) OVERRIDING SYSTEM VALUE VALUES (34,4,0,'Названия пакетов подчиняются тем же правилам именования, что и переменные.');
INSERT INTO Question (id,realmId,type,text) OVERRIDING SYSTEM VALUE VALUES (35,4,2,'Назовите разрядность и диапазон типа <strong>int</strong>');
	INSERT INTO Answer (id,questionId,text,correct,comment) OVERRIDING SYSTEM VALUE VALUES (52,35,'<p>32 бит, [-2 147 483 648, 2 147 483 647]</p>',true,'');
INSERT INTO Question (id,realmId,type,text) OVERRIDING SYSTEM VALUE VALUES (36,4,1,'Что будет напечатано после выполнения следующего кода?<br /><br />public class Egg {<br />&nbsp;&nbsp;&nbsp;&nbsp;&nbsp;&nbsp;&nbsp; public Egg() {<br />&nbsp;&nbsp;&nbsp;&nbsp;&nbsp;&nbsp;&nbsp;&nbsp;&nbsp;&nbsp;&nbsp;&nbsp;&nbsp;&nbsp;&nbsp; number = 5;<br />&nbsp;&nbsp;&nbsp;&nbsp;&nbsp;&nbsp;&nbsp; }<br />&nbsp;&nbsp;&nbsp;&nbsp;&nbsp;&nbsp;&nbsp; public static void main(String[] args) {<br />&nbsp;&nbsp;&nbsp;&nbsp;&nbsp;&nbsp;&nbsp;&nbsp;&nbsp;&nbsp;&nbsp;&nbsp;&nbsp;&nbsp;&nbsp; Egg egg = new Egg();<br />&nbsp;&nbsp;&nbsp;&nbsp;&nbsp;&nbsp;&nbsp;&nbsp;&nbsp;&nbsp;&nbsp;&nbsp;&nbsp;&nbsp;&nbsp; System.out.println(egg.number);<br />&nbsp;&nbsp;&nbsp;&nbsp;&nbsp;&nbsp;&nbsp; }<br />&nbsp;&nbsp;&nbsp;&nbsp;&nbsp;&nbsp;&nbsp; private int number = 3;<br />&nbsp;&nbsp;&nbsp;&nbsp;&nbsp;&nbsp;&nbsp; { number = 4; } <br />}');
	INSERT INTO Answer (id,questionId,text,correct,comment) OVERRIDING SYSTEM VALUE VALUES (53,36,'<p>3</p>',false,'');
	INSERT INTO Answer (id,questionId,text,correct,comment) OVERRIDING SYSTEM VALUE VALUES (54,36,'<p>4</p>',false,'');
	INSERT INTO Answer (id,questionId,text,correct,comment) OVERRIDING SYSTEM VALUE VALUES (55,36,'<p>5</p>',true,'');
INSERT INTO Question (id,realmId,type,text) OVERRIDING SYSTEM VALUE VALUES (37,4,2,'Назовите разрядность и диапазон типа <strong>byte</strong>');
	INSERT INTO Answer (id,questionId,text,correct,comment) OVERRIDING SYSTEM VALUE VALUES (87,37,'8 бит, [-128,&nbsp;127]',true,'');
INSERT INTO Question (id,realmId,type,text) OVERRIDING SYSTEM VALUE VALUES (38,4,2,'Назовите разрядность и диапазон типа <strong>long</strong>');
	INSERT INTO Answer (id,questionId,text,correct,comment) OVERRIDING SYSTEM VALUE VALUES (64,38,'<p>64 бит, [-9 223 372 036 854 775 808, 9 223 372 036 854 775 807]</p>',true,'');
INSERT INTO Question (id,realmId,type,text) OVERRIDING SYSTEM VALUE VALUES (39,4,2,'Назовите разрядность и диапазон типа <strong>short</strong>');
	INSERT INTO Answer (id,questionId,text,correct,comment) OVERRIDING SYSTEM VALUE VALUES (88,39,'16 бит, [-32 768, 32 767]',true,'');
INSERT INTO Question (id,realmId,type,text) OVERRIDING SYSTEM VALUE VALUES (40,4,2,'Чем конструктор отличается от метода?');
	INSERT INTO Answer (id,questionId,text,correct,comment) OVERRIDING SYSTEM VALUE VALUES (68,40,'у конструктора нет типа возвращаемого значения',true,'');
INSERT INTO Question (id,realmId,type,text) OVERRIDING SYSTEM VALUE VALUES (41,3,1,'Какой дроп у Крипера?');
	INSERT INTO Answer (id,questionId,text,correct,comment) OVERRIDING SYSTEM VALUE VALUES (71,41,'порох',true,'');
	INSERT INTO Answer (id,questionId,text,correct,comment) OVERRIDING SYSTEM VALUE VALUES (72,41,'Фейерверки',false,'');
	INSERT INTO Answer (id,questionId,text,correct,comment) OVERRIDING SYSTEM VALUE VALUES (73,41,'Динамит(ТНТ)',false,'');
	INSERT INTO Answer (id,questionId,text,correct,comment) OVERRIDING SYSTEM VALUE VALUES (74,41,'Пластинки',true,'');
INSERT INTO Question (id,realmId,type,text) OVERRIDING SYSTEM VALUE VALUES (42,6,0,'''''''');
INSERT INTO Question (id,realmId,type,text) OVERRIDING SYSTEM VALUE VALUES (43,4,0,'Wildcard при импорте распространяется только на классы, вложенные пакеты не просматриваются:<br />
<p><strong>import java.nio.*;</strong></p>
не импортирует класс java.nio.file.Files');
INSERT INTO Question (id,realmId,type,text) OVERRIDING SYSTEM VALUE VALUES (44,4,0,'Чтобы узнать минимальные и максимальные значения примитивных типов данных, можно обратиться к соответствующим константам классов-оберток. Например, <strong>Integer.MAX_VALUE</strong>');
INSERT INTO Question (id,realmId,type,text) OVERRIDING SYSTEM VALUE VALUES (45,4,2,'Приведите примеры&nbsp;числовых десятичных литералов Java.');
	INSERT INTO Answer (id,questionId,text,correct,comment) OVERRIDING SYSTEM VALUE VALUES (89,45,'<strong>int</strong>: 13244<br /><strong>long</strong>: 565L, 576l<br /><strong>float</strong>: -23.4F, -23.4f, 6F<br /><strong>double</strong>: 9.8, 10D, -11.1d',true,'');
INSERT INTO Question (id,realmId,type,text) OVERRIDING SYSTEM VALUE VALUES (46,4,0,'При присваивании переменным того же типа, но меньшей размерности происходит имплицитный кастинг, если число позволяет, но при передаче в метод, ожидающий меньшей размерности, кастинг потребуется явный:<br />...<br />&nbsp;&nbsp;&nbsp; static void aaa(byte b) {}<br />&nbsp;&nbsp;&nbsp; static void bbb(float f) {}<br />&nbsp;&nbsp;&nbsp;&nbsp;<br />&nbsp;&nbsp;&nbsp; public static void main(String args[]) {<br />&nbsp;&nbsp;&nbsp;&nbsp;&nbsp;&nbsp;&nbsp; aaa(1); //DOESNT COMPILE!<br />&nbsp;&nbsp;&nbsp;&nbsp;&nbsp;&nbsp;&nbsp; bbb(5.5); //DOESNT COMPILE!<br />&nbsp;&nbsp;&nbsp; }<br />...');
INSERT INTO Question (id,realmId,type,text) OVERRIDING SYSTEM VALUE VALUES (47,4,0,'Если с целочисленным параметром вызывается метод, для которого есть перезагрузки с float и double - запустится метод с float:<br />...<br />&nbsp;&nbsp;&nbsp; static void ccc(double d) { System.out.println("ccc double");}<br />&nbsp;&nbsp;&nbsp; static void ccc(float f) { System.out.println("ccc float");}<br />&nbsp;&nbsp;&nbsp; <br />&nbsp;&nbsp;&nbsp; public static void main(String args[]) {<br />&nbsp;&nbsp;&nbsp;&nbsp;&nbsp;&nbsp;&nbsp; ccc(6);<br />&nbsp;&nbsp;&nbsp; }<br />...<br />&gt;&gt;&gt; ccc float');
INSERT INTO Question (id,realmId,type,text) OVERRIDING SYSTEM VALUE VALUES (48,4,0,'Если byte передается в метод, у которого есть перезагрузки с int и short, запустится short:<br />...<br />&nbsp;&nbsp;&nbsp; static void ccc(int d) { System.out.println("ccc int");}<br />&nbsp;&nbsp;&nbsp; static void ccc(short d) { System.out.println("ccc short");}<br />&nbsp;&nbsp;&nbsp;&nbsp;<br />&nbsp;&nbsp;&nbsp; public static void main(String args[]) {<br />&nbsp;&nbsp;&nbsp;&nbsp;&nbsp;&nbsp;&nbsp; byte b = 6;<br />&nbsp;&nbsp;&nbsp;&nbsp;&nbsp;&nbsp;&nbsp; ccc(b);<br />&nbsp;&nbsp;&nbsp; }<br />...<br />&gt;&gt;&gt; ccc short');
INSERT INTO Question (id,realmId,type,text) OVERRIDING SYSTEM VALUE VALUES (49,4,0,'Возможно присваивать&nbsp;числовой литерал переменным меньшей размерности (short, byte) - при условии, что&nbsp;допустим имплицитный кастинг:<br />byte b = 13;<br />byte c = 133; //DOESN''T COMPILE<br /><br />Однако при передаче целочисленного литерала в метод, который принимает параметр меньшей размерности, требуется явный кастинг:<br /><br />&nbsp;&nbsp;&nbsp; static void ccc(short d) { }<br /><br />&nbsp;&nbsp;&nbsp; public static void main(String args[]) {<br />&nbsp;&nbsp;&nbsp;&nbsp;&nbsp;&nbsp;&nbsp; ccc(3);&nbsp;//DOESN''T COMPILE<br />&nbsp;&nbsp;&nbsp; }');
INSERT INTO Question (id,realmId,type,text) OVERRIDING SYSTEM VALUE VALUES (50,4,0,'Литерал double нельзя присвоить переменной float.<br /><br />float b = 13.8; //DOESN''T COMPILE<br /><br />Также&nbsp;для передачи double-литерала в метод, который принимает параметр float, потребуется явный кастинг:<br /><br />&nbsp;&nbsp;&nbsp; static void ccc(float f) { }<br /><br />&nbsp;&nbsp;&nbsp; public static void main(String args[]) {<br />&nbsp;&nbsp;&nbsp;&nbsp;&nbsp;&nbsp;&nbsp; ccc(3.5);&nbsp;//DOESN''T COMPILE<br />&nbsp;&nbsp;&nbsp; }');
INSERT INTO Question (id,realmId,type,text) OVERRIDING SYSTEM VALUE VALUES (51,4,1,'Какие строки из перечисленных скомпилируются?');
	INSERT INTO Answer (id,questionId,text,correct,comment) OVERRIDING SYSTEM VALUE VALUES (90,51,'long max = 3123456789;',false,'');
	INSERT INTO Answer (id,questionId,text,correct,comment) OVERRIDING SYSTEM VALUE VALUES (91,51,'long max = 3123456789.5;',false,'');
	INSERT INTO Answer (id,questionId,text,correct,comment) OVERRIDING SYSTEM VALUE VALUES (92,51,'long max = 3123456789L;',true,'');
	INSERT INTO Answer (id,questionId,text,correct,comment) OVERRIDING SYSTEM VALUE VALUES (93,51,'long max = 3123456789l;',true,'');
INSERT INTO Question (id,realmId,type,text) OVERRIDING SYSTEM VALUE VALUES (52,4,2,'Перечислите недесятичные числовые литералы в Java.');
	INSERT INTO Answer (id,questionId,text,correct,comment) OVERRIDING SYSTEM VALUE VALUES (94,52,'1. Восьмеричный (<em>octal</em>) - с префиксом "0": <strong>017</strong><br />2. Шестнадцатиричный (<em>hexadecimal</em>) - с префиксом "0x" или "0X": <strong>0xFF<br /></strong>3. Двоичный (<em>binary</em>):&nbsp; - с префиксом "0b" или "0B": <strong>0b10</strong>',true,'');
INSERT INTO Question (id,realmId,type,text) OVERRIDING SYSTEM VALUE VALUES (53,4,0,'В Java 7 добавлена возможность задавать разделитель разрядов в литералах: 1_000_000. Разделитель можно использовать везде, кроме<br />- начала литерала;<br />- конца литерала;<br />- перед десятичной точкой;<br />- после десятичной точки.');
INSERT INTO Question (id,realmId,type,text) OVERRIDING SYSTEM VALUE VALUES (54,4,1,'Какие присваивания литералов скомпилируются корректно?');
	INSERT INTO Answer (id,questionId,text,correct,comment) OVERRIDING SYSTEM VALUE VALUES (96,54,'int j = 01627_3;',true,'восьмеричный&nbsp;литерал с корректным разделителем разрядов');
	INSERT INTO Answer (id,questionId,text,correct,comment) OVERRIDING SYSTEM VALUE VALUES (97,54,'int k = 0XC____AFE;',true,'шестнадцатиричный&nbsp;литерал с корректным разделителем разрядов');
	INSERT INTO Answer (id,questionId,text,correct,comment) OVERRIDING SYSTEM VALUE VALUES (98,54,'float m = 13.34234;',false,'Попытка присвоить double-литерал float-переменной');
	INSERT INTO Answer (id,questionId,text,correct,comment) OVERRIDING SYSTEM VALUE VALUES (99,54,'float n = -9.342__3_4f;',true,'float-литерал с корректным разделителем разрядов');
	INSERT INTO Answer (id,questionId,text,correct,comment) OVERRIDING SYSTEM VALUE VALUES (100,54,'double o = __190.0;',false,'разделитель разрядов не может быть в начале литерала');
	INSERT INTO Answer (id,questionId,text,correct,comment) OVERRIDING SYSTEM VALUE VALUES (101,54,'byte p = 198_;',false,'- разделитель разрядов не может быть в&nbsp;конце литерала<br />- 198 находится за пределами диапазона byte');
	INSERT INTO Answer (id,questionId,text,correct,comment) OVERRIDING SYSTEM VALUE VALUES (102,54,'double q = 1_00_0_._0_0;',false,'разделитель разрядов не может быть перед или после десятичной точки');
	INSERT INTO Answer (id,questionId,text,correct,comment) OVERRIDING SYSTEM VALUE VALUES (103,54,'float r = 1_00_0.5_5_6F;',true,'float-литерал с корректным (хоть и странным) использованием разделителя разрядов');
	INSERT INTO Answer (id,questionId,text,correct,comment) OVERRIDING SYSTEM VALUE VALUES (95,54,'int i = 1_000_00;',true,'целочисленный литерал с корректным разделителем разрядов');
INSERT INTO Question (id,realmId,type,text) OVERRIDING SYSTEM VALUE VALUES (55,4,0,'Примитивным типам нельзя присваивать <strong>null</strong>.');
INSERT INTO Question (id,realmId,type,text) OVERRIDING SYSTEM VALUE VALUES (56,4,0,'Можно объявлять и инициализировать несколько переменных <strong>одного типа</strong> в одном выражении:<br />String s3 = "yes", s4 = "no";');
INSERT INTO Question (id,realmId,type,text) OVERRIDING SYSTEM VALUE VALUES (57,4,1,'Выберите строки, которые скомпилируются.');
	INSERT INTO Answer (id,questionId,text,correct,comment) OVERRIDING SYSTEM VALUE VALUES (112,57,'int i1; int i2;',true,'в одной строке может быть несколько отдельных выражений, разделенных точкой с запятой');
	INSERT INTO Answer (id,questionId,text,correct,comment) OVERRIDING SYSTEM VALUE VALUES (104,57,'String d, f;',true,'');
	INSERT INTO Answer (id,questionId,text,correct,comment) OVERRIDING SYSTEM VALUE VALUES (105,57,'<div>String d1, f1;</div>
<div>d1 = "asd", f1 = "dfg";</div>',false,'');
	INSERT INTO Answer (id,questionId,text,correct,comment) OVERRIDING SYSTEM VALUE VALUES (106,57,'<div>String d1 = "asd", f1 = "dfg";</div>
<div>&nbsp;</div>',true,'');
	INSERT INTO Answer (id,questionId,text,correct,comment) OVERRIDING SYSTEM VALUE VALUES (107,57,'String s1, s2, s3="ext";',true,'');
	INSERT INTO Answer (id,questionId,text,correct,comment) OVERRIDING SYSTEM VALUE VALUES (109,57,'int num, String value;',false,'разные типы объявляемых переменных;&nbsp;<span style="line-height: 18.2000007629395px;">более одного раза упоминается тип</span>');
	INSERT INTO Answer (id,questionId,text,correct,comment) OVERRIDING SYSTEM VALUE VALUES (110,57,'String s1 = "1", s2;',true,'');
	INSERT INTO Answer (id,questionId,text,correct,comment) OVERRIDING SYSTEM VALUE VALUES (111,57,'<div>double d1, double d2;</div>
<div>&nbsp;</div>',false,'<span style="line-height: 18.2000007629395px;">более одного раза упоминается тип</span>');
INSERT INTO Question (id,realmId,type,text) OVERRIDING SYSTEM VALUE VALUES (58,4,2,'Сколько переменных объявлено и инициализировано в следующем фрагменте кода?<br /><br />int i1, i2, i3 = 0;');
	INSERT INTO Answer (id,questionId,text,correct,comment) OVERRIDING SYSTEM VALUE VALUES (108,58,'Одна переменная объявлена и инициализирована (i3), другие две (i1 и i2) - только объявлены',true,'');
INSERT INTO Question (id,realmId,type,text) OVERRIDING SYSTEM VALUE VALUES (59,4,0,'Именование переменных, методов, классов, полей в Java подчиняется одним и тем же правилам.');
INSERT INTO Question (id,realmId,type,text) OVERRIDING SYSTEM VALUE VALUES (60,4,2,'Назовите три правила корректного именования идентификаторов в Java.');
	INSERT INTO Answer (id,questionId,text,correct,comment) OVERRIDING SYSTEM VALUE VALUES (113,60,'- Первым символом имени должна быть буква или символ <strong>$</strong> или <strong>_</strong>;<br />- Последующими символами могут быть цифрами;<br />- Нельзя использовать в качестве имени зарезервированное слово (keyword).',true,'');
INSERT INTO Question (id,realmId,type,text) OVERRIDING SYSTEM VALUE VALUES (61,4,0,'<strong>const</strong> и <strong>goto</strong> - зарезервированные слова в Java, но в языке они не используются');
INSERT INTO Question (id,realmId,type,text) OVERRIDING SYSTEM VALUE VALUES (62,4,2,'Перечислите ключевые слова Java.');
	INSERT INTO Answer (id,questionId,text,correct,comment) OVERRIDING SYSTEM VALUE VALUES (114,62,'abstract assert boolean break <br />byte case catch <br />char class const<br />continue default do <br />double else enum extends <br />false final finally float <br />for goto if <br />implements import instanceof <br />int interface long native <br />new null package <br />private protected public <br />return short static<br />strictfp super switch <br />synchronized this throw <br />throws transient true try<br />void volatile while',true,'');
INSERT INTO Question (id,realmId,type,text) OVERRIDING SYSTEM VALUE VALUES (63,4,1,'Отметьте корректные идентификаторы.');
	INSERT INTO Answer (id,questionId,text,correct,comment) OVERRIDING SYSTEM VALUE VALUES (115,63,'<p>cjslidjnekfyud</p>',true,'');
	INSERT INTO Answer (id,questionId,text,correct,comment) OVERRIDING SYSTEM VALUE VALUES (116,63,'$kcLDKfo8fid',true,'');
	INSERT INTO Answer (id,questionId,text,correct,comment) OVERRIDING SYSTEM VALUE VALUES (117,63,'_Ov9dloDof9',true,'');
	INSERT INTO Answer (id,questionId,text,correct,comment) OVERRIDING SYSTEM VALUE VALUES (118,63,'__DLFkd9FioD4$$',true,'');
	INSERT INTO Answer (id,questionId,text,correct,comment) OVERRIDING SYSTEM VALUE VALUES (119,63,'<p>6TCjjdKc</p>',false,'Идентификатор не может начинаться с номера');
	INSERT INTO Answer (id,questionId,text,correct,comment) OVERRIDING SYSTEM VALUE VALUES (120,63,'<p>vjdkslk@fudi</p>',false,'@ - не входит в число допустимых символов');
	INSERT INTO Answer (id,questionId,text,correct,comment) OVERRIDING SYSTEM VALUE VALUES (121,63,'<p>*$cioduff</p>',false,'*&nbsp;- не входит в число допустимых символов');
	INSERT INTO Answer (id,questionId,text,correct,comment) OVERRIDING SYSTEM VALUE VALUES (122,63,'public',false,'ключевое слово');
INSERT INTO Question (id,realmId,type,text) OVERRIDING SYSTEM VALUE VALUES (64,4,0,'На экзамене имеет смысл проверять корректность идентификаторов. Если имя идентификатора не соответствует правилам, можно сразу выбирать пункт "Doesn''t not compile".<br /><br />Также следует проверить области видимости переменных, чтобы не думать над отвлекающим сложным вопросом, а сразу отвечать "Doesn''t compile"');
INSERT INTO Question (id,realmId,type,text) OVERRIDING SYSTEM VALUE VALUES (65,0,0,'В идентификаторах Java могут использоваться все буквы Unicode (~45000 штук), а также несколько сотен не-арабских цифр.');
INSERT INTO Question (id,realmId,type,text) OVERRIDING SYSTEM VALUE VALUES (66,4,1,'Какие фрагменты кода из нижеперечисленных скомпилируются?');
	INSERT INTO Answer (id,questionId,text,correct,comment) OVERRIDING SYSTEM VALUE VALUES (128,66,'<p>public class Mouse {<br />&nbsp;static int MAX_LENGTH = 5;<br />&nbsp;int length;</p>
<p>&nbsp;public void grow(int inches) {<br />&nbsp;&nbsp;if (length &lt; MAX_LENGTH) {<br />&nbsp;&nbsp;&nbsp;int newSize = length + inches;<br />&nbsp;&nbsp;&nbsp;length = newSize;<br />&nbsp;&nbsp;}<br />&nbsp;}<br />}</p>',true,'');
	INSERT INTO Answer (id,questionId,text,correct,comment) OVERRIDING SYSTEM VALUE VALUES (123,66,'4: public int notValid() {<br />5:&nbsp;&nbsp; int y = 10;<br />6:&nbsp;&nbsp; int x;<br />7:&nbsp;&nbsp; int reply = x + y; // DOES NOT COMPILE<br />8:&nbsp;&nbsp; return reply;<br />9: }',false,'Не инициализирована переменная <strong>x</strong>');
	INSERT INTO Answer (id,questionId,text,correct,comment) OVERRIDING SYSTEM VALUE VALUES (124,66,'public int valid() {<br />&nbsp; int y = 10;<br />&nbsp; int x;&nbsp;<br />&nbsp; x = 3;<br />&nbsp; int reply = x + y;<br />&nbsp; return reply;<br />}',true,'');
	INSERT INTO Answer (id,questionId,text,correct,comment) OVERRIDING SYSTEM VALUE VALUES (125,66,'public void findAnswer(boolean check) {<br />&nbsp;int answer;<br />&nbsp;int onlyOneBranch;<br />&nbsp;if (check) {<br />&nbsp;&nbsp;onlyOneBranch = 1;<br />&nbsp;&nbsp;answer = 1;<br />&nbsp;} else {<br />&nbsp;&nbsp;answer = 2;<br />&nbsp;}<br />&nbsp;System.out.println(answer);<br />&nbsp;System.out.println(onlyOneBranch);<br />}',false,'Переменная <strong>onlyOneBranch</strong> может оказаться неинициализорованной в случае check==false');
	INSERT INTO Answer (id,questionId,text,correct,comment) OVERRIDING SYSTEM VALUE VALUES (127,66,'public void eatIfHungry(boolean hungry) {<br />&nbsp;if (hungry) {<br />&nbsp;&nbsp;int bitesOfCheese = 1;<br />&nbsp;&nbsp;{<br />&nbsp;&nbsp;&nbsp;boolean teenyBit = true;<br />&nbsp;&nbsp;&nbsp;System.out.println(bitesOfCheese);<br />&nbsp;&nbsp;}<br />&nbsp;}<br />&nbsp;System.out.println(teenyBit);<br />}',false,'Переменная <strong>teenyBit</strong> не видна за пределами своего блока.');
INSERT INTO Question (id,realmId,type,text) OVERRIDING SYSTEM VALUE VALUES (67,4,2,'Назовите все значения по умолчанию для переменных разных типов.');
	INSERT INTO Answer (id,questionId,text,correct,comment) OVERRIDING SYSTEM VALUE VALUES (126,67,'<strong>boolean: <em>false</em><br />byte, short, int, long: </strong><strong><em>0<br /></em>float, double: <em>0.0</em><br />char: </strong><strong><em>''\u0000''</em><br /></strong><strong>Объектные: <em>null</em></strong>',true,'');
INSERT INTO Question (id,realmId,type,text) OVERRIDING SYSTEM VALUE VALUES (68,4,0,'<p>Во фрагменте</p>
<p>&nbsp;public void eat(int piecesOfCheese) {<br />&nbsp;&nbsp;int bitesOfCheese = 1;<br />&nbsp;}</p>
<p>ровно две локальные переменные.</p>');
INSERT INTO Question (id,realmId,type,text) OVERRIDING SYSTEM VALUE VALUES (69,4,0,'Комментарии могут располагаться в любом месте кода');
INSERT INTO Question (id,realmId,type,text) OVERRIDING SYSTEM VALUE VALUES (70,4,2,'Укажите основные элементы файла с java-программой и их расположение друг отностительно друга.');
	INSERT INTO Answer (id,questionId,text,correct,comment) OVERRIDING SYSTEM VALUE VALUES (129,70,'<strong>Объявление пакета</strong>: первая строка<br /><strong>Объявление импорта</strong>:&nbsp; сразу после объявления пакета<br /><strong>Объявление класса</strong>:&nbsp; сразу после объявления импорта<br /><strong>Объявление поля класса</strong>: в любом месте внутри класса, но не внутри вложенных блоков<br /><strong>Объявление&nbsp;метода класса</strong>: в любом месте внутри класса, но не внутри вложенных блоков',true,'');
INSERT INTO Question (id,realmId,type,text) OVERRIDING SYSTEM VALUE VALUES (71,4,0,'В одном&nbsp;файле может быть объявлено несколько классов, но только один из них может быть <strong>public</strong>, причем в этом случае имя файла должно совпадать с именем класса. В файле может и не быть public-классов.');
INSERT INTO Question (id,realmId,type,text) OVERRIDING SYSTEM VALUE VALUES (72,4,0,'Метод <strong>System.gc()</strong> не запускает сборку мусора, а только рекомендует виртуальной машине ее запустить. Рекомендация может быть проигнорирована.');
INSERT INTO Question (id,realmId,type,text) OVERRIDING SYSTEM VALUE VALUES (73,4,0,'Отвечать на вопрос на тему сборки мусора лучше всего с карандашом и бумагой - если искать решение в уме, то легко ошибиться.');
INSERT INTO Question (id,realmId,type,text) OVERRIDING SYSTEM VALUE VALUES (74,4,2,'Какие объекты и в какой момент станут доступны для сборщика мусора?<br /><br />1: public class Scope {<br />2: &nbsp;public static void main(String[] args) {<br />3: &nbsp;&nbsp;String one, two;<br />4: &nbsp;&nbsp;one = new String("a");<br />5: &nbsp;&nbsp;two = new String("b");<br />6: &nbsp;&nbsp;one = two;<br />7: &nbsp;&nbsp;String three = one;<br />8: &nbsp;&nbsp;one = null;<br />9: } }');
	INSERT INTO Answer (id,questionId,text,correct,comment) OVERRIDING SYSTEM VALUE VALUES (130,74,'"a" - после строки 6;<br />"b" - после отработки всего метода.',true,'');
INSERT INTO Question (id,realmId,type,text) OVERRIDING SYSTEM VALUE VALUES (75,4,0,'Метод <strong>finalize()</strong> вызывается у объекта, когда он попадает в сборку мусора, причем если произошел сбой в работе gc и объект уничтожается повторно спустя некоторе время, вызов метода происходит только единожды - при первой попытке удаления. Таким образом, метод finalize() лучше не использовать, полагаться на него нельзя: либо он вообще не вызовется (JVM не сочтет необходимым вызывать gc), либо вызовется некорректно.');
INSERT INTO Question (id,realmId,type,text) OVERRIDING SYSTEM VALUE VALUES (76,4,0,'<p>Категорически нельзя делать следующее:</p>
<p>public class Finalizer {<br />&nbsp;private static List objects = new ArrayList();<br />&nbsp;protected void finalize() {<br />&nbsp;&nbsp;objects.add(this); // Don''t do this<br />&nbsp;} <br />}</p>
<p>При первой попытке удаления JVM поймет, что в статической переменной осталась ссылка на объект, и не удалит его. При повторном удалении (например, когда Finalizer.objects станет null) метод finalize(), в котором может быть какая-то важная логика, просто не будет запущен.</p>');
INSERT INTO Question (id,realmId,type,text) OVERRIDING SYSTEM VALUE VALUES (77,4,0,'Инкапсуляция - защита данных от нежелательного доступа/модификации.');
INSERT INTO Question (id,realmId,type,text) OVERRIDING SYSTEM VALUE VALUES (78,4,1,'Укажите корректные идентификаторы Java.');
	INSERT INTO Answer (id,questionId,text,correct,comment) OVERRIDING SYSTEM VALUE VALUES (131,78,'A$B',true,'');
	INSERT INTO Answer (id,questionId,text,correct,comment) OVERRIDING SYSTEM VALUE VALUES (132,78,'_helloWorld',true,'');
	INSERT INTO Answer (id,questionId,text,correct,comment) OVERRIDING SYSTEM VALUE VALUES (133,78,'true',false,'');
	INSERT INTO Answer (id,questionId,text,correct,comment) OVERRIDING SYSTEM VALUE VALUES (134,78,'java.lang',false,'в идентификаторах не может использоваться символ "."');
	INSERT INTO Answer (id,questionId,text,correct,comment) OVERRIDING SYSTEM VALUE VALUES (135,78,'Public',true,'');
	INSERT INTO Answer (id,questionId,text,correct,comment) OVERRIDING SYSTEM VALUE VALUES (136,78,'1980_s',false,'первым символом должна быть буква, $ или _');
INSERT INTO Question (id,realmId,type,text) OVERRIDING SYSTEM VALUE VALUES (79,4,1,'Каким будет вывод следующей программы?<br /><br />1: public class WaterBottle {<br />2: &nbsp;private String brand;<br />3: &nbsp;private boolean empty;<br />4: &nbsp;&nbsp;public static void main(String[] args) {<br />5: &nbsp;&nbsp;&nbsp;WaterBottle wb = new WaterBottle();<br />6: &nbsp;&nbsp;&nbsp;System.out.print("Empty = " + wb.empty);<br />7: &nbsp;&nbsp;&nbsp;System.out.print(", Brand = " + wb.brand);<br />8: } }');
	INSERT INTO Answer (id,questionId,text,correct,comment) OVERRIDING SYSTEM VALUE VALUES (137,79,'Ошибка компиляции в строке 6',false,'');
	INSERT INTO Answer (id,questionId,text,correct,comment) OVERRIDING SYSTEM VALUE VALUES (138,79,'Ошибка компиляции в строке 7',false,'');
	INSERT INTO Answer (id,questionId,text,correct,comment) OVERRIDING SYSTEM VALUE VALUES (139,79,'Вывода не будет',false,'');
	INSERT INTO Answer (id,questionId,text,correct,comment) OVERRIDING SYSTEM VALUE VALUES (140,79,'Empty = false, Brand = null',true,'');
	INSERT INTO Answer (id,questionId,text,correct,comment) OVERRIDING SYSTEM VALUE VALUES (141,79,'Empty = false, Brand =',false,'');
	INSERT INTO Answer (id,questionId,text,correct,comment) OVERRIDING SYSTEM VALUE VALUES (142,79,'Empty = null, Brand = null',false,'');
INSERT INTO Question (id,realmId,type,text) OVERRIDING SYSTEM VALUE VALUES (80,4,1,'<p>Which of the following are true? (Choose all that apply)</p>
<p>4: short numPets = 5;<br />5: int numGrains = 5.6;<br />6: String name = "Scruffy";<br />7: numPets.length();<br />8: numGrains.length();<br />9: name.length();</p>');
	INSERT INTO Answer (id,questionId,text,correct,comment) OVERRIDING SYSTEM VALUE VALUES (144,80,'<p>Line 5 generates a compiler error.</p>',true,'');
	INSERT INTO Answer (id,questionId,text,correct,comment) OVERRIDING SYSTEM VALUE VALUES (145,80,'<p>Line 6 generates a compiler error.</p>',false,'');
	INSERT INTO Answer (id,questionId,text,correct,comment) OVERRIDING SYSTEM VALUE VALUES (146,80,'<p>Line 7 generates a compiler error.</p>',true,'');
	INSERT INTO Answer (id,questionId,text,correct,comment) OVERRIDING SYSTEM VALUE VALUES (147,80,'<p>Line 8 generates a compiler error.</p>',true,'');
	INSERT INTO Answer (id,questionId,text,correct,comment) OVERRIDING SYSTEM VALUE VALUES (148,80,'<p>Line 9 generates a compiler error.</p>',false,'');
	INSERT INTO Answer (id,questionId,text,correct,comment) OVERRIDING SYSTEM VALUE VALUES (149,80,'<p>The code compiles as is.</p>',false,'');
	INSERT INTO Answer (id,questionId,text,correct,comment) OVERRIDING SYSTEM VALUE VALUES (143,80,'<p>Line 4 generates a compiler error.</p>',false,'');
INSERT INTO Question (id,realmId,type,text) OVERRIDING SYSTEM VALUE VALUES (81,4,1,'<p>Given the following class, which of the following is true? (Choose all that apply)</p>
1: public class Snake {<br />2:<br />3: &nbsp;public void shed(boolean time) {<br />4:<br />5: &nbsp;&nbsp;if (time) {<br />6:<br />7: &nbsp;&nbsp;}<br />8: &nbsp;&nbsp;System.out.println(result);<br />9:<br />10: }<br />11:}');
	INSERT INTO Answer (id,questionId,text,correct,comment) OVERRIDING SYSTEM VALUE VALUES (150,81,'If String result = "done"; is inserted on line 2, the code will compile.',true,'');
	INSERT INTO Answer (id,questionId,text,correct,comment) OVERRIDING SYSTEM VALUE VALUES (151,81,'If String result = "done"; is inserted on line 4, the code will compile.',true,'');
	INSERT INTO Answer (id,questionId,text,correct,comment) OVERRIDING SYSTEM VALUE VALUES (152,81,'If String result = "done"; is inserted on line 6, the code will compile.',false,'');
	INSERT INTO Answer (id,questionId,text,correct,comment) OVERRIDING SYSTEM VALUE VALUES (153,81,'If String result = "done"; is inserted on line 9, the code will compile.',false,'');
	INSERT INTO Answer (id,questionId,text,correct,comment) OVERRIDING SYSTEM VALUE VALUES (154,81,'None of the above changes will make the code compile.',false,'');
INSERT INTO Question (id,realmId,type,text) OVERRIDING SYSTEM VALUE VALUES (82,4,1,'<p>Given the following classes, which of the following can independently replace INSERT IMPORTS HERE to make the code compile? (Choose all that apply)<br /><br />package aquarium;<br />public class Tank { }</p>
<p>package aquarium.jellies;<br />public class Jelly { }</p>
<p>package visitor;<br />INSERT IMPORTS HERE<br />public class AquariumVisitor {<br />&nbsp;public void admire(Jelly jelly) { } }</p>');
	INSERT INTO Answer (id,questionId,text,correct,comment) OVERRIDING SYSTEM VALUE VALUES (160,82,'None of these can make the code compile.',false,'');
	INSERT INTO Answer (id,questionId,text,correct,comment) OVERRIDING SYSTEM VALUE VALUES (155,82,'import aquarium.*;',false,'импортирует только классы&nbsp;из aquarium, игнорируя aquarium.jellies');
	INSERT INTO Answer (id,questionId,text,correct,comment) OVERRIDING SYSTEM VALUE VALUES (156,82,'import aquarium.*.Jelly;',false,'неверный импорт: <em>wildcards</em> могут использоваться только в конце строки импорта.');
	INSERT INTO Answer (id,questionId,text,correct,comment) OVERRIDING SYSTEM VALUE VALUES (157,82,'import aquarium.jellies.Jelly;',true,'');
	INSERT INTO Answer (id,questionId,text,correct,comment) OVERRIDING SYSTEM VALUE VALUES (158,82,'import aquarium.jellies.*;',true,'');
	INSERT INTO Answer (id,questionId,text,correct,comment) OVERRIDING SYSTEM VALUE VALUES (159,82,'import aquarium.jellies.Jelly.*;',false,'неверный импорт: нельзя импортировать члены класса регулярным импортом');
INSERT INTO Question (id,realmId,type,text) OVERRIDING SYSTEM VALUE VALUES (83,4,1,'<p>Given the following classes, what is the maximum number of imports that can be removed and have the code still compile?<br /><br />package aquarium; public class Water { }</p>
<p>package aquarium;<br />import java.lang.*;<br />import java.lang.System;<br />import aquarium.Water;<br />import aquarium.*;<br />public class Tank {<br />&nbsp;public void print(Water water) {<br />&nbsp;&nbsp;System.out.println(water); } }</p>');
	INSERT INTO Answer (id,questionId,text,correct,comment) OVERRIDING SYSTEM VALUE VALUES (161,83,'0',false,'');
	INSERT INTO Answer (id,questionId,text,correct,comment) OVERRIDING SYSTEM VALUE VALUES (162,83,'1',false,'');
	INSERT INTO Answer (id,questionId,text,correct,comment) OVERRIDING SYSTEM VALUE VALUES (163,83,'2',false,'');
	INSERT INTO Answer (id,questionId,text,correct,comment) OVERRIDING SYSTEM VALUE VALUES (164,83,'3',false,'');
	INSERT INTO Answer (id,questionId,text,correct,comment) OVERRIDING SYSTEM VALUE VALUES (165,83,'4',true,'');
	INSERT INTO Answer (id,questionId,text,correct,comment) OVERRIDING SYSTEM VALUE VALUES (166,83,'Does not compile',false,'');
INSERT INTO Question (id,realmId,type,text) OVERRIDING SYSTEM VALUE VALUES (84,4,1,'<p>Given the following classes, which of the following snippets can be inserted in place of INSERT IMPORTS HERE and have the code compile? (Choose all that apply)<br /><br />package aquarium;<br />public class Water {<br />&nbsp;boolean salty = false;<br />}</p>
<p>package aquarium.jellies;<br />public class Water {<br />&nbsp;boolean salty = true;<br />}</p>
<p>package employee;<br />INSERT IMPORTS HERE<br />public class WaterFiller {<br />&nbsp;Water water;<br />}</p>');
	INSERT INTO Answer (id,questionId,text,correct,comment) OVERRIDING SYSTEM VALUE VALUES (167,84,'import aquarium.*;',true,'');
	INSERT INTO Answer (id,questionId,text,correct,comment) OVERRIDING SYSTEM VALUE VALUES (168,84,'import aquarium.Water;<br />import aquarium.jellies.*;',true,'импорт конкретного класса сильнее импорта с wildcard, поэтому двусмысленности здесь не будет.');
	INSERT INTO Answer (id,questionId,text,correct,comment) OVERRIDING SYSTEM VALUE VALUES (169,84,'import aquarium.*;<br />import aquarium.jellies.Water;',true,'импорт конкретного класса сильнее импорта с wildcard, поэтому двусмысленности здесь не будет.');
	INSERT INTO Answer (id,questionId,text,correct,comment) OVERRIDING SYSTEM VALUE VALUES (170,84,'import aquarium.*;<br />import aquarium.jellies.*;',false,'неопределенность&nbsp;- оба пакета имеют класс Water');
	INSERT INTO Answer (id,questionId,text,correct,comment) OVERRIDING SYSTEM VALUE VALUES (171,84,'import aquarium.Water;<br />import aquarium.jellies.Water;',false,'компилятор не поймет, какой класс &nbsp;Water использовать');
	INSERT INTO Answer (id,questionId,text,correct,comment) OVERRIDING SYSTEM VALUE VALUES (172,84,'None of these imports can make the code compile.',false,'');
INSERT INTO Question (id,realmId,type,text) OVERRIDING SYSTEM VALUE VALUES (85,4,1,'Given the following class, which of the following calls print out Blue Jay? (Choose all that apply)<br /><br />public class BirdDisplay {<br />&nbsp;public static void main(String[] name) {<br />&nbsp;&nbsp;System.out.println(name[1]);<br />} }');
	INSERT INTO Answer (id,questionId,text,correct,comment) OVERRIDING SYSTEM VALUE VALUES (176,85,'java BirdDisplay "Blue Jay" Sparrow',false,'');
	INSERT INTO Answer (id,questionId,text,correct,comment) OVERRIDING SYSTEM VALUE VALUES (177,85,'java BirdDisplay.class Sparrow "Blue Jay"',false,'будет выведено Error: Could not find or load main class BirdDisplay.class');
	INSERT INTO Answer (id,questionId,text,correct,comment) OVERRIDING SYSTEM VALUE VALUES (178,85,'java BirdDisplay.class "Blue Jay" Sparrow',false,'будет выведено Error: Could not find or load main class BirdDisplay.class');
	INSERT INTO Answer (id,questionId,text,correct,comment) OVERRIDING SYSTEM VALUE VALUES (179,85,'Does not compile.',false,'');
	INSERT INTO Answer (id,questionId,text,correct,comment) OVERRIDING SYSTEM VALUE VALUES (173,85,'java BirdDisplay Sparrow Blue Jay',false,'');
	INSERT INTO Answer (id,questionId,text,correct,comment) OVERRIDING SYSTEM VALUE VALUES (174,85,'java BirdDisplay Sparrow "Blue Jay"',true,'');
	INSERT INTO Answer (id,questionId,text,correct,comment) OVERRIDING SYSTEM VALUE VALUES (175,85,'java BirdDisplay Blue Jay Sparrow',false,'');
INSERT INTO Question (id,realmId,type,text) OVERRIDING SYSTEM VALUE VALUES (86,4,1,'Which of the following legally fill in the blank so you can run the main() method from the command line? (Choose all that apply)<br /><br />public static void main(_______)');
	INSERT INTO Answer (id,questionId,text,correct,comment) OVERRIDING SYSTEM VALUE VALUES (180,86,'String[] _names',true,'');
	INSERT INTO Answer (id,questionId,text,correct,comment) OVERRIDING SYSTEM VALUE VALUES (181,86,'String[] 123',false,'неверное имя аргумента');
	INSERT INTO Answer (id,questionId,text,correct,comment) OVERRIDING SYSTEM VALUE VALUES (182,86,'String abc[]',true,'');
	INSERT INTO Answer (id,questionId,text,correct,comment) OVERRIDING SYSTEM VALUE VALUES (183,86,'String _Names[]',true,'');
	INSERT INTO Answer (id,questionId,text,correct,comment) OVERRIDING SYSTEM VALUE VALUES (184,86,'String... $n',true,'varargs допускаются вместо массива');
	INSERT INTO Answer (id,questionId,text,correct,comment) OVERRIDING SYSTEM VALUE VALUES (185,86,'String names',false,'');
	INSERT INTO Answer (id,questionId,text,correct,comment) OVERRIDING SYSTEM VALUE VALUES (186,86,'None of the above.',false,'');
INSERT INTO Question (id,realmId,type,text) OVERRIDING SYSTEM VALUE VALUES (87,4,1,'Which of the following are legal entry point methods that can be run from the command line? (Choose all that apply)');
	INSERT INTO Answer (id,questionId,text,correct,comment) OVERRIDING SYSTEM VALUE VALUES (192,87,'public static main(String[] args)',false,'');
	INSERT INTO Answer (id,questionId,text,correct,comment) OVERRIDING SYSTEM VALUE VALUES (193,87,'None of the above',false,'');
	INSERT INTO Answer (id,questionId,text,correct,comment) OVERRIDING SYSTEM VALUE VALUES (187,87,'private static void main(String[] args)',false,'');
	INSERT INTO Answer (id,questionId,text,correct,comment) OVERRIDING SYSTEM VALUE VALUES (188,87,'public static final main(String[] args)',false,'');
	INSERT INTO Answer (id,questionId,text,correct,comment) OVERRIDING SYSTEM VALUE VALUES (189,87,'public void main(String[] args)',false,'');
	INSERT INTO Answer (id,questionId,text,correct,comment) OVERRIDING SYSTEM VALUE VALUES (190,87,'public static void test(String[] args)',false,'');
	INSERT INTO Answer (id,questionId,text,correct,comment) OVERRIDING SYSTEM VALUE VALUES (191,87,'public static void main(String[] args)',true,'');
INSERT INTO Question (id,realmId,type,text) OVERRIDING SYSTEM VALUE VALUES (88,4,1,'Which of the following are true? (Choose all that apply)');
	INSERT INTO Answer (id,questionId,text,correct,comment) OVERRIDING SYSTEM VALUE VALUES (194,88,'An instance variable of type double defaults to null.',false,'');
	INSERT INTO Answer (id,questionId,text,correct,comment) OVERRIDING SYSTEM VALUE VALUES (195,88,'An instance variable of type int defaults to null.',false,'');
	INSERT INTO Answer (id,questionId,text,correct,comment) OVERRIDING SYSTEM VALUE VALUES (196,88,'An instance variable of type String defaults to null.',true,'');
	INSERT INTO Answer (id,questionId,text,correct,comment) OVERRIDING SYSTEM VALUE VALUES (197,88,'An instance variable of type double defaults to 0.0.',true,'');
	INSERT INTO Answer (id,questionId,text,correct,comment) OVERRIDING SYSTEM VALUE VALUES (198,88,'An instance variable of type int defaults to 0.0.',false,'');
	INSERT INTO Answer (id,questionId,text,correct,comment) OVERRIDING SYSTEM VALUE VALUES (199,88,'An instance variable of type String defaults to 0.0.',false,'');
	INSERT INTO Answer (id,questionId,text,correct,comment) OVERRIDING SYSTEM VALUE VALUES (200,88,'None of all.',false,'');
INSERT INTO Question (id,realmId,type,text) OVERRIDING SYSTEM VALUE VALUES (89,4,1,'Which of the following are true? (Choose all that apply)');
	INSERT INTO Answer (id,questionId,text,correct,comment) OVERRIDING SYSTEM VALUE VALUES (201,89,'A local variable of type boolean defaults to null.',false,'');
	INSERT INTO Answer (id,questionId,text,correct,comment) OVERRIDING SYSTEM VALUE VALUES (202,89,'A local variable of type float defaults to 0.',false,'');
	INSERT INTO Answer (id,questionId,text,correct,comment) OVERRIDING SYSTEM VALUE VALUES (203,89,'A local variable of type Object defaults to null.',false,'');
	INSERT INTO Answer (id,questionId,text,correct,comment) OVERRIDING SYSTEM VALUE VALUES (204,89,'A local variable of type boolean defaults to false.',false,'');
	INSERT INTO Answer (id,questionId,text,correct,comment) OVERRIDING SYSTEM VALUE VALUES (205,89,'A local variable of type boolean defaults to true.',false,'');
	INSERT INTO Answer (id,questionId,text,correct,comment) OVERRIDING SYSTEM VALUE VALUES (206,89,'A local variable of type float defaults to 0.0.',false,'');
	INSERT INTO Answer (id,questionId,text,correct,comment) OVERRIDING SYSTEM VALUE VALUES (207,89,'None of all.',true,'У локальных переменных не бывает значений по умолчанию.');
INSERT INTO Question (id,realmId,type,text) OVERRIDING SYSTEM VALUE VALUES (90,4,1,'Which of the following are true? (Choose all that apply)');
	INSERT INTO Answer (id,questionId,text,correct,comment) OVERRIDING SYSTEM VALUE VALUES (208,90,'An instance variable of type boolean defaults to false.',true,'');
	INSERT INTO Answer (id,questionId,text,correct,comment) OVERRIDING SYSTEM VALUE VALUES (209,90,'An instance variable of type boolean defaults to true.',false,'');
	INSERT INTO Answer (id,questionId,text,correct,comment) OVERRIDING SYSTEM VALUE VALUES (210,90,'An instance variable of type boolean defaults to null.',false,'');
	INSERT INTO Answer (id,questionId,text,correct,comment) OVERRIDING SYSTEM VALUE VALUES (211,90,'An instance variable of type int defaults to 0.',true,'');
	INSERT INTO Answer (id,questionId,text,correct,comment) OVERRIDING SYSTEM VALUE VALUES (212,90,'An instance variable of type int defaults to 0.0.',false,'');
	INSERT INTO Answer (id,questionId,text,correct,comment) OVERRIDING SYSTEM VALUE VALUES (213,90,'An instance variable of type int defaults to null.',false,'');
	INSERT INTO Answer (id,questionId,text,correct,comment) OVERRIDING SYSTEM VALUE VALUES (214,90,'None of the above.',false,'');
INSERT INTO Question (id,realmId,type,text) OVERRIDING SYSTEM VALUE VALUES (91,4,1,'Given the following class in the file /my/directory/named/A/Bird.java:<br />INSERT CODE HERE<br />public class Bird { }<br /><br />Which of the following replaces INSERT CODE HERE if we compile from /my/directory? (Choose all that apply)');
	INSERT INTO Answer (id,questionId,text,correct,comment) OVERRIDING SYSTEM VALUE VALUES (215,91,'package my.directory.named.a;',false,'');
	INSERT INTO Answer (id,questionId,text,correct,comment) OVERRIDING SYSTEM VALUE VALUES (216,91,'package my.directory.named.A;',false,'');
	INSERT INTO Answer (id,questionId,text,correct,comment) OVERRIDING SYSTEM VALUE VALUES (217,91,'package named.a;',false,'неверно, так как имена пакетов, как и все прочие идентификаторы, являются чувствительными к регистру');
	INSERT INTO Answer (id,questionId,text,correct,comment) OVERRIDING SYSTEM VALUE VALUES (218,91,'package named.A;',true,'');
	INSERT INTO Answer (id,questionId,text,correct,comment) OVERRIDING SYSTEM VALUE VALUES (219,91,'package a;',false,'');
	INSERT INTO Answer (id,questionId,text,correct,comment) OVERRIDING SYSTEM VALUE VALUES (220,91,'package A;',false,'');
	INSERT INTO Answer (id,questionId,text,correct,comment) OVERRIDING SYSTEM VALUE VALUES (221,91,'Does not compile.',false,'');
INSERT INTO Question (id,realmId,type,text) OVERRIDING SYSTEM VALUE VALUES (92,4,1,'Which of the following lines of code compile? (Choose all that apply)');
	INSERT INTO Answer (id,questionId,text,correct,comment) OVERRIDING SYSTEM VALUE VALUES (224,92,'double d2 = 1_234._0;',false,'подчеркивания разрешены только между цифрами');
	INSERT INTO Answer (id,questionId,text,correct,comment) OVERRIDING SYSTEM VALUE VALUES (225,92,'double d3 = 1_234.0_;',false,'подчеркивания разрешены только между цифрами');
	INSERT INTO Answer (id,questionId,text,correct,comment) OVERRIDING SYSTEM VALUE VALUES (226,92,'double d4 = 1_234.0;',true,'');
	INSERT INTO Answer (id,questionId,text,correct,comment) OVERRIDING SYSTEM VALUE VALUES (227,92,'None of all.',false,'');
	INSERT INTO Answer (id,questionId,text,correct,comment) OVERRIDING SYSTEM VALUE VALUES (222,92,'int i1 = 1_234;',true,'');
	INSERT INTO Answer (id,questionId,text,correct,comment) OVERRIDING SYSTEM VALUE VALUES (223,92,'double d1 = 1_234_.0;',false,'подчеркивания разрешены только между цифрами');
INSERT INTO Question (id,realmId,type,text) OVERRIDING SYSTEM VALUE VALUES (93,4,1,'<p>Given the following class, which of the following lines of code can replace INSERT CODE HERE to make the code compile? (Choose all that apply)</p>
<p>public class Price {<br />&nbsp;public void admission() {<br />&nbsp;&nbsp;INSERT CODE HERE<br />&nbsp;&nbsp;System.out.println(amount);<br />&nbsp;} }</p>');
	INSERT INTO Answer (id,questionId,text,correct,comment) OVERRIDING SYSTEM VALUE VALUES (228,93,'int amount = 9L;',false,'присваивание int-переменной double-значения');
	INSERT INTO Answer (id,questionId,text,correct,comment) OVERRIDING SYSTEM VALUE VALUES (229,93,'int amount = 0b101;',true,'');
	INSERT INTO Answer (id,questionId,text,correct,comment) OVERRIDING SYSTEM VALUE VALUES (230,93,'int amount = 0xE;',true,'');
	INSERT INTO Answer (id,questionId,text,correct,comment) OVERRIDING SYSTEM VALUE VALUES (231,93,'double amount = 0xE;',true,'');
	INSERT INTO Answer (id,questionId,text,correct,comment) OVERRIDING SYSTEM VALUE VALUES (232,93,'double amount = 1_2_.0_0;',false,'подчеркивание может быть только между цифрами');
	INSERT INTO Answer (id,questionId,text,correct,comment) OVERRIDING SYSTEM VALUE VALUES (233,93,'int amount = 1_2_;',false,'подчеркивание может быть только между цифрами');
	INSERT INTO Answer (id,questionId,text,correct,comment) OVERRIDING SYSTEM VALUE VALUES (234,93,'None of all.',false,'');
INSERT INTO Question (id,realmId,type,text) OVERRIDING SYSTEM VALUE VALUES (94,4,1,'<p>Which of the following are true? (Choose all that apply)</p>
<p>public class Bunny {<br />&nbsp;public static void main(String[] args) {<br />&nbsp;&nbsp;Bunny bun = new Bunny();<br />} }</p>');
	INSERT INTO Answer (id,questionId,text,correct,comment) OVERRIDING SYSTEM VALUE VALUES (240,94,'<strong>main</strong> is a reference to an object.',false,'');
	INSERT INTO Answer (id,questionId,text,correct,comment) OVERRIDING SYSTEM VALUE VALUES (241,94,'None of all.',false,'');
	INSERT INTO Answer (id,questionId,text,correct,comment) OVERRIDING SYSTEM VALUE VALUES (235,94,'<strong>Bunny</strong> is a class.',true,'');
	INSERT INTO Answer (id,questionId,text,correct,comment) OVERRIDING SYSTEM VALUE VALUES (236,94,'<strong>bun</strong> is a class.',false,'это переменная');
	INSERT INTO Answer (id,questionId,text,correct,comment) OVERRIDING SYSTEM VALUE VALUES (237,94,'<strong>main</strong> is a class.',false,'это метод');
	INSERT INTO Answer (id,questionId,text,correct,comment) OVERRIDING SYSTEM VALUE VALUES (238,94,'<strong>Bunny</strong> is a reference to an object.',false,'');
	INSERT INTO Answer (id,questionId,text,correct,comment) OVERRIDING SYSTEM VALUE VALUES (239,94,'<strong>bun</strong> is a reference to an object.',true,'');
INSERT INTO Question (id,realmId,type,text) OVERRIDING SYSTEM VALUE VALUES (95,4,1,'<p>Which represent the order in which the following statements can be assembled into a program that will compile successfully? (Choose all that apply)</p>
<p>A: class Rabbit {}<br />B: import java.util.*;<br />C: package animals;</p>');
	INSERT INTO Answer (id,questionId,text,correct,comment) OVERRIDING SYSTEM VALUE VALUES (242,95,'A, B, C',false,'');
	INSERT INTO Answer (id,questionId,text,correct,comment) OVERRIDING SYSTEM VALUE VALUES (243,95,'B, C, A',false,'');
	INSERT INTO Answer (id,questionId,text,correct,comment) OVERRIDING SYSTEM VALUE VALUES (244,95,'C, B, A',true,'');
	INSERT INTO Answer (id,questionId,text,correct,comment) OVERRIDING SYSTEM VALUE VALUES (245,95,'B, A',true,'строки import и package опциональны');
	INSERT INTO Answer (id,questionId,text,correct,comment) OVERRIDING SYSTEM VALUE VALUES (246,95,'C, A',true,'строки import и package опциональны');
	INSERT INTO Answer (id,questionId,text,correct,comment) OVERRIDING SYSTEM VALUE VALUES (247,95,'A, C',false,'');
	INSERT INTO Answer (id,questionId,text,correct,comment) OVERRIDING SYSTEM VALUE VALUES (248,95,'A, B',false,'');
INSERT INTO Question (id,realmId,type,text) OVERRIDING SYSTEM VALUE VALUES (96,4,1,'<p>Suppose we have a class named Rabbit. Which of the following statements are true? (Choose all that apply)</p>
<p>1: public class Rabbit {<br />2: &nbsp;&nbsp;public static void main(String[] args) {<br />3: &nbsp;&nbsp;&nbsp;Rabbit one = new Rabbit();<br />4: &nbsp;&nbsp;&nbsp;Rabbit two = new Rabbit();<br />5: &nbsp;&nbsp;&nbsp;Rabbit three = one;<br />6: &nbsp;&nbsp;&nbsp;one = null;<br />7: &nbsp;&nbsp;&nbsp;Rabbit four = one;<br />8: &nbsp;&nbsp;&nbsp;three = null;<br />9: &nbsp;&nbsp;&nbsp;two = null;<br />10: &nbsp;&nbsp;two = new Rabbit();<br />11: &nbsp;&nbsp;System.gc();<br />12: } }</p>');
	INSERT INTO Answer (id,questionId,text,correct,comment) OVERRIDING SYSTEM VALUE VALUES (249,96,'The Rabbit object from line 3 is first eligible for garbage collection immediately following line 6.',false,'');
	INSERT INTO Answer (id,questionId,text,correct,comment) OVERRIDING SYSTEM VALUE VALUES (250,96,'The Rabbit object from line 3 is first eligible for garbage collection immediately following line 8.',true,'');
	INSERT INTO Answer (id,questionId,text,correct,comment) OVERRIDING SYSTEM VALUE VALUES (251,96,'The Rabbit object from line 3 is first eligible for garbage collection immediately following line 12.',false,'');
	INSERT INTO Answer (id,questionId,text,correct,comment) OVERRIDING SYSTEM VALUE VALUES (252,96,'The Rabbit object from line 4 is first eligible for garbage collection immediately following line 9.',true,'');
	INSERT INTO Answer (id,questionId,text,correct,comment) OVERRIDING SYSTEM VALUE VALUES (253,96,'The Rabbit object from line 4 is first eligible for garbage collection immediately following line 11.',false,'');
	INSERT INTO Answer (id,questionId,text,correct,comment) OVERRIDING SYSTEM VALUE VALUES (254,96,'The Rabbit object from line 4 is first eligible for garbage collection immediately following line 12.',false,'');
INSERT INTO Question (id,realmId,type,text) OVERRIDING SYSTEM VALUE VALUES (97,4,1,'<p>What is true about the following code? (Choose all that apply)</p>
<p>public class Bear {<br />&nbsp;protected void finalize() {<br />&nbsp;&nbsp;System.out.println("Roar!");<br />}<br />&nbsp;public static void main(String[] args) {<br />&nbsp;&nbsp;Bear bear = new Bear();<br />&nbsp;&nbsp;bear = null;<br />&nbsp;&nbsp;System.gc();<br />} }</p>');
	INSERT INTO Answer (id,questionId,text,correct,comment) OVERRIDING SYSTEM VALUE VALUES (256,97,'<strong>finalize</strong>() might or might not be called',true,'');
	INSERT INTO Answer (id,questionId,text,correct,comment) OVERRIDING SYSTEM VALUE VALUES (257,97,'<strong>finalize</strong>() is guaranteed not to be called.',false,'');
	INSERT INTO Answer (id,questionId,text,correct,comment) OVERRIDING SYSTEM VALUE VALUES (258,97,'Garbage collection is guaranteed to run.',false,'');
	INSERT INTO Answer (id,questionId,text,correct,comment) OVERRIDING SYSTEM VALUE VALUES (259,97,'Garbage collection might or might not run.',true,'');
	INSERT INTO Answer (id,questionId,text,correct,comment) OVERRIDING SYSTEM VALUE VALUES (260,97,'Garbage collection is guaranteed not to run.',false,'');
	INSERT INTO Answer (id,questionId,text,correct,comment) OVERRIDING SYSTEM VALUE VALUES (261,97,'The code does not compile.',false,'');
	INSERT INTO Answer (id,questionId,text,correct,comment) OVERRIDING SYSTEM VALUE VALUES (255,97,'<strong>finalize</strong>() is guaranteed to be called.',false,'');
INSERT INTO Question (id,realmId,type,text) OVERRIDING SYSTEM VALUE VALUES (98,4,1,'<p>What does the following code output?</p>
<p>1: public class Salmon {<br />2: &nbsp;&nbsp;int count;<br />3: &nbsp;&nbsp;public void Salmon() {<br />4: &nbsp;&nbsp;&nbsp;count = 4;<br />5: &nbsp;&nbsp;}<br />6: &nbsp;&nbsp;public static void main(String[] args) {<br />7: &nbsp;&nbsp;&nbsp;Salmon s = new Salmon();<br />8: &nbsp;&nbsp;&nbsp;System.out.println(s.count);<br />9: } }</p>');
	INSERT INTO Answer (id,questionId,text,correct,comment) OVERRIDING SYSTEM VALUE VALUES (262,98,'0',true,'У этого класса конструктор по умолчанию (а не void Salmon()), поэтому у поля count - значение по умолчанию.');
	INSERT INTO Answer (id,questionId,text,correct,comment) OVERRIDING SYSTEM VALUE VALUES (263,98,'4',false,'');
	INSERT INTO Answer (id,questionId,text,correct,comment) OVERRIDING SYSTEM VALUE VALUES (264,98,'Compilation fails on line 3.',false,'<p>У класса <em>может</em> быть метод, совпадающий по имени с конструктором.</p>');
	INSERT INTO Answer (id,questionId,text,correct,comment) OVERRIDING SYSTEM VALUE VALUES (265,98,'Compilation fails on line 4',false,'');
	INSERT INTO Answer (id,questionId,text,correct,comment) OVERRIDING SYSTEM VALUE VALUES (266,98,'Compilation fails on line 7.',false,'');
	INSERT INTO Answer (id,questionId,text,correct,comment) OVERRIDING SYSTEM VALUE VALUES (267,98,'Compilation fails on line 8.',false,'');
INSERT INTO Question (id,realmId,type,text) OVERRIDING SYSTEM VALUE VALUES (99,4,1,'Which of the following are true statements? (Choose all that apply)');
	INSERT INTO Answer (id,questionId,text,correct,comment) OVERRIDING SYSTEM VALUE VALUES (272,99,'Java is an object-oriented language.',true,'');
	INSERT INTO Answer (id,questionId,text,correct,comment) OVERRIDING SYSTEM VALUE VALUES (273,99,'Java is a functional programming language.',false,'');
	INSERT INTO Answer (id,questionId,text,correct,comment) OVERRIDING SYSTEM VALUE VALUES (268,99,'Java allows operator overloading.',false,'Позволяется перезагрузка <strong>методов</strong>, а не <strong>операторов</strong>.');
	INSERT INTO Answer (id,questionId,text,correct,comment) OVERRIDING SYSTEM VALUE VALUES (269,99,'Java code compiled on Windows can run on Linux.',true,'');
	INSERT INTO Answer (id,questionId,text,correct,comment) OVERRIDING SYSTEM VALUE VALUES (270,99,'Java has pointers to specific locations in memory.',false,'');
	INSERT INTO Answer (id,questionId,text,correct,comment) OVERRIDING SYSTEM VALUE VALUES (271,99,'Java is a procedural language.',false,'');
INSERT INTO Question (id,realmId,type,text) OVERRIDING SYSTEM VALUE VALUES (100,4,1,'Which of the following are true? (Choose all that apply)');
	INSERT INTO Answer (id,questionId,text,correct,comment) OVERRIDING SYSTEM VALUE VALUES (274,100,'<strong>javac</strong> compiles a <strong>.class</strong> file into a <strong>.java</strong> file.',false,'');
	INSERT INTO Answer (id,questionId,text,correct,comment) OVERRIDING SYSTEM VALUE VALUES (275,100,'<strong>javac</strong> compiles a <strong>.java</strong> file into a <strong>.bytecode</strong> file.',false,'');
	INSERT INTO Answer (id,questionId,text,correct,comment) OVERRIDING SYSTEM VALUE VALUES (276,100,'<strong>javac</strong> compiles a <strong>.java</strong> file into a <strong>.class</strong> file.',true,'');
	INSERT INTO Answer (id,questionId,text,correct,comment) OVERRIDING SYSTEM VALUE VALUES (277,100,'Java takes the name of the class as a parameter.',true,'параметр - имя класса, а не имя файла');
	INSERT INTO Answer (id,questionId,text,correct,comment) OVERRIDING SYSTEM VALUE VALUES (278,100,'Java takes the name of the <strong>.bytecode</strong> file as a parameter.',false,'');
	INSERT INTO Answer (id,questionId,text,correct,comment) OVERRIDING SYSTEM VALUE VALUES (279,100,'Java takes the name of the <strong>.class</strong> file as a parameter.',false,'');
INSERT INTO Question (id,realmId,type,text) OVERRIDING SYSTEM VALUE VALUES (101,4,0,'В Java имеются унарные, бинарные и тернарные операторы');
INSERT INTO Question (id,realmId,type,text) OVERRIDING SYSTEM VALUE VALUES (102,4,0,'Если у нескольких рядом стоящих операторов в выражении одинаковый уровень приоритета, то они выполняются слева направо.');
INSERT INTO Question (id,realmId,type,text) OVERRIDING SYSTEM VALUE VALUES (103,4,2,'Назовите операторы Java в порядке убывания приоритета.');
	INSERT INTO Answer (id,questionId,text,correct,comment) OVERRIDING SYSTEM VALUE VALUES (280,103,'1) Постфиксный инкремент и декремент: <strong>expression++, expression--<br /></strong>2) Префиксный инкремент и декремент:<strong> ++expression, --expression</strong><br />3) Прочие унарные операторы:<strong> +</strong>,<strong> -</strong>,<strong> !, ~<br /></strong>4) Умножение/деление/остаток: <strong>*</strong>, <strong>/</strong>, <strong>%<br /></strong>5) Сложение/вычитание: <strong>+</strong>, <strong>-<br /></strong>6) Побитовый сдвиг: <strong>&lt;&lt;</strong>, <strong>&gt;&gt;</strong>, <strong>&gt;&gt;&gt;<br /></strong>7) Сравнение: <strong>&lt;</strong>, <strong>&gt;</strong>, <strong>&lt;=</strong>, <strong>&gt;=</strong>, <strong>instanceof<br /></strong>8) Равенство: <strong>==</strong>, <strong>!=<br /></strong>9) Логические операторы: <strong>&amp;</strong>, <strong>^</strong>, |<br />10) Логические операторы короткого действия: <strong>&amp;&amp;</strong>, <strong>||<br /></strong>11) Тернарный оператор: <strong>boolean expression ? expression1 : expression2<br /></strong>12) Присваивание: =, <strong>+=</strong>, <strong>-=</strong>, <strong>*=</strong>, <strong>/=</strong>, <strong>%=</strong>, <strong>&amp;=</strong>, <strong>^=</strong>, |<strong>=</strong>, <strong>&lt;&lt;=</strong>, <strong>&gt;&gt;=</strong>, <strong>&gt;&gt;&gt;=</strong>',true,'');
INSERT INTO Question (id,realmId,type,text) OVERRIDING SYSTEM VALUE VALUES (104,4,2,'Назовите арифметические операторы Java и к каким операндам они применимы');
	INSERT INTO Answer (id,questionId,text,correct,comment) OVERRIDING SYSTEM VALUE VALUES (281,104,'Сложение +, вычитание -, умножение *, деление /, остаток %.<br />Применинимы ко всем примитивным типам, кроме boolean.<br /><br />+ и += также применимы к String.',true,'');
INSERT INTO Question (id,realmId,type,text) OVERRIDING SYSTEM VALUE VALUES (105,4,0,'Остаток (%) можно брать не только от деления положительных целых чисел, но и от отрицательных, а также от вещественных. Например, остаток от деления отрицательного целого <strong>x</strong> на положительное целое <strong>y</strong> лежит в диапазоне (-y +1)..0 (на экзамене OCA I не требуется).');
INSERT INTO Question (id,realmId,type,text) OVERRIDING SYSTEM VALUE VALUES (106,4,2,'Назовите правила имплицитного преобразования типов операндов бинарных операторов.');
	INSERT INTO Answer (id,questionId,text,correct,comment) OVERRIDING SYSTEM VALUE VALUES (282,106,'1. Если у двух значений разные типы данных, идет преобразование к большему из типов.<br />2. Если один операнд целочисленный, а второй вещественный, идет преобразование к вещественному.<br />3. byte, short и chart в арифметических выражениях преобразовываются к int.<br />4. Результирующее значение имеет тип данных, к которому были приведены все операнды.',true,'');
INSERT INTO Question (id,realmId,type,text) OVERRIDING SYSTEM VALUE VALUES (107,4,1,'Какой тип данных у выражения <strong>x * y</strong>, если<br />int x = 1;<br />long y = 33;');
	INSERT INTO Answer (id,questionId,text,correct,comment) OVERRIDING SYSTEM VALUE VALUES (291,107,'Код не скомпилируется.',false,'');
	INSERT INTO Answer (id,questionId,text,correct,comment) OVERRIDING SYSTEM VALUE VALUES (283,107,'int',false,'');
	INSERT INTO Answer (id,questionId,text,correct,comment) OVERRIDING SYSTEM VALUE VALUES (284,107,'long',true,'');
	INSERT INTO Answer (id,questionId,text,correct,comment) OVERRIDING SYSTEM VALUE VALUES (285,107,'double',false,'');
INSERT INTO Question (id,realmId,type,text) OVERRIDING SYSTEM VALUE VALUES (108,4,1,'Какой тип данных у выражения <strong>x + y</strong>, если<br />double x = 39.21;<br />float y = 2.1;');
	INSERT INTO Answer (id,questionId,text,correct,comment) OVERRIDING SYSTEM VALUE VALUES (288,108,'int',false,'');
	INSERT INTO Answer (id,questionId,text,correct,comment) OVERRIDING SYSTEM VALUE VALUES (289,108,'long',false,'');
	INSERT INTO Answer (id,questionId,text,correct,comment) OVERRIDING SYSTEM VALUE VALUES (290,108,'Код не скомпилируется.',true,'Переменной float присваивается литерал double');
	INSERT INTO Answer (id,questionId,text,correct,comment) OVERRIDING SYSTEM VALUE VALUES (286,108,'double',false,'');
	INSERT INTO Answer (id,questionId,text,correct,comment) OVERRIDING SYSTEM VALUE VALUES (287,108,'float',false,'');
INSERT INTO Question (id,realmId,type,text) OVERRIDING SYSTEM VALUE VALUES (109,4,1,'Какой тип данных у выражения <strong>x / y</strong>, если<br />short x = 10;<br />short y = 3;');
	INSERT INTO Answer (id,questionId,text,correct,comment) OVERRIDING SYSTEM VALUE VALUES (292,109,'short',false,'');
	INSERT INTO Answer (id,questionId,text,correct,comment) OVERRIDING SYSTEM VALUE VALUES (293,109,'int',true,'');
	INSERT INTO Answer (id,questionId,text,correct,comment) OVERRIDING SYSTEM VALUE VALUES (294,109,'long',false,'');
	INSERT INTO Answer (id,questionId,text,correct,comment) OVERRIDING SYSTEM VALUE VALUES (295,109,'float',false,'');
INSERT INTO Question (id,realmId,type,text) OVERRIDING SYSTEM VALUE VALUES (110,4,1,'Какой тип данных у выражения <strong>x * y / z</strong>, если<br />short x = 14;<br />float y = 13;<br />double z = 30;');
	INSERT INTO Answer (id,questionId,text,correct,comment) OVERRIDING SYSTEM VALUE VALUES (296,110,'short',false,'');
	INSERT INTO Answer (id,questionId,text,correct,comment) OVERRIDING SYSTEM VALUE VALUES (297,110,'float',false,'');
	INSERT INTO Answer (id,questionId,text,correct,comment) OVERRIDING SYSTEM VALUE VALUES (298,110,'int',false,'');
	INSERT INTO Answer (id,questionId,text,correct,comment) OVERRIDING SYSTEM VALUE VALUES (299,110,'double',true,'');
	INSERT INTO Answer (id,questionId,text,correct,comment) OVERRIDING SYSTEM VALUE VALUES (300,110,'Код не скомпилируется.',false,'');
INSERT INTO Question (id,realmId,type,text) OVERRIDING SYSTEM VALUE VALUES (111,4,2,'Перечислите унарные операторы Java.');
	INSERT INTO Answer (id,questionId,text,correct,comment) OVERRIDING SYSTEM VALUE VALUES (301,111,'<strong>+</strong> - означает, что число положильное, не оказывает влияния на значение выражения;<br />- - означает, что число отрицательное, меняет знак выражения;<br /><strong>++</strong> - инкремент;<br />-- - декремент;<br /><strong>!</strong> - инвертирует булево значение',true,'');
INSERT INTO Question (id,realmId,type,text) OVERRIDING SYSTEM VALUE VALUES (112,4,0,'Если применить смену знака к <strong>char</strong> (char c = ''f''; someMethod(-f)), то получится <strong>int</strong>.');
INSERT INTO Question (id,realmId,type,text) OVERRIDING SYSTEM VALUE VALUES (113,4,0,'Если добавить число к переменной типа <strong>char</strong>, то она будет ссылаться на другой символ Unicode. Но такое добавление может произойти только посредством инкремента/декремента или короткого сложения/вычитания:<br /><br />char x=''A'';<br />x+=1;<br />x++;<br />x = x+1; //DOESN''T COMPILE');
INSERT INTO Question (id,realmId,type,text) OVERRIDING SYSTEM VALUE VALUES (114,4,2,'Чем отличаются пре-инкремент и пост-инкремент?');
	INSERT INTO Answer (id,questionId,text,correct,comment) OVERRIDING SYSTEM VALUE VALUES (302,114,'Если использовать пре-инкремент в выражении, то значение операнда сначала изменяется, а потом подставляется в выражение. В случае пост-инкремента в выражение подставляется оригинальное значение переменной, и только потом происходит изменение.<br /><strong>Важно</strong>! Если в выражение имеется несколько инкрементов одной переменной, то изменение значения происходит при каждом использовании (до или сразу после подстановки, в зависимости от пре/пост).<br />Если инкремент идет как самостоятельное выражение, то разницы нет.<br />Аналогично для декремента.',true,'');
INSERT INTO Question (id,realmId,type,text) OVERRIDING SYSTEM VALUE VALUES (115,4,2,'Укажите, чему равны <strong>x</strong> и <strong>y</strong> после выполнения следующей программы.<br /><br />
<p align="LEFT">int x = 3;</p>
<p align="LEFT">int y = ++x * 5 / x-- + --x;</p>
<p align="LEFT">System.out.println("x is " + x);</p>
<p>System.out.println("y is " + y);</p>');
	INSERT INTO Answer (id,questionId,text,correct,comment) OVERRIDING SYSTEM VALUE VALUES (303,115,'x = 2<br />y = 7',true,'');
INSERT INTO Question (id,realmId,type,text) OVERRIDING SYSTEM VALUE VALUES (116,4,0,'Явный кастинг требуется всегда, когда больший числовой тип присваивается меньшему, или когда вещественный тип присваивается целочисленному.');
INSERT INTO Question (id,realmId,type,text) OVERRIDING SYSTEM VALUE VALUES (117,4,2,'Что такое <strong>overflow</strong> и <strong>underflow</strong> применительно к присваиванию числовых типов?');
	INSERT INTO Answer (id,questionId,text,correct,comment) OVERRIDING SYSTEM VALUE VALUES (304,117,'<em>Overflow</em> происходит, когда большему значению присваивается меньшее (с кастингом либо через короткое сложение/инкремент):<br /><br />byte bb = (byte)129;<br />System.out.println(bb);<br />// -127<br />bb = 127;<br />bb += 10;<br />System.out.println(bb);<br />// -119<br /><br />Также если работаем с int, этот эффект проявляется при сложении литералов:<br />
<p>System.out.print(2147483647+1); // -2147483648</p>
<br />Суть в том, что компилятор "упирается" в верхнюю границу диапазона данного типа и перескакивает к нижней границе, продолжая расчет от нее.<br /><br />Аналогично для <em>underflow</em> и вычитания.',true,'');
INSERT INTO Question (id,realmId,type,text) OVERRIDING SYSTEM VALUE VALUES (118,4,0,'Операторы сокращенного присваивания (+=, -=, *= и т.д.) называются <em>compound assignment operators</em>. На экзамене OCA потребуется знание только первых двух.');
INSERT INTO Question (id,realmId,type,text) OVERRIDING SYSTEM VALUE VALUES (119,4,2,'Назовите преимущества операторов сокращенного присваивания.');
	INSERT INTO Answer (id,questionId,text,correct,comment) OVERRIDING SYSTEM VALUE VALUES (305,119,'1) Более удобный синтаксис.<br />2) Не нужно явно указывать кастинг.',true,'');
INSERT INTO Question (id,realmId,type,text) OVERRIDING SYSTEM VALUE VALUES (120,4,0,'Присваивание является выражением, имеющим значение:<br /><br />
<p align="LEFT">long x = 5;<br />long y = (x=3);<br />System.out.println(x); // Outputs 3<br />System.out.println(y); // Also, outputs 3</p>');
INSERT INTO Question (id,realmId,type,text) OVERRIDING SYSTEM VALUE VALUES (121,4,0,'В операторах сравнения (relational operators, &lt;,&lt;=,&gt;,&gt;=) идет преобразование типов аналогично бинарным арифметическим операциях');
INSERT INTO Question (id,realmId,type,text) OVERRIDING SYSTEM VALUE VALUES (122,4,0,'Оператор <strong>instanceof</strong> тоже считается оператором сравнения (relational).');
INSERT INTO Question (id,realmId,type,text) OVERRIDING SYSTEM VALUE VALUES (123,4,2,'Перечислите логические <span style="text-decoration: underline;">бинарные</span> операторы Java и типы операндов, к которым они применяются.');
	INSERT INTO Answer (id,questionId,text,correct,comment) OVERRIDING SYSTEM VALUE VALUES (306,123,'Логическое "и": &amp;<br />Логическое "или" (включающее, inclusive): <strong>|</strong><br />Логическое "или" (исключающее, exclusive): <strong>^</strong><br /><br />Применяются к булевым операндам, а также к числовым (в этом случае называются <em>bitwise operators</em>, в OCA не рассматриваются)',true,'');
INSERT INTO Question (id,realmId,type,text) OVERRIDING SYSTEM VALUE VALUES (124,4,0,'Одно из достоинств условных операторов короткого действия, помимо улучшения производительности, заключается в удобстве проверки на null:<br />if(x != null &amp;&amp; x.getValue() &lt; 5) {<br />&nbsp; // Do something<br />}<br /><br />Если бы в вышеприведенном примере кода использовался обычный оператор &amp;, то выдавалась бы Runtime-ошибка NullPointerException');
INSERT INTO Question (id,realmId,type,text) OVERRIDING SYSTEM VALUE VALUES (125,4,2,'Каков вывод следующего фрагмента кода:<br /><br />int x = 6;<br />boolean y = (x &gt;= 6) || (++x &lt;= 7);<br />System.out.println(x);');
	INSERT INTO Answer (id,questionId,text,correct,comment) OVERRIDING SYSTEM VALUE VALUES (307,125,'6.&nbsp;&nbsp;Вторая часть выражения не вычисляется, т.к. первая равна true',true,'');
INSERT INTO Question (id,realmId,type,text) OVERRIDING SYSTEM VALUE VALUES (126,4,0,'Операторы проверки равенства (equality operators, !=, ==) ведут к преобразованию числовых операндов аналогично арифметическим бинарным операторам.');
INSERT INTO Question (id,realmId,type,text) OVERRIDING SYSTEM VALUE VALUES (127,4,0,'В операторах проверки равенства нельзя смешивать разные типы операндов:<br /><br />boolean x = true == 3; // DOES NOT COMPILE<br />boolean y = false != "Giraffe"; // DOES NOT COMPILE<br />boolean z = 3 == "Kangaroo"; // DOES NOT COMPILE<br /><br />Следует обращать пристальное внимание на типы данных, когда в экзаменационной задаче присутствует оператор проверки равенства.');
INSERT INTO Question (id,realmId,type,text) OVERRIDING SYSTEM VALUE VALUES (128,4,1,'Какой результат получится в результате выполнения кода:<br /><br />boolean y = false;<br />boolean x = (y = true);<br />System.out.println(x);');
	INSERT INTO Answer (id,questionId,text,correct,comment) OVERRIDING SYSTEM VALUE VALUES (308,128,'true',true,'во второй строке имеет место присваивание y (=), а не проверка равенства (==)');
	INSERT INTO Answer (id,questionId,text,correct,comment) OVERRIDING SYSTEM VALUE VALUES (309,128,'false',false,'');
INSERT INTO Question (id,realmId,type,text) OVERRIDING SYSTEM VALUE VALUES (129,4,2,'Когда сравнение объектов (==) возвращает true?');
	INSERT INTO Answer (id,questionId,text,correct,comment) OVERRIDING SYSTEM VALUE VALUES (310,129,'Тогда и только тогда, когда обе ссылки указывают на один и тот же объект, либо обе ссылки равны null.',true,'');
INSERT INTO Question (id,realmId,type,text) OVERRIDING SYSTEM VALUE VALUES (130,4,0,'Инструкция Java (<em>statement</em>) - часть кода, которая заканчивается точкой с запятой <strong>;</strong>');
INSERT INTO Question (id,realmId,type,text) OVERRIDING SYSTEM VALUE VALUES (131,4,0,'На экзамене часто пытаются запутать экзаменуемого отступами. Например, в примере<br /><br />if(hourOfDay &lt; 11)<br />&nbsp; System.out.println("Good Morning");<br />&nbsp;&nbsp;morningGreetingCount++;<br /><br />может показаться, что инкремент выполнится только при выполнении условия, хотя на самом деле он выполняется всегда.');
INSERT INTO Question (id,realmId,type,text) OVERRIDING SYSTEM VALUE VALUES (132,4,2,'Скомпилируется ли следующий код, и если нет, то почему?<br /><br />if(hourOfDay &lt; 15) {<br />&nbsp;System.out.println("Good Afternoon");<br />} else if(hourOfDay &lt; 11) {<br />&nbsp;System.out.println("Good Morning");<br />} else {<br />&nbsp;System.out.println("Good Evening");<br />}');
	INSERT INTO Answer (id,questionId,text,correct,comment) OVERRIDING SYSTEM VALUE VALUES (311,132,'Скомпилируется. Несмотря на то, что условие во втором if никогда не выполнится (оно поглощено условием в первом if), компилятор не возьмет на себя смелость детектировать недостижимый код.',true,'');
INSERT INTO Question (id,realmId,type,text) OVERRIDING SYSTEM VALUE VALUES (133,4,0,'Выражения в тернарном операторе должны возвращать значения:<br /><br />int hourOfDay = 9;<br />System.out.println(hourOfDay &lt; 15 ? 4 : "bbb");<br />System.out.println(hourOfDay &lt; 15 ?&nbsp;System.out.println() : "bbb"); //DOESN''T COMPILE');
INSERT INTO Question (id,realmId,type,text) OVERRIDING SYSTEM VALUE VALUES (134,4,0,'<p>В тернарном операторе вычисляется только то выражение, которому передается выполнение исходя из условия:<br /><br />int y = 1;<br />int z = 1;<br />final int x = y&lt;10 ? y++ : z++;<br />System.out.println(y+","+z); // Outputs 2,1</p>
<p>int y = 1;<br />int z = 1;<br />final int x = y&gt;=10 ? y++ : z++;<br />System.out.println(y+","+z); // Outputs 1,2</p>');
INSERT INTO Question (id,realmId,type,text) OVERRIDING SYSTEM VALUE VALUES (135,4,2,'Какие типы допустимы для переменной в конструкции switch?');
	INSERT INTO Answer (id,questionId,text,correct,comment) OVERRIDING SYSTEM VALUE VALUES (312,135,'1) Все целочисленные, кроме long<br />2) Перечислимые<br />3) Строки<br />4) Целочисленные классы обертки, кроме Long',true,'');
INSERT INTO Question (id,realmId,type,text) OVERRIDING SYSTEM VALUE VALUES (136,4,2,'Какие значения могут участвовать в <strong>case</strong>?');
	INSERT INTO Answer (id,questionId,text,correct,comment) OVERRIDING SYSTEM VALUE VALUES (313,136,'Только константы, рассчитываемые на этапе компиляции, причем того же типа, что и выражение в switch:<br />1) литералы<br />2) константы перечислимых типов<br />3) константы с&nbsp;модификатором final',true,'');
INSERT INTO Question (id,realmId,type,text) OVERRIDING SYSTEM VALUE VALUES (137,4,0,'final-константа - это переменная с модификатором <strong>final</strong>, инициализированная литералом в том же выражении, где объявлена.');
INSERT INTO Question (id,realmId,type,text) OVERRIDING SYSTEM VALUE VALUES (138,4,0,'В конструкции <strong>switch</strong> блок <strong>default</strong> может быть в любом месте (не обязательно в конце). Важно понимать, что выполнится он <span style="text-decoration: underline;">только</span> в том случае, если не подойдет ни одно значение из <strong>case</strong>. Однако если он не в конце и не имеет инструкции <strong>break</strong>, то выполнение после него перейдет следующему за ним <strong>case</strong>.');
INSERT INTO Question (id,realmId,type,text) OVERRIDING SYSTEM VALUE VALUES (139,4,0,'В конструкциях while, do-while, for (включая for-each), как и в if, если тело цикла состоит из одного выражения, фигурные скобки можно опустить.');
INSERT INTO Question (id,realmId,type,text) OVERRIDING SYSTEM VALUE VALUES (140,4,2,'Опишите синтаксис цикла do-while');
	INSERT INTO Answer (id,questionId,text,correct,comment) OVERRIDING SYSTEM VALUE VALUES (314,140,'do {<br />&nbsp; //body<br />} while (expression);',true,'');
INSERT INTO Question (id,realmId,type,text) OVERRIDING SYSTEM VALUE VALUES (141,4,2,'Каково содержательное отличие циклов while и do-while?');
	INSERT INTO Answer (id,questionId,text,correct,comment) OVERRIDING SYSTEM VALUE VALUES (315,141,'В цикле do-while тело цикла выполнится по крайней мере 1 раз.',true,'');
INSERT INTO Question (id,realmId,type,text) OVERRIDING SYSTEM VALUE VALUES (142,4,2,'Опишите синтаксис простого цикла for');
	INSERT INTO Answer (id,questionId,text,correct,comment) OVERRIDING SYSTEM VALUE VALUES (316,142,'for (initialization; booleanExpression; updateStatement) {<br />&nbsp;&nbsp; //body<br />}<br /><br />initialization и updateStatement могут состоять из нескольких выражений, разделенных запятыми',true,'');
INSERT INTO Question (id,realmId,type,text) OVERRIDING SYSTEM VALUE VALUES (143,4,0,'Будьте внимательны, когда переменная, объявленная и инициализированная в заголовке цикла for, используется за пределами цикла - она там уже не видна.');
INSERT INTO Question (id,realmId,type,text) OVERRIDING SYSTEM VALUE VALUES (144,4,0,'Переменная, объявленная <span style="text-decoration: underline;">до</span> цикла for и инициализированная в заголовке цикла, остается видимой за пределами цикла.');
INSERT INTO Question (id,realmId,type,text) OVERRIDING SYSTEM VALUE VALUES (145,4,1,'Какие из нижеследующих фрагментов скомпилируются?');
	INSERT INTO Answer (id,questionId,text,correct,comment) OVERRIDING SYSTEM VALUE VALUES (320,145,'for (long y = 0, int x = 4; x &lt; 5 &amp;&amp; y&lt;10; x++, y++) { <br />&nbsp;&nbsp;&nbsp; System.out.print(x + " ");<br />}',false,'Все переменные в блоке инициализации цикла должны быть одного типа, <span style="text-decoration: underline;">если они там же и объявляются</span>.');
	INSERT INTO Answer (id,questionId,text,correct,comment) OVERRIDING SYSTEM VALUE VALUES (321,145,'for (long y = 0, x = 4; x &lt; 5 &amp;&amp; y &lt; 10; x++, y++) {<br />&nbsp;&nbsp;&nbsp; System.out.print(y + " ");<br />}<br />System.out.print(x);',false,'Попытка за пределами цикла обратиться к переменной, которая была объявлена в блоке инициализации цикла.');
	INSERT INTO Answer (id,questionId,text,correct,comment) OVERRIDING SYSTEM VALUE VALUES (317,145,'for ( ; ; ) {<br />&nbsp;&nbsp;&nbsp; System.out.println("Hello World");<br />}',true,'Способ&nbsp;организовать бесконечный цикл.');
	INSERT INTO Answer (id,questionId,text,correct,comment) OVERRIDING SYSTEM VALUE VALUES (318,145,'int x = 0;<br />for (long y = 0, z = 4; x &lt; 5 &amp;&amp; y &lt; 10; x++, y++) {<br />&nbsp;&nbsp;&nbsp; System.out.print(y + " ");<br />}<br />System.out.print(x);',true,'в секциях заголовка цикла for может использоваться более одной переменной');
	INSERT INTO Answer (id,questionId,text,correct,comment) OVERRIDING SYSTEM VALUE VALUES (319,145,'int x = 0;<br />for (long y = 0, x = 4; x &lt; 5 &amp;&amp; y &lt; 10; x++, y++) {<br />&nbsp;&nbsp;&nbsp; System.out.print(x + " ");<br />}',false,'Переменная <strong>x</strong> уже была объявлена до цикла, а в&nbsp;блоке инициализации&nbsp;цикла она опять объявляется.');
INSERT INTO Question (id,realmId,type,text) OVERRIDING SYSTEM VALUE VALUES (146,4,2,'Опишите синтаксис цикла for-each');
	INSERT INTO Answer (id,questionId,text,correct,comment) OVERRIDING SYSTEM VALUE VALUES (322,146,'for(datatype instance : iterable collection) {<br />&nbsp;&nbsp;&nbsp; //body<br />}',true,'');
INSERT INTO Question (id,realmId,type,text) OVERRIDING SYSTEM VALUE VALUES (147,4,0,'На экзамене OCA из всего Collections Framework требуется знание только List и ArrayList');
INSERT INTO Question (id,realmId,type,text) OVERRIDING SYSTEM VALUE VALUES (148,0,2,'Какой код можно можно будет увидеть после компиляции и декомпиляции следующего кода, если <strong>names</strong> - массив String?<br /><br />for(String name : names) {<br />&nbsp;&nbsp;&nbsp; System.out.print(name + ", ");<br />}');
	INSERT INTO Answer (id,questionId,text,correct,comment) OVERRIDING SYSTEM VALUE VALUES (323,148,'for(int i=0; i &lt; names.length; i++) {<br />&nbsp;&nbsp;&nbsp; String name = names[i];<br />&nbsp;&nbsp;&nbsp; System.out.print(name + ", ");<br />}',true,'');
INSERT INTO Question (id,realmId,type,text) OVERRIDING SYSTEM VALUE VALUES (149,0,2,'Какой код можно можно будет увидеть после компиляции и декомпиляции следующего кода, если <strong>values</strong>- это List?<br /><br />for(int value : values) {<br />&nbsp;&nbsp;&nbsp; System.out.print(value + ", ");<br />}');
	INSERT INTO Answer (id,questionId,text,correct,comment) OVERRIDING SYSTEM VALUE VALUES (324,149,'for(java.util.Iterator&lt;Integer&gt; i = values.iterator(); i.hasNext(); ) {<br />&nbsp;&nbsp;&nbsp; int value = i.next();<br />&nbsp;&nbsp;&nbsp; System.out.print(value + ", ");<br />}',true,'');
INSERT INTO Question (id,realmId,type,text) OVERRIDING SYSTEM VALUE VALUES (150,4,0,'Одним из недостатков цикла for-each является то, что он скрывает переменную-итератор, поэтому некоторые задачи&nbsp;решать с помощью таких циклов оказывается не так удобно. Примеры:<br /><br />1) разделение запятыми элементов коллекции&nbsp;(нельзя определить, где начало и конец перебора).<br />2) обращение во время одной итерации к нескольким элементам коллекции (нельзя обратиться по индексу)');
INSERT INTO Question (id,realmId,type,text) OVERRIDING SYSTEM VALUE VALUES (151,4,2,'Что такое метка в Java?');
	INSERT INTO Answer (id,questionId,text,correct,comment) OVERRIDING SYSTEM VALUE VALUES (325,151,'Метка (<em>label</em>) - это опциональный указатель в начале Java-инструкции, который позволяет потоку приложения "перепрыгнуть" к определенному месту программы или прервать программу с определенного места. Правила именования такие же, как для переменных. Используются только при работе с вложенными циклами. Общепринятая практика именования - заглавные буквы, разделенные подчеркиванием.',true,'');
INSERT INTO Question (id,realmId,type,text) OVERRIDING SYSTEM VALUE VALUES (152,4,2,'Опишите синтаксис цикла while с метками и выражением <em>break</em>.');
	INSERT INTO Answer (id,questionId,text,correct,comment) OVERRIDING SYSTEM VALUE VALUES (326,152,'optionalLabel: while(booleanExpression) {<br />&nbsp;&nbsp;&nbsp; //body<br />&nbsp;&nbsp;&nbsp; //somewhere in loop<br />&nbsp;&nbsp;&nbsp; break optionalLabel;<br />}',true,'');
INSERT INTO Question (id,realmId,type,text) OVERRIDING SYSTEM VALUE VALUES (153,4,2,'Чем <em>continue</em> отличается от <em>break</em>? А чем похоже?');
	INSERT INTO Answer (id,questionId,text,correct,comment) OVERRIDING SYSTEM VALUE VALUES (327,153,'<em>break</em> прерывает цикл, на который ссылается (либо текущий, если метка не указана).<br /><em>continue</em> передает управление&nbsp;проверке условия выполнения цикла, на который ссылается (либо текущего цикла, если метка не указана). Фактически, <em>continue</em> прерывает текущую итерацию цикла.<br />Сходство состоит в том, что синтаксис использования <em>break</em> и <em>continue </em>одинаковый, так же как и логика выбора адресного цикла в зависимости от наличия/отсутствия метки.',true,'');
INSERT INTO Question (id,realmId,type,text) OVERRIDING SYSTEM VALUE VALUES (154,4,2,'<p>Где могут быть использованы метки, <em>break</em>, <em>continue</em>?</p>');
	INSERT INTO Answer (id,questionId,text,correct,comment) OVERRIDING SYSTEM VALUE VALUES (328,154,'Метки допустимы перед любой Java-инструкцией, в том числе перед блоком&nbsp;(но использовать их не надо).<br /><em>break</em> с меткой допустим внутри блока, если&nbsp;какой-то из окружающих блоков (либо управляющая конструкция, открывающая блок) помечен этой меткой.<br /><em>break</em> без метки допустим внутри цикла или <em>switch</em>.<br /><em>continue</em> допустим внутри цикла.',true,'');
INSERT INTO Question (id,realmId,type,text) OVERRIDING SYSTEM VALUE VALUES (155,4,1,'Which of the following Java operators can be used with boolean variables? (Choose all that apply)');
	INSERT INTO Answer (id,questionId,text,correct,comment) OVERRIDING SYSTEM VALUE VALUES (329,155,'==',true,'');
	INSERT INTO Answer (id,questionId,text,correct,comment) OVERRIDING SYSTEM VALUE VALUES (330,155,'+',false,'');
	INSERT INTO Answer (id,questionId,text,correct,comment) OVERRIDING SYSTEM VALUE VALUES (331,155,'--',false,'');
	INSERT INTO Answer (id,questionId,text,correct,comment) OVERRIDING SYSTEM VALUE VALUES (332,155,'!',true,'');
	INSERT INTO Answer (id,questionId,text,correct,comment) OVERRIDING SYSTEM VALUE VALUES (333,155,'%',false,'');
	INSERT INTO Answer (id,questionId,text,correct,comment) OVERRIDING SYSTEM VALUE VALUES (334,155,'&lt;=',false,'');
INSERT INTO Question (id,realmId,type,text) OVERRIDING SYSTEM VALUE VALUES (156,4,1,'What data type (or types) will allow the following code snippet to compile? (Choose all that apply)<br /><br />byte x = 5;<br />byte y = 10;<br />_____ z = x + y;');
	INSERT INTO Answer (id,questionId,text,correct,comment) OVERRIDING SYSTEM VALUE VALUES (336,156,'long',true,'Сумма x+y имеет тип int. Может быть автоматически преобразовано к long.');
	INSERT INTO Answer (id,questionId,text,correct,comment) OVERRIDING SYSTEM VALUE VALUES (337,156,'boolean',false,'нельзя положить число в boolean');
	INSERT INTO Answer (id,questionId,text,correct,comment) OVERRIDING SYSTEM VALUE VALUES (338,156,'double',true,'Сумма x+y имеет тип int. Может быть автоматически преобразовано к double');
	INSERT INTO Answer (id,questionId,text,correct,comment) OVERRIDING SYSTEM VALUE VALUES (339,156,'short',false,'Сумма x+y имеет тип int. Для преобразования к short требуется явный кастинг');
	INSERT INTO Answer (id,questionId,text,correct,comment) OVERRIDING SYSTEM VALUE VALUES (340,156,'byte',false,'Сумма x+y имеет тип int. Для преобразования к byte требуется явный кастинг');
	INSERT INTO Answer (id,questionId,text,correct,comment) OVERRIDING SYSTEM VALUE VALUES (335,156,'int',true,'Сумма x+y имеет тип int.');
INSERT INTO Question (id,realmId,type,text) OVERRIDING SYSTEM VALUE VALUES (157,4,1,'<p>What is the output of the following application?</p>
<p>1: public class CompareValues {<br />2:&nbsp;&nbsp;&nbsp;&nbsp; public static void main(String[] args) {<br />3:&nbsp;&nbsp;&nbsp;&nbsp;&nbsp;&nbsp;&nbsp;&nbsp; int x = 0;<br />4:&nbsp;&nbsp;&nbsp;&nbsp;&nbsp;&nbsp;&nbsp;&nbsp; while(x++ &lt; 10) {}<br />5:&nbsp;&nbsp;&nbsp;&nbsp;&nbsp;&nbsp;&nbsp;&nbsp; String message = x &gt; 10 ? "Greater than" : false;<br />6:&nbsp;&nbsp;&nbsp;&nbsp;&nbsp;&nbsp;&nbsp;&nbsp; System.out.println(message+","+x);<br />7:&nbsp;&nbsp;&nbsp;&nbsp; }<br />8: }</p>');
	INSERT INTO Answer (id,questionId,text,correct,comment) OVERRIDING SYSTEM VALUE VALUES (341,157,'Greater than,10',false,'');
	INSERT INTO Answer (id,questionId,text,correct,comment) OVERRIDING SYSTEM VALUE VALUES (342,157,'false,10',false,'');
	INSERT INTO Answer (id,questionId,text,correct,comment) OVERRIDING SYSTEM VALUE VALUES (343,157,'Greater than,11',false,'');
	INSERT INTO Answer (id,questionId,text,correct,comment) OVERRIDING SYSTEM VALUE VALUES (344,157,'false,11',false,'');
	INSERT INTO Answer (id,questionId,text,correct,comment) OVERRIDING SYSTEM VALUE VALUES (345,157,'The code will not compile because of line 4.',false,'');
	INSERT INTO Answer (id,questionId,text,correct,comment) OVERRIDING SYSTEM VALUE VALUES (346,157,'The code will not compile because of line 5.',true,'false не может быть присвоено переменной типа String.');
INSERT INTO Question (id,realmId,type,text) OVERRIDING SYSTEM VALUE VALUES (158,4,1,'<p>What change would allow the following code snippet to compile? (Choose all that apply)</p>
<p>3: long x = 10;<br />4: int y = 2 * x;</p>');
	INSERT INTO Answer (id,questionId,text,correct,comment) OVERRIDING SYSTEM VALUE VALUES (352,158,'Change the data type of y on line 4 to long.',true,'');
	INSERT INTO Answer (id,questionId,text,correct,comment) OVERRIDING SYSTEM VALUE VALUES (347,158,'No change; it compiles as is.',false,'не получится; операнды в бинарном арифметическом операторе (равно как и значение всего выражения) приводятся к максимальному из них');
	INSERT INTO Answer (id,questionId,text,correct,comment) OVERRIDING SYSTEM VALUE VALUES (348,158,'Cast x on line 4 to int.',true,'');
	INSERT INTO Answer (id,questionId,text,correct,comment) OVERRIDING SYSTEM VALUE VALUES (349,158,'Change the data type of x on line 3 to short.',true,'');
	INSERT INTO Answer (id,questionId,text,correct,comment) OVERRIDING SYSTEM VALUE VALUES (350,158,'Cast 2 * x on line 4 to int.',true,'');
	INSERT INTO Answer (id,questionId,text,correct,comment) OVERRIDING SYSTEM VALUE VALUES (351,158,'Change the data type of y on line 4 to short.',false,'');
INSERT INTO Question (id,realmId,type,text) OVERRIDING SYSTEM VALUE VALUES (159,4,1,'What is the output of the following code snippet?<br /><br />3: java.util.List&lt;Integer&gt; list = new java.util.ArrayList&lt;Integer&gt;();<br />4: list.add(10);<br />5: list.add(14);<br />6: for(int x : list) {<br />7:&nbsp;&nbsp;&nbsp;&nbsp; System.out.print(x + ", ");<br />8:&nbsp;&nbsp;&nbsp;&nbsp; break;<br />9: }');
	INSERT INTO Answer (id,questionId,text,correct,comment) OVERRIDING SYSTEM VALUE VALUES (353,159,'10, 14,',false,'');
	INSERT INTO Answer (id,questionId,text,correct,comment) OVERRIDING SYSTEM VALUE VALUES (354,159,'10, 14',false,'');
	INSERT INTO Answer (id,questionId,text,correct,comment) OVERRIDING SYSTEM VALUE VALUES (355,159,'10,',true,'');
	INSERT INTO Answer (id,questionId,text,correct,comment) OVERRIDING SYSTEM VALUE VALUES (356,159,'The code will not compile because of line 7.',false,'На самом деле код скомпилируется, так как если один из операндов сложения является строкой, то происходит конкатенация');
	INSERT INTO Answer (id,questionId,text,correct,comment) OVERRIDING SYSTEM VALUE VALUES (357,159,'The code will not compile because of line 8.',false,'');
	INSERT INTO Answer (id,questionId,text,correct,comment) OVERRIDING SYSTEM VALUE VALUES (358,159,'The code contains an infinite loop and does not terminate.',false,'');
INSERT INTO Question (id,realmId,type,text) OVERRIDING SYSTEM VALUE VALUES (160,4,1,'<p>What is the output of the following code snippet?</p>
<p>3: int x = 4;<br />4: long y = x * 4 - x++;<br />5: if(y&lt;10) System.out.println("Too Low");<br />6: else System.out.println("Just Right");<br />7: else System.out.println("Too High");</p>');
	INSERT INTO Answer (id,questionId,text,correct,comment) OVERRIDING SYSTEM VALUE VALUES (359,160,'Too Low',false,'');
	INSERT INTO Answer (id,questionId,text,correct,comment) OVERRIDING SYSTEM VALUE VALUES (360,160,'Just Right',false,'');
	INSERT INTO Answer (id,questionId,text,correct,comment) OVERRIDING SYSTEM VALUE VALUES (361,160,'Too High',false,'');
	INSERT INTO Answer (id,questionId,text,correct,comment) OVERRIDING SYSTEM VALUE VALUES (362,160,'Compiles but throws a NullPointerException.',false,'');
	INSERT INTO Answer (id,questionId,text,correct,comment) OVERRIDING SYSTEM VALUE VALUES (363,160,'The code will not compile because of line 6.',false,'');
	INSERT INTO Answer (id,questionId,text,correct,comment) OVERRIDING SYSTEM VALUE VALUES (364,160,'The code will not compile because of line 7.',true,'одинокий else');
INSERT INTO Question (id,realmId,type,text) OVERRIDING SYSTEM VALUE VALUES (161,4,1,'<p>What is the output of the following code?</p>
<p>1: public class TernaryTester {<br />2:&nbsp;&nbsp;&nbsp;&nbsp; public static void main(String[] args) {<br />3:&nbsp;&nbsp;&nbsp;&nbsp;&nbsp;&nbsp;&nbsp;&nbsp; int x = 5;<br />4:&nbsp;&nbsp;&nbsp;&nbsp;&nbsp;&nbsp;&nbsp;&nbsp; System.out.println(x &gt; 2 ? x &lt; 4 ? 10 : 8 : 7);<br />5: }}</p>');
	INSERT INTO Answer (id,questionId,text,correct,comment) OVERRIDING SYSTEM VALUE VALUES (368,161,'8',true,'Вложенные тернарные операторы не требуют скобок');
	INSERT INTO Answer (id,questionId,text,correct,comment) OVERRIDING SYSTEM VALUE VALUES (369,161,'7',false,'');
	INSERT INTO Answer (id,questionId,text,correct,comment) OVERRIDING SYSTEM VALUE VALUES (370,161,'The code will not compile because of line 4.',false,'');
	INSERT INTO Answer (id,questionId,text,correct,comment) OVERRIDING SYSTEM VALUE VALUES (365,161,'5',false,'');
	INSERT INTO Answer (id,questionId,text,correct,comment) OVERRIDING SYSTEM VALUE VALUES (366,161,'4',false,'');
	INSERT INTO Answer (id,questionId,text,correct,comment) OVERRIDING SYSTEM VALUE VALUES (367,161,'10',false,'');
INSERT INTO Question (id,realmId,type,text) OVERRIDING SYSTEM VALUE VALUES (162,4,1,'<p>What is the output of the following code snippet?</p>
<p>3: boolean x = true, z = true;<br />4: int y = 20;<br />5: x = (y != 10) ^ (z=false);<br />6: System.out.println(x+", "+y+", "+z);</p>');
	INSERT INTO Answer (id,questionId,text,correct,comment) OVERRIDING SYSTEM VALUE VALUES (371,162,'true, 10, true',false,'');
	INSERT INTO Answer (id,questionId,text,correct,comment) OVERRIDING SYSTEM VALUE VALUES (372,162,'true, 20, false',true,'');
	INSERT INTO Answer (id,questionId,text,correct,comment) OVERRIDING SYSTEM VALUE VALUES (373,162,'false, 20, true',false,'');
	INSERT INTO Answer (id,questionId,text,correct,comment) OVERRIDING SYSTEM VALUE VALUES (374,162,'false, 20, false',false,'');
	INSERT INTO Answer (id,questionId,text,correct,comment) OVERRIDING SYSTEM VALUE VALUES (375,162,'The code will not compile because of line 5.',false,'');
INSERT INTO Question (id,realmId,type,text) OVERRIDING SYSTEM VALUE VALUES (163,4,1,'<p>How many times will the following code print "Hello World"?</p>
<p>3: for(int i=0; i&lt;10 ; ) {<br />4:&nbsp;&nbsp;&nbsp;&nbsp; i = i++;<br />5:&nbsp;&nbsp;&nbsp;&nbsp; System.out.println("Hello World");<br />6: }</p>');
	INSERT INTO Answer (id,questionId,text,correct,comment) OVERRIDING SYSTEM VALUE VALUES (376,163,'9',false,'');
	INSERT INTO Answer (id,questionId,text,correct,comment) OVERRIDING SYSTEM VALUE VALUES (377,163,'10',false,'');
	INSERT INTO Answer (id,questionId,text,correct,comment) OVERRIDING SYSTEM VALUE VALUES (378,163,'11',false,'');
	INSERT INTO Answer (id,questionId,text,correct,comment) OVERRIDING SYSTEM VALUE VALUES (379,163,'The code will not compile because of line 3.',false,'');
	INSERT INTO Answer (id,questionId,text,correct,comment) OVERRIDING SYSTEM VALUE VALUES (380,163,'The code will not compile because of line 5.',false,'');
	INSERT INTO Answer (id,questionId,text,correct,comment) OVERRIDING SYSTEM VALUE VALUES (381,163,'The code contains an infinite loop and does not terminate.',true,'Очень хитро здесь работает инкремент. 1) сначала он берется старый 2) потом инкрементируется на единицу и 3!!!) ранее взятое старое значение кладется в переменную, тем самым отменяя инкремент!');
INSERT INTO Question (id,realmId,type,text) OVERRIDING SYSTEM VALUE VALUES (164,4,1,'<p>What is the output of the following code?</p>
<p>3: byte a = 40, b = 50;<br />4: byte sum = (byte) a + b;<br />5: System.out.println(sum);</p>');
	INSERT INTO Answer (id,questionId,text,correct,comment) OVERRIDING SYSTEM VALUE VALUES (384,164,'90',false,'');
	INSERT INTO Answer (id,questionId,text,correct,comment) OVERRIDING SYSTEM VALUE VALUES (385,164,'The code will not compile because of line 4.',true,'Оператор кастинга имеет наивысший приоритет, поэтому он&nbsp;приводит&nbsp;к byte&nbsp;только a.');
	INSERT INTO Answer (id,questionId,text,correct,comment) OVERRIDING SYSTEM VALUE VALUES (386,164,'An undefined value.',false,'');
	INSERT INTO Answer (id,questionId,text,correct,comment) OVERRIDING SYSTEM VALUE VALUES (382,164,'40',false,'');
	INSERT INTO Answer (id,questionId,text,correct,comment) OVERRIDING SYSTEM VALUE VALUES (383,164,'50',false,'');
INSERT INTO Question (id,realmId,type,text) OVERRIDING SYSTEM VALUE VALUES (165,4,1,'What is the output of the following code?<br /><br />1: public class ArithmeticSample {<br />2:&nbsp;&nbsp;&nbsp;&nbsp; public static void main(String[] args) {<br />3:&nbsp;&nbsp;&nbsp;&nbsp;&nbsp;&nbsp;&nbsp;&nbsp; int x = 5 * 4 % 3;<br />4:&nbsp;&nbsp;&nbsp;&nbsp;&nbsp;&nbsp;&nbsp;&nbsp; System.out.println(x);<br />5: }}');
	INSERT INTO Answer (id,questionId,text,correct,comment) OVERRIDING SYSTEM VALUE VALUES (387,165,'2',true,'');
	INSERT INTO Answer (id,questionId,text,correct,comment) OVERRIDING SYSTEM VALUE VALUES (388,165,'3',false,'');
	INSERT INTO Answer (id,questionId,text,correct,comment) OVERRIDING SYSTEM VALUE VALUES (389,165,'5',false,'');
	INSERT INTO Answer (id,questionId,text,correct,comment) OVERRIDING SYSTEM VALUE VALUES (390,165,'6',false,'');
	INSERT INTO Answer (id,questionId,text,correct,comment) OVERRIDING SYSTEM VALUE VALUES (391,165,'The code will not compile because of line 3.',false,'');
INSERT INTO Question (id,realmId,type,text) OVERRIDING SYSTEM VALUE VALUES (166,4,1,'What is the output of the following code snippet?<br /><br />3: int x = 0;<br />4: String s = null;<br />5: if(x == s) System.out.println("Success");<br />6: else System.out.println("Failure");');
	INSERT INTO Answer (id,questionId,text,correct,comment) OVERRIDING SYSTEM VALUE VALUES (392,166,'Success',false,'');
	INSERT INTO Answer (id,questionId,text,correct,comment) OVERRIDING SYSTEM VALUE VALUES (393,166,'Failure',false,'');
	INSERT INTO Answer (id,questionId,text,correct,comment) OVERRIDING SYSTEM VALUE VALUES (394,166,'The code will not compile because of line 4.',false,'');
	INSERT INTO Answer (id,questionId,text,correct,comment) OVERRIDING SYSTEM VALUE VALUES (395,166,'The code will not compile because of line 5.',true,'Нельзя сравнивать объектный тип с примитивным.');
INSERT INTO Question (id,realmId,type,text) OVERRIDING SYSTEM VALUE VALUES (167,4,1,'What is the output of the following code snippet?<br /><br />3: int x1 = 50, x2 = 75;<br />4: boolean b = x1 &gt;= x2;<br />5: if(b = true) System.out.println("Success");<br />6: else System.out.println("Failure");');
	INSERT INTO Answer (id,questionId,text,correct,comment) OVERRIDING SYSTEM VALUE VALUES (396,167,'Success',true,'');
	INSERT INTO Answer (id,questionId,text,correct,comment) OVERRIDING SYSTEM VALUE VALUES (397,167,'Failure',false,'');
	INSERT INTO Answer (id,questionId,text,correct,comment) OVERRIDING SYSTEM VALUE VALUES (398,167,'The code will not compile because of line 4.',false,'');
	INSERT INTO Answer (id,questionId,text,correct,comment) OVERRIDING SYSTEM VALUE VALUES (399,167,'The code will not compile because of line 5.',false,'');
INSERT INTO Question (id,realmId,type,text) OVERRIDING SYSTEM VALUE VALUES (168,4,1,'What is the output of the following code snippet?<br /><br />3: int c = 7;<br />4: int result = 4;<br />5: result += ++c;<br />6: System.out.println(result);');
	INSERT INTO Answer (id,questionId,text,correct,comment) OVERRIDING SYSTEM VALUE VALUES (400,168,'8',false,'');
	INSERT INTO Answer (id,questionId,text,correct,comment) OVERRIDING SYSTEM VALUE VALUES (401,168,'11',false,'');
	INSERT INTO Answer (id,questionId,text,correct,comment) OVERRIDING SYSTEM VALUE VALUES (402,168,'12',true,'');
	INSERT INTO Answer (id,questionId,text,correct,comment) OVERRIDING SYSTEM VALUE VALUES (403,168,'15',false,'');
	INSERT INTO Answer (id,questionId,text,correct,comment) OVERRIDING SYSTEM VALUE VALUES (404,168,'16',false,'');
	INSERT INTO Answer (id,questionId,text,correct,comment) OVERRIDING SYSTEM VALUE VALUES (405,168,'The code will not compile because of line 5.',false,'');
INSERT INTO Question (id,realmId,type,text) OVERRIDING SYSTEM VALUE VALUES (169,4,1,'What is the output of the following code snippet?<br /><br />3: int x = 1, y = 15;<br />4: while x &lt; 10<br />5:&nbsp;&nbsp;&nbsp;&nbsp; y&ndash;&ndash;;<br />6:&nbsp;&nbsp;&nbsp;&nbsp; x++;<br />7: System.out.println(x+", "+y);');
	INSERT INTO Answer (id,questionId,text,correct,comment) OVERRIDING SYSTEM VALUE VALUES (406,169,'10, 5',false,'');
	INSERT INTO Answer (id,questionId,text,correct,comment) OVERRIDING SYSTEM VALUE VALUES (407,169,'10, 6',false,'');
	INSERT INTO Answer (id,questionId,text,correct,comment) OVERRIDING SYSTEM VALUE VALUES (408,169,'11, 5',false,'');
	INSERT INTO Answer (id,questionId,text,correct,comment) OVERRIDING SYSTEM VALUE VALUES (409,169,'The code will not compile because of line 3.',false,'');
	INSERT INTO Answer (id,questionId,text,correct,comment) OVERRIDING SYSTEM VALUE VALUES (410,169,'The code will not compile because of line 4.',true,'');
	INSERT INTO Answer (id,questionId,text,correct,comment) OVERRIDING SYSTEM VALUE VALUES (411,169,'The code contains an infinite loop and does not terminate.',false,'');
INSERT INTO Question (id,realmId,type,text) OVERRIDING SYSTEM VALUE VALUES (170,4,1,'What is the output of the following code snippet?<br /><br />3: do {<br />4:&nbsp;&nbsp;&nbsp;&nbsp; int y = 1;<br />5:&nbsp;&nbsp;&nbsp;&nbsp; System.out.print(y++ + " ");<br />6: } while(y &lt;= 10);');
	INSERT INTO Answer (id,questionId,text,correct,comment) OVERRIDING SYSTEM VALUE VALUES (416,170,'The code contains an infinite loop and does not terminate.',false,'');
	INSERT INTO Answer (id,questionId,text,correct,comment) OVERRIDING SYSTEM VALUE VALUES (412,170,'1 2 3 4 5 6 7 8 9',false,'');
	INSERT INTO Answer (id,questionId,text,correct,comment) OVERRIDING SYSTEM VALUE VALUES (413,170,'1 2 3 4 5 6 7 8 9 10',false,'');
	INSERT INTO Answer (id,questionId,text,correct,comment) OVERRIDING SYSTEM VALUE VALUES (414,170,'1 2 3 4 5 6 7 8 9 10 11',false,'');
	INSERT INTO Answer (id,questionId,text,correct,comment) OVERRIDING SYSTEM VALUE VALUES (415,170,'The code will not compile because of line 6.',true,'');
INSERT INTO Question (id,realmId,type,text) OVERRIDING SYSTEM VALUE VALUES (171,4,1,'What is the output of the following code snippet?<br /><br />3: boolean keepGoing = true;<br />4: int result = 15, i = 10;<br />5: do {<br />6:&nbsp;&nbsp;&nbsp;&nbsp; i--;<br />7:&nbsp;&nbsp;&nbsp;&nbsp; if(i==8) keepGoing = false;<br />8:&nbsp;&nbsp;&nbsp;&nbsp; result -= 2;<br />9: } while(keepGoing);<br />10: System.out.println(result);');
	INSERT INTO Answer (id,questionId,text,correct,comment) OVERRIDING SYSTEM VALUE VALUES (417,171,'7',false,'');
	INSERT INTO Answer (id,questionId,text,correct,comment) OVERRIDING SYSTEM VALUE VALUES (418,171,'9',false,'');
	INSERT INTO Answer (id,questionId,text,correct,comment) OVERRIDING SYSTEM VALUE VALUES (419,171,'10',false,'');
	INSERT INTO Answer (id,questionId,text,correct,comment) OVERRIDING SYSTEM VALUE VALUES (420,171,'11',true,'');
	INSERT INTO Answer (id,questionId,text,correct,comment) OVERRIDING SYSTEM VALUE VALUES (421,171,'15',false,'');
	INSERT INTO Answer (id,questionId,text,correct,comment) OVERRIDING SYSTEM VALUE VALUES (422,171,'The code will not compile because of line 8.',false,'');
INSERT INTO Question (id,realmId,type,text) OVERRIDING SYSTEM VALUE VALUES (172,4,1,'What is the output of the following code snippet?<br /><br />3: int count = 0;<br />4: ROW_LOOP: for(int row = 1; row &lt;=3; row++)<br />5:&nbsp;&nbsp;&nbsp;&nbsp; for(int col = 1; col &lt;=2 ; col++) {<br />6:&nbsp;&nbsp;&nbsp;&nbsp;&nbsp;&nbsp;&nbsp;&nbsp; if(row * col % 2 == 0) continue ROW_LOOP;<br />7:&nbsp;&nbsp;&nbsp;&nbsp;&nbsp;&nbsp;&nbsp;&nbsp; count++;<br />8:&nbsp;&nbsp;&nbsp;&nbsp; }<br />9: System.out.println(count);');
	INSERT INTO Answer (id,questionId,text,correct,comment) OVERRIDING SYSTEM VALUE VALUES (423,172,'1',false,'');
	INSERT INTO Answer (id,questionId,text,correct,comment) OVERRIDING SYSTEM VALUE VALUES (424,172,'2',true,'');
	INSERT INTO Answer (id,questionId,text,correct,comment) OVERRIDING SYSTEM VALUE VALUES (425,172,'3',false,'');
	INSERT INTO Answer (id,questionId,text,correct,comment) OVERRIDING SYSTEM VALUE VALUES (426,172,'4',false,'');
	INSERT INTO Answer (id,questionId,text,correct,comment) OVERRIDING SYSTEM VALUE VALUES (427,172,'6',false,'');
	INSERT INTO Answer (id,questionId,text,correct,comment) OVERRIDING SYSTEM VALUE VALUES (428,172,'The code will not compile because of line 6.',false,'');
INSERT INTO Question (id,realmId,type,text) OVERRIDING SYSTEM VALUE VALUES (173,4,1,'What is the result of the following code snippet?<br /><br />3: int m = 9, n = 1, x = 0;<br />4: while(m &gt; n) {<br />5:&nbsp;&nbsp;&nbsp;&nbsp; m--;<br />6:&nbsp;&nbsp;&nbsp;&nbsp; n += 2;<br />7:&nbsp;&nbsp;&nbsp;&nbsp; x += m + n;<br />8: }<br />9: System.out.println(x);');
	INSERT INTO Answer (id,questionId,text,correct,comment) OVERRIDING SYSTEM VALUE VALUES (432,173,'36',true,'');
	INSERT INTO Answer (id,questionId,text,correct,comment) OVERRIDING SYSTEM VALUE VALUES (433,173,'50',false,'');
	INSERT INTO Answer (id,questionId,text,correct,comment) OVERRIDING SYSTEM VALUE VALUES (434,173,'The code will not compile because of line 7.',false,'');
	INSERT INTO Answer (id,questionId,text,correct,comment) OVERRIDING SYSTEM VALUE VALUES (429,173,'11',false,'');
	INSERT INTO Answer (id,questionId,text,correct,comment) OVERRIDING SYSTEM VALUE VALUES (430,173,'13',false,'');
	INSERT INTO Answer (id,questionId,text,correct,comment) OVERRIDING SYSTEM VALUE VALUES (431,173,'23',false,'');
INSERT INTO Question (id,realmId,type,text) OVERRIDING SYSTEM VALUE VALUES (174,4,1,'<p>What is the result of the following code snippet?</p>
<p>3: final char a = ''A'', d = ''D'';<br />4: char grade = ''B'';<br />5: switch(grade) {<br />6:&nbsp;&nbsp;&nbsp;&nbsp; case a:<br />7:&nbsp;&nbsp;&nbsp;&nbsp; case ''B'': System.out.print("great");<br />8:&nbsp;&nbsp;&nbsp;&nbsp; case ''C'': System.out.print("good"); break;<br />9:&nbsp;&nbsp;&nbsp;&nbsp; case d:<br />10:&nbsp;&nbsp;&nbsp;case ''F'': System.out.print("not good");<br />11: }</p>');
	INSERT INTO Answer (id,questionId,text,correct,comment) OVERRIDING SYSTEM VALUE VALUES (435,174,'great',false,'');
	INSERT INTO Answer (id,questionId,text,correct,comment) OVERRIDING SYSTEM VALUE VALUES (436,174,'greatgood',true,'');
	INSERT INTO Answer (id,questionId,text,correct,comment) OVERRIDING SYSTEM VALUE VALUES (437,174,'The code will not compile because of line 3.',false,'');
	INSERT INTO Answer (id,questionId,text,correct,comment) OVERRIDING SYSTEM VALUE VALUES (438,174,'The code will not compile because of line 6.',false,'');
	INSERT INTO Answer (id,questionId,text,correct,comment) OVERRIDING SYSTEM VALUE VALUES (439,174,'The code will not compile because of lines 6 and 9.',false,'');
INSERT INTO Question (id,realmId,type,text) OVERRIDING SYSTEM VALUE VALUES (175,4,2,'Назовите основные принципы использования оператора "+" с точки зрения конкатенации.');
	INSERT INTO Answer (id,questionId,text,correct,comment) OVERRIDING SYSTEM VALUE VALUES (440,175,'1. Если оба операнда числовые, то + обозначает сложение.<br />2. Если хотя бы один операнд - строка, + обозначает конкатенацию.<br />3. Выражение вычисляется слева направо. Например:<br /><br />System.out.println(1 + 2 + "c"); // 3c',true,'');
INSERT INTO Question (id,realmId,type,text) OVERRIDING SYSTEM VALUE VALUES (176,4,2,'Каков будет вывод следующего кода?<br /><br />int three = 3;<br />String four = "4";<br />System.out.println(1 + 2 + three + four);');
	INSERT INTO Answer (id,questionId,text,correct,comment) OVERRIDING SYSTEM VALUE VALUES (441,176,'64',true,'');
INSERT INTO Question (id,realmId,type,text) OVERRIDING SYSTEM VALUE VALUES (177,4,2,'Каков будет результат работы следующего кода?<br /><br />4: String s = "1";<br />5: s += "2";<br />6: s += 3;<br />7: System.out.println(s);');
	INSERT INTO Answer (id,questionId,text,correct,comment) OVERRIDING SYSTEM VALUE VALUES (442,177,'123',true,'');
INSERT INTO Question (id,realmId,type,text) OVERRIDING SYSTEM VALUE VALUES (178,4,2,'Каким должен быть неизменяемый (immutable) класс?');
	INSERT INTO Answer (id,questionId,text,correct,comment) OVERRIDING SYSTEM VALUE VALUES (443,178,'1) иметь только геттеры<br />2) быть объявленным final (чтобы наследники не могли изменить неизменяемое поведение)',true,'');
INSERT INTO Question (id,realmId,type,text) OVERRIDING SYSTEM VALUE VALUES (179,4,2,'Что выведет следующий код?<br /><br />String s1 = "1";<br />String s2 = s1.concat("2");<br />s2.concat("3");<br />System.out.println(s2);');
	INSERT INTO Answer (id,questionId,text,correct,comment) OVERRIDING SYSTEM VALUE VALUES (444,179,'12<br /><br />поскольку строки - неизменяемые, а результат конкатенации в 3-й строке не присваивается переменной s2 (т.е. теряется)',true,'');
INSERT INTO Question (id,realmId,type,text) OVERRIDING SYSTEM VALUE VALUES (180,4,2,'Что такое строковый пул (<em>string pool</em>)?');
	INSERT INTO Answer (id,questionId,text,correct,comment) OVERRIDING SYSTEM VALUE VALUES (445,180,'Строковый пул хранит часто используемые строки в целях экономии памяти, преимущественно строковые литералы.',true,'');
INSERT INTO Question (id,realmId,type,text) OVERRIDING SYSTEM VALUE VALUES (181,4,2,'Какая разница между двумя строками?<br /><br />1) String name = "Fluffy";<br />2) String name = new String("Fluffy");');
	INSERT INTO Answer (id,questionId,text,correct,comment) OVERRIDING SYSTEM VALUE VALUES (446,181,'В первом случае строка попадет в строковый пул (либо будет взята оттуда, если уже имеется в нем).<br />Во втором случае будет создан новый строковый объект, который не попадет в пул и будет доступен для сборщика мусора, когда потеряет все ссылки.',true,'');
INSERT INTO Question (id,realmId,type,text) OVERRIDING SYSTEM VALUE VALUES (182,4,0,'<span style="text-decoration: underline;"><em>String<br /></em></span><strong><br /></strong>int<strong> length()<br /><br /></strong>возвращает длину строки.');
INSERT INTO Question (id,realmId,type,text) OVERRIDING SYSTEM VALUE VALUES (183,4,0,'<span style="text-decoration: underline;"><em>String<br /></em></span><strong><br /></strong>char&nbsp;<strong>charAt</strong>(int <em>index</em>)<br /><br />возвращает символ строки по указанному индексу. Если такого индекса в строке не существует, выдается ошибка:<br /><br />java.lang.StringIndexOutOfBoundsException: String index out of range');
INSERT INTO Question (id,realmId,type,text) OVERRIDING SYSTEM VALUE VALUES (184,4,0,'<span style="text-decoration: underline;"><em>String<br /></em></span><strong><br /></strong>int&nbsp;<strong>indexOf</strong>(int <em>ch</em>)<br />int&nbsp;<strong>indexOf</strong>(int <em>ch</em>, int <em>fromIndex</em>)<br />int&nbsp;<strong>indexOf</strong>(String <em>str</em>)<br />int&nbsp;<strong>indexOf</strong>(String <em>str</em>, int <em>fromIndex</em>)<br /><br />возвращает индекс первого вхождения символа/строки, -1 в случае отсутствия<br /><br />На экзамене передаваться в этот метод будут только параметры char (которые имплицитно кастятся в int)');
INSERT INTO Question (id,realmId,type,text) OVERRIDING SYSTEM VALUE VALUES (185,4,2,'Что будет напечано в результате выполнения следующего кода?<br /><br />String string = "animals";<br />System.out.println(string.indexOf(''a''));<br />System.out.println(string.indexOf("al"));<br />System.out.println(string.indexOf(''a'', 4));<br />System.out.println(string.indexOf("al", 5));');
	INSERT INTO Answer (id,questionId,text,correct,comment) OVERRIDING SYSTEM VALUE VALUES (447,185,'0<br />4<br />4<br />-1',true,'');
INSERT INTO Question (id,realmId,type,text) OVERRIDING SYSTEM VALUE VALUES (186,4,0,'<span style="text-decoration: underline;"><em>String<br /></em></span><strong><br /></strong>String&nbsp;<strong>substring</strong>(int <em>beginIndex</em>)<br />String&nbsp;<strong>substring</strong>(int <em>beginIndex, int endIndex</em>)<br /><br />возвращает подстроку. <em>beginIndex</em> включается, <em>endIndex</em> не включается.');
INSERT INTO Question (id,realmId,type,text) OVERRIDING SYSTEM VALUE VALUES (187,4,0,'Поскольку символ, соответствующий второму параметру в методе String.<strong>substring</strong>(beginIndex, endIndex), не включается в возвращаемое значение, значение этого параметра может превышать на единицу максимальный индекс строки (что тождественно опусканию этого параметра). Если же второй параметр превысит максимальный индекс строки более чем на единицу, то будет Runtime Exception:<br /><br />Exception in thread "main" java.lang.StringIndexOutOfBoundsException: String index out of range');
INSERT INTO Question (id,realmId,type,text) OVERRIDING SYSTEM VALUE VALUES (188,4,2,'Какие ограничения накладываются на параметры в вызове метода String.substring(int, [int])?');
	INSERT INTO Answer (id,questionId,text,correct,comment) OVERRIDING SYSTEM VALUE VALUES (448,188,'1) Оба параметра могут принимать значение [0..maxIndex+1]<br />2) второй не может быть больше первого',true,'');
INSERT INTO Question (id,realmId,type,text) OVERRIDING SYSTEM VALUE VALUES (189,4,0,'<em><span style="text-decoration: underline;">String</span></em><br /><br />String <strong>toLowerCase</strong>()<br />String <strong>toUpperCase</strong>()<br /><br />Методы преобразуют все заглавные/строчные символы к строчным/заглавным. Все прочие символы остаются без изменений. Исходная строка, разумеется,&nbsp;не изменяется.');
INSERT INTO Question (id,realmId,type,text) OVERRIDING SYSTEM VALUE VALUES (190,4,0,'<em><span style="text-decoration: underline;">String</span></em><br /><br />boolean <strong>equals</strong>(Object <em>obj</em>)<br />boolean <strong>equalsIgnoreCase</strong>(String <em>obj</em>)<br /><br />проверка равенства содержимого двух строк.');
INSERT INTO Question (id,realmId,type,text) OVERRIDING SYSTEM VALUE VALUES (191,4,0,'<span style="text-decoration: underline;"><em>String</em></span><br /><br />boolean <strong>startsWith</strong>(String <em>prefix</em>)<br />boolean <strong>endsWith</strong>(String <em>suffix</em>)<br /><br />проверка начала/окончания строки. Методы чувствительны к регистру.');
INSERT INTO Question (id,realmId,type,text) OVERRIDING SYSTEM VALUE VALUES (192,4,0,'<em><span style="text-decoration: underline;">String</span></em><br /><br />boolean <strong>contains</strong>(String <em>str</em>)<br /><br />проверяет вхождение подстроки в строку (чувствительно к регистру)');
INSERT INTO Question (id,realmId,type,text) OVERRIDING SYSTEM VALUE VALUES (193,4,0,'<em><span style="text-decoration: underline;">String</span></em><br /><br />String <strong>replace</strong>(char <em>oldChar</em>, char <em>newChar</em>)<br />String <strong>replace</strong>(CharSequence <em>oldSeq</em>, CharSequence <em>newSeq</em>)<br /><br />глобальная замена символов/подстрок<br />');
INSERT INTO Question (id,realmId,type,text) OVERRIDING SYSTEM VALUE VALUES (194,4,0,'<strong>CharSequence</strong> - общий интерфейс, представляющий несколько классов, в т.ч. <strong>String</strong> и <strong>StringBuilder</strong>.');
INSERT INTO Question (id,realmId,type,text) OVERRIDING SYSTEM VALUE VALUES (195,4,0,'<em><span style="text-decoration: underline;">String</span></em><br /><br />String <strong>trim</strong>()<br /><br />удаляет пробельные символы с начала и с конца строки: \t (tab), \n (newline), \r (возврат каретки), пробелы:ъ<br /><br />System.out.println("\t a b c\n".trim()); // a b c');
INSERT INTO Question (id,realmId,type,text) OVERRIDING SYSTEM VALUE VALUES (196,4,2,'Что будет выводом следующего кода?<br /><br />5: String a = "abc";<br />6: String b = a.toUpperCase();<br />7: b = b.replace("B", "2").replace(''C'', ''3'');<br />8: System.out.println("a=" + a);<br />9: System.out.println("b=" + b);');
	INSERT INTO Answer (id,questionId,text,correct,comment) OVERRIDING SYSTEM VALUE VALUES (449,196,'a=abc<br />b=A23',true,'');
INSERT INTO Question (id,realmId,type,text) OVERRIDING SYSTEM VALUE VALUES (197,4,0,'Методы StringBuilder.<strong>append</strong> возвращают ссылку на сам объект <strong>StringBuilder</strong>, поэтому удобно строить цепочки методов!');
INSERT INTO Question (id,realmId,type,text) OVERRIDING SYSTEM VALUE VALUES (198,4,2,'Каков будет результат работы следующего кода?<br /><br />4: StringBuilder a = new StringBuilder("abc");<br />5: StringBuilder b = a.append("de");<br />6: b = b.append("f").append("g");<br />7: System.out.println("a=" + a);<br />8: System.out.println("b=" + b);');
	INSERT INTO Answer (id,questionId,text,correct,comment) OVERRIDING SYSTEM VALUE VALUES (450,198,'a=abcdefg<br />b=abcdefg<br /><br /><strong>a</strong> и <strong>b</strong> указывают на один и тотже объект StringBuilder',true,'');
INSERT INTO Question (id,realmId,type,text) OVERRIDING SYSTEM VALUE VALUES (199,4,2,'Назовите 4 способа создать объект <strong>StringBuilder</strong>.');
	INSERT INTO Answer (id,questionId,text,correct,comment) OVERRIDING SYSTEM VALUE VALUES (451,199,'1) new StringBuilder()<br />2) new StringBuilder(CharSequence seq)<br />3) new StringBuilder(String str)<br />4) new StringBuilder(int capacity)<br /><br />по умолчанию capacity=16, увеличивается, если содержимое растет',true,'');
INSERT INTO Question (id,realmId,type,text) OVERRIDING SYSTEM VALUE VALUES (200,4,0,'Методы <strong>charAt</strong>(), <strong>indexOf</strong>(), <strong>length</strong>(), <strong>substring</strong>() класса <strong>StringBuilder</strong> по аргументам и возвращаемым типам аналогичны таковым класса <strong>String</strong>.');
INSERT INTO Question (id,realmId,type,text) OVERRIDING SYSTEM VALUE VALUES (201,4,0,'StringBuilder sb = new StringBuilder("animals");<br />String sub = sb.substring(sb.indexOf("a"), sb.indexOf("al"));<br />int len = sb.length();<br />char ch = sb.charAt(6);<br />System.out.println(sub + " " + len + " " + ch);');
	INSERT INTO Answer (id,questionId,text,correct,comment) OVERRIDING SYSTEM VALUE VALUES (452,201,'anim 7 s',true,'');
INSERT INTO Question (id,realmId,type,text) OVERRIDING SYSTEM VALUE VALUES (202,4,0,'Существует более 10 перезагрузок метода <strong>StringBuilder</strong>.<em>append</em>():<br /><br />StringBuilder&nbsp;append(boolean b)<br />StringBuilder&nbsp;append(char c)<br />StringBuilder&nbsp;append(char[] str)<br />StringBuilder&nbsp;append(char[] str, int offset, int len)<br />StringBuilder&nbsp;append(CharSequence s)<br />StringBuilder&nbsp;append(CharSequence s, int start, int end)<br />StringBuilder&nbsp;append(double d)<br />StringBuilder&nbsp;append(float f)<br />StringBuilder&nbsp;append(int i)<br />StringBuilder&nbsp;append(long lng)<br />StringBuilder&nbsp;append(Object obj)<br />StringBuilder&nbsp;append(String str)');
INSERT INTO Question (id,realmId,type,text) OVERRIDING SYSTEM VALUE VALUES (203,4,0,'<em><span style="text-decoration: underline;">StringBuilder</span></em><br /><br />StringBuilder <strong>insert</strong>(int <em>offset</em>, String <em>str</em>) (<em>и еще более 10 перезагрузок</em>)<br /><br />Метод вставляет символы в последовательность и возвращает ссылку на тот же объект.<br /><br />Как и в случае с <strong>substring</strong>, <em>offset</em> может принимать значение от 0 до [длина последовательности, т.е. maxIndex+1], иначе Exception');
INSERT INTO Question (id,realmId,type,text) OVERRIDING SYSTEM VALUE VALUES (204,4,0,'<em><span style="text-decoration: underline;">StringBuilder</span><br /><br /></em>StringBuilder <strong>delete</strong>(int <em>start</em>, int <em>end</em>)<br />StringBuilder <strong>deleteCharAt</strong>(int <em>index</em>)<br /><br />удаление части последовательности или символа.<br /><br /><em>start</em> и <em>end</em> используются с теми же принципами и ограничениями, что и <strong>substring</strong>,&nbsp;<em>index</em> должен соответствовать реальному индексу.');
INSERT INTO Question (id,realmId,type,text) OVERRIDING SYSTEM VALUE VALUES (205,4,0,'<em><span style="text-decoration: underline;">StringBuilder</span></em><br /><br />StringBuilder <strong>reverse</strong>()<br /><br />переворачивает&nbsp;последовательность и возвращает ссылку на тот же объект.');
INSERT INTO Question (id,realmId,type,text) OVERRIDING SYSTEM VALUE VALUES (206,4,2,'Перечислите методы класса <strong>String</strong>, отобранные для использования на экзамене OCA.');
	INSERT INTO Answer (id,questionId,text,correct,comment) OVERRIDING SYSTEM VALUE VALUES (453,206,'length()<br />charAt()<br />indexOf()<br />substring()<br />toLowerCase()<br />toUpperCase()<br />equals()<br />equalsIgnoreCase()<br />startsWith()<br />endsWith()<br />contains()<br />replace()<br />trim()<br /><br />',true,'');
INSERT INTO Question (id,realmId,type,text) OVERRIDING SYSTEM VALUE VALUES (207,4,2,'Перечислите методы класса <strong>StringBuilder</strong>, отобранные для использования на экзамене OCA.');
	INSERT INTO Answer (id,questionId,text,correct,comment) OVERRIDING SYSTEM VALUE VALUES (454,207,'charAt()<br />indexOf()<br />length()<br />substring()<br />append()<br />insert()<br />delete()<br />deleteCharAt()<br />reverse()<br />toString()',true,'');
INSERT INTO Question (id,realmId,type,text) OVERRIDING SYSTEM VALUE VALUES (208,4,0,'Класс <strong>StringBuffer</strong> делает приблизительно то же самое, что и <strong>StringBuilder</strong>, но он старше (появился до Java 5) и медленнее, так как является thread-safe. На экзамене OCA встретиться не должен, но кто знает...');
INSERT INTO Question (id,realmId,type,text) OVERRIDING SYSTEM VALUE VALUES (209,4,0,'Если класс не переопределяет <strong>equals</strong>, то при вызове этого метода используется ==.');
INSERT INTO Question (id,realmId,type,text) OVERRIDING SYSTEM VALUE VALUES (210,4,2,'Какой будет результат следующего кода?<br /><br />String x = "Hello World";<br />String y = "Hello World";<br />System.out.println(x == y);');
	INSERT INTO Answer (id,questionId,text,correct,comment) OVERRIDING SYSTEM VALUE VALUES (455,210,'Скорее всего, <strong>true</strong>. Литералы должны складываться виртуальной машиной в пул и извлекаться оттуда. Однако 100% нет.',true,'');
INSERT INTO Question (id,realmId,type,text) OVERRIDING SYSTEM VALUE VALUES (211,4,2,'Каким будет результат следующего кода?<br /><br />String x = "Hello World";<br />String z = " Hello World".trim();<br />System.out.println(x == z);');
	INSERT INTO Answer (id,questionId,text,correct,comment) OVERRIDING SYSTEM VALUE VALUES (456,211,'Однозначно, <strong>false</strong>. Строки, вычисляемые в runtime, никогда не берутся из пула - всегда создается новый объект.',true,'');
INSERT INTO Question (id,realmId,type,text) OVERRIDING SYSTEM VALUE VALUES (212,4,2,'Каким будет результат следующего кода?<br /><br />String x = new String("Hello World");<br />String y = "Hello World";<br />System.out.println(x == y);');
	INSERT INTO Answer (id,questionId,text,correct,comment) OVERRIDING SYSTEM VALUE VALUES (457,212,'Однозначно, <strong>false</strong>. Строки, создаваемые через ключевое слово <strong>new</strong>,&nbsp;никогда не берутся из пула.',true,'');
INSERT INTO Question (id,realmId,type,text) OVERRIDING SYSTEM VALUE VALUES (213,4,0,'Никогда не используйте == для сравнения строк - иметь с этим дело Вам доведется только на экзамене.');
INSERT INTO Question (id,realmId,type,text) OVERRIDING SYSTEM VALUE VALUES (214,4,0,'Класс StringBuilder не имплементирует <strong>equals</strong>().');
INSERT INTO Question (id,realmId,type,text) OVERRIDING SYSTEM VALUE VALUES (215,4,2,'Что будет результатом следующего кода?<br /><br />1: public class Tiger {<br />2:&nbsp;&nbsp;&nbsp;&nbsp; String name;<br />3:&nbsp;&nbsp;&nbsp;&nbsp; public static void main(String[] args) {<br />4:&nbsp;&nbsp;&nbsp;&nbsp;&nbsp;&nbsp;&nbsp;&nbsp; Tiger t1 = new Tiger();<br />5:&nbsp;&nbsp;&nbsp;&nbsp;&nbsp;&nbsp;&nbsp;&nbsp; Tiger t2 = new Tiger();<br />6:&nbsp;&nbsp;&nbsp;&nbsp;&nbsp;&nbsp;&nbsp;&nbsp; Tiger t3 = t1;<br />7:&nbsp;&nbsp;&nbsp;&nbsp;&nbsp;&nbsp;&nbsp;&nbsp; System.out.println(t1 == t1);<br />8:&nbsp;&nbsp;&nbsp;&nbsp;&nbsp;&nbsp;&nbsp;&nbsp; System.out.println(t1 == t2);<br />9:&nbsp;&nbsp;&nbsp;&nbsp;&nbsp;&nbsp;&nbsp;&nbsp; System.out.println(t1.equals(t2));<br />10: } }');
	INSERT INTO Answer (id,questionId,text,correct,comment) OVERRIDING SYSTEM VALUE VALUES (458,215,'true<br />false<br />false',true,'');
INSERT INTO Question (id,realmId,type,text) OVERRIDING SYSTEM VALUE VALUES (216,4,2,'Как создать массив в Java?');
	INSERT INTO Answer (id,questionId,text,correct,comment) OVERRIDING SYSTEM VALUE VALUES (459,216,'1) пустой массив:<br />&lt;type&gt;[] var = new &lt;type&gt;[&lt;size&gt;]<br />e.g.<br />int[] numbers = new int[3]<br /><br />2) массив со значениями<br />&lt;type&gt;[] var = new &lt;type&gt; {val1, val2, ... valN}<br />e.g.<br />int[] numbers2 = new int[] {42,55,99}<br /><br />2.1) сокращенная запись массива со значениями:<br />int[] numbers2 = {42,55,99}',true,'');
INSERT INTO Question (id,realmId,type,text) OVERRIDING SYSTEM VALUE VALUES (217,4,0,'При создании массива все элементы заполняются дефолтными значениями.');
INSERT INTO Question (id,realmId,type,text) OVERRIDING SYSTEM VALUE VALUES (218,4,0,'Массив, создаваемый');
INSERT INTO Question (id,realmId,type,text) OVERRIDING SYSTEM VALUE VALUES (219,4,0,'Массив, создаваемый только с помощью фигурных скобок, называется анонимным. Однако такой синтаксис работает только при <span style="text-decoration: underline;">объявлении</span> и присваивании переменной, иначе компилятор не сможет понять, какого типа данный массив. Если надо создать и сразу использовать инициализированный массив, то необходимо использовать конструкцию с new:<br />System.out.println(new int[]{1,2,3}.length);');
INSERT INTO Question (id,realmId,type,text) OVERRIDING SYSTEM VALUE VALUES (220,4,2,'Укажите все возможные варианты объявить переменную массива.');
	INSERT INTO Answer (id,questionId,text,correct,comment) OVERRIDING SYSTEM VALUE VALUES (460,220,'int[] var;<br />int [] var;<br />int var[];<br />int&nbsp;var [];<br />--<br />new int[5]<br />new int [5]',true,'');
INSERT INTO Question (id,realmId,type,text) OVERRIDING SYSTEM VALUE VALUES (221,4,0,'Перед и после dot-оператора могут быть пробелы!');
INSERT INTO Question (id,realmId,type,text) OVERRIDING SYSTEM VALUE VALUES (222,4,2,'Какие типы будут объявлены следующими строками?<br /><br />int[] ids1, types1;<br />int ids2[], types2;');
	INSERT INTO Answer (id,questionId,text,correct,comment) OVERRIDING SYSTEM VALUE VALUES (461,222,'ids1, types1, ids2 - массивы int.<br />types2 - int.',true,'');
INSERT INTO Question (id,realmId,type,text) OVERRIDING SYSTEM VALUE VALUES (223,4,0,'Метод <strong>equals</strong>() на массивах не переопределен, поэтому такое сравнение будет аналогично ==.');
INSERT INTO Question (id,realmId,type,text) OVERRIDING SYSTEM VALUE VALUES (224,0,0,'Начиная с Java 5, появился удобный метод Arrays.toString(array)');
INSERT INTO Question (id,realmId,type,text) OVERRIDING SYSTEM VALUE VALUES (225,4,1,'Что можно сказать про следующий код?<br /><br />&nbsp;&nbsp;&nbsp;&nbsp;&nbsp;&nbsp;&nbsp; String[] strings = {"aaa","bbb"};<br />&nbsp;&nbsp;&nbsp;&nbsp;&nbsp;&nbsp;&nbsp; Object[] objects = strings;<br />&nbsp;&nbsp;&nbsp;&nbsp;&nbsp;&nbsp;&nbsp; objects[0] = new Object();');
	INSERT INTO Answer (id,questionId,text,correct,comment) OVERRIDING SYSTEM VALUE VALUES (464,225,'Не скомпилируется.',false,'');
	INSERT INTO Answer (id,questionId,text,correct,comment) OVERRIDING SYSTEM VALUE VALUES (462,225,'Скомпилируется и выполнится нормально.',false,'');
	INSERT INTO Answer (id,questionId,text,correct,comment) OVERRIDING SYSTEM VALUE VALUES (463,225,'Скомпилируется, но выдаст ошибку времени выполнения',true,'элемент массива objects - объект (и строка), но сам массив objects по своему устройству является массивом строк и знает об этом. Соответственно, в него нельзя помещать элементы, не являющиеся строками, иначе будет ArrayStoreException');
INSERT INTO Question (id,realmId,type,text) OVERRIDING SYSTEM VALUE VALUES (226,4,1,'Что можно сказать про следующий код?<br /><br />String[] strings = { "stringValue" };<br />Object[] objects = strings;<br />String[] againStrings = (String[]) objects;');
	INSERT INTO Answer (id,questionId,text,correct,comment) OVERRIDING SYSTEM VALUE VALUES (465,226,'Скомпилируется и выполнится нормально.',true,'Если возможен кастинг одного типа к другому, то возможен и кастинг их массивов.');
	INSERT INTO Answer (id,questionId,text,correct,comment) OVERRIDING SYSTEM VALUE VALUES (466,226,'Скомпилируется, но выдаст ошибку времени выполнения.',false,'');
	INSERT INTO Answer (id,questionId,text,correct,comment) OVERRIDING SYSTEM VALUE VALUES (467,226,'Не скомпилируется.',false,'');
INSERT INTO Question (id,realmId,type,text) OVERRIDING SYSTEM VALUE VALUES (227,4,0,'<em>java.util.<span style="text-decoration: underline;">Arrays</span></em><br /><br />static void <strong>sort</strong>(some Comparable)<br /><br />сортирует массив по возрастанию.');
INSERT INTO Question (id,realmId,type,text) OVERRIDING SYSTEM VALUE VALUES (228,4,0,'<em>java.util.<span style="text-decoration: underline;">Arrays</span></em><br /><br />static int <strong>binarySearch</strong>(Comparable, искомое_значение, [Comparator])<br /><br />Возвращает индекс искомого значение, если найдено, (-(insertion point) - 1), если не найдено.<br />Массив должен быть предварительно отсортирован в соответствии с используемым компаратором, иначе результаты будут непредсказуемы.');
INSERT INTO Question (id,realmId,type,text) OVERRIDING SYSTEM VALUE VALUES (229,4,0,'Если есть попытка запустить binarySearch по несортированному массиву, надо сразу искать пункт "unpredictable output".');
INSERT INTO Question (id,realmId,type,text) OVERRIDING SYSTEM VALUE VALUES (230,4,0,'Если аргумент в методе определен как <strong>vararg</strong>:<br /><br />main(String... args)<br /><br />то его можно использовать как обычный массив.');
INSERT INTO Question (id,realmId,type,text) OVERRIDING SYSTEM VALUE VALUES (231,4,0,'Примеры объявления многомерных массивов:<br /><br />int[][] vars1; // 2D array<br />int vars2 [][]; // 2D array<br />int[] vars3[]; // 2D array<br />int[] vars4 [], space [][]; // a 2D&nbsp;and a 3D array');
INSERT INTO Question (id,realmId,type,text) OVERRIDING SYSTEM VALUE VALUES (232,4,2,'Что будет создано при выполнении строки<br /><br />String [][] rectangle = new String[3][2];');
	INSERT INTO Answer (id,questionId,text,correct,comment) OVERRIDING SYSTEM VALUE VALUES (468,232,'Будет создана ссылка на двумерный массив, т.е.&nbsp;3 одномерных массива по 2 элемента в каждом',true,'');
INSERT INTO Question (id,realmId,type,text) OVERRIDING SYSTEM VALUE VALUES (233,4,2,'Как создать двумерный массив, чтобы в массивах внешнего уровня было разное число элементов?');
	INSERT INTO Answer (id,questionId,text,correct,comment) OVERRIDING SYSTEM VALUE VALUES (469,233,'Способ 1. Задать массив литералом:<br /><br />int[][] differentSize = {{1, 4}, {3}, {9,8,7}};<br />&nbsp;&nbsp;&nbsp; или<br />int[][] differentSize;<br />differentSize = new int[][]{{1, 4}, {3}, {9,8,7}};<br /><br /><br />Способ 2. Создать только внутренний массив, а внешние задавать отдельно<br /><br />int[][] differentSize = new int[4][];<br />for (int i = 0; i &lt; differentSize.length; i++) {<br />&nbsp;&nbsp; differentSize[i] = new int[...]<br />}',true,'');
INSERT INTO Question (id,realmId,type,text) OVERRIDING SYSTEM VALUE VALUES (234,4,2,'Напишите алгоритм перебора двумерного массива с помощью for-each');
	INSERT INTO Answer (id,questionId,text,correct,comment) OVERRIDING SYSTEM VALUE VALUES (470,234,'<p>int[][] twoD = new int[3][2];</p>
<p>for (int[] inner : twoD) {<br />&nbsp;&nbsp;&nbsp; for (int num : inner)<br />&nbsp;&nbsp;&nbsp;&nbsp;&nbsp;&nbsp;&nbsp; System.out.print(num + " ");<br />&nbsp;&nbsp;&nbsp; System.out.println();<br />}</p>',true,'');
INSERT INTO Question (id,realmId,type,text) OVERRIDING SYSTEM VALUE VALUES (235,4,2,'Укажите 3 способа создать объект ArrayList.');
	INSERT INTO Answer (id,questionId,text,correct,comment) OVERRIDING SYSTEM VALUE VALUES (471,235,'ArrayList list1 = new ArrayList(); // пустой<br />ArrayList list2 = new ArrayList(10); //10 пустых элементов<br />ArrayList list3 = new ArrayList(list2); //копия массива',true,'');
INSERT INTO Question (id,realmId,type,text) OVERRIDING SYSTEM VALUE VALUES (236,4,2,'Укажите два способа создать пустой ArrayList:');
	INSERT INTO Answer (id,questionId,text,correct,comment) OVERRIDING SYSTEM VALUE VALUES (472,236,'ArrayList&lt;String&gt; list4 = new ArrayList&lt;String&gt;();<br />ArrayList&lt;String&gt; list5 = new ArrayList&lt;&gt;(); // начиная с Java 7',true,'');
INSERT INTO Question (id,realmId,type,text) OVERRIDING SYSTEM VALUE VALUES (237,4,0,'ArrayList реализует toString(), так что его содержимое удобно печатать.');
INSERT INTO Question (id,realmId,type,text) OVERRIDING SYSTEM VALUE VALUES (238,4,0,'java.util.<em><span style="text-decoration: underline;">ArrayList</span></em><br /><br />boolean <strong>add</strong>(E <em>element</em>)<br />void <strong>add</strong>(int <em>index</em>, E <em>element</em>)<br /><br />boolean возвращается, поскольку это&nbsp;имплементированный метод интерфейса <strong>Collection</strong>. В случае ArrayList - всегда true. (с Set''ами будет false). <br /><br />вставка с индексом помещает элемент на указанный индекс. Допустимый диапазон параметра индекс - [0..array.length]');
INSERT INTO Question (id,realmId,type,text) OVERRIDING SYSTEM VALUE VALUES (239,4,1,'Что будет результатом работы следующего кода?<br /><br />ArrayList list = new ArrayList();<br />list.add("hawk");<br />list.add(true);<br />System.out.println(list);');
	INSERT INTO Answer (id,questionId,text,correct,comment) OVERRIDING SYSTEM VALUE VALUES (473,239,'"hawk", true',false,'');
	INSERT INTO Answer (id,questionId,text,correct,comment) OVERRIDING SYSTEM VALUE VALUES (474,239,'[hawk, true]',true,'');
	INSERT INTO Answer (id,questionId,text,correct,comment) OVERRIDING SYSTEM VALUE VALUES (475,239,'["hawk", true]',false,'');
	INSERT INTO Answer (id,questionId,text,correct,comment) OVERRIDING SYSTEM VALUE VALUES (476,239,'Код не скомпилируется.',false,'На самом деле, скомпилируется, поскольку произойдет autobox к Boolean/');
INSERT INTO Question (id,realmId,type,text) OVERRIDING SYSTEM VALUE VALUES (240,4,1,'Что будет напечатано после выполнения следующего кода?<br /><br />ArrayList&lt;String&gt; list = new ArrayList&lt;&gt;();<br />list.add("sparrow");<br />list.add(Boolean.TRUE);<br />System.out.println(list);');
	INSERT INTO Answer (id,questionId,text,correct,comment) OVERRIDING SYSTEM VALUE VALUES (480,240,'Код не скомпилируется.',true,'Нельзя положить Boolean в коллекцию &lt;String&gt;');
	INSERT INTO Answer (id,questionId,text,correct,comment) OVERRIDING SYSTEM VALUE VALUES (477,240,'"sparrow", true',false,'');
	INSERT INTO Answer (id,questionId,text,correct,comment) OVERRIDING SYSTEM VALUE VALUES (478,240,'[sparrow, true]',false,'');
	INSERT INTO Answer (id,questionId,text,correct,comment) OVERRIDING SYSTEM VALUE VALUES (479,240,'["sparrow", true]',false,'');
INSERT INTO Question (id,realmId,type,text) OVERRIDING SYSTEM VALUE VALUES (241,4,0,'java.util.<em><span style="text-decoration: underline;">ArrayList</span></em><br /><br />boolean <strong>remove</strong>(Object <em>object</em>)<br />E <strong>remove</strong>(int <em>index</em>)<br /><br />методы удаляют элемент по равенству или по индексу. Первый метод возвращает true, если удаление было успешным. По равенству удаляется <span style="text-decoration: underline;">только один</span> элемент (даже если их несколько одинаковых).<br /><br />Индекс должен указываться существующий, иначе исключение!');
INSERT INTO Question (id,realmId,type,text) OVERRIDING SYSTEM VALUE VALUES (242,4,1,'Что будет напечатано после выполнения следующего кода?<br /><br />3: List&lt;String&gt; birds = new ArrayList&lt;&gt;();<br />4: birds.add("hawk");<br />5: birds.add("hawk");<br />6: birds.remove("cardinal");<br />7: birds.remove("hawk");<br />8: System.out.println(birds);');
	INSERT INTO Answer (id,questionId,text,correct,comment) OVERRIDING SYSTEM VALUE VALUES (481,242,'Код не скомпилируется.',false,'');
	INSERT INTO Answer (id,questionId,text,correct,comment) OVERRIDING SYSTEM VALUE VALUES (482,242,'[]',false,'');
	INSERT INTO Answer (id,questionId,text,correct,comment) OVERRIDING SYSTEM VALUE VALUES (483,242,'[hawk]',true,'Удаляется только одно из совпадений.');
	INSERT INTO Answer (id,questionId,text,correct,comment) OVERRIDING SYSTEM VALUE VALUES (484,242,'["hawk"]',false,'');
INSERT INTO ThemeQuestion (themeId,questionId) VALUES (6,101);
INSERT INTO ThemeQuestion (themeId,questionId) VALUES (6,102);
INSERT INTO ThemeQuestion (themeId,questionId) VALUES (6,103);
INSERT INTO ThemeQuestion (themeId,questionId) VALUES (6,104);
INSERT INTO ThemeQuestion (themeId,questionId) VALUES (6,105);
INSERT INTO ThemeQuestion (themeId,questionId) VALUES (6,106);
INSERT INTO ThemeQuestion (themeId,questionId) VALUES (6,107);
INSERT INTO ThemeQuestion (themeId,questionId) VALUES (6,108);
INSERT INTO ThemeQuestion (themeId,questionId) VALUES (6,109);
INSERT INTO ThemeQuestion (themeId,questionId) VALUES (6,110);
INSERT INTO ThemeQuestion (themeId,questionId) VALUES (6,111);
INSERT INTO ThemeQuestion (themeId,questionId) VALUES (6,112);
INSERT INTO ThemeQuestion (themeId,questionId) VALUES (6,113);
INSERT INTO ThemeQuestion (themeId,questionId) VALUES (6,114);
INSERT INTO ThemeQuestion (themeId,questionId) VALUES (6,115);
INSERT INTO ThemeQuestion (themeId,questionId) VALUES (6,116);
INSERT INTO ThemeQuestion (themeId,questionId) VALUES (6,117);
INSERT INTO ThemeQuestion (themeId,questionId) VALUES (6,118);
INSERT INTO ThemeQuestion (themeId,questionId) VALUES (6,119);
INSERT INTO ThemeQuestion (themeId,questionId) VALUES (6,121);
INSERT INTO ThemeQuestion (themeId,questionId) VALUES (6,122);
INSERT INTO ThemeQuestion (themeId,questionId) VALUES (6,123);
INSERT INTO ThemeQuestion (themeId,questionId) VALUES (6,124);
INSERT INTO ThemeQuestion (themeId,questionId) VALUES (6,125);
INSERT INTO ThemeQuestion (themeId,questionId) VALUES (6,126);
INSERT INTO ThemeQuestion (themeId,questionId) VALUES (6,127);
INSERT INTO ThemeQuestion (themeId,questionId) VALUES (6,128);
INSERT INTO ThemeQuestion (themeId,questionId) VALUES (6,129);
INSERT INTO ThemeQuestion (themeId,questionId) VALUES (6,130);
INSERT INTO ThemeQuestion (themeId,questionId) VALUES (6,132);
INSERT INTO ThemeQuestion (themeId,questionId) VALUES (6,133);
INSERT INTO ThemeQuestion (themeId,questionId) VALUES (6,134);
INSERT INTO ThemeQuestion (themeId,questionId) VALUES (6,135);
INSERT INTO ThemeQuestion (themeId,questionId) VALUES (6,136);
INSERT INTO ThemeQuestion (themeId,questionId) VALUES (6,137);
INSERT INTO ThemeQuestion (themeId,questionId) VALUES (6,138);
INSERT INTO ThemeQuestion (themeId,questionId) VALUES (6,139);
INSERT INTO ThemeQuestion (themeId,questionId) VALUES (6,140);
INSERT INTO ThemeQuestion (themeId,questionId) VALUES (6,141);
INSERT INTO ThemeQuestion (themeId,questionId) VALUES (6,142);
INSERT INTO ThemeQuestion (themeId,questionId) VALUES (6,144);
INSERT INTO ThemeQuestion (themeId,questionId) VALUES (6,145);
INSERT INTO ThemeQuestion (themeId,questionId) VALUES (6,146);
INSERT INTO ThemeQuestion (themeId,questionId) VALUES (6,150);
INSERT INTO ThemeQuestion (themeId,questionId) VALUES (6,151);
INSERT INTO ThemeQuestion (themeId,questionId) VALUES (6,152);
INSERT INTO ThemeQuestion (themeId,questionId) VALUES (6,153);
INSERT INTO ThemeQuestion (themeId,questionId) VALUES (6,154);
INSERT INTO ThemeQuestion (themeId,questionId) VALUES (7,155);
INSERT INTO ThemeQuestion (themeId,questionId) VALUES (7,156);
INSERT INTO ThemeQuestion (themeId,questionId) VALUES (7,157);
INSERT INTO ThemeQuestion (themeId,questionId) VALUES (7,158);
INSERT INTO ThemeQuestion (themeId,questionId) VALUES (7,159);
INSERT INTO ThemeQuestion (themeId,questionId) VALUES (7,160);
INSERT INTO ThemeQuestion (themeId,questionId) VALUES (7,161);
INSERT INTO ThemeQuestion (themeId,questionId) VALUES (7,162);
INSERT INTO ThemeQuestion (themeId,questionId) VALUES (7,163);
INSERT INTO ThemeQuestion (themeId,questionId) VALUES (7,164);
INSERT INTO ThemeQuestion (themeId,questionId) VALUES (7,165);
INSERT INTO ThemeQuestion (themeId,questionId) VALUES (7,166);
INSERT INTO ThemeQuestion (themeId,questionId) VALUES (7,167);
INSERT INTO ThemeQuestion (themeId,questionId) VALUES (7,168);
INSERT INTO ThemeQuestion (themeId,questionId) VALUES (7,169);
INSERT INTO ThemeQuestion (themeId,questionId) VALUES (7,170);
INSERT INTO ThemeQuestion (themeId,questionId) VALUES (7,171);
INSERT INTO ThemeQuestion (themeId,questionId) VALUES (7,172);
INSERT INTO ThemeQuestion (themeId,questionId) VALUES (7,173);
INSERT INTO ThemeQuestion (themeId,questionId) VALUES (7,174);
INSERT INTO ThemeQuestion (themeId,questionId) VALUES (8,175);
INSERT INTO ThemeQuestion (themeId,questionId) VALUES (8,176);
INSERT INTO ThemeQuestion (themeId,questionId) VALUES (8,177);
INSERT INTO ThemeQuestion (themeId,questionId) VALUES (8,178);
INSERT INTO ThemeQuestion (themeId,questionId) VALUES (8,179);
INSERT INTO ThemeQuestion (themeId,questionId) VALUES (8,180);
INSERT INTO ThemeQuestion (themeId,questionId) VALUES (8,181);
INSERT INTO ThemeQuestion (themeId,questionId) VALUES (8,182);
INSERT INTO ThemeQuestion (themeId,questionId) VALUES (8,183);
INSERT INTO ThemeQuestion (themeId,questionId) VALUES (8,184);
INSERT INTO ThemeQuestion (themeId,questionId) VALUES (8,185);
INSERT INTO ThemeQuestion (themeId,questionId) VALUES (8,186);
INSERT INTO ThemeQuestion (themeId,questionId) VALUES (8,187);
INSERT INTO ThemeQuestion (themeId,questionId) VALUES (8,188);
INSERT INTO ThemeQuestion (themeId,questionId) VALUES (8,189);
INSERT INTO ThemeQuestion (themeId,questionId) VALUES (8,190);
INSERT INTO ThemeQuestion (themeId,questionId) VALUES (8,191);
INSERT INTO ThemeQuestion (themeId,questionId) VALUES (8,192);
INSERT INTO ThemeQuestion (themeId,questionId) VALUES (8,193);
INSERT INTO ThemeQuestion (themeId,questionId) VALUES (8,194);
INSERT INTO ThemeQuestion (themeId,questionId) VALUES (8,195);
INSERT INTO ThemeQuestion (themeId,questionId) VALUES (8,196);
INSERT INTO ThemeQuestion (themeId,questionId) VALUES (8,197);
INSERT INTO ThemeQuestion (themeId,questionId) VALUES (8,198);
INSERT INTO ThemeQuestion (themeId,questionId) VALUES (8,199);
INSERT INTO ThemeQuestion (themeId,questionId) VALUES (8,200);
INSERT INTO ThemeQuestion (themeId,questionId) VALUES (8,201);
INSERT INTO ThemeQuestion (themeId,questionId) VALUES (8,202);
INSERT INTO ThemeQuestion (themeId,questionId) VALUES (8,203);
INSERT INTO ThemeQuestion (themeId,questionId) VALUES (8,204);
INSERT INTO ThemeQuestion (themeId,questionId) VALUES (8,205);
INSERT INTO ThemeQuestion (themeId,questionId) VALUES (8,206);
INSERT INTO ThemeQuestion (themeId,questionId) VALUES (8,207);
INSERT INTO ThemeQuestion (themeId,questionId) VALUES (8,208);
INSERT INTO ThemeQuestion (themeId,questionId) VALUES (8,209);
INSERT INTO ThemeQuestion (themeId,questionId) VALUES (8,210);
INSERT INTO ThemeQuestion (themeId,questionId) VALUES (8,211);
INSERT INTO ThemeQuestion (themeId,questionId) VALUES (8,212);
INSERT INTO ThemeQuestion (themeId,questionId) VALUES (8,213);
INSERT INTO ThemeQuestion (themeId,questionId) VALUES (8,214);
INSERT INTO ThemeQuestion (themeId,questionId) VALUES (8,215);
INSERT INTO ThemeQuestion (themeId,questionId) VALUES (8,216);
INSERT INTO ThemeQuestion (themeId,questionId) VALUES (8,217);
INSERT INTO ThemeQuestion (themeId,questionId) VALUES (0,2);
INSERT INTO ThemeQuestion (themeId,questionId) VALUES (8,218);
INSERT INTO ThemeQuestion (themeId,questionId) VALUES (0,3);
INSERT INTO ThemeQuestion (themeId,questionId) VALUES (8,219);
INSERT INTO ThemeQuestion (themeId,questionId) VALUES (0,4);
INSERT INTO ThemeQuestion (themeId,questionId) VALUES (8,220);
INSERT INTO ThemeQuestion (themeId,questionId) VALUES (8,221);
INSERT INTO ThemeQuestion (themeId,questionId) VALUES (0,6);
INSERT INTO ThemeQuestion (themeId,questionId) VALUES (8,222);
INSERT INTO ThemeQuestion (themeId,questionId) VALUES (0,7);
INSERT INTO ThemeQuestion (themeId,questionId) VALUES (8,223);
INSERT INTO ThemeQuestion (themeId,questionId) VALUES (0,8);
INSERT INTO ThemeQuestion (themeId,questionId) VALUES (8,225);
INSERT INTO ThemeQuestion (themeId,questionId) VALUES (0,10);
INSERT INTO ThemeQuestion (themeId,questionId) VALUES (8,226);
INSERT INTO ThemeQuestion (themeId,questionId) VALUES (0,11);
INSERT INTO ThemeQuestion (themeId,questionId) VALUES (8,227);
INSERT INTO ThemeQuestion (themeId,questionId) VALUES (0,12);
INSERT INTO ThemeQuestion (themeId,questionId) VALUES (8,228);
INSERT INTO ThemeQuestion (themeId,questionId) VALUES (0,13);
INSERT INTO ThemeQuestion (themeId,questionId) VALUES (0,14);
INSERT INTO ThemeQuestion (themeId,questionId) VALUES (8,230);
INSERT INTO ThemeQuestion (themeId,questionId) VALUES (8,231);
INSERT INTO ThemeQuestion (themeId,questionId) VALUES (0,16);
INSERT INTO ThemeQuestion (themeId,questionId) VALUES (8,232);
INSERT INTO ThemeQuestion (themeId,questionId) VALUES (0,17);
INSERT INTO ThemeQuestion (themeId,questionId) VALUES (8,233);
INSERT INTO ThemeQuestion (themeId,questionId) VALUES (0,18);
INSERT INTO ThemeQuestion (themeId,questionId) VALUES (8,234);
INSERT INTO ThemeQuestion (themeId,questionId) VALUES (0,19);
INSERT INTO ThemeQuestion (themeId,questionId) VALUES (8,235);
INSERT INTO ThemeQuestion (themeId,questionId) VALUES (0,20);
INSERT INTO ThemeQuestion (themeId,questionId) VALUES (8,236);
INSERT INTO ThemeQuestion (themeId,questionId) VALUES (0,21);
INSERT INTO ThemeQuestion (themeId,questionId) VALUES (8,237);
INSERT INTO ThemeQuestion (themeId,questionId) VALUES (0,22);
INSERT INTO ThemeQuestion (themeId,questionId) VALUES (8,238);
INSERT INTO ThemeQuestion (themeId,questionId) VALUES (0,23);
INSERT INTO ThemeQuestion (themeId,questionId) VALUES (8,239);
INSERT INTO ThemeQuestion (themeId,questionId) VALUES (0,24);
INSERT INTO ThemeQuestion (themeId,questionId) VALUES (8,240);
INSERT INTO ThemeQuestion (themeId,questionId) VALUES (8,241);
INSERT INTO ThemeQuestion (themeId,questionId) VALUES (8,242);
INSERT INTO ThemeQuestion (themeId,questionId) VALUES (0,27);
INSERT INTO ThemeQuestion (themeId,questionId) VALUES (0,29);
INSERT INTO ThemeQuestion (themeId,questionId) VALUES (0,30);
INSERT INTO ThemeQuestion (themeId,questionId) VALUES (0,31);
INSERT INTO ThemeQuestion (themeId,questionId) VALUES (0,32);
INSERT INTO ThemeQuestion (themeId,questionId) VALUES (0,33);
INSERT INTO ThemeQuestion (themeId,questionId) VALUES (0,34);
INSERT INTO ThemeQuestion (themeId,questionId) VALUES (0,35);
INSERT INTO ThemeQuestion (themeId,questionId) VALUES (0,36);
INSERT INTO ThemeQuestion (themeId,questionId) VALUES (0,37);
INSERT INTO ThemeQuestion (themeId,questionId) VALUES (1,0);
INSERT INTO ThemeQuestion (themeId,questionId) VALUES (0,38);
INSERT INTO ThemeQuestion (themeId,questionId) VALUES (0,39);
INSERT INTO ThemeQuestion (themeId,questionId) VALUES (0,40);
INSERT INTO ThemeQuestion (themeId,questionId) VALUES (0,43);
INSERT INTO ThemeQuestion (themeId,questionId) VALUES (0,44);
INSERT INTO ThemeQuestion (themeId,questionId) VALUES (0,45);
INSERT INTO ThemeQuestion (themeId,questionId) VALUES (9,224);
INSERT INTO ThemeQuestion (themeId,questionId) VALUES (0,46);
INSERT INTO ThemeQuestion (themeId,questionId) VALUES (0,47);
INSERT INTO ThemeQuestion (themeId,questionId) VALUES (0,48);
INSERT INTO ThemeQuestion (themeId,questionId) VALUES (0,49);
INSERT INTO ThemeQuestion (themeId,questionId) VALUES (0,50);
INSERT INTO ThemeQuestion (themeId,questionId) VALUES (0,51);
INSERT INTO ThemeQuestion (themeId,questionId) VALUES (0,52);
INSERT INTO ThemeQuestion (themeId,questionId) VALUES (0,53);
INSERT INTO ThemeQuestion (themeId,questionId) VALUES (0,54);
INSERT INTO ThemeQuestion (themeId,questionId) VALUES (0,55);
INSERT INTO ThemeQuestion (themeId,questionId) VALUES (0,56);
INSERT INTO ThemeQuestion (themeId,questionId) VALUES (1,19);
INSERT INTO ThemeQuestion (themeId,questionId) VALUES (0,57);
INSERT INTO ThemeQuestion (themeId,questionId) VALUES (0,58);
INSERT INTO ThemeQuestion (themeId,questionId) VALUES (0,59);
INSERT INTO ThemeQuestion (themeId,questionId) VALUES (0,60);
INSERT INTO ThemeQuestion (themeId,questionId) VALUES (0,61);
INSERT INTO ThemeQuestion (themeId,questionId) VALUES (0,62);
INSERT INTO ThemeQuestion (themeId,questionId) VALUES (0,63);
INSERT INTO ThemeQuestion (themeId,questionId) VALUES (0,64);
INSERT INTO ThemeQuestion (themeId,questionId) VALUES (1,28);
INSERT INTO ThemeQuestion (themeId,questionId) VALUES (0,67);
INSERT INTO ThemeQuestion (themeId,questionId) VALUES (0,68);
INSERT INTO ThemeQuestion (themeId,questionId) VALUES (0,69);
INSERT INTO ThemeQuestion (themeId,questionId) VALUES (0,70);
INSERT INTO ThemeQuestion (themeId,questionId) VALUES (0,71);
INSERT INTO ThemeQuestion (themeId,questionId) VALUES (0,72);
INSERT INTO ThemeQuestion (themeId,questionId) VALUES (0,74);
INSERT INTO ThemeQuestion (themeId,questionId) VALUES (0,75);
INSERT INTO ThemeQuestion (themeId,questionId) VALUES (0,76);
INSERT INTO ThemeQuestion (themeId,questionId) VALUES (0,77);
INSERT INTO ThemeQuestion (themeId,questionId) VALUES (1,58);
INSERT INTO ThemeQuestion (themeId,questionId) VALUES (1,64);
INSERT INTO ThemeQuestion (themeId,questionId) VALUES (1,73);
INSERT INTO ThemeQuestion (themeId,questionId) VALUES (2,78);
INSERT INTO ThemeQuestion (themeId,questionId) VALUES (2,79);
INSERT INTO ThemeQuestion (themeId,questionId) VALUES (2,80);
INSERT INTO ThemeQuestion (themeId,questionId) VALUES (2,81);
INSERT INTO ThemeQuestion (themeId,questionId) VALUES (2,82);
INSERT INTO ThemeQuestion (themeId,questionId) VALUES (2,83);
INSERT INTO ThemeQuestion (themeId,questionId) VALUES (2,84);
INSERT INTO ThemeQuestion (themeId,questionId) VALUES (2,85);
INSERT INTO ThemeQuestion (themeId,questionId) VALUES (2,86);
INSERT INTO ThemeQuestion (themeId,questionId) VALUES (2,87);
INSERT INTO ThemeQuestion (themeId,questionId) VALUES (2,88);
INSERT INTO ThemeQuestion (themeId,questionId) VALUES (2,89);
INSERT INTO ThemeQuestion (themeId,questionId) VALUES (2,90);
INSERT INTO ThemeQuestion (themeId,questionId) VALUES (2,91);
INSERT INTO ThemeQuestion (themeId,questionId) VALUES (2,92);
INSERT INTO ThemeQuestion (themeId,questionId) VALUES (2,93);
INSERT INTO ThemeQuestion (themeId,questionId) VALUES (1,131);
INSERT INTO ThemeQuestion (themeId,questionId) VALUES (2,94);
INSERT INTO ThemeQuestion (themeId,questionId) VALUES (2,95);
INSERT INTO ThemeQuestion (themeId,questionId) VALUES (2,96);
INSERT INTO ThemeQuestion (themeId,questionId) VALUES (2,97);
INSERT INTO ThemeQuestion (themeId,questionId) VALUES (2,98);
INSERT INTO ThemeQuestion (themeId,questionId) VALUES (2,99);
INSERT INTO ThemeQuestion (themeId,questionId) VALUES (2,100);
INSERT INTO ThemeQuestion (themeId,questionId) VALUES (1,143);
INSERT INTO ThemeQuestion (themeId,questionId) VALUES (1,147);
INSERT INTO ThemeQuestion (themeId,questionId) VALUES (4,65);
INSERT INTO ThemeQuestion (themeId,questionId) VALUES (1,213);
INSERT INTO ThemeQuestion (themeId,questionId) VALUES (5,66);
INSERT INTO ThemeQuestion (themeId,questionId) VALUES (3,148);
INSERT INTO ThemeQuestion (themeId,questionId) VALUES (3,149);
INSERT INTO ThemeQuestion (themeId,questionId) VALUES (1,229);
INSERT INTO Image (id,filename,extension) OVERRIDING SYSTEM VALUE VALUES (0,'endermen','jpg');
INSERT INTO Image (id,filename,extension) OVERRIDING SYSTEM VALUE VALUES (1,'ferrari','jpeg');
INSERT INTO Image (id,filename,extension) OVERRIDING SYSTEM VALUE VALUES (2,'NIIAS','png');
INSERT INTO Image (id,filename,extension) OVERRIDING SYSTEM VALUE VALUES (3,'Usersd.gorsheninPicturestest','jpg');
INSERT INTO UserAnswer (id,questionId,correct) OVERRIDING SYSTEM VALUE VALUES (0,2,false);
INSERT INTO UserAnswer (id,questionId,correct) OVERRIDING SYSTEM VALUE VALUES (1,67,false);
INSERT INTO UserAnswer (id,questionId,correct) OVERRIDING SYSTEM VALUE VALUES (2,6,true);
INSERT INTO UserAnswer (id,questionId,correct) OVERRIDING SYSTEM VALUE VALUES (3,70,false);
INSERT INTO UserAnswer (id,questionId,correct) OVERRIDING SYSTEM VALUE VALUES (4,74,true);
INSERT INTO UserAnswer (id,questionId,correct) OVERRIDING SYSTEM VALUE VALUES (5,10,true);
INSERT INTO UserAnswer (id,questionId,correct) OVERRIDING SYSTEM VALUE VALUES (6,11,true);
INSERT INTO UserAnswer (id,questionId,correct) OVERRIDING SYSTEM VALUE VALUES (7,12,false);
INSERT INTO UserAnswer (id,questionId,correct) OVERRIDING SYSTEM VALUE VALUES (8,13,true);
INSERT INTO UserAnswer (id,questionId,correct) OVERRIDING SYSTEM VALUE VALUES (9,16,true);
INSERT INTO UserAnswer (id,questionId,correct) OVERRIDING SYSTEM VALUE VALUES (10,17,true);
INSERT INTO UserAnswer (id,questionId,correct) OVERRIDING SYSTEM VALUE VALUES (11,19,true);
INSERT INTO UserAnswer (id,questionId,correct) OVERRIDING SYSTEM VALUE VALUES (12,20,true);
INSERT INTO UserAnswer (id,questionId,correct) OVERRIDING SYSTEM VALUE VALUES (13,30,false);
INSERT INTO UserAnswer (id,questionId,correct) OVERRIDING SYSTEM VALUE VALUES (14,31,true);
INSERT INTO UserAnswer (id,questionId,correct) OVERRIDING SYSTEM VALUE VALUES (15,33,true);
INSERT INTO UserAnswer (id,questionId,correct) OVERRIDING SYSTEM VALUE VALUES (16,35,false);
INSERT INTO UserAnswer (id,questionId,correct) OVERRIDING SYSTEM VALUE VALUES (17,36,true);
INSERT INTO UserAnswer (id,questionId,correct) OVERRIDING SYSTEM VALUE VALUES (18,37,false);
INSERT INTO UserAnswer (id,questionId,correct) OVERRIDING SYSTEM VALUE VALUES (19,38,false);
INSERT INTO UserAnswer (id,questionId,correct) OVERRIDING SYSTEM VALUE VALUES (20,39,false);
INSERT INTO UserAnswer (id,questionId,correct) OVERRIDING SYSTEM VALUE VALUES (21,40,true);
INSERT INTO UserAnswer (id,questionId,correct) OVERRIDING SYSTEM VALUE VALUES (22,45,true);
INSERT INTO UserAnswer (id,questionId,correct) OVERRIDING SYSTEM VALUE VALUES (23,51,false);
INSERT INTO UserAnswer (id,questionId,correct) OVERRIDING SYSTEM VALUE VALUES (24,52,true);
INSERT INTO UserAnswer (id,questionId,correct) OVERRIDING SYSTEM VALUE VALUES (25,54,false);
INSERT INTO UserAnswer (id,questionId,correct) OVERRIDING SYSTEM VALUE VALUES (26,57,false);
INSERT INTO UserAnswer (id,questionId,correct) OVERRIDING SYSTEM VALUE VALUES (27,58,true);
INSERT INTO UserAnswer (id,questionId,correct) OVERRIDING SYSTEM VALUE VALUES (28,60,true);
INSERT INTO UserAnswer (id,questionId,correct) OVERRIDING SYSTEM VALUE VALUES (29,62,false);
INSERT INTO UserAnswer (id,questionId,correct) OVERRIDING SYSTEM VALUE VALUES (30,63,true);
INSERT INTO UserAnswer (id,questionId,correct) OVERRIDING SYSTEM VALUE VALUES (31,2,false);
INSERT INTO UserAnswer (id,questionId,correct) OVERRIDING SYSTEM VALUE VALUES (32,67,false);
INSERT INTO UserAnswer (id,questionId,correct) OVERRIDING SYSTEM VALUE VALUES (33,70,false);
INSERT INTO UserAnswer (id,questionId,correct) OVERRIDING SYSTEM VALUE VALUES (34,6,false);
INSERT INTO UserAnswer (id,questionId,correct) OVERRIDING SYSTEM VALUE VALUES (35,10,false);
INSERT INTO UserAnswer (id,questionId,correct) OVERRIDING SYSTEM VALUE VALUES (36,74,true);
INSERT INTO UserAnswer (id,questionId,correct) OVERRIDING SYSTEM VALUE VALUES (37,11,true);
INSERT INTO UserAnswer (id,questionId,correct) OVERRIDING SYSTEM VALUE VALUES (38,12,false);
INSERT INTO UserAnswer (id,questionId,correct) OVERRIDING SYSTEM VALUE VALUES (39,13,true);
INSERT INTO UserAnswer (id,questionId,correct) OVERRIDING SYSTEM VALUE VALUES (40,16,true);
INSERT INTO UserAnswer (id,questionId,correct) OVERRIDING SYSTEM VALUE VALUES (41,17,true);
INSERT INTO UserAnswer (id,questionId,correct) OVERRIDING SYSTEM VALUE VALUES (42,19,true);
INSERT INTO UserAnswer (id,questionId,correct) OVERRIDING SYSTEM VALUE VALUES (43,20,true);
INSERT INTO UserAnswer (id,questionId,correct) OVERRIDING SYSTEM VALUE VALUES (44,30,false);
INSERT INTO UserAnswer (id,questionId,correct) OVERRIDING SYSTEM VALUE VALUES (45,31,true);
INSERT INTO UserAnswer (id,questionId,correct) OVERRIDING SYSTEM VALUE VALUES (46,33,false);
INSERT INTO UserAnswer (id,questionId,correct) OVERRIDING SYSTEM VALUE VALUES (47,35,true);
INSERT INTO UserAnswer (id,questionId,correct) OVERRIDING SYSTEM VALUE VALUES (48,36,true);
INSERT INTO UserAnswer (id,questionId,correct) OVERRIDING SYSTEM VALUE VALUES (49,37,true);
INSERT INTO UserAnswer (id,questionId,correct) OVERRIDING SYSTEM VALUE VALUES (50,38,true);
INSERT INTO UserAnswer (id,questionId,correct) OVERRIDING SYSTEM VALUE VALUES (51,39,false);
INSERT INTO UserAnswer (id,questionId,correct) OVERRIDING SYSTEM VALUE VALUES (52,40,true);
INSERT INTO UserAnswer (id,questionId,correct) OVERRIDING SYSTEM VALUE VALUES (53,45,true);
INSERT INTO UserAnswer (id,questionId,correct) OVERRIDING SYSTEM VALUE VALUES (54,51,false);
INSERT INTO UserAnswer (id,questionId,correct) OVERRIDING SYSTEM VALUE VALUES (55,52,true);
INSERT INTO UserAnswer (id,questionId,correct) OVERRIDING SYSTEM VALUE VALUES (56,54,true);
INSERT INTO UserAnswer (id,questionId,correct) OVERRIDING SYSTEM VALUE VALUES (57,57,false);
INSERT INTO UserAnswer (id,questionId,correct) OVERRIDING SYSTEM VALUE VALUES (58,58,false);
INSERT INTO UserAnswer (id,questionId,correct) OVERRIDING SYSTEM VALUE VALUES (59,60,true);
INSERT INTO UserAnswer (id,questionId,correct) OVERRIDING SYSTEM VALUE VALUES (60,62,false);
INSERT INTO UserAnswer (id,questionId,correct) OVERRIDING SYSTEM VALUE VALUES (61,63,false);
INSERT INTO UserAnswer (id,questionId,correct) OVERRIDING SYSTEM VALUE VALUES (62,2,true);
INSERT INTO UserAnswer (id,questionId,correct) OVERRIDING SYSTEM VALUE VALUES (63,67,true);
INSERT INTO UserAnswer (id,questionId,correct) OVERRIDING SYSTEM VALUE VALUES (64,70,true);
INSERT INTO UserAnswer (id,questionId,correct) OVERRIDING SYSTEM VALUE VALUES (65,6,true);
INSERT INTO UserAnswer (id,questionId,correct) OVERRIDING SYSTEM VALUE VALUES (66,10,true);
INSERT INTO UserAnswer (id,questionId,correct) OVERRIDING SYSTEM VALUE VALUES (67,74,true);
INSERT INTO UserAnswer (id,questionId,correct) OVERRIDING SYSTEM VALUE VALUES (68,11,true);
INSERT INTO UserAnswer (id,questionId,correct) OVERRIDING SYSTEM VALUE VALUES (69,12,true);
INSERT INTO UserAnswer (id,questionId,correct) OVERRIDING SYSTEM VALUE VALUES (70,13,true);
INSERT INTO UserAnswer (id,questionId,correct) OVERRIDING SYSTEM VALUE VALUES (71,16,true);
INSERT INTO UserAnswer (id,questionId,correct) OVERRIDING SYSTEM VALUE VALUES (72,17,true);
INSERT INTO UserAnswer (id,questionId,correct) OVERRIDING SYSTEM VALUE VALUES (73,19,true);
INSERT INTO UserAnswer (id,questionId,correct) OVERRIDING SYSTEM VALUE VALUES (74,20,true);
INSERT INTO UserAnswer (id,questionId,correct) OVERRIDING SYSTEM VALUE VALUES (75,30,false);
INSERT INTO UserAnswer (id,questionId,correct) OVERRIDING SYSTEM VALUE VALUES (76,31,true);
INSERT INTO UserAnswer (id,questionId,correct) OVERRIDING SYSTEM VALUE VALUES (77,33,false);
INSERT INTO UserAnswer (id,questionId,correct) OVERRIDING SYSTEM VALUE VALUES (78,35,true);
INSERT INTO UserAnswer (id,questionId,correct) OVERRIDING SYSTEM VALUE VALUES (79,36,true);
INSERT INTO UserAnswer (id,questionId,correct) OVERRIDING SYSTEM VALUE VALUES (80,37,true);
INSERT INTO UserAnswer (id,questionId,correct) OVERRIDING SYSTEM VALUE VALUES (81,38,true);
INSERT INTO UserAnswer (id,questionId,correct) OVERRIDING SYSTEM VALUE VALUES (82,39,false);
INSERT INTO UserAnswer (id,questionId,correct) OVERRIDING SYSTEM VALUE VALUES (83,40,true);
INSERT INTO UserAnswer (id,questionId,correct) OVERRIDING SYSTEM VALUE VALUES (84,45,false);
INSERT INTO UserAnswer (id,questionId,correct) OVERRIDING SYSTEM VALUE VALUES (85,51,true);
INSERT INTO UserAnswer (id,questionId,correct) OVERRIDING SYSTEM VALUE VALUES (86,52,true);
INSERT INTO UserAnswer (id,questionId,correct) OVERRIDING SYSTEM VALUE VALUES (87,54,false);
INSERT INTO UserAnswer (id,questionId,correct) OVERRIDING SYSTEM VALUE VALUES (88,57,false);
INSERT INTO UserAnswer (id,questionId,correct) OVERRIDING SYSTEM VALUE VALUES (89,58,true);
INSERT INTO UserAnswer (id,questionId,correct) OVERRIDING SYSTEM VALUE VALUES (90,60,false);
INSERT INTO UserAnswer (id,questionId,correct) OVERRIDING SYSTEM VALUE VALUES (91,62,false);
INSERT INTO UserAnswer (id,questionId,correct) OVERRIDING SYSTEM VALUE VALUES (92,63,true);
INSERT INTO UserAnswer (id,questionId,correct) OVERRIDING SYSTEM VALUE VALUES (93,2,true);
INSERT INTO UserAnswer (id,questionId,correct) OVERRIDING SYSTEM VALUE VALUES (94,67,true);
INSERT INTO UserAnswer (id,questionId,correct) OVERRIDING SYSTEM VALUE VALUES (95,6,true);
INSERT INTO UserAnswer (id,questionId,correct) OVERRIDING SYSTEM VALUE VALUES (96,70,false);
INSERT INTO UserAnswer (id,questionId,correct) OVERRIDING SYSTEM VALUE VALUES (97,10,true);
INSERT INTO UserAnswer (id,questionId,correct) OVERRIDING SYSTEM VALUE VALUES (98,74,true);
INSERT INTO UserAnswer (id,questionId,correct) OVERRIDING SYSTEM VALUE VALUES (99,11,true);
INSERT INTO UserAnswer (id,questionId,correct) OVERRIDING SYSTEM VALUE VALUES (100,12,true);
INSERT INTO UserAnswer (id,questionId,correct) OVERRIDING SYSTEM VALUE VALUES (101,13,true);
INSERT INTO UserAnswer (id,questionId,correct) OVERRIDING SYSTEM VALUE VALUES (102,16,true);
INSERT INTO UserAnswer (id,questionId,correct) OVERRIDING SYSTEM VALUE VALUES (103,17,true);
INSERT INTO UserAnswer (id,questionId,correct) OVERRIDING SYSTEM VALUE VALUES (104,19,true);
INSERT INTO UserAnswer (id,questionId,correct) OVERRIDING SYSTEM VALUE VALUES (105,20,true);
INSERT INTO UserAnswer (id,questionId,correct) OVERRIDING SYSTEM VALUE VALUES (106,30,false);
INSERT INTO UserAnswer (id,questionId,correct) OVERRIDING SYSTEM VALUE VALUES (107,31,true);
INSERT INTO UserAnswer (id,questionId,correct) OVERRIDING SYSTEM VALUE VALUES (108,33,true);
INSERT INTO UserAnswer (id,questionId,correct) OVERRIDING SYSTEM VALUE VALUES (109,35,true);
INSERT INTO UserAnswer (id,questionId,correct) OVERRIDING SYSTEM VALUE VALUES (110,36,true);
INSERT INTO UserAnswer (id,questionId,correct) OVERRIDING SYSTEM VALUE VALUES (111,37,true);
INSERT INTO UserAnswer (id,questionId,correct) OVERRIDING SYSTEM VALUE VALUES (112,38,true);
INSERT INTO UserAnswer (id,questionId,correct) OVERRIDING SYSTEM VALUE VALUES (113,39,false);
INSERT INTO UserAnswer (id,questionId,correct) OVERRIDING SYSTEM VALUE VALUES (114,40,true);
INSERT INTO UserAnswer (id,questionId,correct) OVERRIDING SYSTEM VALUE VALUES (115,45,true);
INSERT INTO UserAnswer (id,questionId,correct) OVERRIDING SYSTEM VALUE VALUES (116,51,true);
INSERT INTO UserAnswer (id,questionId,correct) OVERRIDING SYSTEM VALUE VALUES (117,52,true);
INSERT INTO UserAnswer (id,questionId,correct) OVERRIDING SYSTEM VALUE VALUES (118,54,false);
INSERT INTO UserAnswer (id,questionId,correct) OVERRIDING SYSTEM VALUE VALUES (119,57,true);
INSERT INTO UserAnswer (id,questionId,correct) OVERRIDING SYSTEM VALUE VALUES (120,58,true);
INSERT INTO UserAnswer (id,questionId,correct) OVERRIDING SYSTEM VALUE VALUES (121,60,false);
INSERT INTO UserAnswer (id,questionId,correct) OVERRIDING SYSTEM VALUE VALUES (122,62,false);
INSERT INTO UserAnswer (id,questionId,correct) OVERRIDING SYSTEM VALUE VALUES (123,63,true);
INSERT INTO UserAnswer (id,questionId,correct) OVERRIDING SYSTEM VALUE VALUES (124,96,false);
INSERT INTO UserAnswer (id,questionId,correct) OVERRIDING SYSTEM VALUE VALUES (125,97,true);
INSERT INTO UserAnswer (id,questionId,correct) OVERRIDING SYSTEM VALUE VALUES (126,98,true);
INSERT INTO UserAnswer (id,questionId,correct) OVERRIDING SYSTEM VALUE VALUES (127,99,true);
INSERT INTO UserAnswer (id,questionId,correct) OVERRIDING SYSTEM VALUE VALUES (128,100,true);
INSERT INTO UserAnswer (id,questionId,correct) OVERRIDING SYSTEM VALUE VALUES (129,78,true);
INSERT INTO UserAnswer (id,questionId,correct) OVERRIDING SYSTEM VALUE VALUES (130,79,true);
INSERT INTO UserAnswer (id,questionId,correct) OVERRIDING SYSTEM VALUE VALUES (131,80,true);
INSERT INTO UserAnswer (id,questionId,correct) OVERRIDING SYSTEM VALUE VALUES (132,81,true);
INSERT INTO UserAnswer (id,questionId,correct) OVERRIDING SYSTEM VALUE VALUES (133,82,true);
INSERT INTO UserAnswer (id,questionId,correct) OVERRIDING SYSTEM VALUE VALUES (134,83,true);
INSERT INTO UserAnswer (id,questionId,correct) OVERRIDING SYSTEM VALUE VALUES (135,84,true);
INSERT INTO UserAnswer (id,questionId,correct) OVERRIDING SYSTEM VALUE VALUES (136,85,true);
INSERT INTO UserAnswer (id,questionId,correct) OVERRIDING SYSTEM VALUE VALUES (137,86,true);
INSERT INTO UserAnswer (id,questionId,correct) OVERRIDING SYSTEM VALUE VALUES (138,87,true);
INSERT INTO UserAnswer (id,questionId,correct) OVERRIDING SYSTEM VALUE VALUES (139,88,true);
INSERT INTO UserAnswer (id,questionId,correct) OVERRIDING SYSTEM VALUE VALUES (140,89,true);
INSERT INTO UserAnswer (id,questionId,correct) OVERRIDING SYSTEM VALUE VALUES (141,90,true);
INSERT INTO UserAnswer (id,questionId,correct) OVERRIDING SYSTEM VALUE VALUES (142,91,true);
INSERT INTO UserAnswer (id,questionId,correct) OVERRIDING SYSTEM VALUE VALUES (143,92,true);
INSERT INTO UserAnswer (id,questionId,correct) OVERRIDING SYSTEM VALUE VALUES (144,93,true);
INSERT INTO UserAnswer (id,questionId,correct) OVERRIDING SYSTEM VALUE VALUES (145,94,true);
INSERT INTO UserAnswer (id,questionId,correct) OVERRIDING SYSTEM VALUE VALUES (146,95,false);
INSERT INTO UserAnswer (id,questionId,correct) OVERRIDING SYSTEM VALUE VALUES (147,128,true);
INSERT INTO UserAnswer (id,questionId,correct) OVERRIDING SYSTEM VALUE VALUES (148,129,false);
INSERT INTO UserAnswer (id,questionId,correct) OVERRIDING SYSTEM VALUE VALUES (149,132,false);
INSERT INTO UserAnswer (id,questionId,correct) OVERRIDING SYSTEM VALUE VALUES (150,135,false);
INSERT INTO UserAnswer (id,questionId,correct) OVERRIDING SYSTEM VALUE VALUES (151,136,false);
INSERT INTO UserAnswer (id,questionId,correct) OVERRIDING SYSTEM VALUE VALUES (152,140,false);
INSERT INTO UserAnswer (id,questionId,correct) OVERRIDING SYSTEM VALUE VALUES (153,141,true);
INSERT INTO UserAnswer (id,questionId,correct) OVERRIDING SYSTEM VALUE VALUES (154,142,true);
INSERT INTO UserAnswer (id,questionId,correct) OVERRIDING SYSTEM VALUE VALUES (155,145,true);
INSERT INTO UserAnswer (id,questionId,correct) OVERRIDING SYSTEM VALUE VALUES (156,146,false);
INSERT INTO UserAnswer (id,questionId,correct) OVERRIDING SYSTEM VALUE VALUES (157,151,false);
INSERT INTO UserAnswer (id,questionId,correct) OVERRIDING SYSTEM VALUE VALUES (158,152,true);
INSERT INTO UserAnswer (id,questionId,correct) OVERRIDING SYSTEM VALUE VALUES (159,153,false);
INSERT INTO UserAnswer (id,questionId,correct) OVERRIDING SYSTEM VALUE VALUES (160,154,false);
INSERT INTO UserAnswer (id,questionId,correct) OVERRIDING SYSTEM VALUE VALUES (161,103,false);
INSERT INTO UserAnswer (id,questionId,correct) OVERRIDING SYSTEM VALUE VALUES (162,104,false);
INSERT INTO UserAnswer (id,questionId,correct) OVERRIDING SYSTEM VALUE VALUES (163,106,false);
INSERT INTO UserAnswer (id,questionId,correct) OVERRIDING SYSTEM VALUE VALUES (164,107,true);
INSERT INTO UserAnswer (id,questionId,correct) OVERRIDING SYSTEM VALUE VALUES (165,108,true);
INSERT INTO UserAnswer (id,questionId,correct) OVERRIDING SYSTEM VALUE VALUES (166,109,true);
INSERT INTO UserAnswer (id,questionId,correct) OVERRIDING SYSTEM VALUE VALUES (167,110,true);
INSERT INTO UserAnswer (id,questionId,correct) OVERRIDING SYSTEM VALUE VALUES (168,111,false);
INSERT INTO UserAnswer (id,questionId,correct) OVERRIDING SYSTEM VALUE VALUES (169,114,true);
INSERT INTO UserAnswer (id,questionId,correct) OVERRIDING SYSTEM VALUE VALUES (170,115,true);
INSERT INTO UserAnswer (id,questionId,correct) OVERRIDING SYSTEM VALUE VALUES (171,117,false);
INSERT INTO UserAnswer (id,questionId,correct) OVERRIDING SYSTEM VALUE VALUES (172,119,false);
INSERT INTO UserAnswer (id,questionId,correct) OVERRIDING SYSTEM VALUE VALUES (173,123,false);
INSERT INTO UserAnswer (id,questionId,correct) OVERRIDING SYSTEM VALUE VALUES (174,125,true);
INSERT INTO ThemeExam (id,themeId,percentage,date) OVERRIDING SYSTEM VALUE VALUES (0,0,58.06451612903226,TIMESTAMP '2018-07-29 00:05:46');
INSERT INTO ThemeExam (id,themeId,percentage,date) OVERRIDING SYSTEM VALUE VALUES (1,0,74.19354838709677,TIMESTAMP '2018-08-24 10:43:21');
INSERT INTO ThemeExam (id,themeId,percentage,date) OVERRIDING SYSTEM VALUE VALUES (2,6,0.0,TIMESTAMP '2018-08-25 16:30:41');
INSERT INTO ThemeExam (id,themeId,percentage,date) OVERRIDING SYSTEM VALUE VALUES (3,0,80.64516129032258,TIMESTAMP '2018-09-05 18:52:04');
INSERT INTO ThemeExam (id,themeId,percentage,date) OVERRIDING SYSTEM VALUE VALUES (4,2,91.30434782608695,TIMESTAMP '2018-09-08 17:34:40');
INSERT INTO ThemeExam (id,themeId,percentage,date) OVERRIDING SYSTEM VALUE VALUES (5,6,42.857142857142854,TIMESTAMP '2018-09-11 11:32:45');
